06/08/2026 21:42:32 SetSelection count=1 id=2
06/08/2026 21:42:32 SetSelection count=1 id=2
06/08/2026 21:42:32 SetSelection count=1 id=2
06/08/2026 21:42:32 SetSelection count=1 id=2
06/08/2026 21:42:39 SetSelection count=1 id=7
06/08/2026 21:42:39 SetSelection count=1 id=7
06/08/2026 21:42:42 SetSelection count=1 id=8
06/08/2026 21:42:42 SetSelection count=1 id=8
06/08/2026 21:42:45 SetSelection count=2 id=8 id=7
06/08/2026 21:42:45   node id=8 type=UiButton
06/08/2026 21:42:45   node id=7 type=UiButton
06/08/2026 21:42:45   common property=role
06/08/2026 21:42:45   common property=h_sizing
06/08/2026 21:42:45   common property=v_sizing
06/08/2026 21:42:45   common property=cell_align_h
06/08/2026 21:42:45   common property=cell_align_v
06/08/2026 21:42:45   common property=fixed_width
06/08/2026 21:42:45   common property=fixed_height
06/08/2026 21:42:45   common property=min_width
06/08/2026 21:42:45   common property=min_height
06/08/2026 21:42:45   common property=max_width
06/08/2026 21:42:45   common property=max_height
06/08/2026 21:42:45   skip_unsafe property=text
06/08/2026 21:42:45   skip_unsafe property=icon
06/08/2026 21:42:45   skip_unsafe property=icon_size
06/08/2026 21:42:45   skip_unsafe property=icon_scale
06/08/2026 21:42:45   skip_unsafe property=icon_side
06/08/2026 21:42:45   skip_unsafe property=content_inset
06/08/2026 21:42:45   skip_unsafe property=content_gap
06/08/2026 21:42:45   skip_unsafe property=align_h
06/08/2026 21:42:45   skip_unsafe property=align_v
06/08/2026 21:42:45   skip_unsafe property=font
06/08/2026 21:42:45   skip_unsafe property=font_size
06/08/2026 21:42:45   common_bindings=11 group=
06/08/2026 21:42:45   add_row property=role editor=4 group=
06/08/2026 21:42:45   added_row property=role
06/08/2026 21:42:45   add_row property=h_sizing editor=4 group=
06/08/2026 21:42:45   added_row property=h_sizing
06/08/2026 21:42:45   add_row property=v_sizing editor=4 group=
06/08/2026 21:42:45   added_row property=v_sizing
06/08/2026 21:42:45   add_row property=cell_align_h editor=4 group=
06/08/2026 21:42:45   added_row property=cell_align_h
06/08/2026 21:42:45   add_row property=cell_align_v editor=4 group=
06/08/2026 21:42:45   added_row property=cell_align_v
06/08/2026 21:42:45   add_row property=fixed_width editor=7 group=
06/08/2026 21:42:45   added_row property=fixed_width
06/08/2026 21:42:45   add_row property=fixed_height editor=7 group=
06/08/2026 21:42:45   added_row property=fixed_height
06/08/2026 21:42:45   add_row property=min_width editor=7 group=
06/08/2026 21:42:45   added_row property=min_width
06/08/2026 21:42:45   add_row property=min_height editor=7 group=
06/08/2026 21:42:45   added_row property=min_height
06/08/2026 21:42:45   add_row property=max_width editor=7 group=
06/08/2026 21:42:45   added_row property=max_width
06/08/2026 21:42:45   add_row property=max_height editor=7 group=
06/08/2026 21:42:45   added_row property=max_height
06/08/2026 21:42:45 SetSelection count=2 id=8 id=7
06/08/2026 21:42:45   node id=8 type=UiButton
06/08/2026 21:42:45   node id=7 type=UiButton
06/08/2026 21:42:45   common property=theme_override
06/08/2026 21:42:45   skip_unsafe property=face
06/08/2026 21:42:45   skip_unsafe property=face_mode
06/08/2026 21:42:45   skip_unsafe property=face_quad
06/08/2026 21:42:45   skip_unsafe property=frame
06/08/2026 21:42:45   skip_unsafe property=radius
06/08/2026 21:42:45   skip_unsafe property=face_enabled
06/08/2026 21:42:45   skip_unsafe property=frame_enabled
06/08/2026 21:42:45   skip_unsafe property=shadow_enabled
06/08/2026 21:42:45   skip_unsafe property=shadow_distance
06/08/2026 21:42:45   skip_unsafe property=shadow_offset_x
06/08/2026 21:42:45   skip_unsafe property=shadow_offset_y
06/08/2026 21:42:45   skip_unsafe property=shadow_alpha
06/08/2026 21:42:45   skip_unsafe property=shadow_color
06/08/2026 21:42:45   skip_unsafe property=shadow_curve
06/08/2026 21:42:45   skip_unsafe property=ink_enabled
06/08/2026 21:42:45   skip_unsafe property=ink
06/08/2026 21:42:45   skip_unsafe property=icon_ink_enabled
06/08/2026 21:42:45   skip_unsafe property=icon_ink
06/08/2026 21:42:45   common_bindings=1 group=Theme Overrides
06/08/2026 21:42:45   add_row property=theme_override editor=3 group=Theme Overrides
06/08/2026 21:42:45   added_row property=theme_override
06/08/2026 21:42:48 SetSelection count=3 id=8 id=7 id=5
06/08/2026 21:42:48   node id=8 type=UiButton
06/08/2026 21:42:48   node id=7 type=UiButton
06/08/2026 21:42:48   node id=5 type=UiLabel
06/08/2026 21:42:48   common property=role
06/08/2026 21:42:48   common property=h_sizing
06/08/2026 21:42:48   common property=v_sizing
06/08/2026 21:42:48   common property=cell_align_h
06/08/2026 21:42:48   common property=cell_align_v
06/08/2026 21:42:48   common property=fixed_width
06/08/2026 21:42:48   common property=fixed_height
06/08/2026 21:42:48   common property=min_width
06/08/2026 21:42:48   common property=min_height
06/08/2026 21:42:48   common property=max_width
06/08/2026 21:42:48   common property=max_height
06/08/2026 21:42:48   skip_unsafe property=text
06/08/2026 21:42:48   skip_unsafe property=icon
06/08/2026 21:42:48   skip_unsafe property=icon_size
06/08/2026 21:42:48   skip_unsafe property=icon_scale
06/08/2026 21:42:48   skip_unsafe property=icon_side
06/08/2026 21:42:48   skip_unsafe property=content_inset
06/08/2026 21:42:49   skip_unsafe property=content_gap
06/08/2026 21:42:49   skip_unsafe property=align_h
06/08/2026 21:42:49   skip_unsafe property=align_v
06/08/2026 21:42:49   skip_unsafe property=font
06/08/2026 21:42:49   skip_unsafe property=font_size
06/08/2026 21:42:49   common_bindings=11 group=
06/08/2026 21:42:49   add_row property=role editor=4 group=
06/08/2026 21:42:49   added_row property=role
06/08/2026 21:42:49   add_row property=h_sizing editor=4 group=
06/08/2026 21:42:49   added_row property=h_sizing
06/08/2026 21:42:49   add_row property=v_sizing editor=4 group=
06/08/2026 21:42:49   added_row property=v_sizing
06/08/2026 21:42:49   add_row property=cell_align_h editor=4 group=
06/08/2026 21:42:49   added_row property=cell_align_h
06/08/2026 21:42:49   add_row property=cell_align_v editor=4 group=
06/08/2026 21:42:49   added_row property=cell_align_v
06/08/2026 21:42:49   add_row property=fixed_width editor=7 group=
06/08/2026 21:42:49   added_row property=fixed_width
06/08/2026 21:42:49   add_row property=fixed_height editor=7 group=
06/08/2026 21:42:49   added_row property=fixed_height
06/08/2026 21:42:49   add_row property=min_width editor=7 group=
06/08/2026 21:42:49   added_row property=min_width
06/08/2026 21:42:49   add_row property=min_height editor=7 group=
06/08/2026 21:42:49   added_row property=min_height
06/08/2026 21:42:49   add_row property=max_width editor=7 group=
06/08/2026 21:42:49   added_row property=max_width
06/08/2026 21:42:49   add_row property=max_height editor=7 group=
06/08/2026 21:42:49   added_row property=max_height
06/08/2026 21:42:49 SetSelection count=3 id=8 id=7 id=5
06/08/2026 21:42:49   node id=8 type=UiButton
06/08/2026 21:42:49   node id=7 type=UiButton
06/08/2026 21:42:49   node id=5 type=UiLabel
06/08/2026 21:42:49   common property=theme_override
06/08/2026 21:42:49   skip_unsafe property=face
06/08/2026 21:42:49   skip_unsafe property=face_mode
06/08/2026 21:42:49   skip_unsafe property=face_quad
06/08/2026 21:42:49   skip_unsafe property=frame
06/08/2026 21:42:49   skip_unsafe property=radius
06/08/2026 21:42:49   skip_unsafe property=face_enabled
06/08/2026 21:42:49   skip_unsafe property=frame_enabled
06/08/2026 21:42:49   skip_unsafe property=shadow_enabled
06/08/2026 21:42:49   skip_unsafe property=shadow_distance
06/08/2026 21:42:49   skip_unsafe property=shadow_offset_x
06/08/2026 21:42:49   skip_unsafe property=shadow_offset_y
06/08/2026 21:42:49   skip_unsafe property=shadow_alpha
06/08/2026 21:42:49   skip_unsafe property=shadow_color
06/08/2026 21:42:49   skip_unsafe property=shadow_curve
06/08/2026 21:42:49   skip_unsafe property=ink_enabled
06/08/2026 21:42:49   skip_unsafe property=ink
06/08/2026 21:42:49   skip_unsafe property=icon_ink_enabled
06/08/2026 21:42:49   skip_unsafe property=icon_ink
06/08/2026 21:42:49   common_bindings=1 group=Theme Overrides
06/08/2026 21:42:49   add_row property=theme_override editor=3 group=Theme Overrides
06/08/2026 21:42:49   added_row property=theme_override
06/08/2026 21:42:50 SetSelection count=4 id=8 id=7 id=5 id=6
06/08/2026 21:42:50   node id=8 type=UiButton
06/08/2026 21:42:50   node id=7 type=UiButton
06/08/2026 21:42:50   node id=5 type=UiLabel
06/08/2026 21:42:50   node id=6 type=UiSlider
06/08/2026 21:42:50   common property=role
06/08/2026 21:42:50   common property=h_sizing
06/08/2026 21:42:50   common property=v_sizing
06/08/2026 21:42:50   common property=cell_align_h
06/08/2026 21:42:50   common property=cell_align_v
06/08/2026 21:42:50   common property=fixed_width
06/08/2026 21:42:50   common property=fixed_height
06/08/2026 21:42:50   common property=min_width
06/08/2026 21:42:50   common property=min_height
06/08/2026 21:42:50   common property=max_width
06/08/2026 21:42:50   common property=max_height
06/08/2026 21:42:50   skip_unsafe property=text
06/08/2026 21:42:50   skip_unsafe property=icon
06/08/2026 21:42:50   skip_unsafe property=icon_size
06/08/2026 21:42:50   skip_unsafe property=icon_scale
06/08/2026 21:42:50   skip_unsafe property=icon_side
06/08/2026 21:42:50   skip_unsafe property=content_inset
06/08/2026 21:42:51   skip_unsafe property=content_gap
06/08/2026 21:42:51   skip_unsafe property=align_h
06/08/2026 21:42:51   skip_unsafe property=align_v
06/08/2026 21:42:51   skip_unsafe property=font
06/08/2026 21:42:51   skip_unsafe property=font_size
06/08/2026 21:42:51   common_bindings=11 group=
06/08/2026 21:42:51   add_row property=role editor=4 group=
06/08/2026 21:42:51   added_row property=role
06/08/2026 21:42:51   add_row property=h_sizing editor=4 group=
06/08/2026 21:42:51   added_row property=h_sizing
06/08/2026 21:42:51   add_row property=v_sizing editor=4 group=
06/08/2026 21:42:51   added_row property=v_sizing
06/08/2026 21:42:51   add_row property=cell_align_h editor=4 group=
06/08/2026 21:42:51   added_row property=cell_align_h
06/08/2026 21:42:51   add_row property=cell_align_v editor=4 group=
06/08/2026 21:42:51   added_row property=cell_align_v
06/08/2026 21:42:51   add_row property=fixed_width editor=7 group=
06/08/2026 21:42:51   added_row property=fixed_width
06/08/2026 21:42:51   add_row property=fixed_height editor=7 group=
06/08/2026 21:42:51   added_row property=fixed_height
06/08/2026 21:42:51   add_row property=min_width editor=7 group=
06/08/2026 21:42:51   added_row property=min_width
06/08/2026 21:42:51   add_row property=min_height editor=7 group=
06/08/2026 21:42:51   added_row property=min_height
06/08/2026 21:42:51   add_row property=max_width editor=7 group=
06/08/2026 21:42:51   added_row property=max_width
06/08/2026 21:42:51   add_row property=max_height editor=7 group=
06/08/2026 21:42:51   added_row property=max_height
06/08/2026 21:42:51 SetSelection count=4 id=8 id=7 id=5 id=6
06/08/2026 21:42:51   node id=8 type=UiButton
06/08/2026 21:42:51   node id=7 type=UiButton
06/08/2026 21:42:51   node id=5 type=UiLabel
06/08/2026 21:42:51   node id=6 type=UiSlider
06/08/2026 21:42:51   common property=theme_override
06/08/2026 21:42:51   skip_unsafe property=face
06/08/2026 21:42:51   skip_unsafe property=face_mode
06/08/2026 21:42:51   skip_unsafe property=face_quad
06/08/2026 21:42:51   skip_unsafe property=frame
06/08/2026 21:42:51   skip_unsafe property=radius
06/08/2026 21:42:51   skip_unsafe property=face_enabled
06/08/2026 21:42:51   skip_unsafe property=frame_enabled
06/08/2026 21:42:51   skip_unsafe property=shadow_enabled
06/08/2026 21:42:51   skip_unsafe property=shadow_distance
06/08/2026 21:42:51   skip_unsafe property=shadow_offset_x
06/08/2026 21:42:51   skip_unsafe property=shadow_offset_y
06/08/2026 21:42:51   skip_unsafe property=shadow_alpha
06/08/2026 21:42:51   skip_unsafe property=shadow_color
06/08/2026 21:42:51   skip_unsafe property=shadow_curve
06/08/2026 21:42:51   skip_unsafe property=ink_enabled
06/08/2026 21:42:51   skip_unsafe property=ink
06/08/2026 21:42:51   skip_unsafe property=icon_ink_enabled
06/08/2026 21:42:51   skip_unsafe property=icon_ink
06/08/2026 21:42:51   common_bindings=1 group=Theme Overrides
06/08/2026 21:42:51   add_row property=theme_override editor=3 group=Theme Overrides
06/08/2026 21:42:51   added_row property=theme_override
06/08/2026 21:42:53 SetSelection count=4 id=8 id=7 id=5 id=6
06/08/2026 21:42:53   node id=8 type=UiButton
06/08/2026 21:42:53   node id=7 type=UiButton
06/08/2026 21:42:53   node id=5 type=UiLabel
06/08/2026 21:42:53   node id=6 type=UiSlider
06/08/2026 21:42:53   common property=role
06/08/2026 21:42:53   common property=h_sizing
06/08/2026 21:42:53   common property=v_sizing
06/08/2026 21:42:53   common property=cell_align_h
06/08/2026 21:42:53   common property=cell_align_v
06/08/2026 21:42:53   common property=fixed_width
06/08/2026 21:42:53   common property=fixed_height
06/08/2026 21:42:53   common property=min_width
06/08/2026 21:42:53   common property=min_height
06/08/2026 21:42:53   common property=max_width
06/08/2026 21:42:53   common property=max_height
06/08/2026 21:42:53   skip_unsafe property=text
06/08/2026 21:42:53   skip_unsafe property=icon
06/08/2026 21:42:53   skip_unsafe property=icon_size
06/08/2026 21:42:53   skip_unsafe property=icon_scale
06/08/2026 21:42:53   skip_unsafe property=icon_side
06/08/2026 21:42:53   skip_unsafe property=content_inset
06/08/2026 21:42:53   skip_unsafe property=content_gap
06/08/2026 21:42:53   skip_unsafe property=align_h
06/08/2026 21:42:53   skip_unsafe property=align_v
06/08/2026 21:42:53   skip_unsafe property=font
06/08/2026 21:42:53   skip_unsafe property=font_size
06/08/2026 21:42:53   common_bindings=11 group=
06/08/2026 21:42:53   add_row property=role editor=4 group=
06/08/2026 21:42:53   added_row property=role
06/08/2026 21:42:53   add_row property=h_sizing editor=4 group=
06/08/2026 21:42:53   added_row property=h_sizing
06/08/2026 21:42:53   add_row property=v_sizing editor=4 group=
06/08/2026 21:42:53   added_row property=v_sizing
06/08/2026 21:42:53   add_row property=cell_align_h editor=4 group=
06/08/2026 21:42:53   added_row property=cell_align_h
06/08/2026 21:42:53   add_row property=cell_align_v editor=4 group=
06/08/2026 21:42:53   added_row property=cell_align_v
06/08/2026 21:42:53   add_row property=fixed_width editor=7 group=
06/08/2026 21:42:53   added_row property=fixed_width
06/08/2026 21:42:53   add_row property=fixed_height editor=7 group=
06/08/2026 21:42:53   added_row property=fixed_height
06/08/2026 21:42:53   add_row property=min_width editor=7 group=
06/08/2026 21:42:53   added_row property=min_width
06/08/2026 21:42:53   add_row property=min_height editor=7 group=
06/08/2026 21:42:53   added_row property=min_height
06/08/2026 21:42:53   add_row property=max_width editor=7 group=
06/08/2026 21:42:53   added_row property=max_width
06/08/2026 21:42:53   add_row property=max_height editor=7 group=
06/08/2026 21:42:53   added_row property=max_height
06/08/2026 21:42:53 SetSelection count=4 id=8 id=7 id=5 id=6
06/08/2026 21:42:53   node id=8 type=UiButton
06/08/2026 21:42:53   node id=7 type=UiButton
06/08/2026 21:42:53   node id=5 type=UiLabel
06/08/2026 21:42:53   node id=6 type=UiSlider
06/08/2026 21:42:53   common property=theme_override
06/08/2026 21:42:53   skip_unsafe property=face
06/08/2026 21:42:53   skip_unsafe property=face_mode
06/08/2026 21:42:53   skip_unsafe property=face_quad
06/08/2026 21:42:53   skip_unsafe property=frame
06/08/2026 21:42:53   skip_unsafe property=radius
06/08/2026 21:42:53   skip_unsafe property=face_enabled
06/08/2026 21:42:53   skip_unsafe property=frame_enabled
06/08/2026 21:42:53   skip_unsafe property=shadow_enabled
06/08/2026 21:42:53   skip_unsafe property=shadow_distance
06/08/2026 21:42:54   skip_unsafe property=shadow_offset_x
06/08/2026 21:42:54   skip_unsafe property=shadow_offset_y
06/08/2026 21:42:54   skip_unsafe property=shadow_alpha
06/08/2026 21:42:54   skip_unsafe property=shadow_color
06/08/2026 21:42:54   skip_unsafe property=shadow_curve
06/08/2026 21:42:54   skip_unsafe property=ink_enabled
06/08/2026 21:42:54   skip_unsafe property=ink
06/08/2026 21:42:54   skip_unsafe property=icon_ink_enabled
06/08/2026 21:42:54   skip_unsafe property=icon_ink
06/08/2026 21:42:54   common_bindings=1 group=Theme Overrides
06/08/2026 21:42:54   add_row property=theme_override editor=3 group=Theme Overrides
06/08/2026 21:42:54   added_row property=theme_override
06/08/2026 21:42:58   choice_action property=h_sizing null=0
06/08/2026 21:42:58 SaveInspectorPropertyValues property=h_sizing ids=4 value=Expand
06/08/2026 21:42:59   begin_group
06/08/2026 21:42:59   changed id=8
06/08/2026 21:42:59   changed id=7
06/08/2026 21:42:59   changed id=5
06/08/2026 21:42:59   changed id=6
06/08/2026 21:42:59   end_group changed=4
06/08/2026 21:43:02   choice_action property=v_sizing null=0
06/08/2026 21:43:02 SaveInspectorPropertyValues property=v_sizing ids=4 value=Expand
06/08/2026 21:43:02   begin_group
06/08/2026 21:43:02   changed id=8
06/08/2026 21:43:02   changed id=7
06/08/2026 21:43:02   changed id=5
06/08/2026 21:43:02   changed id=6
06/08/2026 21:43:02   end_group changed=4
06/08/2026 21:43:06   slider_change property=min_height value=13
06/08/2026 21:43:06 SaveInspectorPropertyValues property=min_height ids=4 value=13
06/08/2026 21:43:06   begin_group
06/08/2026 21:43:06   changed id=8
06/08/2026 21:43:06   changed id=7
06/08/2026 21:43:06   changed id=5
06/08/2026 21:43:06   changed id=6
06/08/2026 21:43:06   end_group changed=4
06/08/2026 21:43:06   slider_change property=min_height value=164
06/08/2026 21:43:06 SaveInspectorPropertyValues property=min_height ids=4 value=164
06/08/2026 21:43:06   begin_group
06/08/2026 21:43:06   changed id=8
06/08/2026 21:43:06   changed id=7
06/08/2026 21:43:06   changed id=5
06/08/2026 21:43:06   changed id=6
06/08/2026 21:43:06   end_group changed=4
06/08/2026 21:43:06   slider_change property=min_height value=363
06/08/2026 21:43:06 SaveInspectorPropertyValues property=min_height ids=4 value=363
06/08/2026 21:43:06   begin_group
06/08/2026 21:43:07   changed id=8
06/08/2026 21:43:07   changed id=7
06/08/2026 21:43:07   changed id=5
06/08/2026 21:43:07   changed id=6
06/08/2026 21:43:07   end_group changed=4
06/08/2026 21:43:07   slider_change property=min_height value=447
06/08/2026 21:43:07 SaveInspectorPropertyValues property=min_height ids=4 value=447
06/08/2026 21:43:07   begin_group
06/08/2026 21:43:07   changed id=8
06/08/2026 21:43:07   changed id=7
06/08/2026 21:43:07   changed id=5
06/08/2026 21:43:07   changed id=6
06/08/2026 21:43:07   end_group changed=4
06/08/2026 21:43:07   slider_change property=min_height value=454
06/08/2026 21:43:07 SaveInspectorPropertyValues property=min_height ids=4 value=454
06/08/2026 21:43:07   begin_group
06/08/2026 21:43:07   changed id=8
06/08/2026 21:43:07   changed id=7
06/08/2026 21:43:07   changed id=5
06/08/2026 21:43:07   changed id=6
06/08/2026 21:43:07   end_group changed=4
06/08/2026 21:43:07   slider_change property=min_height value=496
06/08/2026 21:43:07 SaveInspectorPropertyValues property=min_height ids=4 value=496
06/08/2026 21:43:07   begin_group
06/08/2026 21:43:07   changed id=8
06/08/2026 21:43:07   changed id=7
06/08/2026 21:43:07   changed id=5
06/08/2026 21:43:07   changed id=6
06/08/2026 21:43:07   end_group changed=4
06/08/2026 21:43:07   slider_action property=min_height value=496
06/08/2026 21:43:07 SaveInspectorPropertyValues property=min_height ids=4 value=496
06/08/2026 21:43:07   skip id=8 unchanged
06/08/2026 21:43:07   skip id=7 unchanged
06/08/2026 21:43:07   skip id=5 unchanged
06/08/2026 21:43:07   skip id=6 unchanged
06/08/2026 21:43:07   end_group changed=0
06/08/2026 21:43:08   slider_change property=min_width value=108
06/08/2026 21:43:08 SaveInspectorPropertyValues property=min_width ids=4 value=108
06/08/2026 21:43:08   begin_group
06/08/2026 21:43:08   changed id=8
06/08/2026 21:43:08   changed id=7
06/08/2026 21:43:08   changed id=5
06/08/2026 21:43:08   changed id=6
06/08/2026 21:43:08   end_group changed=4
06/08/2026 21:43:08   slider_change property=min_width value=130
06/08/2026 21:43:08 SaveInspectorPropertyValues property=min_width ids=4 value=130
06/08/2026 21:43:08   begin_group
06/08/2026 21:43:08   changed id=8
06/08/2026 21:43:08   changed id=7
06/08/2026 21:43:08   changed id=5
06/08/2026 21:43:08   changed id=6
06/08/2026 21:43:08   end_group changed=4
06/08/2026 21:43:08   slider_change property=min_width value=527
06/08/2026 21:43:08 SaveInspectorPropertyValues property=min_width ids=4 value=527
06/08/2026 21:43:08   begin_group
06/08/2026 21:43:08   changed id=8
06/08/2026 21:43:08   changed id=7
06/08/2026 21:43:08   changed id=5
06/08/2026 21:43:08   changed id=6
06/08/2026 21:43:08   end_group changed=4
06/08/2026 21:43:08   slider_change property=min_width value=784
06/08/2026 21:43:08 SaveInspectorPropertyValues property=min_width ids=4 value=784
06/08/2026 21:43:08   begin_group
06/08/2026 21:43:08   changed id=8
06/08/2026 21:43:08   changed id=7
06/08/2026 21:43:08   changed id=5
06/08/2026 21:43:08   changed id=6
06/08/2026 21:43:08   end_group changed=4
06/08/2026 21:43:08   slider_change property=min_width value=913
06/08/2026 21:43:08 SaveInspectorPropertyValues property=min_width ids=4 value=913
06/08/2026 21:43:08   begin_group
06/08/2026 21:43:08   changed id=8
06/08/2026 21:43:08   changed id=7
06/08/2026 21:43:08   changed id=5
06/08/2026 21:43:08   changed id=6
06/08/2026 21:43:08   end_group changed=4
06/08/2026 21:43:08   slider_change property=min_width value=999
06/08/2026 21:43:08 SaveInspectorPropertyValues property=min_width ids=4 value=999
06/08/2026 21:43:08   begin_group
06/08/2026 21:43:08   changed id=8
06/08/2026 21:43:08   changed id=7
06/08/2026 21:43:09   changed id=5
06/08/2026 21:43:09   changed id=6
06/08/2026 21:43:09   end_group changed=4
06/08/2026 21:43:09   slider_change property=min_width value=988
06/08/2026 21:43:09 SaveInspectorPropertyValues property=min_width ids=4 value=988
06/08/2026 21:43:09   begin_group
06/08/2026 21:43:09   changed id=8
06/08/2026 21:43:09   changed id=7
06/08/2026 21:43:09   changed id=5
06/08/2026 21:43:09   changed id=6
06/08/2026 21:43:09   end_group changed=4
06/08/2026 21:43:09   slider_change property=min_width value=827
06/08/2026 21:43:09 SaveInspectorPropertyValues property=min_width ids=4 value=827
06/08/2026 21:43:09   begin_group
06/08/2026 21:43:09   changed id=8
06/08/2026 21:43:09   changed id=7
06/08/2026 21:43:09   changed id=5
06/08/2026 21:43:09   changed id=6
06/08/2026 21:43:09   end_group changed=4
06/08/2026 21:43:09   slider_change property=min_width value=602
06/08/2026 21:43:09 SaveInspectorPropertyValues property=min_width ids=4 value=602
06/08/2026 21:43:09   begin_group
06/08/2026 21:43:09   changed id=8
06/08/2026 21:43:09   changed id=7
06/08/2026 21:43:09   changed id=5
06/08/2026 21:43:09   changed id=6
06/08/2026 21:43:09   end_group changed=4
06/08/2026 21:43:09   slider_change property=min_width value=473
06/08/2026 21:43:09 SaveInspectorPropertyValues property=min_width ids=4 value=473
06/08/2026 21:43:09   begin_group
06/08/2026 21:43:09   changed id=8
06/08/2026 21:43:09   changed id=7
06/08/2026 21:43:09   changed id=5
06/08/2026 21:43:10   changed id=6
06/08/2026 21:43:10   end_group changed=4
06/08/2026 21:43:10   slider_change property=min_width value=495
06/08/2026 21:43:10 SaveInspectorPropertyValues property=min_width ids=4 value=495
06/08/2026 21:43:10   begin_group
06/08/2026 21:43:10   changed id=8
06/08/2026 21:43:10   changed id=7
06/08/2026 21:43:10   changed id=5
06/08/2026 21:43:10   changed id=6
06/08/2026 21:43:10   end_group changed=4
06/08/2026 21:43:10   slider_change property=min_width value=870
06/08/2026 21:43:10 SaveInspectorPropertyValues property=min_width ids=4 value=870
06/08/2026 21:43:10   begin_group
06/08/2026 21:43:10   changed id=8
06/08/2026 21:43:10   changed id=7
06/08/2026 21:43:10   changed id=5
06/08/2026 21:43:10   changed id=6
06/08/2026 21:43:10   end_group changed=4
06/08/2026 21:43:10   slider_change property=min_width value=1063
06/08/2026 21:43:10 SaveInspectorPropertyValues property=min_width ids=4 value=1063
06/08/2026 21:43:10   begin_group
06/08/2026 21:43:10   changed id=8
06/08/2026 21:43:10   changed id=7
06/08/2026 21:43:10   changed id=5
06/08/2026 21:43:10   changed id=6
06/08/2026 21:43:10   end_group changed=4
06/08/2026 21:43:11   slider_change property=min_width value=1106
06/08/2026 21:43:11 SaveInspectorPropertyValues property=min_width ids=4 value=1106
06/08/2026 21:43:11   begin_group
06/08/2026 21:43:11   changed id=8
06/08/2026 21:43:11   changed id=7
06/08/2026 21:43:11   changed id=5
06/08/2026 21:43:11   changed id=6
06/08/2026 21:43:11   end_group changed=4
06/08/2026 21:43:11   slider_change property=min_width value=1300
06/08/2026 21:43:11 SaveInspectorPropertyValues property=min_width ids=4 value=1300
06/08/2026 21:43:11   begin_group
06/08/2026 21:43:11   changed id=8
06/08/2026 21:43:11   changed id=7
06/08/2026 21:43:11   changed id=5
06/08/2026 21:43:11   changed id=6
06/08/2026 21:43:11   end_group changed=4
06/08/2026 21:43:11   slider_change property=min_width value=1310
06/08/2026 21:43:11 SaveInspectorPropertyValues property=min_width ids=4 value=1310
06/08/2026 21:43:11   begin_group
06/08/2026 21:43:11   changed id=8
06/08/2026 21:43:11   changed id=7
06/08/2026 21:43:11   changed id=5
06/08/2026 21:43:11   changed id=6
06/08/2026 21:43:11   end_group changed=4
06/08/2026 21:43:11   slider_action property=min_width value=1310
06/08/2026 21:43:11 SaveInspectorPropertyValues property=min_width ids=4 value=1310
06/08/2026 21:43:11   skip id=8 unchanged
06/08/2026 21:43:11   skip id=7 unchanged
06/08/2026 21:43:12   skip id=5 unchanged
06/08/2026 21:43:12   skip id=6 unchanged
06/08/2026 21:43:12   end_group changed=0
06/08/2026 21:43:12   slider_change property=min_height value=502
06/08/2026 21:43:12 SaveInspectorPropertyValues property=min_height ids=4 value=502
06/08/2026 21:43:13   begin_group
06/08/2026 21:43:13   changed id=8
06/08/2026 21:43:13   changed id=7
06/08/2026 21:43:13   changed id=5
06/08/2026 21:43:13   changed id=6
06/08/2026 21:43:13   end_group changed=4
06/08/2026 21:43:13   slider_change property=min_height value=586
06/08/2026 21:43:13 SaveInspectorPropertyValues property=min_height ids=4 value=586
06/08/2026 21:43:13   begin_group
06/08/2026 21:43:13   changed id=8
06/08/2026 21:43:13   changed id=7
06/08/2026 21:43:13   changed id=5
06/08/2026 21:43:13   changed id=6
06/08/2026 21:43:13   end_group changed=4
06/08/2026 21:43:13   slider_change property=min_height value=671
06/08/2026 21:43:13 SaveInspectorPropertyValues property=min_height ids=4 value=671
06/08/2026 21:43:13   begin_group
06/08/2026 21:43:13   changed id=8
06/08/2026 21:43:13   changed id=7
06/08/2026 21:43:13   changed id=5
06/08/2026 21:43:13   changed id=6
06/08/2026 21:43:13   end_group changed=4
06/08/2026 21:43:13   slider_change property=min_height value=737
06/08/2026 21:43:13 SaveInspectorPropertyValues property=min_height ids=4 value=737
06/08/2026 21:43:13   begin_group
06/08/2026 21:43:13   changed id=8
06/08/2026 21:43:13   changed id=7
06/08/2026 21:43:13   changed id=5
06/08/2026 21:43:13   changed id=6
06/08/2026 21:43:13   end_group changed=4
06/08/2026 21:43:13   slider_change property=min_height value=761
06/08/2026 21:43:13 SaveInspectorPropertyValues property=min_height ids=4 value=761
06/08/2026 21:43:13   begin_group
06/08/2026 21:43:13   changed id=8
06/08/2026 21:43:13   changed id=7
06/08/2026 21:43:13   changed id=5
06/08/2026 21:43:13   changed id=6
06/08/2026 21:43:13   end_group changed=4
06/08/2026 21:43:14   slider_action property=min_height value=761
06/08/2026 21:43:14 SaveInspectorPropertyValues property=min_height ids=4 value=761
06/08/2026 21:43:14   skip id=8 unchanged
06/08/2026 21:43:14   skip id=7 unchanged
06/08/2026 21:43:14   skip id=5 unchanged
06/08/2026 21:43:14   skip id=6 unchanged
06/08/2026 21:43:14   end_group changed=0
06/08/2026 21:43:15   slider_change property=max_width value=21
06/08/2026 21:43:15 SaveInspectorPropertyValues property=max_width ids=4 value=21
06/08/2026 21:43:15   begin_group
06/08/2026 21:43:15   changed id=8
06/08/2026 21:43:15   changed id=7
06/08/2026 21:43:15   changed id=5
06/08/2026 21:43:15   changed id=6
06/08/2026 21:43:15   end_group changed=4
06/08/2026 21:43:15   slider_change property=max_width value=419
06/08/2026 21:43:15 SaveInspectorPropertyValues property=max_width ids=4 value=419
06/08/2026 21:43:15   begin_group
06/08/2026 21:43:15   changed id=8
06/08/2026 21:43:15   changed id=7
06/08/2026 21:43:15   changed id=5
06/08/2026 21:43:15   changed id=6
06/08/2026 21:43:15   end_group changed=4
06/08/2026 21:43:15   slider_change property=max_width value=773
06/08/2026 21:43:15 SaveInspectorPropertyValues property=max_width ids=4 value=773
06/08/2026 21:43:15   begin_group
06/08/2026 21:43:15   changed id=8
06/08/2026 21:43:15   changed id=7
06/08/2026 21:43:15   changed id=5
06/08/2026 21:43:15   changed id=6
06/08/2026 21:43:15   end_group changed=4
06/08/2026 21:43:15   slider_change property=max_width value=816
06/08/2026 21:43:15 SaveInspectorPropertyValues property=max_width ids=4 value=816
06/08/2026 21:43:15   begin_group
06/08/2026 21:43:15   changed id=8
06/08/2026 21:43:15   changed id=7
06/08/2026 21:43:15   changed id=5
06/08/2026 21:43:15   changed id=6
06/08/2026 21:43:15   end_group changed=4
06/08/2026 21:43:15   slider_change property=max_width value=891
06/08/2026 21:43:15 SaveInspectorPropertyValues property=max_width ids=4 value=891
06/08/2026 21:43:15   begin_group
06/08/2026 21:43:15   changed id=8
06/08/2026 21:43:15   changed id=7
06/08/2026 21:43:15   changed id=5
06/08/2026 21:43:15   changed id=6
06/08/2026 21:43:15   end_group changed=4
06/08/2026 21:43:16   slider_action property=max_width value=891
06/08/2026 21:43:16 SaveInspectorPropertyValues property=max_width ids=4 value=891
06/08/2026 21:43:16   skip id=8 unchanged
06/08/2026 21:43:16   skip id=7 unchanged
06/08/2026 21:43:16   skip id=5 unchanged
06/08/2026 21:43:16   skip id=6 unchanged
06/08/2026 21:43:16   end_group changed=0
06/08/2026 21:43:17   slider_change property=max_height value=6
06/08/2026 21:43:17 SaveInspectorPropertyValues property=max_height ids=4 value=6
06/08/2026 21:43:17   begin_group
06/08/2026 21:43:17   changed id=8
06/08/2026 21:43:17   changed id=7
06/08/2026 21:43:17   changed id=5
06/08/2026 21:43:17   changed id=6
06/08/2026 21:43:17   end_group changed=4
06/08/2026 21:43:17   slider_change property=max_height value=12
06/08/2026 21:43:17 SaveInspectorPropertyValues property=max_height ids=4 value=12
06/08/2026 21:43:17   begin_group
06/08/2026 21:43:17   changed id=8
06/08/2026 21:43:17   changed id=7
06/08/2026 21:43:17   changed id=5
06/08/2026 21:43:17   changed id=6
06/08/2026 21:43:17   end_group changed=4
06/08/2026 21:43:17   slider_change property=max_height value=48
06/08/2026 21:43:17 SaveInspectorPropertyValues property=max_height ids=4 value=48
06/08/2026 21:43:17   begin_group
06/08/2026 21:43:17   changed id=8
06/08/2026 21:43:17   changed id=7
06/08/2026 21:43:17   changed id=5
06/08/2026 21:43:17   changed id=6
06/08/2026 21:43:17   end_group changed=4
06/08/2026 21:43:17   slider_change property=max_height value=242
06/08/2026 21:43:17 SaveInspectorPropertyValues property=max_height ids=4 value=242
06/08/2026 21:43:17   begin_group
06/08/2026 21:43:17   changed id=8
06/08/2026 21:43:17   changed id=7
06/08/2026 21:43:17   changed id=5
06/08/2026 21:43:17   changed id=6
06/08/2026 21:43:17   end_group changed=4
06/08/2026 21:43:17   slider_change property=max_height value=453
06/08/2026 21:43:17 SaveInspectorPropertyValues property=max_height ids=4 value=453
06/08/2026 21:43:17   begin_group
06/08/2026 21:43:17   changed id=8
06/08/2026 21:43:17   changed id=7
06/08/2026 21:43:17   changed id=5
06/08/2026 21:43:17   changed id=6
06/08/2026 21:43:17   end_group changed=4
06/08/2026 21:43:17   slider_change property=max_height value=489
06/08/2026 21:43:17 SaveInspectorPropertyValues property=max_height ids=4 value=489
06/08/2026 21:43:17   begin_group
06/08/2026 21:43:17   changed id=8
06/08/2026 21:43:17   changed id=7
06/08/2026 21:43:17   changed id=5
06/08/2026 21:43:17   changed id=6
06/08/2026 21:43:17   end_group changed=4
06/08/2026 21:43:17   slider_change property=max_height value=495
06/08/2026 21:43:17 SaveInspectorPropertyValues property=max_height ids=4 value=495
06/08/2026 21:43:17   begin_group
06/08/2026 21:43:17   changed id=8
06/08/2026 21:43:17   changed id=7
06/08/2026 21:43:17   changed id=5
06/08/2026 21:43:17   changed id=6
06/08/2026 21:43:17   end_group changed=4
06/08/2026 21:43:17   slider_action property=max_height value=495
06/08/2026 21:43:17 SaveInspectorPropertyValues property=max_height ids=4 value=495
06/08/2026 21:43:17   skip id=8 unchanged
06/08/2026 21:43:17   skip id=7 unchanged
06/08/2026 21:43:17   skip id=5 unchanged
06/08/2026 21:43:17   skip id=6 unchanged
06/08/2026 21:43:18   end_group changed=0
06/08/2026 21:43:58   choice_action property=role null=0
06/08/2026 21:43:58 SaveInspectorPropertyValues property=role ids=4 value=Alert
06/08/2026 21:43:58   begin_group
06/08/2026 21:43:58   changed id=8
06/08/2026 21:43:58   changed id=7
06/08/2026 21:43:58   changed id=5
06/08/2026 21:43:58   changed id=6
06/08/2026 21:43:58   end_group changed=4
06/08/2026 21:44:04   slider_change property=min_width value=1300
06/08/2026 21:44:04 SaveInspectorPropertyValues property=min_width ids=4 value=1300
06/08/2026 21:44:04   begin_group
06/08/2026 21:44:04   changed id=8
06/08/2026 21:44:04   changed id=7
06/08/2026 21:44:04   changed id=5
06/08/2026 21:44:04   changed id=6
06/08/2026 21:44:04   end_group changed=4
06/08/2026 21:44:04   slider_change property=min_width value=1267
06/08/2026 21:44:04 SaveInspectorPropertyValues property=min_width ids=4 value=1267
06/08/2026 21:44:04   begin_group
06/08/2026 21:44:04   changed id=8
06/08/2026 21:44:04   changed id=7
06/08/2026 21:44:04   changed id=5
06/08/2026 21:44:04   changed id=6
06/08/2026 21:44:04   end_group changed=4
06/08/2026 21:44:04   slider_change property=min_width value=1181
06/08/2026 21:44:04 SaveInspectorPropertyValues property=min_width ids=4 value=1181
06/08/2026 21:44:04   begin_group
06/08/2026 21:44:04   changed id=8
06/08/2026 21:44:04   changed id=7
06/08/2026 21:44:04   changed id=5
06/08/2026 21:44:04   changed id=6
06/08/2026 21:44:04   end_group changed=4
06/08/2026 21:44:04   slider_change property=min_width value=1128
06/08/2026 21:44:04 SaveInspectorPropertyValues property=min_width ids=4 value=1128
06/08/2026 21:44:04   begin_group
06/08/2026 21:44:04   changed id=8
06/08/2026 21:44:04   changed id=7
06/08/2026 21:44:04   changed id=5
06/08/2026 21:44:04   changed id=6
06/08/2026 21:44:04   end_group changed=4
06/08/2026 21:44:04   slider_change property=min_width value=1074
06/08/2026 21:44:04 SaveInspectorPropertyValues property=min_width ids=4 value=1074
06/08/2026 21:44:04   begin_group
06/08/2026 21:44:04   changed id=8
06/08/2026 21:44:04   changed id=7
06/08/2026 21:44:04   changed id=5
06/08/2026 21:44:04   changed id=6
06/08/2026 21:44:04   end_group changed=4
06/08/2026 21:44:04   slider_change property=min_width value=1020
06/08/2026 21:44:04 SaveInspectorPropertyValues property=min_width ids=4 value=1020
06/08/2026 21:44:04   begin_group
06/08/2026 21:44:04   changed id=8
06/08/2026 21:44:04   changed id=7
06/08/2026 21:44:04   changed id=5
06/08/2026 21:44:04   changed id=6
06/08/2026 21:44:04   end_group changed=4
06/08/2026 21:44:04   slider_change property=min_width value=956
06/08/2026 21:44:04 SaveInspectorPropertyValues property=min_width ids=4 value=956
06/08/2026 21:44:04   begin_group
06/08/2026 21:44:04   changed id=8
06/08/2026 21:44:04   changed id=7
06/08/2026 21:44:04   changed id=5
06/08/2026 21:44:04   changed id=6
06/08/2026 21:44:04   end_group changed=4
06/08/2026 21:44:04   slider_change property=min_width value=902
06/08/2026 21:44:04 SaveInspectorPropertyValues property=min_width ids=4 value=902
06/08/2026 21:44:04   begin_group
06/08/2026 21:44:04   changed id=8
06/08/2026 21:44:04   changed id=7
06/08/2026 21:44:04   changed id=5
06/08/2026 21:44:04   changed id=6
06/08/2026 21:44:04   end_group changed=4
06/08/2026 21:44:04   slider_change property=min_width value=827
06/08/2026 21:44:04 SaveInspectorPropertyValues property=min_width ids=4 value=827
06/08/2026 21:44:04   begin_group
06/08/2026 21:44:04   changed id=8
06/08/2026 21:44:04   changed id=7
06/08/2026 21:44:04   changed id=5
06/08/2026 21:44:04   changed id=6
06/08/2026 21:44:04   end_group changed=4
06/08/2026 21:44:04   slider_change property=min_width value=784
06/08/2026 21:44:04 SaveInspectorPropertyValues property=min_width ids=4 value=784
06/08/2026 21:44:04   begin_group
06/08/2026 21:44:04   changed id=8
06/08/2026 21:44:04   changed id=7
06/08/2026 21:44:04   changed id=5
06/08/2026 21:44:04   changed id=6
06/08/2026 21:44:04   end_group changed=4
06/08/2026 21:44:04   slider_change property=min_width value=741
06/08/2026 21:44:04 SaveInspectorPropertyValues property=min_width ids=4 value=741
06/08/2026 21:44:04   begin_group
06/08/2026 21:44:04   changed id=8
06/08/2026 21:44:04   changed id=7
06/08/2026 21:44:04   changed id=5
06/08/2026 21:44:04   changed id=6
06/08/2026 21:44:04   end_group changed=4
06/08/2026 21:44:04   slider_change property=min_width value=731
06/08/2026 21:44:04 SaveInspectorPropertyValues property=min_width ids=4 value=731
06/08/2026 21:44:04   begin_group
06/08/2026 21:44:04   changed id=8
06/08/2026 21:44:04   changed id=7
06/08/2026 21:44:04   changed id=5
06/08/2026 21:44:05   changed id=6
06/08/2026 21:44:05   end_group changed=4
06/08/2026 21:44:05   slider_change property=min_width value=720
06/08/2026 21:44:05 SaveInspectorPropertyValues property=min_width ids=4 value=720
06/08/2026 21:44:05   begin_group
06/08/2026 21:44:05   changed id=8
06/08/2026 21:44:05   changed id=7
06/08/2026 21:44:05   changed id=5
06/08/2026 21:44:05   changed id=6
06/08/2026 21:44:05   end_group changed=4
06/08/2026 21:44:05   slider_change property=min_width value=634
06/08/2026 21:44:05 SaveInspectorPropertyValues property=min_width ids=4 value=634
06/08/2026 21:44:05   begin_group
06/08/2026 21:44:05   changed id=8
06/08/2026 21:44:05   changed id=7
06/08/2026 21:44:05   changed id=5
06/08/2026 21:44:05   changed id=6
06/08/2026 21:44:05   end_group changed=4
06/08/2026 21:44:05   slider_change property=min_width value=602
06/08/2026 21:44:05 SaveInspectorPropertyValues property=min_width ids=4 value=602
06/08/2026 21:44:05   begin_group
06/08/2026 21:44:05   changed id=8
06/08/2026 21:44:05   changed id=7
06/08/2026 21:44:05   changed id=5
06/08/2026 21:44:05   changed id=6
06/08/2026 21:44:05   end_group changed=4
06/08/2026 21:44:05   slider_change property=min_width value=581
06/08/2026 21:44:05 SaveInspectorPropertyValues property=min_width ids=4 value=581
06/08/2026 21:44:05   begin_group
06/08/2026 21:44:05   changed id=8
06/08/2026 21:44:05   changed id=7
06/08/2026 21:44:05   changed id=5
06/08/2026 21:44:05   changed id=6
06/08/2026 21:44:05   end_group changed=4
06/08/2026 21:44:05   slider_change property=min_width value=473
06/08/2026 21:44:05 SaveInspectorPropertyValues property=min_width ids=4 value=473
06/08/2026 21:44:05   begin_group
06/08/2026 21:44:05   changed id=8
06/08/2026 21:44:05   changed id=7
06/08/2026 21:44:05   changed id=5
06/08/2026 21:44:05   changed id=6
06/08/2026 21:44:05   end_group changed=4
06/08/2026 21:44:06   slider_change property=min_width value=484
06/08/2026 21:44:06 SaveInspectorPropertyValues property=min_width ids=4 value=484
06/08/2026 21:44:06   begin_group
06/08/2026 21:44:06   changed id=8
06/08/2026 21:44:06   changed id=7
06/08/2026 21:44:06   changed id=5
06/08/2026 21:44:06   changed id=6
06/08/2026 21:44:06   end_group changed=4
06/08/2026 21:44:06   slider_change property=min_width value=505
06/08/2026 21:44:06 SaveInspectorPropertyValues property=min_width ids=4 value=505
06/08/2026 21:44:06   begin_group
06/08/2026 21:44:06   changed id=8
06/08/2026 21:44:06   changed id=7
06/08/2026 21:44:06   changed id=5
06/08/2026 21:44:06   changed id=6
06/08/2026 21:44:06   end_group changed=4
06/08/2026 21:44:06   slider_change property=min_width value=548
06/08/2026 21:44:06 SaveInspectorPropertyValues property=min_width ids=4 value=548
06/08/2026 21:44:06   begin_group
06/08/2026 21:44:06   changed id=8
06/08/2026 21:44:06   changed id=7
06/08/2026 21:44:06   changed id=5
06/08/2026 21:44:06   changed id=6
06/08/2026 21:44:06   end_group changed=4
06/08/2026 21:44:06   slider_change property=min_width value=591
06/08/2026 21:44:06 SaveInspectorPropertyValues property=min_width ids=4 value=591
06/08/2026 21:44:06   begin_group
06/08/2026 21:44:06   changed id=8
06/08/2026 21:44:06   changed id=7
06/08/2026 21:44:06   changed id=5
06/08/2026 21:44:06   changed id=6
06/08/2026 21:44:06   end_group changed=4
06/08/2026 21:44:06   slider_change property=min_width value=634
06/08/2026 21:44:06 SaveInspectorPropertyValues property=min_width ids=4 value=634
06/08/2026 21:44:06   begin_group
06/08/2026 21:44:06   changed id=8
06/08/2026 21:44:06   changed id=7
06/08/2026 21:44:06   changed id=5
06/08/2026 21:44:06   changed id=6
06/08/2026 21:44:06   end_group changed=4
06/08/2026 21:44:06   slider_change property=min_width value=688
06/08/2026 21:44:06 SaveInspectorPropertyValues property=min_width ids=4 value=688
06/08/2026 21:44:06   begin_group
06/08/2026 21:44:06   changed id=8
06/08/2026 21:44:06   changed id=7
06/08/2026 21:44:06   changed id=5
06/08/2026 21:44:06   changed id=6
06/08/2026 21:44:06   end_group changed=4
06/08/2026 21:44:06   slider_change property=min_width value=731
06/08/2026 21:44:06 SaveInspectorPropertyValues property=min_width ids=4 value=731
06/08/2026 21:44:06   begin_group
06/08/2026 21:44:06   changed id=8
06/08/2026 21:44:06   changed id=7
06/08/2026 21:44:06   changed id=5
06/08/2026 21:44:06   changed id=6
06/08/2026 21:44:06   end_group changed=4
06/08/2026 21:44:06   slider_change property=min_width value=763
06/08/2026 21:44:07 SaveInspectorPropertyValues property=min_width ids=4 value=763
06/08/2026 21:44:07   begin_group
06/08/2026 21:44:07   changed id=8
06/08/2026 21:44:07   changed id=7
06/08/2026 21:44:07   changed id=5
06/08/2026 21:44:07   changed id=6
06/08/2026 21:44:07   end_group changed=4
06/08/2026 21:44:07   slider_change property=min_width value=774
06/08/2026 21:44:07 SaveInspectorPropertyValues property=min_width ids=4 value=774
06/08/2026 21:44:07   begin_group
06/08/2026 21:44:07   changed id=8
06/08/2026 21:44:07   changed id=7
06/08/2026 21:44:07   changed id=5
06/08/2026 21:44:07   changed id=6
06/08/2026 21:44:07   end_group changed=4
06/08/2026 21:44:07   slider_change property=min_width value=849
06/08/2026 21:44:07 SaveInspectorPropertyValues property=min_width ids=4 value=849
06/08/2026 21:44:07   begin_group
06/08/2026 21:44:07   changed id=8
06/08/2026 21:44:07   changed id=7
06/08/2026 21:44:07   changed id=5
06/08/2026 21:44:07   changed id=6
06/08/2026 21:44:07   end_group changed=4
06/08/2026 21:44:07   slider_change property=min_width value=892
06/08/2026 21:44:07 SaveInspectorPropertyValues property=min_width ids=4 value=892
06/08/2026 21:44:07   begin_group
06/08/2026 21:44:07   changed id=8
06/08/2026 21:44:07   changed id=7
06/08/2026 21:44:07   changed id=5
06/08/2026 21:44:07   changed id=6
06/08/2026 21:44:07   end_group changed=4
06/08/2026 21:44:07   slider_change property=min_width value=924
06/08/2026 21:44:07 SaveInspectorPropertyValues property=min_width ids=4 value=924
06/08/2026 21:44:07   begin_group
06/08/2026 21:44:07   changed id=8
06/08/2026 21:44:07   changed id=7
06/08/2026 21:44:07   changed id=5
06/08/2026 21:44:07   changed id=6
06/08/2026 21:44:07   end_group changed=4
06/08/2026 21:44:07   slider_change property=min_width value=935
06/08/2026 21:44:07 SaveInspectorPropertyValues property=min_width ids=4 value=935
06/08/2026 21:44:07   begin_group
06/08/2026 21:44:07   changed id=8
06/08/2026 21:44:07   changed id=7
06/08/2026 21:44:07   changed id=5
06/08/2026 21:44:07   changed id=6
06/08/2026 21:44:07   end_group changed=4
06/08/2026 21:44:07   slider_change property=min_width value=945
06/08/2026 21:44:07 SaveInspectorPropertyValues property=min_width ids=4 value=945
06/08/2026 21:44:07   begin_group
06/08/2026 21:44:07   changed id=8
06/08/2026 21:44:07   changed id=7
06/08/2026 21:44:07   changed id=5
06/08/2026 21:44:07   changed id=6
06/08/2026 21:44:07   end_group changed=4
06/08/2026 21:44:07   slider_change property=min_width value=924
06/08/2026 21:44:07 SaveInspectorPropertyValues property=min_width ids=4 value=924
06/08/2026 21:44:07   begin_group
06/08/2026 21:44:07   changed id=8
06/08/2026 21:44:07   changed id=7
06/08/2026 21:44:07   changed id=5
06/08/2026 21:44:07   changed id=6
06/08/2026 21:44:07   end_group changed=4
06/08/2026 21:44:07   slider_change property=min_width value=827
06/08/2026 21:44:07 SaveInspectorPropertyValues property=min_width ids=4 value=827
06/08/2026 21:44:08   begin_group
06/08/2026 21:44:08   changed id=8
06/08/2026 21:44:08   changed id=7
06/08/2026 21:44:08   changed id=5
06/08/2026 21:44:08   changed id=6
06/08/2026 21:44:08   end_group changed=4
06/08/2026 21:44:08   slider_change property=min_width value=677
06/08/2026 21:44:08 SaveInspectorPropertyValues property=min_width ids=4 value=677
06/08/2026 21:44:08   begin_group
06/08/2026 21:44:08   changed id=8
06/08/2026 21:44:08   changed id=7
06/08/2026 21:44:08   changed id=5
06/08/2026 21:44:08   changed id=6
06/08/2026 21:44:08   end_group changed=4
06/08/2026 21:44:08   slider_change property=min_width value=645
06/08/2026 21:44:08 SaveInspectorPropertyValues property=min_width ids=4 value=645
06/08/2026 21:44:08   begin_group
06/08/2026 21:44:08   changed id=8
06/08/2026 21:44:08   changed id=7
06/08/2026 21:44:08   changed id=5
06/08/2026 21:44:08   changed id=6
06/08/2026 21:44:08   end_group changed=4
06/08/2026 21:44:08   slider_change property=min_width value=634
06/08/2026 21:44:08 SaveInspectorPropertyValues property=min_width ids=4 value=634
06/08/2026 21:44:08   begin_group
06/08/2026 21:44:08   changed id=8
06/08/2026 21:44:08   changed id=7
06/08/2026 21:44:08   changed id=5
06/08/2026 21:44:08   changed id=6
06/08/2026 21:44:08   end_group changed=4
06/08/2026 21:44:08   slider_change property=min_width value=602
06/08/2026 21:44:08 SaveInspectorPropertyValues property=min_width ids=4 value=602
06/08/2026 21:44:08   begin_group
06/08/2026 21:44:08   changed id=8
06/08/2026 21:44:08   changed id=7
06/08/2026 21:44:08   changed id=5
06/08/2026 21:44:08   changed id=6
06/08/2026 21:44:08   end_group changed=4
06/08/2026 21:44:08   slider_change property=min_width value=591
06/08/2026 21:44:08 SaveInspectorPropertyValues property=min_width ids=4 value=591
06/08/2026 21:44:08   begin_group
06/08/2026 21:44:08   changed id=8
06/08/2026 21:44:08   changed id=7
06/08/2026 21:44:08   changed id=5
06/08/2026 21:44:08   changed id=6
06/08/2026 21:44:08   end_group changed=4
06/08/2026 21:44:08   slider_change property=min_width value=495
06/08/2026 21:44:08 SaveInspectorPropertyValues property=min_width ids=4 value=495
06/08/2026 21:44:08   begin_group
06/08/2026 21:44:08   changed id=8
06/08/2026 21:44:08   changed id=7
06/08/2026 21:44:08   changed id=5
06/08/2026 21:44:08   changed id=6
06/08/2026 21:44:08   end_group changed=4
06/08/2026 21:44:08   slider_change property=min_width value=398
06/08/2026 21:44:08 SaveInspectorPropertyValues property=min_width ids=4 value=398
06/08/2026 21:44:08   begin_group
06/08/2026 21:44:08   changed id=8
06/08/2026 21:44:08   changed id=7
06/08/2026 21:44:08   changed id=5
06/08/2026 21:44:08   changed id=6
06/08/2026 21:44:08   end_group changed=4
06/08/2026 21:44:08   slider_change property=min_width value=366
06/08/2026 21:44:08 SaveInspectorPropertyValues property=min_width ids=4 value=366
06/08/2026 21:44:08   begin_group
06/08/2026 21:44:08   changed id=8
06/08/2026 21:44:08   changed id=7
06/08/2026 21:44:08   changed id=5
06/08/2026 21:44:08   changed id=6
06/08/2026 21:44:08   end_group changed=4
06/08/2026 21:44:09   slider_change property=min_width value=377
06/08/2026 21:44:09 SaveInspectorPropertyValues property=min_width ids=4 value=377
06/08/2026 21:44:09   begin_group
06/08/2026 21:44:09   changed id=8
06/08/2026 21:44:09   changed id=7
06/08/2026 21:44:09   changed id=5
06/08/2026 21:44:09   changed id=6
06/08/2026 21:44:09   end_group changed=4
06/08/2026 21:44:09   slider_change property=min_width value=420
06/08/2026 21:44:09 SaveInspectorPropertyValues property=min_width ids=4 value=420
06/08/2026 21:44:09   begin_group
06/08/2026 21:44:09   changed id=8
06/08/2026 21:44:09   changed id=7
06/08/2026 21:44:09   changed id=5
06/08/2026 21:44:09   changed id=6
06/08/2026 21:44:09   end_group changed=4
06/08/2026 21:44:09   slider_change property=min_width value=473
06/08/2026 21:44:09 SaveInspectorPropertyValues property=min_width ids=4 value=473
06/08/2026 21:44:09   begin_group
06/08/2026 21:44:09   changed id=8
06/08/2026 21:44:09   changed id=7
06/08/2026 21:44:09   changed id=5
06/08/2026 21:44:09   changed id=6
06/08/2026 21:44:09   end_group changed=4
06/08/2026 21:44:09   slider_change property=min_width value=484
06/08/2026 21:44:09 SaveInspectorPropertyValues property=min_width ids=4 value=484
06/08/2026 21:44:09   begin_group
06/08/2026 21:44:09   changed id=8
06/08/2026 21:44:09   changed id=7
06/08/2026 21:44:09   changed id=5
06/08/2026 21:44:09   changed id=6
06/08/2026 21:44:09   end_group changed=4
06/08/2026 21:44:09   slider_change property=min_width value=495
06/08/2026 21:44:09 SaveInspectorPropertyValues property=min_width ids=4 value=495
06/08/2026 21:44:09   begin_group
06/08/2026 21:44:09   changed id=8
06/08/2026 21:44:09   changed id=7
06/08/2026 21:44:09   changed id=5
06/08/2026 21:44:09   changed id=6
06/08/2026 21:44:09   end_group changed=4
06/08/2026 21:44:09   slider_change property=min_width value=548
06/08/2026 21:44:09 SaveInspectorPropertyValues property=min_width ids=4 value=548
06/08/2026 21:44:09   begin_group
06/08/2026 21:44:09   changed id=8
06/08/2026 21:44:09   changed id=7
06/08/2026 21:44:09   changed id=5
06/08/2026 21:44:09   changed id=6
06/08/2026 21:44:09   end_group changed=4
06/08/2026 21:44:09   slider_change property=min_width value=559
06/08/2026 21:44:09 SaveInspectorPropertyValues property=min_width ids=4 value=559
06/08/2026 21:44:09   begin_group
06/08/2026 21:44:09   changed id=8
06/08/2026 21:44:09   changed id=7
06/08/2026 21:44:09   changed id=5
06/08/2026 21:44:09   changed id=6
06/08/2026 21:44:09   end_group changed=4
06/08/2026 21:44:09   slider_change property=min_width value=570
06/08/2026 21:44:09 SaveInspectorPropertyValues property=min_width ids=4 value=570
06/08/2026 21:44:09   begin_group
06/08/2026 21:44:09   changed id=8
06/08/2026 21:44:09   changed id=7
06/08/2026 21:44:09   changed id=5
06/08/2026 21:44:09   changed id=6
06/08/2026 21:44:09   end_group changed=4
06/08/2026 21:44:09   slider_change property=min_width value=581
06/08/2026 21:44:09 SaveInspectorPropertyValues property=min_width ids=4 value=581
06/08/2026 21:44:09   begin_group
06/08/2026 21:44:09   changed id=8
06/08/2026 21:44:09   changed id=7
06/08/2026 21:44:09   changed id=5
06/08/2026 21:44:09   changed id=6
06/08/2026 21:44:09   end_group changed=4
06/08/2026 21:44:10   slider_action property=min_width value=581
06/08/2026 21:44:10 SaveInspectorPropertyValues property=min_width ids=4 value=581
06/08/2026 21:44:10   skip id=8 unchanged
06/08/2026 21:44:10   skip id=7 unchanged
06/08/2026 21:44:10   skip id=5 unchanged
06/08/2026 21:44:10   skip id=6 unchanged
06/08/2026 21:44:10   end_group changed=0
06/08/2026 21:48:19 SetSelection count=1 id=2
06/08/2026 21:48:19 SetSelection count=1 id=2
06/08/2026 21:48:20 SetSelection count=1 id=2
06/08/2026 21:48:20 SetSelection count=1 id=2
06/08/2026 21:48:23 SetSelection count=1 id=5
06/08/2026 21:48:23 SetSelection count=1 id=5
06/08/2026 21:48:37 SetSelection count=1 id=7
06/08/2026 21:48:37 SetSelection count=1 id=7
06/08/2026 21:48:39 SetSelection count=1 id=8
06/08/2026 21:48:39 SetSelection count=1 id=8
06/08/2026 21:48:41 SetSelection count=1 id=8
06/08/2026 21:48:41 SetSelection count=1 id=8
06/08/2026 21:48:43 SetSelection count=1 id=7
06/08/2026 21:48:43 SetSelection count=1 id=7
06/08/2026 21:48:45 SetSelection count=2 id=7 id=8
06/08/2026 21:48:45   node id=7 type=UiButton
06/08/2026 21:48:45   node id=8 type=UiButton
06/08/2026 21:48:45   common property=role
06/08/2026 21:48:45   common property=h_sizing
06/08/2026 21:48:45   common property=v_sizing
06/08/2026 21:48:45   common property=cell_align_h
06/08/2026 21:48:45   common property=cell_align_v
06/08/2026 21:48:45   common property=fixed_width
06/08/2026 21:48:45   common property=fixed_height
06/08/2026 21:48:45   common property=min_width
06/08/2026 21:48:45   common property=min_height
06/08/2026 21:48:45   common property=max_width
06/08/2026 21:48:46   common property=max_height
06/08/2026 21:48:46   skip_unsafe property=text
06/08/2026 21:48:46   skip_unsafe property=icon
06/08/2026 21:48:46   skip_unsafe property=icon_size
06/08/2026 21:48:46   skip_unsafe property=icon_scale
06/08/2026 21:48:46   skip_unsafe property=icon_side
06/08/2026 21:48:46   skip_unsafe property=content_inset
06/08/2026 21:48:46   skip_unsafe property=content_gap
06/08/2026 21:48:46   skip_unsafe property=align_h
06/08/2026 21:48:46   skip_unsafe property=align_v
06/08/2026 21:48:46   skip_unsafe property=font
06/08/2026 21:48:46   skip_unsafe property=font_size
06/08/2026 21:48:46   common_bindings=11 group=
06/08/2026 21:48:46   add_row property=role editor=4 group=
06/08/2026 21:48:46   added_row property=role
06/08/2026 21:48:46   add_row property=h_sizing editor=4 group=
06/08/2026 21:48:46   added_row property=h_sizing
06/08/2026 21:48:46   add_row property=v_sizing editor=4 group=
06/08/2026 21:48:46   added_row property=v_sizing
06/08/2026 21:48:46   add_row property=cell_align_h editor=4 group=
06/08/2026 21:48:46   added_row property=cell_align_h
06/08/2026 21:48:46   add_row property=cell_align_v editor=4 group=
06/08/2026 21:48:46   added_row property=cell_align_v
06/08/2026 21:48:46   add_row property=fixed_width editor=7 group=
06/08/2026 21:48:46   added_row property=fixed_width
06/08/2026 21:48:46   add_row property=fixed_height editor=7 group=
06/08/2026 21:48:46   added_row property=fixed_height
06/08/2026 21:48:46   add_row property=min_width editor=7 group=
06/08/2026 21:48:46   added_row property=min_width
06/08/2026 21:48:46   add_row property=min_height editor=7 group=
06/08/2026 21:48:46   added_row property=min_height
06/08/2026 21:48:46   add_row property=max_width editor=7 group=
06/08/2026 21:48:46   added_row property=max_width
06/08/2026 21:48:46   add_row property=max_height editor=7 group=
06/08/2026 21:48:46   added_row property=max_height
06/08/2026 21:48:46 SetSelection count=2 id=7 id=8
06/08/2026 21:48:46   node id=7 type=UiButton
06/08/2026 21:48:46   node id=8 type=UiButton
06/08/2026 21:48:46   common property=theme_override
06/08/2026 21:48:46   skip_unsafe property=face
06/08/2026 21:48:46   skip_unsafe property=face_mode
06/08/2026 21:48:46   skip_unsafe property=face_quad
06/08/2026 21:48:46   skip_unsafe property=frame
06/08/2026 21:48:46   skip_unsafe property=radius
06/08/2026 21:48:46   skip_unsafe property=face_enabled
06/08/2026 21:48:46   skip_unsafe property=frame_enabled
06/08/2026 21:48:46   skip_unsafe property=shadow_enabled
06/08/2026 21:48:46   skip_unsafe property=shadow_distance
06/08/2026 21:48:46   skip_unsafe property=shadow_offset_x
06/08/2026 21:48:46   skip_unsafe property=shadow_offset_y
06/08/2026 21:48:46   skip_unsafe property=shadow_alpha
06/08/2026 21:48:46   skip_unsafe property=shadow_color
06/08/2026 21:48:46   skip_unsafe property=shadow_curve
06/08/2026 21:48:46   skip_unsafe property=ink_enabled
06/08/2026 21:48:46   skip_unsafe property=ink
06/08/2026 21:48:46   skip_unsafe property=icon_ink_enabled
06/08/2026 21:48:46   skip_unsafe property=icon_ink
06/08/2026 21:48:46   common_bindings=1 group=Theme Overrides
06/08/2026 21:48:46   add_row property=theme_override editor=3 group=Theme Overrides
06/08/2026 21:48:46   added_row property=theme_override
06/08/2026 21:48:50   slider_change property=fixed_width value=130
06/08/2026 21:48:50 SaveInspectorPropertyValues property=fixed_width ids=2 value=130
06/08/2026 21:48:50   begin_group
06/08/2026 21:48:50   changed id=7
06/08/2026 21:48:50   changed id=8
06/08/2026 21:48:50   end_group changed=2
06/08/2026 21:48:50   slider_change property=fixed_width value=151
06/08/2026 21:48:50 SaveInspectorPropertyValues property=fixed_width ids=2 value=151
06/08/2026 21:48:50   begin_group
06/08/2026 21:48:50   changed id=7
06/08/2026 21:48:50   changed id=8
06/08/2026 21:48:50   end_group changed=2
06/08/2026 21:48:50   slider_change property=fixed_width value=248
06/08/2026 21:48:50 SaveInspectorPropertyValues property=fixed_width ids=2 value=248
06/08/2026 21:48:50   begin_group
06/08/2026 21:48:50   changed id=7
06/08/2026 21:48:50   changed id=8
06/08/2026 21:48:50   end_group changed=2
06/08/2026 21:48:50   slider_change property=fixed_width value=334
06/08/2026 21:48:50 SaveInspectorPropertyValues property=fixed_width ids=2 value=334
06/08/2026 21:48:50   begin_group
06/08/2026 21:48:50   changed id=7
06/08/2026 21:48:50   changed id=8
06/08/2026 21:48:50   end_group changed=2
06/08/2026 21:48:50   slider_change property=fixed_width value=355
06/08/2026 21:48:50 SaveInspectorPropertyValues property=fixed_width ids=2 value=355
06/08/2026 21:48:50   begin_group
06/08/2026 21:48:50   changed id=7
06/08/2026 21:48:50   changed id=8
06/08/2026 21:48:50   end_group changed=2
06/08/2026 21:48:51   slider_change property=fixed_width value=366
06/08/2026 21:48:51 SaveInspectorPropertyValues property=fixed_width ids=2 value=366
06/08/2026 21:48:51   begin_group
06/08/2026 21:48:51   changed id=7
06/08/2026 21:48:51   changed id=8
06/08/2026 21:48:51   end_group changed=2
06/08/2026 21:48:51   slider_change property=fixed_width value=548
06/08/2026 21:48:51 SaveInspectorPropertyValues property=fixed_width ids=2 value=548
06/08/2026 21:48:51   begin_group
06/08/2026 21:48:51   changed id=7
06/08/2026 21:48:51   changed id=8
06/08/2026 21:48:51   end_group changed=2
06/08/2026 21:48:51   slider_change property=fixed_width value=666
06/08/2026 21:48:51 SaveInspectorPropertyValues property=fixed_width ids=2 value=666
06/08/2026 21:48:51   begin_group
06/08/2026 21:48:51   changed id=7
06/08/2026 21:48:51   changed id=8
06/08/2026 21:48:51   end_group changed=2
06/08/2026 21:48:53   slider_change property=fixed_width value=656
06/08/2026 21:48:53 SaveInspectorPropertyValues property=fixed_width ids=2 value=656
06/08/2026 21:48:53   begin_group
06/08/2026 21:48:53   changed id=7
06/08/2026 21:48:53   changed id=8
06/08/2026 21:48:53   end_group changed=2
06/08/2026 21:48:53   slider_change property=fixed_width value=516
06/08/2026 21:48:53 SaveInspectorPropertyValues property=fixed_width ids=2 value=516
06/08/2026 21:48:53   begin_group
06/08/2026 21:48:53   changed id=7
06/08/2026 21:48:53   changed id=8
06/08/2026 21:48:53   end_group changed=2
06/08/2026 21:48:53   slider_change property=fixed_width value=269
06/08/2026 21:48:53 SaveInspectorPropertyValues property=fixed_width ids=2 value=269
06/08/2026 21:48:53   begin_group
06/08/2026 21:48:53   changed id=7
06/08/2026 21:48:53   changed id=8
06/08/2026 21:48:53   end_group changed=2
06/08/2026 21:48:53   slider_action property=fixed_width value=269
06/08/2026 21:48:53 SaveInspectorPropertyValues property=fixed_width ids=2 value=269
06/08/2026 21:48:53   skip id=7 unchanged
06/08/2026 21:48:53   skip id=8 unchanged
06/08/2026 21:48:53   end_group changed=0
06/08/2026 21:48:58   choice_action property=h_sizing null=0
06/08/2026 21:48:58 SaveInspectorPropertyValues property=h_sizing ids=2 value=Expand
06/08/2026 21:48:58   begin_group
06/08/2026 21:48:58   changed id=7
06/08/2026 21:48:58   changed id=8
06/08/2026 21:48:58   end_group changed=2
06/08/2026 21:49:04   choice_action property=role null=0
06/08/2026 21:49:04 SaveInspectorPropertyValues property=role ids=2 value=Subtle
06/08/2026 21:49:05   begin_group
06/08/2026 21:49:05   changed id=7
06/08/2026 21:49:05   changed id=8
06/08/2026 21:49:05   end_group changed=2
06/08/2026 21:50:13   choice_action property=role null=0
06/08/2026 21:50:13 SaveInspectorPropertyValues property=role ids=2 value=Alert
06/08/2026 21:50:13   begin_group
06/08/2026 21:50:13   changed id=7
06/08/2026 21:50:13   changed id=8
06/08/2026 21:50:13   end_group changed=2
06/08/2026 21:50:19   slider_change property=min_width value=22
06/08/2026 21:50:19 SaveInspectorPropertyValues property=min_width ids=2 value=22
06/08/2026 21:50:19   begin_group
06/08/2026 21:50:19   changed id=7
06/08/2026 21:50:19   changed id=8
06/08/2026 21:50:19   end_group changed=2
06/08/2026 21:50:19   slider_change property=min_width value=44
06/08/2026 21:50:19 SaveInspectorPropertyValues property=min_width ids=2 value=44
06/08/2026 21:50:19   begin_group
06/08/2026 21:50:19   changed id=7
06/08/2026 21:50:19   changed id=8
06/08/2026 21:50:19   end_group changed=2
06/08/2026 21:50:19   slider_change property=min_width value=108
06/08/2026 21:50:19 SaveInspectorPropertyValues property=min_width ids=2 value=108
06/08/2026 21:50:19   begin_group
06/08/2026 21:50:19   changed id=7
06/08/2026 21:50:19   changed id=8
06/08/2026 21:50:19   end_group changed=2
06/08/2026 21:50:19   slider_change property=min_width value=141
06/08/2026 21:50:19 SaveInspectorPropertyValues property=min_width ids=2 value=141
06/08/2026 21:50:19   begin_group
06/08/2026 21:50:19   changed id=7
06/08/2026 21:50:19   changed id=8
06/08/2026 21:50:19   end_group changed=2
06/08/2026 21:50:19   slider_change property=min_width value=226
06/08/2026 21:50:19 SaveInspectorPropertyValues property=min_width ids=2 value=226
06/08/2026 21:50:19   begin_group
06/08/2026 21:50:19   changed id=7
06/08/2026 21:50:19   changed id=8
06/08/2026 21:50:19   end_group changed=2
06/08/2026 21:50:19   slider_change property=min_width value=280
06/08/2026 21:50:19 SaveInspectorPropertyValues property=min_width ids=2 value=280
06/08/2026 21:50:19   begin_group
06/08/2026 21:50:19   changed id=7
06/08/2026 21:50:19   changed id=8
06/08/2026 21:50:19   end_group changed=2
06/08/2026 21:50:19   slider_change property=min_width value=420
06/08/2026 21:50:19 SaveInspectorPropertyValues property=min_width ids=2 value=420
06/08/2026 21:50:19   begin_group
06/08/2026 21:50:19   changed id=7
06/08/2026 21:50:19   changed id=8
06/08/2026 21:50:19   end_group changed=2
06/08/2026 21:50:19   slider_change property=min_width value=581
06/08/2026 21:50:19 SaveInspectorPropertyValues property=min_width ids=2 value=581
06/08/2026 21:50:19   begin_group
06/08/2026 21:50:19   changed id=7
06/08/2026 21:50:19   changed id=8
06/08/2026 21:50:19   end_group changed=2
06/08/2026 21:50:19   slider_change property=min_width value=666
06/08/2026 21:50:19 SaveInspectorPropertyValues property=min_width ids=2 value=666
06/08/2026 21:50:19   begin_group
06/08/2026 21:50:19   changed id=7
06/08/2026 21:50:19   changed id=8
06/08/2026 21:50:19   end_group changed=2
06/08/2026 21:50:19   slider_change property=min_width value=741
06/08/2026 21:50:19 SaveInspectorPropertyValues property=min_width ids=2 value=741
06/08/2026 21:50:19   begin_group
06/08/2026 21:50:19   changed id=7
06/08/2026 21:50:19   changed id=8
06/08/2026 21:50:19   end_group changed=2
06/08/2026 21:50:19   slider_change property=min_width value=806
06/08/2026 21:50:19 SaveInspectorPropertyValues property=min_width ids=2 value=806
06/08/2026 21:50:19   begin_group
06/08/2026 21:50:19   changed id=7
06/08/2026 21:50:19   changed id=8
06/08/2026 21:50:19   end_group changed=2
06/08/2026 21:50:19   slider_change property=min_width value=945
06/08/2026 21:50:19 SaveInspectorPropertyValues property=min_width ids=2 value=945
06/08/2026 21:50:19   begin_group
06/08/2026 21:50:19   changed id=7
06/08/2026 21:50:19   changed id=8
06/08/2026 21:50:19   end_group changed=2
06/08/2026 21:50:19   slider_change property=min_width value=1160
06/08/2026 21:50:19 SaveInspectorPropertyValues property=min_width ids=2 value=1160
06/08/2026 21:50:19   begin_group
06/08/2026 21:50:19   changed id=7
06/08/2026 21:50:19   changed id=8
06/08/2026 21:50:19   end_group changed=2
06/08/2026 21:50:19   slider_change property=min_width value=1235
06/08/2026 21:50:19 SaveInspectorPropertyValues property=min_width ids=2 value=1235
06/08/2026 21:50:19   begin_group
06/08/2026 21:50:19   changed id=7
06/08/2026 21:50:19   changed id=8
06/08/2026 21:50:19   end_group changed=2
06/08/2026 21:50:19   slider_change property=min_width value=1503
06/08/2026 21:50:19 SaveInspectorPropertyValues property=min_width ids=2 value=1503
06/08/2026 21:50:19   begin_group
06/08/2026 21:50:19   changed id=7
06/08/2026 21:50:19   changed id=8
06/08/2026 21:50:19   end_group changed=2
06/08/2026 21:50:19   slider_change property=min_width value=1600
06/08/2026 21:50:19 SaveInspectorPropertyValues property=min_width ids=2 value=1600
06/08/2026 21:50:19   begin_group
06/08/2026 21:50:19   changed id=7
06/08/2026 21:50:19   changed id=8
06/08/2026 21:50:19   end_group changed=2
06/08/2026 21:50:20   slider_action property=min_width value=1600
06/08/2026 21:50:20 SaveInspectorPropertyValues property=min_width ids=2 value=1600
06/08/2026 21:50:20   skip id=7 unchanged
06/08/2026 21:50:20   skip id=8 unchanged
06/08/2026 21:50:20   end_group changed=0
06/08/2026 21:50:27   choice_action property=v_sizing null=0
06/08/2026 21:50:27 SaveInspectorPropertyValues property=v_sizing ids=2 value=Expand
06/08/2026 21:50:27   begin_group
06/08/2026 21:50:27   changed id=7
06/08/2026 21:50:27   changed id=8
06/08/2026 21:50:27   end_group changed=2
06/08/2026 21:50:31 SetSelection count=2 id=7 id=8
06/08/2026 21:50:31   node id=7 type=UiButton
06/08/2026 21:50:31   node id=8 type=UiButton
06/08/2026 21:50:31   common property=role
06/08/2026 21:50:31   common property=h_sizing
06/08/2026 21:50:31   common property=v_sizing
06/08/2026 21:50:31   common property=cell_align_h
06/08/2026 21:50:31   common property=cell_align_v
06/08/2026 21:50:31   common property=fixed_width
06/08/2026 21:50:31   common property=fixed_height
06/08/2026 21:50:31   common property=min_width
06/08/2026 21:50:31   common property=min_height
06/08/2026 21:50:31   common property=max_width
06/08/2026 21:50:31   common property=max_height
06/08/2026 21:50:31   skip_unsafe property=text
06/08/2026 21:50:31   skip_unsafe property=icon
06/08/2026 21:50:31   skip_unsafe property=icon_size
06/08/2026 21:50:31   skip_unsafe property=icon_scale
06/08/2026 21:50:31   skip_unsafe property=icon_side
06/08/2026 21:50:31   skip_unsafe property=content_inset
06/08/2026 21:50:31   skip_unsafe property=content_gap
06/08/2026 21:50:31   skip_unsafe property=align_h
06/08/2026 21:50:31   skip_unsafe property=align_v
06/08/2026 21:50:31   skip_unsafe property=font
06/08/2026 21:50:31   skip_unsafe property=font_size
06/08/2026 21:50:31   common_bindings=11 group=
06/08/2026 21:50:31   add_row property=role editor=4 group=
06/08/2026 21:50:31   added_row property=role
06/08/2026 21:50:31   add_row property=h_sizing editor=4 group=
06/08/2026 21:50:31   added_row property=h_sizing
06/08/2026 21:50:31   add_row property=v_sizing editor=4 group=
06/08/2026 21:50:31   added_row property=v_sizing
06/08/2026 21:50:31   add_row property=cell_align_h editor=4 group=
06/08/2026 21:50:31   added_row property=cell_align_h
06/08/2026 21:50:31   add_row property=cell_align_v editor=4 group=
06/08/2026 21:50:31   added_row property=cell_align_v
06/08/2026 21:50:31   add_row property=fixed_width editor=7 group=
06/08/2026 21:50:31   added_row property=fixed_width
06/08/2026 21:50:31   add_row property=fixed_height editor=7 group=
06/08/2026 21:50:31   added_row property=fixed_height
06/08/2026 21:50:31   add_row property=min_width editor=7 group=
06/08/2026 21:50:31   added_row property=min_width
06/08/2026 21:50:31   add_row property=min_height editor=7 group=
06/08/2026 21:50:31   added_row property=min_height
06/08/2026 21:50:31   add_row property=max_width editor=7 group=
06/08/2026 21:50:31   added_row property=max_width
06/08/2026 21:50:31   add_row property=max_height editor=7 group=
06/08/2026 21:50:31   added_row property=max_height
06/08/2026 21:50:31 SetSelection count=2 id=7 id=8
06/08/2026 21:50:31   node id=7 type=UiButton
06/08/2026 21:50:31   node id=8 type=UiButton
06/08/2026 21:50:31   common property=theme_override
06/08/2026 21:50:31   skip_unsafe property=face
06/08/2026 21:50:31   skip_unsafe property=face_mode
06/08/2026 21:50:31   skip_unsafe property=face_quad
06/08/2026 21:50:31   skip_unsafe property=frame
06/08/2026 21:50:31   skip_unsafe property=radius
06/08/2026 21:50:31   skip_unsafe property=face_enabled
06/08/2026 21:50:31   skip_unsafe property=frame_enabled
06/08/2026 21:50:31   skip_unsafe property=shadow_enabled
06/08/2026 21:50:31   skip_unsafe property=shadow_distance
06/08/2026 21:50:31   skip_unsafe property=shadow_offset_x
06/08/2026 21:50:31   skip_unsafe property=shadow_offset_y
06/08/2026 21:50:31   skip_unsafe property=shadow_alpha
06/08/2026 21:50:31   skip_unsafe property=shadow_color
06/08/2026 21:50:31   skip_unsafe property=shadow_curve
06/08/2026 21:50:31   skip_unsafe property=ink_enabled
06/08/2026 21:50:31   skip_unsafe property=ink
06/08/2026 21:50:31   skip_unsafe property=icon_ink_enabled
06/08/2026 21:50:31   skip_unsafe property=icon_ink
06/08/2026 21:50:31   common_bindings=1 group=Theme Overrides
06/08/2026 21:50:31   add_row property=theme_override editor=3 group=Theme Overrides
06/08/2026 21:50:31   added_row property=theme_override
06/08/2026 21:50:31 SetSelection count=2 id=7 id=8
06/08/2026 21:50:31   node id=7 type=UiButton
06/08/2026 21:50:31   node id=8 type=UiButton
06/08/2026 21:50:31   common property=role
06/08/2026 21:50:31   common property=h_sizing
06/08/2026 21:50:31   common property=v_sizing
06/08/2026 21:50:31   common property=cell_align_h
06/08/2026 21:50:31   common property=cell_align_v
06/08/2026 21:50:31   common property=fixed_width
06/08/2026 21:50:31   common property=fixed_height
06/08/2026 21:50:31   common property=min_width
06/08/2026 21:50:31   common property=min_height
06/08/2026 21:50:31   common property=max_width
06/08/2026 21:50:31   common property=max_height
06/08/2026 21:50:31   skip_unsafe property=text
06/08/2026 21:50:31   skip_unsafe property=icon
06/08/2026 21:50:31   skip_unsafe property=icon_size
06/08/2026 21:50:31   skip_unsafe property=icon_scale
06/08/2026 21:50:31   skip_unsafe property=icon_side
06/08/2026 21:50:31   skip_unsafe property=content_inset
06/08/2026 21:50:31   skip_unsafe property=content_gap
06/08/2026 21:50:31   skip_unsafe property=align_h
06/08/2026 21:50:31   skip_unsafe property=align_v
06/08/2026 21:50:31   skip_unsafe property=font
06/08/2026 21:50:31   skip_unsafe property=font_size
06/08/2026 21:50:31   common_bindings=11 group=
06/08/2026 21:50:32   add_row property=role editor=4 group=
06/08/2026 21:50:32   added_row property=role
06/08/2026 21:50:32   add_row property=h_sizing editor=4 group=
06/08/2026 21:50:32   added_row property=h_sizing
06/08/2026 21:50:32   add_row property=v_sizing editor=4 group=
06/08/2026 21:50:32   added_row property=v_sizing
06/08/2026 21:50:32   add_row property=cell_align_h editor=4 group=
06/08/2026 21:50:32   added_row property=cell_align_h
06/08/2026 21:50:32   add_row property=cell_align_v editor=4 group=
06/08/2026 21:50:32   added_row property=cell_align_v
06/08/2026 21:50:32   add_row property=fixed_width editor=7 group=
06/08/2026 21:50:32   added_row property=fixed_width
06/08/2026 21:50:32   add_row property=fixed_height editor=7 group=
06/08/2026 21:50:32   added_row property=fixed_height
06/08/2026 21:50:32   add_row property=min_width editor=7 group=
06/08/2026 21:50:32   added_row property=min_width
06/08/2026 21:50:32   add_row property=min_height editor=7 group=
06/08/2026 21:50:32   added_row property=min_height
06/08/2026 21:50:32   add_row property=max_width editor=7 group=
06/08/2026 21:50:32   added_row property=max_width
06/08/2026 21:50:32   add_row property=max_height editor=7 group=
06/08/2026 21:50:32   added_row property=max_height
06/08/2026 21:50:32 SetSelection count=2 id=7 id=8
06/08/2026 21:50:32   node id=7 type=UiButton
06/08/2026 21:50:32   node id=8 type=UiButton
06/08/2026 21:50:32   common property=theme_override
06/08/2026 21:50:32   skip_unsafe property=face
06/08/2026 21:50:32   skip_unsafe property=face_mode
06/08/2026 21:50:32   skip_unsafe property=face_quad
06/08/2026 21:50:32   skip_unsafe property=frame
06/08/2026 21:50:32   skip_unsafe property=radius
06/08/2026 21:50:32   skip_unsafe property=face_enabled
06/08/2026 21:50:32   skip_unsafe property=frame_enabled
06/08/2026 21:50:32   skip_unsafe property=shadow_enabled
06/08/2026 21:50:32   skip_unsafe property=shadow_distance
06/08/2026 21:50:32   skip_unsafe property=shadow_offset_x
06/08/2026 21:50:32   skip_unsafe property=shadow_offset_y
06/08/2026 21:50:32   skip_unsafe property=shadow_alpha
06/08/2026 21:50:32   skip_unsafe property=shadow_color
06/08/2026 21:50:32   skip_unsafe property=shadow_curve
06/08/2026 21:50:32   skip_unsafe property=ink_enabled
06/08/2026 21:50:32   skip_unsafe property=ink
06/08/2026 21:50:32   skip_unsafe property=icon_ink_enabled
06/08/2026 21:50:32   skip_unsafe property=icon_ink
06/08/2026 21:50:32   common_bindings=1 group=Theme Overrides
06/08/2026 21:50:32   add_row property=theme_override editor=3 group=Theme Overrides
06/08/2026 21:50:32   added_row property=theme_override
06/08/2026 21:50:32 SetSelection count=2 id=7 id=8
06/08/2026 21:50:32   node id=7 type=UiButton
06/08/2026 21:50:32   node id=8 type=UiButton
06/08/2026 21:50:32   common property=role
06/08/2026 21:50:32   common property=h_sizing
06/08/2026 21:50:32   common property=v_sizing
06/08/2026 21:50:32   common property=cell_align_h
06/08/2026 21:50:32   common property=cell_align_v
06/08/2026 21:50:32   common property=fixed_width
06/08/2026 21:50:32   common property=fixed_height
06/08/2026 21:50:32   common property=min_width
06/08/2026 21:50:32   common property=min_height
06/08/2026 21:50:32   common property=max_width
06/08/2026 21:50:32   common property=max_height
06/08/2026 21:50:32   skip_unsafe property=text
06/08/2026 21:50:32   skip_unsafe property=icon
06/08/2026 21:50:32   skip_unsafe property=icon_size
06/08/2026 21:50:32   skip_unsafe property=icon_scale
06/08/2026 21:50:32   skip_unsafe property=icon_side
06/08/2026 21:50:32   skip_unsafe property=content_inset
06/08/2026 21:50:32   skip_unsafe property=content_gap
06/08/2026 21:50:32   skip_unsafe property=align_h
06/08/2026 21:50:32   skip_unsafe property=align_v
06/08/2026 21:50:32   skip_unsafe property=font
06/08/2026 21:50:32   skip_unsafe property=font_size
06/08/2026 21:50:32   common_bindings=11 group=
06/08/2026 21:50:32   add_row property=role editor=4 group=
06/08/2026 21:50:32   added_row property=role
06/08/2026 21:50:32   add_row property=h_sizing editor=4 group=
06/08/2026 21:50:32   added_row property=h_sizing
06/08/2026 21:50:32   add_row property=v_sizing editor=4 group=
06/08/2026 21:50:32   added_row property=v_sizing
06/08/2026 21:50:32   add_row property=cell_align_h editor=4 group=
06/08/2026 21:50:32   added_row property=cell_align_h
06/08/2026 21:50:32   add_row property=cell_align_v editor=4 group=
06/08/2026 21:50:32   added_row property=cell_align_v
06/08/2026 21:50:32   add_row property=fixed_width editor=7 group=
06/08/2026 21:50:32   added_row property=fixed_width
06/08/2026 21:50:32   add_row property=fixed_height editor=7 group=
06/08/2026 21:50:32   added_row property=fixed_height
06/08/2026 21:50:32   add_row property=min_width editor=7 group=
06/08/2026 21:50:32   added_row property=min_width
06/08/2026 21:50:32   add_row property=min_height editor=7 group=
06/08/2026 21:50:32   added_row property=min_height
06/08/2026 21:50:32   add_row property=max_width editor=7 group=
06/08/2026 21:50:32   added_row property=max_width
06/08/2026 21:50:32   add_row property=max_height editor=7 group=
06/08/2026 21:50:32   added_row property=max_height
06/08/2026 21:50:32 SetSelection count=2 id=7 id=8
06/08/2026 21:50:32   node id=7 type=UiButton
06/08/2026 21:50:32   node id=8 type=UiButton
06/08/2026 21:50:32   common property=theme_override
06/08/2026 21:50:32   skip_unsafe property=face
06/08/2026 21:50:32   skip_unsafe property=face_mode
06/08/2026 21:50:32   skip_unsafe property=face_quad
06/08/2026 21:50:32   skip_unsafe property=frame
06/08/2026 21:50:32   skip_unsafe property=radius
06/08/2026 21:50:32   skip_unsafe property=face_enabled
06/08/2026 21:50:32   skip_unsafe property=frame_enabled
06/08/2026 21:50:32   skip_unsafe property=shadow_enabled
06/08/2026 21:50:32   skip_unsafe property=shadow_distance
06/08/2026 21:50:32   skip_unsafe property=shadow_offset_x
06/08/2026 21:50:33   skip_unsafe property=shadow_offset_y
06/08/2026 21:50:33   skip_unsafe property=shadow_alpha
06/08/2026 21:50:33   skip_unsafe property=shadow_color
06/08/2026 21:50:33   skip_unsafe property=shadow_curve
06/08/2026 21:50:33   skip_unsafe property=ink_enabled
06/08/2026 21:50:33   skip_unsafe property=ink
06/08/2026 21:50:33   skip_unsafe property=icon_ink_enabled
06/08/2026 21:50:33   skip_unsafe property=icon_ink
06/08/2026 21:50:33   common_bindings=1 group=Theme Overrides
06/08/2026 21:50:33   add_row property=theme_override editor=3 group=Theme Overrides
06/08/2026 21:50:33   added_row property=theme_override
06/08/2026 21:50:33 SetSelection count=2 id=7 id=8
06/08/2026 21:50:33   node id=7 type=UiButton
06/08/2026 21:50:33   node id=8 type=UiButton
06/08/2026 21:50:33   common property=role
06/08/2026 21:50:33   common property=h_sizing
06/08/2026 21:50:33   common property=v_sizing
06/08/2026 21:50:33   common property=cell_align_h
06/08/2026 21:50:33   common property=cell_align_v
06/08/2026 21:50:33   common property=fixed_width
06/08/2026 21:50:33   common property=fixed_height
06/08/2026 21:50:33   common property=min_width
06/08/2026 21:50:33   common property=min_height
06/08/2026 21:50:33   common property=max_width
06/08/2026 21:50:33   common property=max_height
06/08/2026 21:50:33   skip_unsafe property=text
06/08/2026 21:50:33   skip_unsafe property=icon
06/08/2026 21:50:33   skip_unsafe property=icon_size
06/08/2026 21:50:33   skip_unsafe property=icon_scale
06/08/2026 21:50:33   skip_unsafe property=icon_side
06/08/2026 21:50:33   skip_unsafe property=content_inset
06/08/2026 21:50:33   skip_unsafe property=content_gap
06/08/2026 21:50:33   skip_unsafe property=align_h
06/08/2026 21:50:33   skip_unsafe property=align_v
06/08/2026 21:50:33   skip_unsafe property=font
06/08/2026 21:50:33   skip_unsafe property=font_size
06/08/2026 21:50:33   common_bindings=11 group=
06/08/2026 21:50:33   add_row property=role editor=4 group=
06/08/2026 21:50:33   added_row property=role
06/08/2026 21:50:33   add_row property=h_sizing editor=4 group=
06/08/2026 21:50:33   added_row property=h_sizing
06/08/2026 21:50:33   add_row property=v_sizing editor=4 group=
06/08/2026 21:50:33   added_row property=v_sizing
06/08/2026 21:50:33   add_row property=cell_align_h editor=4 group=
06/08/2026 21:50:33   added_row property=cell_align_h
06/08/2026 21:50:33   add_row property=cell_align_v editor=4 group=
06/08/2026 21:50:33   added_row property=cell_align_v
06/08/2026 21:50:33   add_row property=fixed_width editor=7 group=
06/08/2026 21:50:33   added_row property=fixed_width
06/08/2026 21:50:33   add_row property=fixed_height editor=7 group=
06/08/2026 21:50:33   added_row property=fixed_height
06/08/2026 21:50:33   add_row property=min_width editor=7 group=
06/08/2026 21:50:33   added_row property=min_width
06/08/2026 21:50:33   add_row property=min_height editor=7 group=
06/08/2026 21:50:33   added_row property=min_height
06/08/2026 21:50:33   add_row property=max_width editor=7 group=
06/08/2026 21:50:33   added_row property=max_width
06/08/2026 21:50:33   add_row property=max_height editor=7 group=
06/08/2026 21:50:33   added_row property=max_height
06/08/2026 21:50:33 SetSelection count=2 id=7 id=8
06/08/2026 21:50:33   node id=7 type=UiButton
06/08/2026 21:50:33   node id=8 type=UiButton
06/08/2026 21:50:33   common property=theme_override
06/08/2026 21:50:33   skip_unsafe property=face
06/08/2026 21:50:33   skip_unsafe property=face_mode
06/08/2026 21:50:33   skip_unsafe property=face_quad
06/08/2026 21:50:33   skip_unsafe property=frame
06/08/2026 21:50:33   skip_unsafe property=radius
06/08/2026 21:50:33   skip_unsafe property=face_enabled
06/08/2026 21:50:33   skip_unsafe property=frame_enabled
06/08/2026 21:50:33   skip_unsafe property=shadow_enabled
06/08/2026 21:50:33   skip_unsafe property=shadow_distance
06/08/2026 21:50:33   skip_unsafe property=shadow_offset_x
06/08/2026 21:50:33   skip_unsafe property=shadow_offset_y
06/08/2026 21:50:33   skip_unsafe property=shadow_alpha
06/08/2026 21:50:33   skip_unsafe property=shadow_color
06/08/2026 21:50:33   skip_unsafe property=shadow_curve
06/08/2026 21:50:33   skip_unsafe property=ink_enabled
06/08/2026 21:50:33   skip_unsafe property=ink
06/08/2026 21:50:33   skip_unsafe property=icon_ink_enabled
06/08/2026 21:50:33   skip_unsafe property=icon_ink
06/08/2026 21:50:33   common_bindings=1 group=Theme Overrides
06/08/2026 21:50:33   add_row property=theme_override editor=3 group=Theme Overrides
06/08/2026 21:50:33   added_row property=theme_override
06/08/2026 21:50:33 SetSelection count=2 id=7 id=8
06/08/2026 21:50:34   node id=7 type=UiButton
06/08/2026 21:50:34   node id=8 type=UiButton
06/08/2026 21:50:34   common property=role
06/08/2026 21:50:34   common property=h_sizing
06/08/2026 21:50:34   common property=v_sizing
06/08/2026 21:50:34   common property=cell_align_h
06/08/2026 21:50:34   common property=cell_align_v
06/08/2026 21:50:34   common property=fixed_width
06/08/2026 21:50:34   common property=fixed_height
06/08/2026 21:50:34   common property=min_width
06/08/2026 21:50:34   common property=min_height
06/08/2026 21:50:34   common property=max_width
06/08/2026 21:50:34   common property=max_height
06/08/2026 21:50:34   skip_unsafe property=text
06/08/2026 21:50:34   skip_unsafe property=icon
06/08/2026 21:50:34   skip_unsafe property=icon_size
06/08/2026 21:50:34   skip_unsafe property=icon_scale
06/08/2026 21:50:34   skip_unsafe property=icon_side
06/08/2026 21:50:34   skip_unsafe property=content_inset
06/08/2026 21:50:34   skip_unsafe property=content_gap
06/08/2026 21:50:34   skip_unsafe property=align_h
06/08/2026 21:50:34   skip_unsafe property=align_v
06/08/2026 21:50:34   skip_unsafe property=font
06/08/2026 21:50:34   skip_unsafe property=font_size
06/08/2026 21:50:34   common_bindings=11 group=
06/08/2026 21:50:34   add_row property=role editor=4 group=
06/08/2026 21:50:34   added_row property=role
06/08/2026 21:50:34   add_row property=h_sizing editor=4 group=
06/08/2026 21:50:34   added_row property=h_sizing
06/08/2026 21:50:34   add_row property=v_sizing editor=4 group=
06/08/2026 21:50:34   added_row property=v_sizing
06/08/2026 21:50:34   add_row property=cell_align_h editor=4 group=
06/08/2026 21:50:34   added_row property=cell_align_h
06/08/2026 21:50:34   add_row property=cell_align_v editor=4 group=
06/08/2026 21:50:34   added_row property=cell_align_v
06/08/2026 21:50:34   add_row property=fixed_width editor=7 group=
06/08/2026 21:50:34   added_row property=fixed_width
06/08/2026 21:50:34   add_row property=fixed_height editor=7 group=
06/08/2026 21:50:34   added_row property=fixed_height
06/08/2026 21:50:34   add_row property=min_width editor=7 group=
06/08/2026 21:50:34   added_row property=min_width
06/08/2026 21:50:34   add_row property=min_height editor=7 group=
06/08/2026 21:50:34   added_row property=min_height
06/08/2026 21:50:34   add_row property=max_width editor=7 group=
06/08/2026 21:50:34   added_row property=max_width
06/08/2026 21:50:34   add_row property=max_height editor=7 group=
06/08/2026 21:50:34   added_row property=max_height
06/08/2026 21:50:34 SetSelection count=2 id=7 id=8
06/08/2026 21:50:34   node id=7 type=UiButton
06/08/2026 21:50:34   node id=8 type=UiButton
06/08/2026 21:50:34   common property=theme_override
06/08/2026 21:50:34   skip_unsafe property=face
06/08/2026 21:50:34   skip_unsafe property=face_mode
06/08/2026 21:50:34   skip_unsafe property=face_quad
06/08/2026 21:50:34   skip_unsafe property=frame
06/08/2026 21:50:34   skip_unsafe property=radius
06/08/2026 21:50:34   skip_unsafe property=face_enabled
06/08/2026 21:50:34   skip_unsafe property=frame_enabled
06/08/2026 21:50:34   skip_unsafe property=shadow_enabled
06/08/2026 21:50:34   skip_unsafe property=shadow_distance
06/08/2026 21:50:34   skip_unsafe property=shadow_offset_x
06/08/2026 21:50:34   skip_unsafe property=shadow_offset_y
06/08/2026 21:50:34   skip_unsafe property=shadow_alpha
06/08/2026 21:50:34   skip_unsafe property=shadow_color
06/08/2026 21:50:34   skip_unsafe property=shadow_curve
06/08/2026 21:50:34   skip_unsafe property=ink_enabled
06/08/2026 21:50:34   skip_unsafe property=ink
06/08/2026 21:50:34   skip_unsafe property=icon_ink_enabled
06/08/2026 21:50:34   skip_unsafe property=icon_ink
06/08/2026 21:50:34   common_bindings=1 group=Theme Overrides
06/08/2026 21:50:34   add_row property=theme_override editor=3 group=Theme Overrides
06/08/2026 21:50:34   added_row property=theme_override
06/08/2026 21:50:34 SetSelection count=2 id=7 id=8
06/08/2026 21:50:34   node id=7 type=UiButton
06/08/2026 21:50:34   node id=8 type=UiButton
06/08/2026 21:50:35   common property=role
06/08/2026 21:50:35   common property=h_sizing
06/08/2026 21:50:35   common property=v_sizing
06/08/2026 21:50:35   common property=cell_align_h
06/08/2026 21:50:35   common property=cell_align_v
06/08/2026 21:50:35   common property=fixed_width
06/08/2026 21:50:35   common property=fixed_height
06/08/2026 21:50:35   common property=min_width
06/08/2026 21:50:35   common property=min_height
06/08/2026 21:50:35   common property=max_width
06/08/2026 21:50:35   common property=max_height
06/08/2026 21:50:35   skip_unsafe property=text
06/08/2026 21:50:35   skip_unsafe property=icon
06/08/2026 21:50:35   skip_unsafe property=icon_size
06/08/2026 21:50:35   skip_unsafe property=icon_scale
06/08/2026 21:50:35   skip_unsafe property=icon_side
06/08/2026 21:50:35   skip_unsafe property=content_inset
06/08/2026 21:50:35   skip_unsafe property=content_gap
06/08/2026 21:50:35   skip_unsafe property=align_h
06/08/2026 21:50:35   skip_unsafe property=align_v
06/08/2026 21:50:35   skip_unsafe property=font
06/08/2026 21:50:35   skip_unsafe property=font_size
06/08/2026 21:50:35   common_bindings=11 group=
06/08/2026 21:50:35   add_row property=role editor=4 group=
06/08/2026 21:50:35   added_row property=role
06/08/2026 21:50:35   add_row property=h_sizing editor=4 group=
06/08/2026 21:50:35   added_row property=h_sizing
06/08/2026 21:50:35   add_row property=v_sizing editor=4 group=
06/08/2026 21:50:35   added_row property=v_sizing
06/08/2026 21:50:35   add_row property=cell_align_h editor=4 group=
06/08/2026 21:50:35   added_row property=cell_align_h
06/08/2026 21:50:35   add_row property=cell_align_v editor=4 group=
06/08/2026 21:50:35   added_row property=cell_align_v
06/08/2026 21:50:35   add_row property=fixed_width editor=7 group=
06/08/2026 21:50:35   added_row property=fixed_width
06/08/2026 21:50:35   add_row property=fixed_height editor=7 group=
06/08/2026 21:50:35   added_row property=fixed_height
06/08/2026 21:50:35   add_row property=min_width editor=7 group=
06/08/2026 21:50:35   added_row property=min_width
06/08/2026 21:50:35   add_row property=min_height editor=7 group=
06/08/2026 21:50:35   added_row property=min_height
06/08/2026 21:50:35   add_row property=max_width editor=7 group=
06/08/2026 21:50:35   added_row property=max_width
06/08/2026 21:50:35   add_row property=max_height editor=7 group=
06/08/2026 21:50:35   added_row property=max_height
06/08/2026 21:50:35 SetSelection count=2 id=7 id=8
06/08/2026 21:50:35   node id=7 type=UiButton
06/08/2026 21:50:35   node id=8 type=UiButton
06/08/2026 21:50:35   common property=theme_override
06/08/2026 21:50:35   skip_unsafe property=face
06/08/2026 21:50:35   skip_unsafe property=face_mode
06/08/2026 21:50:35   skip_unsafe property=face_quad
06/08/2026 21:50:35   skip_unsafe property=frame
06/08/2026 21:50:35   skip_unsafe property=radius
06/08/2026 21:50:35   skip_unsafe property=face_enabled
06/08/2026 21:50:35   skip_unsafe property=frame_enabled
06/08/2026 21:50:35   skip_unsafe property=shadow_enabled
06/08/2026 21:50:35   skip_unsafe property=shadow_distance
06/08/2026 21:50:35   skip_unsafe property=shadow_offset_x
06/08/2026 21:50:35   skip_unsafe property=shadow_offset_y
06/08/2026 21:50:35   skip_unsafe property=shadow_alpha
06/08/2026 21:50:35   skip_unsafe property=shadow_color
06/08/2026 21:50:35   skip_unsafe property=shadow_curve
06/08/2026 21:50:35   skip_unsafe property=ink_enabled
06/08/2026 21:50:35   skip_unsafe property=ink
06/08/2026 21:50:35   skip_unsafe property=icon_ink_enabled
06/08/2026 21:50:35   skip_unsafe property=icon_ink
06/08/2026 21:50:35   common_bindings=1 group=Theme Overrides
06/08/2026 21:50:35   add_row property=theme_override editor=3 group=Theme Overrides
06/08/2026 21:50:35   added_row property=theme_override
06/08/2026 21:50:35 SetSelection count=2 id=7 id=8
06/08/2026 21:50:35   node id=7 type=UiButton
06/08/2026 21:50:35   node id=8 type=UiButton
06/08/2026 21:50:35   common property=role
06/08/2026 21:50:35   common property=h_sizing
06/08/2026 21:50:35   common property=v_sizing
06/08/2026 21:50:35   common property=cell_align_h
06/08/2026 21:50:35   common property=cell_align_v
06/08/2026 21:50:35   common property=fixed_width
06/08/2026 21:50:35   common property=fixed_height
06/08/2026 21:50:35   common property=min_width
06/08/2026 21:50:35   common property=min_height
06/08/2026 21:50:35   common property=max_width
06/08/2026 21:50:35   common property=max_height
06/08/2026 21:50:35   skip_unsafe property=text
06/08/2026 21:50:35   skip_unsafe property=icon
06/08/2026 21:50:35   skip_unsafe property=icon_size
06/08/2026 21:50:35   skip_unsafe property=icon_scale
06/08/2026 21:50:35   skip_unsafe property=icon_side
06/08/2026 21:50:35   skip_unsafe property=content_inset
06/08/2026 21:50:35   skip_unsafe property=content_gap
06/08/2026 21:50:35   skip_unsafe property=align_h
06/08/2026 21:50:35   skip_unsafe property=align_v
06/08/2026 21:50:35   skip_unsafe property=font
06/08/2026 21:50:35   skip_unsafe property=font_size
06/08/2026 21:50:35   common_bindings=11 group=
06/08/2026 21:50:35   add_row property=role editor=4 group=
06/08/2026 21:50:35   added_row property=role
06/08/2026 21:50:35   add_row property=h_sizing editor=4 group=
06/08/2026 21:50:35   added_row property=h_sizing
06/08/2026 21:50:35   add_row property=v_sizing editor=4 group=
06/08/2026 21:50:35   added_row property=v_sizing
06/08/2026 21:50:35   add_row property=cell_align_h editor=4 group=
06/08/2026 21:50:35   added_row property=cell_align_h
06/08/2026 21:50:35   add_row property=cell_align_v editor=4 group=
06/08/2026 21:50:35   added_row property=cell_align_v
06/08/2026 21:50:35   add_row property=fixed_width editor=7 group=
06/08/2026 21:50:35   added_row property=fixed_width
06/08/2026 21:50:36   add_row property=fixed_height editor=7 group=
06/08/2026 21:50:36   added_row property=fixed_height
06/08/2026 21:50:36   add_row property=min_width editor=7 group=
06/08/2026 21:50:36   added_row property=min_width
06/08/2026 21:50:36   add_row property=min_height editor=7 group=
06/08/2026 21:50:36   added_row property=min_height
06/08/2026 21:50:36   add_row property=max_width editor=7 group=
06/08/2026 21:50:36   added_row property=max_width
06/08/2026 21:50:36   add_row property=max_height editor=7 group=
06/08/2026 21:50:36   added_row property=max_height
06/08/2026 21:50:36 SetSelection count=2 id=7 id=8
06/08/2026 21:50:36   node id=7 type=UiButton
06/08/2026 21:50:36   node id=8 type=UiButton
06/08/2026 21:50:36   common property=theme_override
06/08/2026 21:50:36   skip_unsafe property=face
06/08/2026 21:50:36   skip_unsafe property=face_mode
06/08/2026 21:50:36   skip_unsafe property=face_quad
06/08/2026 21:50:36   skip_unsafe property=frame
06/08/2026 21:50:36   skip_unsafe property=radius
06/08/2026 21:50:36   skip_unsafe property=face_enabled
06/08/2026 21:50:36   skip_unsafe property=frame_enabled
06/08/2026 21:50:36   skip_unsafe property=shadow_enabled
06/08/2026 21:50:36   skip_unsafe property=shadow_distance
06/08/2026 21:50:36   skip_unsafe property=shadow_offset_x
06/08/2026 21:50:36   skip_unsafe property=shadow_offset_y
06/08/2026 21:50:36   skip_unsafe property=shadow_alpha
06/08/2026 21:50:36   skip_unsafe property=shadow_color
06/08/2026 21:50:36   skip_unsafe property=shadow_curve
06/08/2026 21:50:36   skip_unsafe property=ink_enabled
06/08/2026 21:50:36   skip_unsafe property=ink
06/08/2026 21:50:36   skip_unsafe property=icon_ink_enabled
06/08/2026 21:50:36   skip_unsafe property=icon_ink
06/08/2026 21:50:36   common_bindings=1 group=Theme Overrides
06/08/2026 21:50:36   add_row property=theme_override editor=3 group=Theme Overrides
06/08/2026 21:50:36   added_row property=theme_override
06/08/2026 21:50:36 SetSelection count=2 id=7 id=8
06/08/2026 21:50:36   node id=7 type=UiButton
06/08/2026 21:50:36   node id=8 type=UiButton
06/08/2026 21:50:36   common property=role
06/08/2026 21:50:36   common property=h_sizing
06/08/2026 21:50:36   common property=v_sizing
06/08/2026 21:50:36   common property=cell_align_h
06/08/2026 21:50:36   common property=cell_align_v
06/08/2026 21:50:36   common property=fixed_width
06/08/2026 21:50:36   common property=fixed_height
06/08/2026 21:50:36   common property=min_width
06/08/2026 21:50:36   common property=min_height
06/08/2026 21:50:36   common property=max_width
06/08/2026 21:50:36   common property=max_height
06/08/2026 21:50:36   skip_unsafe property=text
06/08/2026 21:50:36   skip_unsafe property=icon
06/08/2026 21:50:36   skip_unsafe property=icon_size
06/08/2026 21:50:36   skip_unsafe property=icon_scale
06/08/2026 21:50:36   skip_unsafe property=icon_side
06/08/2026 21:50:36   skip_unsafe property=content_inset
06/08/2026 21:50:36   skip_unsafe property=content_gap
06/08/2026 21:50:36   skip_unsafe property=align_h
06/08/2026 21:50:36   skip_unsafe property=align_v
06/08/2026 21:50:36   skip_unsafe property=font
06/08/2026 21:50:36   skip_unsafe property=font_size
06/08/2026 21:50:36   common_bindings=11 group=
06/08/2026 21:50:36   add_row property=role editor=4 group=
06/08/2026 21:50:36   added_row property=role
06/08/2026 21:50:36   add_row property=h_sizing editor=4 group=
06/08/2026 21:50:36   added_row property=h_sizing
06/08/2026 21:50:36   add_row property=v_sizing editor=4 group=
06/08/2026 21:50:36   added_row property=v_sizing
06/08/2026 21:50:36   add_row property=cell_align_h editor=4 group=
06/08/2026 21:50:36   added_row property=cell_align_h
06/08/2026 21:50:36   add_row property=cell_align_v editor=4 group=
06/08/2026 21:50:36   added_row property=cell_align_v
06/08/2026 21:50:36   add_row property=fixed_width editor=7 group=
06/08/2026 21:50:36   added_row property=fixed_width
06/08/2026 21:50:36   add_row property=fixed_height editor=7 group=
06/08/2026 21:50:36   added_row property=fixed_height
06/08/2026 21:50:36   add_row property=min_width editor=7 group=
06/08/2026 21:50:36   added_row property=min_width
06/08/2026 21:50:36   add_row property=min_height editor=7 group=
06/08/2026 21:50:36   added_row property=min_height
06/08/2026 21:50:36   add_row property=max_width editor=7 group=
06/08/2026 21:50:36   added_row property=max_width
06/08/2026 21:50:36   add_row property=max_height editor=7 group=
06/08/2026 21:50:36   added_row property=max_height
06/08/2026 21:50:36 SetSelection count=2 id=7 id=8
06/08/2026 21:50:36   node id=7 type=UiButton
06/08/2026 21:50:36   node id=8 type=UiButton
06/08/2026 21:50:36   common property=theme_override
06/08/2026 21:50:36   skip_unsafe property=face
06/08/2026 21:50:36   skip_unsafe property=face_mode
06/08/2026 21:50:36   skip_unsafe property=face_quad
06/08/2026 21:50:36   skip_unsafe property=frame
06/08/2026 21:50:36   skip_unsafe property=radius
06/08/2026 21:50:36   skip_unsafe property=face_enabled
06/08/2026 21:50:36   skip_unsafe property=frame_enabled
06/08/2026 21:50:36   skip_unsafe property=shadow_enabled
06/08/2026 21:50:36   skip_unsafe property=shadow_distance
06/08/2026 21:50:36   skip_unsafe property=shadow_offset_x
06/08/2026 21:50:36   skip_unsafe property=shadow_offset_y
06/08/2026 21:50:36   skip_unsafe property=shadow_alpha
06/08/2026 21:50:36   skip_unsafe property=shadow_color
06/08/2026 21:50:36   skip_unsafe property=shadow_curve
06/08/2026 21:50:36   skip_unsafe property=ink_enabled
06/08/2026 21:50:36   skip_unsafe property=ink
06/08/2026 21:50:36   skip_unsafe property=icon_ink_enabled
06/08/2026 21:50:36   skip_unsafe property=icon_ink
06/08/2026 21:50:36   common_bindings=1 group=Theme Overrides
06/08/2026 21:50:36   add_row property=theme_override editor=3 group=Theme Overrides
06/08/2026 21:50:36   added_row property=theme_override
06/08/2026 21:50:37 SetSelection count=2 id=7 id=8
06/08/2026 21:50:37   node id=7 type=UiButton
06/08/2026 21:50:37   node id=8 type=UiButton
06/08/2026 21:50:37   common property=role
06/08/2026 21:50:37   common property=h_sizing
06/08/2026 21:50:37   common property=v_sizing
06/08/2026 21:50:37   common property=cell_align_h
06/08/2026 21:50:37   common property=cell_align_v
06/08/2026 21:50:37   common property=fixed_width
06/08/2026 21:50:37   common property=fixed_height
06/08/2026 21:50:37   common property=min_width
06/08/2026 21:50:37   common property=min_height
06/08/2026 21:50:37   common property=max_width
06/08/2026 21:50:37   common property=max_height
06/08/2026 21:50:37   skip_unsafe property=text
06/08/2026 21:50:37   skip_unsafe property=icon
06/08/2026 21:50:37   skip_unsafe property=icon_size
06/08/2026 21:50:37   skip_unsafe property=icon_scale
06/08/2026 21:50:37   skip_unsafe property=icon_side
06/08/2026 21:50:37   skip_unsafe property=content_inset
06/08/2026 21:50:37   skip_unsafe property=content_gap
06/08/2026 21:50:37   skip_unsafe property=align_h
06/08/2026 21:50:37   skip_unsafe property=align_v
06/08/2026 21:50:37   skip_unsafe property=font
06/08/2026 21:50:37   skip_unsafe property=font_size
06/08/2026 21:50:37   common_bindings=11 group=
06/08/2026 21:50:37   add_row property=role editor=4 group=
06/08/2026 21:50:37   added_row property=role
06/08/2026 21:50:37   add_row property=h_sizing editor=4 group=
06/08/2026 21:50:37   added_row property=h_sizing
06/08/2026 21:50:37   add_row property=v_sizing editor=4 group=
06/08/2026 21:50:37   added_row property=v_sizing
06/08/2026 21:50:37   add_row property=cell_align_h editor=4 group=
06/08/2026 21:50:37   added_row property=cell_align_h
06/08/2026 21:50:37   add_row property=cell_align_v editor=4 group=
06/08/2026 21:50:37   added_row property=cell_align_v
06/08/2026 21:50:37   add_row property=fixed_width editor=7 group=
06/08/2026 21:50:37   added_row property=fixed_width
06/08/2026 21:50:37   add_row property=fixed_height editor=7 group=
06/08/2026 21:50:37   added_row property=fixed_height
06/08/2026 21:50:37   add_row property=min_width editor=7 group=
06/08/2026 21:50:37   added_row property=min_width
06/08/2026 21:50:37   add_row property=min_height editor=7 group=
06/08/2026 21:50:37   added_row property=min_height
06/08/2026 21:50:37   add_row property=max_width editor=7 group=
06/08/2026 21:50:37   added_row property=max_width
06/08/2026 21:50:37   add_row property=max_height editor=7 group=
06/08/2026 21:50:37   added_row property=max_height
06/08/2026 21:50:37 SetSelection count=2 id=7 id=8
06/08/2026 21:50:37   node id=7 type=UiButton
06/08/2026 21:50:37   node id=8 type=UiButton
06/08/2026 21:50:37   common property=theme_override
06/08/2026 21:50:37   skip_unsafe property=face
06/08/2026 21:50:37   skip_unsafe property=face_mode
06/08/2026 21:50:37   skip_unsafe property=face_quad
06/08/2026 21:50:37   skip_unsafe property=frame
06/08/2026 21:50:37   skip_unsafe property=radius
06/08/2026 21:50:37   skip_unsafe property=face_enabled
06/08/2026 21:50:37   skip_unsafe property=frame_enabled
06/08/2026 21:50:37   skip_unsafe property=shadow_enabled
06/08/2026 21:50:37   skip_unsafe property=shadow_distance
06/08/2026 21:50:37   skip_unsafe property=shadow_offset_x
06/08/2026 21:50:37   skip_unsafe property=shadow_offset_y
06/08/2026 21:50:37   skip_unsafe property=shadow_alpha
06/08/2026 21:50:37   skip_unsafe property=shadow_color
06/08/2026 21:50:37   skip_unsafe property=shadow_curve
06/08/2026 21:50:37   skip_unsafe property=ink_enabled
06/08/2026 21:50:37   skip_unsafe property=ink
06/08/2026 21:50:37   skip_unsafe property=icon_ink_enabled
06/08/2026 21:50:37   skip_unsafe property=icon_ink
06/08/2026 21:50:37   common_bindings=1 group=Theme Overrides
06/08/2026 21:50:37   add_row property=theme_override editor=3 group=Theme Overrides
06/08/2026 21:50:37   added_row property=theme_override
06/08/2026 21:50:37 SetSelection count=2 id=7 id=8
06/08/2026 21:50:37   node id=7 type=UiButton
06/08/2026 21:50:37   node id=8 type=UiButton
06/08/2026 21:50:37   common property=role
06/08/2026 21:50:37   common property=h_sizing
06/08/2026 21:50:37   common property=v_sizing
06/08/2026 21:50:37   common property=cell_align_h
06/08/2026 21:50:37   common property=cell_align_v
06/08/2026 21:50:37   common property=fixed_width
06/08/2026 21:50:37   common property=fixed_height
06/08/2026 21:50:37   common property=min_width
06/08/2026 21:50:37   common property=min_height
06/08/2026 21:50:37   common property=max_width
06/08/2026 21:50:37   common property=max_height
06/08/2026 21:50:37   skip_unsafe property=text
06/08/2026 21:50:37   skip_unsafe property=icon
06/08/2026 21:50:37   skip_unsafe property=icon_size
06/08/2026 21:50:37   skip_unsafe property=icon_scale
06/08/2026 21:50:37   skip_unsafe property=icon_side
06/08/2026 21:50:37   skip_unsafe property=content_inset
06/08/2026 21:50:37   skip_unsafe property=content_gap
06/08/2026 21:50:37   skip_unsafe property=align_h
06/08/2026 21:50:37   skip_unsafe property=align_v
06/08/2026 21:50:37   skip_unsafe property=font
06/08/2026 21:50:37   skip_unsafe property=font_size
06/08/2026 21:50:37   common_bindings=11 group=
06/08/2026 21:50:37   add_row property=role editor=4 group=
06/08/2026 21:50:37   added_row property=role
06/08/2026 21:50:37   add_row property=h_sizing editor=4 group=
06/08/2026 21:50:37   added_row property=h_sizing
06/08/2026 21:50:37   add_row property=v_sizing editor=4 group=
06/08/2026 21:50:37   added_row property=v_sizing
06/08/2026 21:50:37   add_row property=cell_align_h editor=4 group=
06/08/2026 21:50:37   added_row property=cell_align_h
06/08/2026 21:50:38   add_row property=cell_align_v editor=4 group=
06/08/2026 21:50:38   added_row property=cell_align_v
06/08/2026 21:50:38   add_row property=fixed_width editor=7 group=
06/08/2026 21:50:38   added_row property=fixed_width
06/08/2026 21:50:38   add_row property=fixed_height editor=7 group=
06/08/2026 21:50:38   added_row property=fixed_height
06/08/2026 21:50:38   add_row property=min_width editor=7 group=
06/08/2026 21:50:38   added_row property=min_width
06/08/2026 21:50:38   add_row property=min_height editor=7 group=
06/08/2026 21:50:38   added_row property=min_height
06/08/2026 21:50:38   add_row property=max_width editor=7 group=
06/08/2026 21:50:38   added_row property=max_width
06/08/2026 21:50:38   add_row property=max_height editor=7 group=
06/08/2026 21:50:38   added_row property=max_height
06/08/2026 21:50:38 SetSelection count=2 id=7 id=8
06/08/2026 21:50:38   node id=7 type=UiButton
06/08/2026 21:50:38   node id=8 type=UiButton
06/08/2026 21:50:38   common property=theme_override
06/08/2026 21:50:38   skip_unsafe property=face
06/08/2026 21:50:38   skip_unsafe property=face_mode
06/08/2026 21:50:38   skip_unsafe property=face_quad
06/08/2026 21:50:38   skip_unsafe property=frame
06/08/2026 21:50:38   skip_unsafe property=radius
06/08/2026 21:50:38   skip_unsafe property=face_enabled
06/08/2026 21:50:38   skip_unsafe property=frame_enabled
06/08/2026 21:50:38   skip_unsafe property=shadow_enabled
06/08/2026 21:50:38   skip_unsafe property=shadow_distance
06/08/2026 21:50:38   skip_unsafe property=shadow_offset_x
06/08/2026 21:50:38   skip_unsafe property=shadow_offset_y
06/08/2026 21:50:38   skip_unsafe property=shadow_alpha
06/08/2026 21:50:38   skip_unsafe property=shadow_color
06/08/2026 21:50:38   skip_unsafe property=shadow_curve
06/08/2026 21:50:38   skip_unsafe property=ink_enabled
06/08/2026 21:50:38   skip_unsafe property=ink
06/08/2026 21:50:38   skip_unsafe property=icon_ink_enabled
06/08/2026 21:50:38   skip_unsafe property=icon_ink
06/08/2026 21:50:38   common_bindings=1 group=Theme Overrides
06/08/2026 21:50:38   add_row property=theme_override editor=3 group=Theme Overrides
06/08/2026 21:50:38   added_row property=theme_override
06/08/2026 21:50:38 SetSelection count=2 id=7 id=8
06/08/2026 21:50:38   node id=7 type=UiButton
06/08/2026 21:50:38   node id=8 type=UiButton
06/08/2026 21:50:38   common property=role
06/08/2026 21:50:38   common property=h_sizing
06/08/2026 21:50:38   common property=v_sizing
06/08/2026 21:50:38   common property=cell_align_h
06/08/2026 21:50:38   common property=cell_align_v
06/08/2026 21:50:38   common property=fixed_width
06/08/2026 21:50:38   common property=fixed_height
06/08/2026 21:50:38   common property=min_width
06/08/2026 21:50:38   common property=min_height
06/08/2026 21:50:38   common property=max_width
06/08/2026 21:50:38   common property=max_height
06/08/2026 21:50:38   skip_unsafe property=text
06/08/2026 21:50:38   skip_unsafe property=icon
06/08/2026 21:50:38   skip_unsafe property=icon_size
06/08/2026 21:50:38   skip_unsafe property=icon_scale
06/08/2026 21:50:38   skip_unsafe property=icon_side
06/08/2026 21:50:38   skip_unsafe property=content_inset
06/08/2026 21:50:38   skip_unsafe property=content_gap
06/08/2026 21:50:38   skip_unsafe property=align_h
06/08/2026 21:50:38   skip_unsafe property=align_v
06/08/2026 21:50:38   skip_unsafe property=font
06/08/2026 21:50:38   skip_unsafe property=font_size
06/08/2026 21:50:38   common_bindings=11 group=
06/08/2026 21:50:38   add_row property=role editor=4 group=
06/08/2026 21:50:38   added_row property=role
06/08/2026 21:50:38   add_row property=h_sizing editor=4 group=
06/08/2026 21:50:38   added_row property=h_sizing
06/08/2026 21:50:38   add_row property=v_sizing editor=4 group=
06/08/2026 21:50:38   added_row property=v_sizing
06/08/2026 21:50:38   add_row property=cell_align_h editor=4 group=
06/08/2026 21:50:38   added_row property=cell_align_h
06/08/2026 21:50:38   add_row property=cell_align_v editor=4 group=
06/08/2026 21:50:38   added_row property=cell_align_v
06/08/2026 21:50:38   add_row property=fixed_width editor=7 group=
06/08/2026 21:50:38   added_row property=fixed_width
06/08/2026 21:50:38   add_row property=fixed_height editor=7 group=
06/08/2026 21:50:38   added_row property=fixed_height
06/08/2026 21:50:38   add_row property=min_width editor=7 group=
06/08/2026 21:50:38   added_row property=min_width
06/08/2026 21:50:38   add_row property=min_height editor=7 group=
06/08/2026 21:50:38   added_row property=min_height
06/08/2026 21:50:38   add_row property=max_width editor=7 group=
06/08/2026 21:50:38   added_row property=max_width
06/08/2026 21:50:38   add_row property=max_height editor=7 group=
06/08/2026 21:50:38   added_row property=max_height
06/08/2026 21:50:38 SetSelection count=2 id=7 id=8
06/08/2026 21:50:38   node id=7 type=UiButton
06/08/2026 21:50:38   node id=8 type=UiButton
06/08/2026 21:50:38   common property=theme_override
06/08/2026 21:50:38   skip_unsafe property=face
06/08/2026 21:50:38   skip_unsafe property=face_mode
06/08/2026 21:50:38   skip_unsafe property=face_quad
06/08/2026 21:50:38   skip_unsafe property=frame
06/08/2026 21:50:38   skip_unsafe property=radius
06/08/2026 21:50:39   skip_unsafe property=face_enabled
06/08/2026 21:50:39   skip_unsafe property=frame_enabled
06/08/2026 21:50:39   skip_unsafe property=shadow_enabled
06/08/2026 21:50:39   skip_unsafe property=shadow_distance
06/08/2026 21:50:39   skip_unsafe property=shadow_offset_x
06/08/2026 21:50:39   skip_unsafe property=shadow_offset_y
06/08/2026 21:50:39   skip_unsafe property=shadow_alpha
06/08/2026 21:50:39   skip_unsafe property=shadow_color
06/08/2026 21:50:39   skip_unsafe property=shadow_curve
06/08/2026 21:50:39   skip_unsafe property=ink_enabled
06/08/2026 21:50:39   skip_unsafe property=ink
06/08/2026 21:50:39   skip_unsafe property=icon_ink_enabled
06/08/2026 21:50:39   skip_unsafe property=icon_ink
06/08/2026 21:50:39   common_bindings=1 group=Theme Overrides
06/08/2026 21:50:39   add_row property=theme_override editor=3 group=Theme Overrides
06/08/2026 21:50:39   added_row property=theme_override
06/08/2026 21:50:39 SetSelection count=2 id=7 id=8
06/08/2026 21:50:39   node id=7 type=UiButton
06/08/2026 21:50:39   node id=8 type=UiButton
06/08/2026 21:50:39   common property=role
06/08/2026 21:50:39   common property=h_sizing
06/08/2026 21:50:39   common property=v_sizing
06/08/2026 21:50:39   common property=cell_align_h
06/08/2026 21:50:39   common property=cell_align_v
06/08/2026 21:50:39   common property=fixed_width
06/08/2026 21:50:39   common property=fixed_height
06/08/2026 21:50:39   common property=min_width
06/08/2026 21:50:39   common property=min_height
06/08/2026 21:50:39   common property=max_width
06/08/2026 21:50:39   common property=max_height
06/08/2026 21:50:39   skip_unsafe property=text
06/08/2026 21:50:39   skip_unsafe property=icon
06/08/2026 21:50:39   skip_unsafe property=icon_size
06/08/2026 21:50:39   skip_unsafe property=icon_scale
06/08/2026 21:50:39   skip_unsafe property=icon_side
06/08/2026 21:50:39   skip_unsafe property=content_inset
06/08/2026 21:50:39   skip_unsafe property=content_gap
06/08/2026 21:50:39   skip_unsafe property=align_h
06/08/2026 21:50:39   skip_unsafe property=align_v
06/08/2026 21:50:39   skip_unsafe property=font
06/08/2026 21:50:39   skip_unsafe property=font_size
06/08/2026 21:50:39   common_bindings=11 group=
06/08/2026 21:50:39   add_row property=role editor=4 group=
06/08/2026 21:50:39   added_row property=role
06/08/2026 21:50:39   add_row property=h_sizing editor=4 group=
06/08/2026 21:50:39   added_row property=h_sizing
06/08/2026 21:50:39   add_row property=v_sizing editor=4 group=
06/08/2026 21:50:39   added_row property=v_sizing
06/08/2026 21:50:39   add_row property=cell_align_h editor=4 group=
06/08/2026 21:50:39   added_row property=cell_align_h
06/08/2026 21:50:39   add_row property=cell_align_v editor=4 group=
06/08/2026 21:50:39   added_row property=cell_align_v
06/08/2026 21:50:39   add_row property=fixed_width editor=7 group=
06/08/2026 21:50:39   added_row property=fixed_width
06/08/2026 21:50:39   add_row property=fixed_height editor=7 group=
06/08/2026 21:50:39   added_row property=fixed_height
06/08/2026 21:50:39   add_row property=min_width editor=7 group=
06/08/2026 21:50:39   added_row property=min_width
06/08/2026 21:50:39   add_row property=min_height editor=7 group=
06/08/2026 21:50:39   added_row property=min_height
06/08/2026 21:50:39   add_row property=max_width editor=7 group=
06/08/2026 21:50:39   added_row property=max_width
06/08/2026 21:50:39   add_row property=max_height editor=7 group=
06/08/2026 21:50:39   added_row property=max_height
06/08/2026 21:50:39 SetSelection count=2 id=7 id=8
06/08/2026 21:50:39   node id=7 type=UiButton
06/08/2026 21:50:39   node id=8 type=UiButton
06/08/2026 21:50:39   common property=theme_override
06/08/2026 21:50:39   skip_unsafe property=face
06/08/2026 21:50:39   skip_unsafe property=face_mode
06/08/2026 21:50:39   skip_unsafe property=face_quad
06/08/2026 21:50:39   skip_unsafe property=frame
06/08/2026 21:50:39   skip_unsafe property=radius
06/08/2026 21:50:39   skip_unsafe property=face_enabled
06/08/2026 21:50:39   skip_unsafe property=frame_enabled
06/08/2026 21:50:39   skip_unsafe property=shadow_enabled
06/08/2026 21:50:39   skip_unsafe property=shadow_distance
06/08/2026 21:50:39   skip_unsafe property=shadow_offset_x
06/08/2026 21:50:39   skip_unsafe property=shadow_offset_y
06/08/2026 21:50:39   skip_unsafe property=shadow_alpha
06/08/2026 21:50:39   skip_unsafe property=shadow_color
06/08/2026 21:50:39   skip_unsafe property=shadow_curve
06/08/2026 21:50:39   skip_unsafe property=ink_enabled
06/08/2026 21:50:39   skip_unsafe property=ink
06/08/2026 21:50:39   skip_unsafe property=icon_ink_enabled
06/08/2026 21:50:39   skip_unsafe property=icon_ink
06/08/2026 21:50:39   common_bindings=1 group=Theme Overrides
06/08/2026 21:50:39   add_row property=theme_override editor=3 group=Theme Overrides
06/08/2026 21:50:39   added_row property=theme_override
06/08/2026 21:50:39 SetSelection count=2 id=7 id=8
06/08/2026 21:50:39   node id=7 type=UiButton
06/08/2026 21:50:39   node id=8 type=UiButton
06/08/2026 21:50:39   common property=role
06/08/2026 21:50:39   common property=h_sizing
06/08/2026 21:50:39   common property=v_sizing
06/08/2026 21:50:39   common property=cell_align_h
06/08/2026 21:50:39   common property=cell_align_v
06/08/2026 21:50:39   common property=fixed_width
06/08/2026 21:50:39   common property=fixed_height
06/08/2026 21:50:39   common property=min_width
06/08/2026 21:50:39   common property=min_height
06/08/2026 21:50:39   common property=max_width
06/08/2026 21:50:39   common property=max_height
06/08/2026 21:50:39   skip_unsafe property=text
06/08/2026 21:50:39   skip_unsafe property=icon
06/08/2026 21:50:39   skip_unsafe property=icon_size
06/08/2026 21:50:39   skip_unsafe property=icon_scale
06/08/2026 21:50:39   skip_unsafe property=icon_side
06/08/2026 21:50:39   skip_unsafe property=content_inset
06/08/2026 21:50:40   skip_unsafe property=content_gap
06/08/2026 21:50:40   skip_unsafe property=align_h
06/08/2026 21:50:40   skip_unsafe property=align_v
06/08/2026 21:50:40   skip_unsafe property=font
06/08/2026 21:50:40   skip_unsafe property=font_size
06/08/2026 21:50:40   common_bindings=11 group=
06/08/2026 21:50:40   add_row property=role editor=4 group=
06/08/2026 21:50:40   added_row property=role
06/08/2026 21:50:40   add_row property=h_sizing editor=4 group=
06/08/2026 21:50:40   added_row property=h_sizing
06/08/2026 21:50:40   add_row property=v_sizing editor=4 group=
06/08/2026 21:50:40   added_row property=v_sizing
06/08/2026 21:50:40   add_row property=cell_align_h editor=4 group=
06/08/2026 21:50:40   added_row property=cell_align_h
06/08/2026 21:50:40   add_row property=cell_align_v editor=4 group=
06/08/2026 21:50:40   added_row property=cell_align_v
06/08/2026 21:50:40   add_row property=fixed_width editor=7 group=
06/08/2026 21:50:40   added_row property=fixed_width
06/08/2026 21:50:40   add_row property=fixed_height editor=7 group=
06/08/2026 21:50:40   added_row property=fixed_height
06/08/2026 21:50:40   add_row property=min_width editor=7 group=
06/08/2026 21:50:40   added_row property=min_width
06/08/2026 21:50:40   add_row property=min_height editor=7 group=
06/08/2026 21:50:40   added_row property=min_height
06/08/2026 21:50:40   add_row property=max_width editor=7 group=
06/08/2026 21:50:40   added_row property=max_width
06/08/2026 21:50:40   add_row property=max_height editor=7 group=
06/08/2026 21:50:40   added_row property=max_height
06/08/2026 21:50:40 SetSelection count=2 id=7 id=8
06/08/2026 21:50:40   node id=7 type=UiButton
06/08/2026 21:50:40   node id=8 type=UiButton
06/08/2026 21:50:40   common property=theme_override
06/08/2026 21:50:40   skip_unsafe property=face
06/08/2026 21:50:40   skip_unsafe property=face_mode
06/08/2026 21:50:40   skip_unsafe property=face_quad
06/08/2026 21:50:40   skip_unsafe property=frame
06/08/2026 21:50:40   skip_unsafe property=radius
06/08/2026 21:50:40   skip_unsafe property=face_enabled
06/08/2026 21:50:40   skip_unsafe property=frame_enabled
06/08/2026 21:50:40   skip_unsafe property=shadow_enabled
06/08/2026 21:50:40   skip_unsafe property=shadow_distance
06/08/2026 21:50:40   skip_unsafe property=shadow_offset_x
06/08/2026 21:50:40   skip_unsafe property=shadow_offset_y
06/08/2026 21:50:40   skip_unsafe property=shadow_alpha
06/08/2026 21:50:40   skip_unsafe property=shadow_color
06/08/2026 21:50:40   skip_unsafe property=shadow_curve
06/08/2026 21:50:40   skip_unsafe property=ink_enabled
06/08/2026 21:50:40   skip_unsafe property=ink
06/08/2026 21:50:40   skip_unsafe property=icon_ink_enabled
06/08/2026 21:50:40   skip_unsafe property=icon_ink
06/08/2026 21:50:40   common_bindings=1 group=Theme Overrides
06/08/2026 21:50:40   add_row property=theme_override editor=3 group=Theme Overrides
06/08/2026 21:50:40   added_row property=theme_override
06/08/2026 21:50:44   slider_change property=min_width value=1589
06/08/2026 21:50:44 SaveInspectorPropertyValues property=min_width ids=2 value=1589
06/08/2026 21:50:44   begin_group
06/08/2026 21:50:44   changed id=7
06/08/2026 21:50:44   changed id=8
06/08/2026 21:50:44   end_group changed=2
06/08/2026 21:50:44   slider_change property=min_width value=1557
06/08/2026 21:50:44 SaveInspectorPropertyValues property=min_width ids=2 value=1557
06/08/2026 21:50:44   begin_group
06/08/2026 21:50:44   changed id=7
06/08/2026 21:50:44   changed id=8
06/08/2026 21:50:44   end_group changed=2
06/08/2026 21:50:44   slider_change property=min_width value=1493
06/08/2026 21:50:44 SaveInspectorPropertyValues property=min_width ids=2 value=1493
06/08/2026 21:50:44   begin_group
06/08/2026 21:50:44   changed id=7
06/08/2026 21:50:44   changed id=8
06/08/2026 21:50:44   end_group changed=2
06/08/2026 21:50:44   slider_change property=min_width value=1407
06/08/2026 21:50:44 SaveInspectorPropertyValues property=min_width ids=2 value=1407
06/08/2026 21:50:44   begin_group
06/08/2026 21:50:44   changed id=7
06/08/2026 21:50:44   changed id=8
06/08/2026 21:50:44   end_group changed=2
06/08/2026 21:50:44   slider_change property=min_width value=1396
06/08/2026 21:50:44 SaveInspectorPropertyValues property=min_width ids=2 value=1396
06/08/2026 21:50:44   begin_group
06/08/2026 21:50:44   changed id=7
06/08/2026 21:50:44   changed id=8
06/08/2026 21:50:44   end_group changed=2
06/08/2026 21:50:44   slider_change property=min_width value=1353
06/08/2026 21:50:44 SaveInspectorPropertyValues property=min_width ids=2 value=1353
06/08/2026 21:50:44   begin_group
06/08/2026 21:50:44   changed id=7
06/08/2026 21:50:44   changed id=8
06/08/2026 21:50:44   end_group changed=2
06/08/2026 21:50:44   slider_change property=min_width value=1246
06/08/2026 21:50:44 SaveInspectorPropertyValues property=min_width ids=2 value=1246
06/08/2026 21:50:44   begin_group
06/08/2026 21:50:44   changed id=7
06/08/2026 21:50:45   changed id=8
06/08/2026 21:50:45   end_group changed=2
06/08/2026 21:50:45   slider_change property=min_width value=1160
06/08/2026 21:50:45 SaveInspectorPropertyValues property=min_width ids=2 value=1160
06/08/2026 21:50:45   begin_group
06/08/2026 21:50:45   changed id=7
06/08/2026 21:50:45   changed id=8
06/08/2026 21:50:45   end_group changed=2
06/08/2026 21:50:45   slider_change property=min_width value=1128
06/08/2026 21:50:45 SaveInspectorPropertyValues property=min_width ids=2 value=1128
06/08/2026 21:50:45   begin_group
06/08/2026 21:50:45   changed id=7
06/08/2026 21:50:45   changed id=8
06/08/2026 21:50:45   end_group changed=2
06/08/2026 21:50:45   slider_change property=min_width value=1085
06/08/2026 21:50:45 SaveInspectorPropertyValues property=min_width ids=2 value=1085
06/08/2026 21:50:45   begin_group
06/08/2026 21:50:45   changed id=7
06/08/2026 21:50:45   changed id=8
06/08/2026 21:50:45   end_group changed=2
06/08/2026 21:50:45   slider_change property=min_width value=1074
06/08/2026 21:50:45 SaveInspectorPropertyValues property=min_width ids=2 value=1074
06/08/2026 21:50:45   begin_group
06/08/2026 21:50:45   changed id=7
06/08/2026 21:50:45   changed id=8
06/08/2026 21:50:45   end_group changed=2
06/08/2026 21:50:45   slider_change property=min_width value=978
06/08/2026 21:50:45 SaveInspectorPropertyValues property=min_width ids=2 value=978
06/08/2026 21:50:45   begin_group
06/08/2026 21:50:45   changed id=7
06/08/2026 21:50:45   changed id=8
06/08/2026 21:50:45   end_group changed=2
06/08/2026 21:50:45   slider_change property=min_width value=945
06/08/2026 21:50:45 SaveInspectorPropertyValues property=min_width ids=2 value=945
06/08/2026 21:50:45   begin_group
06/08/2026 21:50:45   changed id=7
06/08/2026 21:50:45   changed id=8
06/08/2026 21:50:45   end_group changed=2
06/08/2026 21:50:45   slider_change property=min_width value=935
06/08/2026 21:50:45 SaveInspectorPropertyValues property=min_width ids=2 value=935
06/08/2026 21:50:45   begin_group
06/08/2026 21:50:45   changed id=7
06/08/2026 21:50:45   changed id=8
06/08/2026 21:50:45   end_group changed=2
06/08/2026 21:50:45   slider_change property=min_width value=892
06/08/2026 21:50:45 SaveInspectorPropertyValues property=min_width ids=2 value=892
06/08/2026 21:50:45   begin_group
06/08/2026 21:50:45   changed id=7
06/08/2026 21:50:45   changed id=8
06/08/2026 21:50:45   end_group changed=2
06/08/2026 21:50:45   slider_change property=min_width value=860
06/08/2026 21:50:45 SaveInspectorPropertyValues property=min_width ids=2 value=860
06/08/2026 21:50:45   begin_group
06/08/2026 21:50:45   changed id=7
06/08/2026 21:50:45   changed id=8
06/08/2026 21:50:45   end_group changed=2
06/08/2026 21:50:45   slider_change property=min_width value=838
06/08/2026 21:50:45 SaveInspectorPropertyValues property=min_width ids=2 value=838
06/08/2026 21:50:45   begin_group
06/08/2026 21:50:45   changed id=7
06/08/2026 21:50:45   changed id=8
06/08/2026 21:50:45   end_group changed=2
06/08/2026 21:50:45   slider_change property=min_width value=774
06/08/2026 21:50:45 SaveInspectorPropertyValues property=min_width ids=2 value=774
06/08/2026 21:50:45   begin_group
06/08/2026 21:50:45   changed id=7
06/08/2026 21:50:45   changed id=8
06/08/2026 21:50:45   end_group changed=2
06/08/2026 21:50:45   slider_change property=min_width value=699
06/08/2026 21:50:45 SaveInspectorPropertyValues property=min_width ids=2 value=699
06/08/2026 21:50:45   begin_group
06/08/2026 21:50:45   changed id=7
06/08/2026 21:50:45   changed id=8
06/08/2026 21:50:45   end_group changed=2
06/08/2026 21:50:45   slider_change property=min_width value=666
06/08/2026 21:50:45 SaveInspectorPropertyValues property=min_width ids=2 value=666
06/08/2026 21:50:45   begin_group
06/08/2026 21:50:45   changed id=7
06/08/2026 21:50:45   changed id=8
06/08/2026 21:50:45   end_group changed=2
06/08/2026 21:50:45   slider_change property=min_width value=581
06/08/2026 21:50:45 SaveInspectorPropertyValues property=min_width ids=2 value=581
06/08/2026 21:50:46   begin_group
06/08/2026 21:50:46   changed id=7
06/08/2026 21:50:46   changed id=8
06/08/2026 21:50:46   end_group changed=2
06/08/2026 21:50:46   slider_change property=min_width value=570
06/08/2026 21:50:46 SaveInspectorPropertyValues property=min_width ids=2 value=570
06/08/2026 21:50:46   begin_group
06/08/2026 21:50:46   changed id=7
06/08/2026 21:50:46   changed id=8
06/08/2026 21:50:46   end_group changed=2
06/08/2026 21:50:46   slider_change property=min_width value=538
06/08/2026 21:50:46 SaveInspectorPropertyValues property=min_width ids=2 value=538
06/08/2026 21:50:46   begin_group
06/08/2026 21:50:46   changed id=7
06/08/2026 21:50:46   changed id=8
06/08/2026 21:50:46   end_group changed=2
06/08/2026 21:50:46   slider_change property=min_width value=484
06/08/2026 21:50:46 SaveInspectorPropertyValues property=min_width ids=2 value=484
06/08/2026 21:50:46   begin_group
06/08/2026 21:50:46   changed id=7
06/08/2026 21:50:46   changed id=8
06/08/2026 21:50:46   end_group changed=2
06/08/2026 21:50:46   slider_change property=min_width value=441
06/08/2026 21:50:46 SaveInspectorPropertyValues property=min_width ids=2 value=441
06/08/2026 21:50:46   begin_group
06/08/2026 21:50:46   changed id=7
06/08/2026 21:50:46   changed id=8
06/08/2026 21:50:46   end_group changed=2
06/08/2026 21:50:46   slider_change property=min_width value=387
06/08/2026 21:50:46 SaveInspectorPropertyValues property=min_width ids=2 value=387
06/08/2026 21:50:46   begin_group
06/08/2026 21:50:46   changed id=7
06/08/2026 21:50:46   changed id=8
06/08/2026 21:50:46   end_group changed=2
06/08/2026 21:50:46   slider_change property=min_width value=377
06/08/2026 21:50:46 SaveInspectorPropertyValues property=min_width ids=2 value=377
06/08/2026 21:50:46   begin_group
06/08/2026 21:50:46   changed id=7
06/08/2026 21:50:46   changed id=8
06/08/2026 21:50:46   end_group changed=2
06/08/2026 21:50:46   slider_change property=min_width value=366
06/08/2026 21:50:46 SaveInspectorPropertyValues property=min_width ids=2 value=366
06/08/2026 21:50:46   begin_group
06/08/2026 21:50:46   changed id=7
06/08/2026 21:50:46   changed id=8
06/08/2026 21:50:46   end_group changed=2
06/08/2026 21:50:46   slider_change property=min_width value=291
06/08/2026 21:50:46 SaveInspectorPropertyValues property=min_width ids=2 value=291
06/08/2026 21:50:46   begin_group
06/08/2026 21:50:46   changed id=7
06/08/2026 21:50:46   changed id=8
06/08/2026 21:50:46   end_group changed=2
06/08/2026 21:50:46   slider_change property=min_width value=269
06/08/2026 21:50:46 SaveInspectorPropertyValues property=min_width ids=2 value=269
06/08/2026 21:50:46   begin_group
06/08/2026 21:50:46   changed id=7
06/08/2026 21:50:46   changed id=8
06/08/2026 21:50:46   end_group changed=2
06/08/2026 21:50:46   slider_change property=min_width value=259
06/08/2026 21:50:46 SaveInspectorPropertyValues property=min_width ids=2 value=259
06/08/2026 21:50:46   begin_group
06/08/2026 21:50:46   changed id=7
06/08/2026 21:50:46   changed id=8
06/08/2026 21:50:46   end_group changed=2
06/08/2026 21:50:46   slider_change property=min_width value=248
06/08/2026 21:50:46 SaveInspectorPropertyValues property=min_width ids=2 value=248
06/08/2026 21:50:46   begin_group
06/08/2026 21:50:46   changed id=7
06/08/2026 21:50:46   changed id=8
06/08/2026 21:50:46   end_group changed=2
06/08/2026 21:50:46   slider_change property=min_width value=237
06/08/2026 21:50:46 SaveInspectorPropertyValues property=min_width ids=2 value=237
06/08/2026 21:50:46   begin_group
06/08/2026 21:50:46   changed id=7
06/08/2026 21:50:46   changed id=8
06/08/2026 21:50:46   end_group changed=2
06/08/2026 21:50:46   slider_change property=min_width value=194
06/08/2026 21:50:46 SaveInspectorPropertyValues property=min_width ids=2 value=194
06/08/2026 21:50:46   begin_group
06/08/2026 21:50:46   changed id=7
06/08/2026 21:50:46   changed id=8
06/08/2026 21:50:46   end_group changed=2
06/08/2026 21:50:46   slider_change property=min_width value=183
06/08/2026 21:50:46 SaveInspectorPropertyValues property=min_width ids=2 value=183
06/08/2026 21:50:46   begin_group
06/08/2026 21:50:46   changed id=7
06/08/2026 21:50:46   changed id=8
06/08/2026 21:50:47   end_group changed=2
06/08/2026 21:50:47   slider_change property=min_width value=151
06/08/2026 21:50:47 SaveInspectorPropertyValues property=min_width ids=2 value=151
06/08/2026 21:50:47   begin_group
06/08/2026 21:50:47   changed id=7
06/08/2026 21:50:47   changed id=8
06/08/2026 21:50:47   end_group changed=2
06/08/2026 21:50:47   slider_change property=min_width value=141
06/08/2026 21:50:47 SaveInspectorPropertyValues property=min_width ids=2 value=141
06/08/2026 21:50:47   begin_group
06/08/2026 21:50:47   changed id=7
06/08/2026 21:50:47   changed id=8
06/08/2026 21:50:47   end_group changed=2
06/08/2026 21:50:47   slider_change property=min_width value=119
06/08/2026 21:50:47 SaveInspectorPropertyValues property=min_width ids=2 value=119
06/08/2026 21:50:47   begin_group
06/08/2026 21:50:47   changed id=7
06/08/2026 21:50:47   changed id=8
06/08/2026 21:50:47   end_group changed=2
06/08/2026 21:50:48   slider_change property=min_width value=108
06/08/2026 21:50:48 SaveInspectorPropertyValues property=min_width ids=2 value=108
06/08/2026 21:50:48   begin_group
06/08/2026 21:50:48   changed id=7
06/08/2026 21:50:48   changed id=8
06/08/2026 21:50:48   end_group changed=2
06/08/2026 21:50:48   slider_change property=min_width value=87
06/08/2026 21:50:48 SaveInspectorPropertyValues property=min_width ids=2 value=87
06/08/2026 21:50:48   begin_group
06/08/2026 21:50:48   changed id=7
06/08/2026 21:50:48   changed id=8
06/08/2026 21:50:48   end_group changed=2
06/08/2026 21:50:48   slider_change property=min_width value=65
06/08/2026 21:50:48 SaveInspectorPropertyValues property=min_width ids=2 value=65
06/08/2026 21:50:48   begin_group
06/08/2026 21:50:48   changed id=7
06/08/2026 21:50:48   changed id=8
06/08/2026 21:50:48   end_group changed=2
06/08/2026 21:50:49   slider_action property=min_width value=65
06/08/2026 21:50:49 SaveInspectorPropertyValues property=min_width ids=2 value=65
06/08/2026 21:50:49   skip id=7 unchanged
06/08/2026 21:50:49   skip id=8 unchanged
06/08/2026 21:50:49   end_group changed=0
06/08/2026 21:50:50   slider_change property=fixed_width value=259
06/08/2026 21:50:50 SaveInspectorPropertyValues property=fixed_width ids=2 value=259
06/08/2026 21:50:50   begin_group
06/08/2026 21:50:50   changed id=7
06/08/2026 21:50:50   changed id=8
06/08/2026 21:50:50   end_group changed=2
06/08/2026 21:50:50   slider_change property=fixed_width value=226
06/08/2026 21:50:50 SaveInspectorPropertyValues property=fixed_width ids=2 value=226
06/08/2026 21:50:50   begin_group
06/08/2026 21:50:50   changed id=7
06/08/2026 21:50:50   changed id=8
06/08/2026 21:50:50   end_group changed=2
06/08/2026 21:50:50   slider_change property=fixed_width value=216
06/08/2026 21:50:50 SaveInspectorPropertyValues property=fixed_width ids=2 value=216
06/08/2026 21:50:50   begin_group
06/08/2026 21:50:50   changed id=7
06/08/2026 21:50:50   changed id=8
06/08/2026 21:50:50   end_group changed=2
06/08/2026 21:50:51   slider_change property=fixed_width value=183
06/08/2026 21:50:51 SaveInspectorPropertyValues property=fixed_width ids=2 value=183
06/08/2026 21:50:51   begin_group
06/08/2026 21:50:51   changed id=7
06/08/2026 21:50:51   changed id=8
06/08/2026 21:50:51   end_group changed=2
06/08/2026 21:50:51   slider_change property=fixed_width value=173
06/08/2026 21:50:51 SaveInspectorPropertyValues property=fixed_width ids=2 value=173
06/08/2026 21:50:51   begin_group
06/08/2026 21:50:51   changed id=7
06/08/2026 21:50:51   changed id=8
06/08/2026 21:50:51   end_group changed=2
06/08/2026 21:50:51   slider_change property=fixed_width value=162
06/08/2026 21:50:51 SaveInspectorPropertyValues property=fixed_width ids=2 value=162
06/08/2026 21:50:51   begin_group
06/08/2026 21:50:51   changed id=7
06/08/2026 21:50:51   changed id=8
06/08/2026 21:50:51   end_group changed=2
06/08/2026 21:50:51   slider_change property=fixed_width value=141
06/08/2026 21:50:51 SaveInspectorPropertyValues property=fixed_width ids=2 value=141
06/08/2026 21:50:51   begin_group
06/08/2026 21:50:51   changed id=7
06/08/2026 21:50:51   changed id=8
06/08/2026 21:50:51   end_group changed=2
06/08/2026 21:50:51   slider_change property=fixed_width value=108
06/08/2026 21:50:51 SaveInspectorPropertyValues property=fixed_width ids=2 value=108
06/08/2026 21:50:51   begin_group
06/08/2026 21:50:51   changed id=7
06/08/2026 21:50:51   changed id=8
06/08/2026 21:50:51   end_group changed=2
06/08/2026 21:50:51   slider_change property=fixed_width value=98
06/08/2026 21:50:51 SaveInspectorPropertyValues property=fixed_width ids=2 value=98
06/08/2026 21:50:51   begin_group
06/08/2026 21:50:51   changed id=7
06/08/2026 21:50:51   changed id=8
06/08/2026 21:50:51   end_group changed=2
06/08/2026 21:50:51   slider_change property=fixed_width value=87
06/08/2026 21:50:51 SaveInspectorPropertyValues property=fixed_width ids=2 value=87
06/08/2026 21:50:51   begin_group
06/08/2026 21:50:51   changed id=7
06/08/2026 21:50:51   changed id=8
06/08/2026 21:50:51   end_group changed=2
06/08/2026 21:50:51   slider_change property=fixed_width value=76
06/08/2026 21:50:51 SaveInspectorPropertyValues property=fixed_width ids=2 value=76
06/08/2026 21:50:51   begin_group
06/08/2026 21:50:51   changed id=7
06/08/2026 21:50:51   changed id=8
06/08/2026 21:50:51   end_group changed=2
06/08/2026 21:50:52   slider_change property=fixed_width value=65
06/08/2026 21:50:52 SaveInspectorPropertyValues property=fixed_width ids=2 value=65
06/08/2026 21:50:52   begin_group
06/08/2026 21:50:52   changed id=7
06/08/2026 21:50:52   changed id=8
06/08/2026 21:50:52   end_group changed=2
06/08/2026 21:50:52   slider_change property=fixed_width value=55
06/08/2026 21:50:52 SaveInspectorPropertyValues property=fixed_width ids=2 value=55
06/08/2026 21:50:52   begin_group
06/08/2026 21:50:52   changed id=7
06/08/2026 21:50:52   changed id=8
06/08/2026 21:50:52   end_group changed=2
06/08/2026 21:50:52   slider_action property=fixed_width value=55
06/08/2026 21:50:52 SaveInspectorPropertyValues property=fixed_width ids=2 value=55
06/08/2026 21:50:52   skip id=7 unchanged
06/08/2026 21:50:52   skip id=8 unchanged
06/08/2026 21:50:52   end_group changed=0
06/08/2026 21:50:54 SetSelection count=2 id=7 id=8
06/08/2026 21:50:54   node id=7 type=UiButton
06/08/2026 21:50:54   node id=8 type=UiButton
06/08/2026 21:50:54   common property=role
06/08/2026 21:50:54   common property=h_sizing
06/08/2026 21:50:54   common property=v_sizing
06/08/2026 21:50:54   common property=cell_align_h
06/08/2026 21:50:54   common property=cell_align_v
06/08/2026 21:50:54   common property=fixed_width
06/08/2026 21:50:54   common property=fixed_height
06/08/2026 21:50:54   common property=min_width
06/08/2026 21:50:54   common property=min_height
06/08/2026 21:50:54   common property=max_width
06/08/2026 21:50:54   common property=max_height
06/08/2026 21:50:54   skip_unsafe property=text
06/08/2026 21:50:54   skip_unsafe property=icon
06/08/2026 21:50:54   skip_unsafe property=icon_size
06/08/2026 21:50:54   skip_unsafe property=icon_scale
06/08/2026 21:50:54   skip_unsafe property=icon_side
06/08/2026 21:50:54   skip_unsafe property=content_inset
06/08/2026 21:50:54   skip_unsafe property=content_gap
06/08/2026 21:50:54   skip_unsafe property=align_h
06/08/2026 21:50:54   skip_unsafe property=align_v
06/08/2026 21:50:54   skip_unsafe property=font
06/08/2026 21:50:54   skip_unsafe property=font_size
06/08/2026 21:50:54   common_bindings=11 group=
06/08/2026 21:50:54   add_row property=role editor=4 group=
06/08/2026 21:50:54   added_row property=role
06/08/2026 21:50:54   add_row property=h_sizing editor=4 group=
06/08/2026 21:50:54   added_row property=h_sizing
06/08/2026 21:50:54   add_row property=v_sizing editor=4 group=
06/08/2026 21:50:54   added_row property=v_sizing
06/08/2026 21:50:54   add_row property=cell_align_h editor=4 group=
06/08/2026 21:50:54   added_row property=cell_align_h
06/08/2026 21:50:54   add_row property=cell_align_v editor=4 group=
06/08/2026 21:50:54   added_row property=cell_align_v
06/08/2026 21:50:54   add_row property=fixed_width editor=7 group=
06/08/2026 21:50:54   added_row property=fixed_width
06/08/2026 21:50:54   add_row property=fixed_height editor=7 group=
06/08/2026 21:50:54   added_row property=fixed_height
06/08/2026 21:50:54   add_row property=min_width editor=7 group=
06/08/2026 21:50:54   added_row property=min_width
06/08/2026 21:50:54   add_row property=min_height editor=7 group=
06/08/2026 21:50:54   added_row property=min_height
06/08/2026 21:50:54   add_row property=max_width editor=7 group=
06/08/2026 21:50:54   added_row property=max_width
06/08/2026 21:50:54   add_row property=max_height editor=7 group=
06/08/2026 21:50:54   added_row property=max_height
06/08/2026 21:50:54 SetSelection count=2 id=7 id=8
06/08/2026 21:50:54   node id=7 type=UiButton
06/08/2026 21:50:54   node id=8 type=UiButton
06/08/2026 21:50:54   common property=theme_override
06/08/2026 21:50:54   skip_unsafe property=face
06/08/2026 21:50:54   skip_unsafe property=face_mode
06/08/2026 21:50:54   skip_unsafe property=face_quad
06/08/2026 21:50:54   skip_unsafe property=frame
06/08/2026 21:50:54   skip_unsafe property=radius
06/08/2026 21:50:54   skip_unsafe property=face_enabled
06/08/2026 21:50:54   skip_unsafe property=frame_enabled
06/08/2026 21:50:54   skip_unsafe property=shadow_enabled
06/08/2026 21:50:54   skip_unsafe property=shadow_distance
06/08/2026 21:50:54   skip_unsafe property=shadow_offset_x
06/08/2026 21:50:54   skip_unsafe property=shadow_offset_y
06/08/2026 21:50:54   skip_unsafe property=shadow_alpha
06/08/2026 21:50:54   skip_unsafe property=shadow_color
06/08/2026 21:50:54   skip_unsafe property=shadow_curve
06/08/2026 21:50:54   skip_unsafe property=ink_enabled
06/08/2026 21:50:54   skip_unsafe property=ink
06/08/2026 21:50:54   skip_unsafe property=icon_ink_enabled
06/08/2026 21:50:54   skip_unsafe property=icon_ink
06/08/2026 21:50:54   common_bindings=1 group=Theme Overrides
06/08/2026 21:50:54   add_row property=theme_override editor=3 group=Theme Overrides
06/08/2026 21:50:54   added_row property=theme_override
06/08/2026 21:50:54 SetSelection count=2 id=7 id=8
06/08/2026 21:50:54   node id=7 type=UiButton
06/08/2026 21:50:54   node id=8 type=UiButton
06/08/2026 21:50:54   common property=role
06/08/2026 21:50:54   common property=h_sizing
06/08/2026 21:50:54   common property=v_sizing
06/08/2026 21:50:54   common property=cell_align_h
06/08/2026 21:50:54   common property=cell_align_v
06/08/2026 21:50:54   common property=fixed_width
06/08/2026 21:50:54   common property=fixed_height
06/08/2026 21:50:54   common property=min_width
06/08/2026 21:50:54   common property=min_height
06/08/2026 21:50:54   common property=max_width
06/08/2026 21:50:54   common property=max_height
06/08/2026 21:50:54   skip_unsafe property=text
06/08/2026 21:50:54   skip_unsafe property=icon
06/08/2026 21:50:54   skip_unsafe property=icon_size
06/08/2026 21:50:54   skip_unsafe property=icon_scale
06/08/2026 21:50:54   skip_unsafe property=icon_side
06/08/2026 21:50:54   skip_unsafe property=content_inset
06/08/2026 21:50:55   skip_unsafe property=content_gap
06/08/2026 21:50:55   skip_unsafe property=align_h
06/08/2026 21:50:55   skip_unsafe property=align_v
06/08/2026 21:50:55   skip_unsafe property=font
06/08/2026 21:50:55   skip_unsafe property=font_size
06/08/2026 21:50:55   common_bindings=11 group=
06/08/2026 21:50:55   add_row property=role editor=4 group=
06/08/2026 21:50:55   added_row property=role
06/08/2026 21:50:55   add_row property=h_sizing editor=4 group=
06/08/2026 21:50:55   added_row property=h_sizing
06/08/2026 21:50:55   add_row property=v_sizing editor=4 group=
06/08/2026 21:50:55   added_row property=v_sizing
06/08/2026 21:50:55   add_row property=cell_align_h editor=4 group=
06/08/2026 21:50:55   added_row property=cell_align_h
06/08/2026 21:50:55   add_row property=cell_align_v editor=4 group=
06/08/2026 21:50:55   added_row property=cell_align_v
06/08/2026 21:50:55   add_row property=fixed_width editor=7 group=
06/08/2026 21:50:55   added_row property=fixed_width
06/08/2026 21:50:55   add_row property=fixed_height editor=7 group=
06/08/2026 21:50:55   added_row property=fixed_height
06/08/2026 21:50:55   add_row property=min_width editor=7 group=
06/08/2026 21:50:55   added_row property=min_width
06/08/2026 21:50:55   add_row property=min_height editor=7 group=
06/08/2026 21:50:55   added_row property=min_height
06/08/2026 21:50:55   add_row property=max_width editor=7 group=
06/08/2026 21:50:55   added_row property=max_width
06/08/2026 21:50:55   add_row property=max_height editor=7 group=
06/08/2026 21:50:55   added_row property=max_height
06/08/2026 21:50:55 SetSelection count=2 id=7 id=8
06/08/2026 21:50:55   node id=7 type=UiButton
06/08/2026 21:50:55   node id=8 type=UiButton
06/08/2026 21:50:55   common property=theme_override
06/08/2026 21:50:55   skip_unsafe property=face
06/08/2026 21:50:55   skip_unsafe property=face_mode
06/08/2026 21:50:55   skip_unsafe property=face_quad
06/08/2026 21:50:55   skip_unsafe property=frame
06/08/2026 21:50:55   skip_unsafe property=radius
06/08/2026 21:50:55   skip_unsafe property=face_enabled
06/08/2026 21:50:55   skip_unsafe property=frame_enabled
06/08/2026 21:50:55   skip_unsafe property=shadow_enabled
06/08/2026 21:50:55   skip_unsafe property=shadow_distance
06/08/2026 21:50:55   skip_unsafe property=shadow_offset_x
06/08/2026 21:50:55   skip_unsafe property=shadow_offset_y
06/08/2026 21:50:55   skip_unsafe property=shadow_alpha
06/08/2026 21:50:55   skip_unsafe property=shadow_color
06/08/2026 21:50:55   skip_unsafe property=shadow_curve
06/08/2026 21:50:55   skip_unsafe property=ink_enabled
06/08/2026 21:50:55   skip_unsafe property=ink
06/08/2026 21:50:55   skip_unsafe property=icon_ink_enabled
06/08/2026 21:50:55   skip_unsafe property=icon_ink
06/08/2026 21:50:55   common_bindings=1 group=Theme Overrides
06/08/2026 21:50:55   add_row property=theme_override editor=3 group=Theme Overrides
06/08/2026 21:50:55   added_row property=theme_override
06/08/2026 21:50:55 SetSelection count=2 id=7 id=8
06/08/2026 21:50:55   node id=7 type=UiButton
06/08/2026 21:50:55   node id=8 type=UiButton
06/08/2026 21:50:55   common property=role
06/08/2026 21:50:55   common property=h_sizing
06/08/2026 21:50:55   common property=v_sizing
06/08/2026 21:50:55   common property=cell_align_h
06/08/2026 21:50:55   common property=cell_align_v
06/08/2026 21:50:55   common property=fixed_width
06/08/2026 21:50:55   common property=fixed_height
06/08/2026 21:50:55   common property=min_width
06/08/2026 21:50:55   common property=min_height
06/08/2026 21:50:55   common property=max_width
06/08/2026 21:50:55   common property=max_height
06/08/2026 21:50:55   skip_unsafe property=text
06/08/2026 21:50:55   skip_unsafe property=icon
06/08/2026 21:50:55   skip_unsafe property=icon_size
06/08/2026 21:50:55   skip_unsafe property=icon_scale
06/08/2026 21:50:55   skip_unsafe property=icon_side
06/08/2026 21:50:55   skip_unsafe property=content_inset
06/08/2026 21:50:55   skip_unsafe property=content_gap
06/08/2026 21:50:55   skip_unsafe property=align_h
06/08/2026 21:50:55   skip_unsafe property=align_v
06/08/2026 21:50:55   skip_unsafe property=font
06/08/2026 21:50:55   skip_unsafe property=font_size
06/08/2026 21:50:55   common_bindings=11 group=
06/08/2026 21:50:55   add_row property=role editor=4 group=
06/08/2026 21:50:55   added_row property=role
06/08/2026 21:50:55   add_row property=h_sizing editor=4 group=
06/08/2026 21:50:55   added_row property=h_sizing
06/08/2026 21:50:55   add_row property=v_sizing editor=4 group=
06/08/2026 21:50:55   added_row property=v_sizing
06/08/2026 21:50:55   add_row property=cell_align_h editor=4 group=
06/08/2026 21:50:55   added_row property=cell_align_h
06/08/2026 21:50:55   add_row property=cell_align_v editor=4 group=
06/08/2026 21:50:55   added_row property=cell_align_v
06/08/2026 21:50:55   add_row property=fixed_width editor=7 group=
06/08/2026 21:50:55   added_row property=fixed_width
06/08/2026 21:50:55   add_row property=fixed_height editor=7 group=
06/08/2026 21:50:55   added_row property=fixed_height
06/08/2026 21:50:55   add_row property=min_width editor=7 group=
06/08/2026 21:50:55   added_row property=min_width
06/08/2026 21:50:55   add_row property=min_height editor=7 group=
06/08/2026 21:50:55   added_row property=min_height
06/08/2026 21:50:55   add_row property=max_width editor=7 group=
06/08/2026 21:50:55   added_row property=max_width
06/08/2026 21:50:55   add_row property=max_height editor=7 group=
06/08/2026 21:50:56   added_row property=max_height
06/08/2026 21:50:56 SetSelection count=2 id=7 id=8
06/08/2026 21:50:56   node id=7 type=UiButton
06/08/2026 21:50:56   node id=8 type=UiButton
06/08/2026 21:50:56   common property=theme_override
06/08/2026 21:50:56   skip_unsafe property=face
06/08/2026 21:50:56   skip_unsafe property=face_mode
06/08/2026 21:50:56   skip_unsafe property=face_quad
06/08/2026 21:50:56   skip_unsafe property=frame
06/08/2026 21:50:56   skip_unsafe property=radius
06/08/2026 21:50:56   skip_unsafe property=face_enabled
06/08/2026 21:50:56   skip_unsafe property=frame_enabled
06/08/2026 21:50:56   skip_unsafe property=shadow_enabled
06/08/2026 21:50:56   skip_unsafe property=shadow_distance
06/08/2026 21:50:56   skip_unsafe property=shadow_offset_x
06/08/2026 21:50:56   skip_unsafe property=shadow_offset_y
06/08/2026 21:50:56   skip_unsafe property=shadow_alpha
06/08/2026 21:50:56   skip_unsafe property=shadow_color
06/08/2026 21:50:56   skip_unsafe property=shadow_curve
06/08/2026 21:50:56   skip_unsafe property=ink_enabled
06/08/2026 21:50:56   skip_unsafe property=ink
06/08/2026 21:50:56   skip_unsafe property=icon_ink_enabled
06/08/2026 21:50:56   skip_unsafe property=icon_ink
06/08/2026 21:50:56   common_bindings=1 group=Theme Overrides
06/08/2026 21:50:56   add_row property=theme_override editor=3 group=Theme Overrides
06/08/2026 21:50:56   added_row property=theme_override
06/08/2026 21:50:56 SetSelection count=2 id=7 id=8
06/08/2026 21:50:56   node id=7 type=UiButton
06/08/2026 21:50:56   node id=8 type=UiButton
06/08/2026 21:50:56   common property=role
06/08/2026 21:50:56   common property=h_sizing
06/08/2026 21:50:56   common property=v_sizing
06/08/2026 21:50:56   common property=cell_align_h
06/08/2026 21:50:56   common property=cell_align_v
06/08/2026 21:50:56   common property=fixed_width
06/08/2026 21:50:56   common property=fixed_height
06/08/2026 21:50:56   common property=min_width
06/08/2026 21:50:56   common property=min_height
06/08/2026 21:50:56   common property=max_width
06/08/2026 21:50:56   common property=max_height
06/08/2026 21:50:56   skip_unsafe property=text
06/08/2026 21:50:56   skip_unsafe property=icon
06/08/2026 21:50:56   skip_unsafe property=icon_size
06/08/2026 21:50:56   skip_unsafe property=icon_scale
06/08/2026 21:50:56   skip_unsafe property=icon_side
06/08/2026 21:50:56   skip_unsafe property=content_inset
06/08/2026 21:50:56   skip_unsafe property=content_gap
06/08/2026 21:50:56   skip_unsafe property=align_h
06/08/2026 21:50:56   skip_unsafe property=align_v
06/08/2026 21:50:56   skip_unsafe property=font
06/08/2026 21:50:56   skip_unsafe property=font_size
06/08/2026 21:50:56   common_bindings=11 group=
06/08/2026 21:50:56   add_row property=role editor=4 group=
06/08/2026 21:50:56   added_row property=role
06/08/2026 21:50:56   add_row property=h_sizing editor=4 group=
06/08/2026 21:50:56   added_row property=h_sizing
06/08/2026 21:50:56   add_row property=v_sizing editor=4 group=
06/08/2026 21:50:56   added_row property=v_sizing
06/08/2026 21:50:56   add_row property=cell_align_h editor=4 group=
06/08/2026 21:50:56   added_row property=cell_align_h
06/08/2026 21:50:56   add_row property=cell_align_v editor=4 group=
06/08/2026 21:50:56   added_row property=cell_align_v
06/08/2026 21:50:56   add_row property=fixed_width editor=7 group=
06/08/2026 21:50:56   added_row property=fixed_width
06/08/2026 21:50:56   add_row property=fixed_height editor=7 group=
06/08/2026 21:50:56   added_row property=fixed_height
06/08/2026 21:50:56   add_row property=min_width editor=7 group=
06/08/2026 21:50:56   added_row property=min_width
06/08/2026 21:50:56   add_row property=min_height editor=7 group=
06/08/2026 21:50:56   added_row property=min_height
06/08/2026 21:50:56   add_row property=max_width editor=7 group=
06/08/2026 21:50:56   added_row property=max_width
06/08/2026 21:50:56   add_row property=max_height editor=7 group=
06/08/2026 21:50:56   added_row property=max_height
06/08/2026 21:50:56 SetSelection count=2 id=7 id=8
06/08/2026 21:50:56   node id=7 type=UiButton
06/08/2026 21:50:56   node id=8 type=UiButton
06/08/2026 21:50:56   common property=theme_override
06/08/2026 21:50:56   skip_unsafe property=face
06/08/2026 21:50:56   skip_unsafe property=face_mode
06/08/2026 21:50:56   skip_unsafe property=face_quad
06/08/2026 21:50:56   skip_unsafe property=frame
06/08/2026 21:50:56   skip_unsafe property=radius
06/08/2026 21:50:56   skip_unsafe property=face_enabled
06/08/2026 21:50:56   skip_unsafe property=frame_enabled
06/08/2026 21:50:56   skip_unsafe property=shadow_enabled
06/08/2026 21:50:56   skip_unsafe property=shadow_distance
06/08/2026 21:50:56   skip_unsafe property=shadow_offset_x
06/08/2026 21:50:56   skip_unsafe property=shadow_offset_y
06/08/2026 21:50:56   skip_unsafe property=shadow_alpha
06/08/2026 21:50:56   skip_unsafe property=shadow_color
06/08/2026 21:50:56   skip_unsafe property=shadow_curve
06/08/2026 21:50:56   skip_unsafe property=ink_enabled
06/08/2026 21:50:56   skip_unsafe property=ink
06/08/2026 21:50:56   skip_unsafe property=icon_ink_enabled
06/08/2026 21:50:56   skip_unsafe property=icon_ink
06/08/2026 21:50:56   common_bindings=1 group=Theme Overrides
06/08/2026 21:50:56   add_row property=theme_override editor=3 group=Theme Overrides
06/08/2026 21:50:56   added_row property=theme_override
06/08/2026 21:50:56 SetSelection count=2 id=7 id=8
06/08/2026 21:50:56   node id=7 type=UiButton
06/08/2026 21:50:56   node id=8 type=UiButton
06/08/2026 21:50:56   common property=role
06/08/2026 21:50:56   common property=h_sizing
06/08/2026 21:50:56   common property=v_sizing
06/08/2026 21:50:57   common property=cell_align_h
06/08/2026 21:50:57   common property=cell_align_v
06/08/2026 21:50:57   common property=fixed_width
06/08/2026 21:50:57   common property=fixed_height
06/08/2026 21:50:57   common property=min_width
06/08/2026 21:50:57   common property=min_height
06/08/2026 21:50:57   common property=max_width
06/08/2026 21:50:57   common property=max_height
06/08/2026 21:50:57   skip_unsafe property=text
06/08/2026 21:50:57   skip_unsafe property=icon
06/08/2026 21:50:57   skip_unsafe property=icon_size
06/08/2026 21:50:57   skip_unsafe property=icon_scale
06/08/2026 21:50:57   skip_unsafe property=icon_side
06/08/2026 21:50:57   skip_unsafe property=content_inset
06/08/2026 21:50:57   skip_unsafe property=content_gap
06/08/2026 21:50:57   skip_unsafe property=align_h
06/08/2026 21:50:57   skip_unsafe property=align_v
06/08/2026 21:50:57   skip_unsafe property=font
06/08/2026 21:50:57   skip_unsafe property=font_size
06/08/2026 21:50:57   common_bindings=11 group=
06/08/2026 21:50:57   add_row property=role editor=4 group=
06/08/2026 21:50:57   added_row property=role
06/08/2026 21:50:57   add_row property=h_sizing editor=4 group=
06/08/2026 21:50:57   added_row property=h_sizing
06/08/2026 21:50:57   add_row property=v_sizing editor=4 group=
06/08/2026 21:50:57   added_row property=v_sizing
06/08/2026 21:50:57   add_row property=cell_align_h editor=4 group=
06/08/2026 21:50:57   added_row property=cell_align_h
06/08/2026 21:50:57   add_row property=cell_align_v editor=4 group=
06/08/2026 21:50:57   added_row property=cell_align_v
06/08/2026 21:50:57   add_row property=fixed_width editor=7 group=
06/08/2026 21:50:57   added_row property=fixed_width
06/08/2026 21:50:57   add_row property=fixed_height editor=7 group=
06/08/2026 21:50:57   added_row property=fixed_height
06/08/2026 21:50:57   add_row property=min_width editor=7 group=
06/08/2026 21:50:57   added_row property=min_width
06/08/2026 21:50:57   add_row property=min_height editor=7 group=
06/08/2026 21:50:57   added_row property=min_height
06/08/2026 21:50:57   add_row property=max_width editor=7 group=
06/08/2026 21:50:57   added_row property=max_width
06/08/2026 21:50:57   add_row property=max_height editor=7 group=
06/08/2026 21:50:57   added_row property=max_height
06/08/2026 21:50:57 SetSelection count=2 id=7 id=8
06/08/2026 21:50:57   node id=7 type=UiButton
06/08/2026 21:50:57   node id=8 type=UiButton
06/08/2026 21:50:57   common property=theme_override
06/08/2026 21:50:57   skip_unsafe property=face
06/08/2026 21:50:57   skip_unsafe property=face_mode
06/08/2026 21:50:57   skip_unsafe property=face_quad
06/08/2026 21:50:57   skip_unsafe property=frame
06/08/2026 21:50:57   skip_unsafe property=radius
06/08/2026 21:50:57   skip_unsafe property=face_enabled
06/08/2026 21:50:57   skip_unsafe property=frame_enabled
06/08/2026 21:50:57   skip_unsafe property=shadow_enabled
06/08/2026 21:50:57   skip_unsafe property=shadow_distance
06/08/2026 21:50:57   skip_unsafe property=shadow_offset_x
06/08/2026 21:50:57   skip_unsafe property=shadow_offset_y
06/08/2026 21:50:57   skip_unsafe property=shadow_alpha
06/08/2026 21:50:57   skip_unsafe property=shadow_color
06/08/2026 21:50:57   skip_unsafe property=shadow_curve
06/08/2026 21:50:57   skip_unsafe property=ink_enabled
06/08/2026 21:50:57   skip_unsafe property=ink
06/08/2026 21:50:57   skip_unsafe property=icon_ink_enabled
06/08/2026 21:50:57   skip_unsafe property=icon_ink
06/08/2026 21:50:57   common_bindings=1 group=Theme Overrides
06/08/2026 21:50:57   add_row property=theme_override editor=3 group=Theme Overrides
06/08/2026 21:50:57   added_row property=theme_override
06/08/2026 21:50:59 SetSelection count=2 id=7 id=8
06/08/2026 21:50:59   node id=7 type=UiButton
06/08/2026 21:50:59   node id=8 type=UiButton
06/08/2026 21:50:59   common property=role
06/08/2026 21:50:59   common property=h_sizing
06/08/2026 21:50:59   common property=v_sizing
06/08/2026 21:50:59   common property=cell_align_h
06/08/2026 21:50:59   common property=cell_align_v
06/08/2026 21:50:59   common property=fixed_width
06/08/2026 21:50:59   common property=fixed_height
06/08/2026 21:50:59   common property=min_width
06/08/2026 21:50:59   common property=min_height
06/08/2026 21:50:59   common property=max_width
06/08/2026 21:50:59   common property=max_height
06/08/2026 21:50:59   skip_unsafe property=text
06/08/2026 21:50:59   skip_unsafe property=icon
06/08/2026 21:50:59   skip_unsafe property=icon_size
06/08/2026 21:50:59   skip_unsafe property=icon_scale
06/08/2026 21:50:59   skip_unsafe property=icon_side
06/08/2026 21:50:59   skip_unsafe property=content_inset
06/08/2026 21:50:59   skip_unsafe property=content_gap
06/08/2026 21:50:59   skip_unsafe property=align_h
06/08/2026 21:50:59   skip_unsafe property=align_v
06/08/2026 21:50:59   skip_unsafe property=font
06/08/2026 21:50:59   skip_unsafe property=font_size
06/08/2026 21:50:59   common_bindings=11 group=
06/08/2026 21:50:59   add_row property=role editor=4 group=
06/08/2026 21:50:59   added_row property=role
06/08/2026 21:50:59   add_row property=h_sizing editor=4 group=
06/08/2026 21:50:59   added_row property=h_sizing
06/08/2026 21:50:59   add_row property=v_sizing editor=4 group=
06/08/2026 21:50:59   added_row property=v_sizing
06/08/2026 21:50:59   add_row property=cell_align_h editor=4 group=
06/08/2026 21:50:59   added_row property=cell_align_h
06/08/2026 21:50:59   add_row property=cell_align_v editor=4 group=
06/08/2026 21:50:59   added_row property=cell_align_v
06/08/2026 21:50:59   add_row property=fixed_width editor=7 group=
06/08/2026 21:50:59   added_row property=fixed_width
06/08/2026 21:50:59   add_row property=fixed_height editor=7 group=
06/08/2026 21:50:59   added_row property=fixed_height
06/08/2026 21:50:59   add_row property=min_width editor=7 group=
06/08/2026 21:50:59   added_row property=min_width
06/08/2026 21:50:59   add_row property=min_height editor=7 group=
06/08/2026 21:50:59   added_row property=min_height
06/08/2026 21:50:59   add_row property=max_width editor=7 group=
06/08/2026 21:50:59   added_row property=max_width
06/08/2026 21:50:59   add_row property=max_height editor=7 group=
06/08/2026 21:50:59   added_row property=max_height
06/08/2026 21:50:59 SetSelection count=2 id=7 id=8
06/08/2026 21:50:59   node id=7 type=UiButton
06/08/2026 21:50:59   node id=8 type=UiButton
06/08/2026 21:50:59   common property=theme_override
06/08/2026 21:50:59   skip_unsafe property=face
06/08/2026 21:50:59   skip_unsafe property=face_mode
06/08/2026 21:50:59   skip_unsafe property=face_quad
06/08/2026 21:50:59   skip_unsafe property=frame
06/08/2026 21:50:59   skip_unsafe property=radius
06/08/2026 21:50:59   skip_unsafe property=face_enabled
06/08/2026 21:50:59   skip_unsafe property=frame_enabled
06/08/2026 21:50:59   skip_unsafe property=shadow_enabled
06/08/2026 21:50:59   skip_unsafe property=shadow_distance
06/08/2026 21:50:59   skip_unsafe property=shadow_offset_x
06/08/2026 21:50:59   skip_unsafe property=shadow_offset_y
06/08/2026 21:50:59   skip_unsafe property=shadow_alpha
06/08/2026 21:50:59   skip_unsafe property=shadow_color
06/08/2026 21:50:59   skip_unsafe property=shadow_curve
06/08/2026 21:50:59   skip_unsafe property=ink_enabled
06/08/2026 21:50:59   skip_unsafe property=ink
06/08/2026 21:50:59   skip_unsafe property=icon_ink_enabled
06/08/2026 21:50:59   skip_unsafe property=icon_ink
06/08/2026 21:50:59   common_bindings=1 group=Theme Overrides
06/08/2026 21:50:59   add_row property=theme_override editor=3 group=Theme Overrides
06/08/2026 21:50:59   added_row property=theme_override
06/08/2026 21:51:13   slider_change property=fixed_width value=44
06/08/2026 21:51:13 SaveInspectorPropertyValues property=fixed_width ids=2 value=44
06/08/2026 21:51:13   begin_group
06/08/2026 21:51:13   changed id=7
06/08/2026 21:51:13   changed id=8
06/08/2026 21:51:13   end_group changed=2
06/08/2026 21:51:14   slider_action property=fixed_width value=44
06/08/2026 21:51:14 SaveInspectorPropertyValues property=fixed_width ids=2 value=44
06/08/2026 21:51:14   skip id=7 unchanged
06/08/2026 21:51:14   skip id=8 unchanged
06/08/2026 21:51:14   end_group changed=0
06/08/2026 21:51:15   slider_change property=fixed_height value=25
06/08/2026 21:51:15 SaveInspectorPropertyValues property=fixed_height ids=2 value=25
06/08/2026 21:51:15   begin_group
06/08/2026 21:51:15   changed id=7
06/08/2026 21:51:15   changed id=8
06/08/2026 21:51:15   end_group changed=2
06/08/2026 21:51:15   slider_change property=fixed_height value=19
06/08/2026 21:51:15 SaveInspectorPropertyValues property=fixed_height ids=2 value=19
06/08/2026 21:51:15   begin_group
06/08/2026 21:51:15   changed id=7
06/08/2026 21:51:15   changed id=8
06/08/2026 21:51:15   end_group changed=2
06/08/2026 21:51:16   slider_action property=fixed_height value=19
06/08/2026 21:51:16 SaveInspectorPropertyValues property=fixed_height ids=2 value=19
06/08/2026 21:51:16   skip id=7 unchanged
06/08/2026 21:51:16   skip id=8 unchanged
06/08/2026 21:51:16   end_group changed=0
06/08/2026 21:51:17   slider_change property=min_width value=55
06/08/2026 21:51:17 SaveInspectorPropertyValues property=min_width ids=2 value=55
06/08/2026 21:51:17   begin_group
06/08/2026 21:51:17   changed id=7
06/08/2026 21:51:17   changed id=8
06/08/2026 21:51:17   end_group changed=2
06/08/2026 21:51:17   slider_change property=min_width value=44
06/08/2026 21:51:17 SaveInspectorPropertyValues property=min_width ids=2 value=44
06/08/2026 21:51:17   begin_group
06/08/2026 21:51:17   changed id=7
06/08/2026 21:51:17   changed id=8
06/08/2026 21:51:17   end_group changed=2
06/08/2026 21:51:18   slider_action property=min_width value=44
06/08/2026 21:51:18 SaveInspectorPropertyValues property=min_width ids=2 value=44
06/08/2026 21:51:18   skip id=7 unchanged
06/08/2026 21:51:18   skip id=8 unchanged
06/08/2026 21:51:18   end_group changed=0
06/08/2026 21:51:23 SetSelection count=2 id=7 id=8
06/08/2026 21:51:23   node id=7 type=UiButton
06/08/2026 21:51:23   node id=8 type=UiButton
06/08/2026 21:51:23   common property=role
06/08/2026 21:51:23   common property=h_sizing
06/08/2026 21:51:23   common property=v_sizing
06/08/2026 21:51:23   common property=cell_align_h
06/08/2026 21:51:23   common property=cell_align_v
06/08/2026 21:51:23   common property=fixed_width
06/08/2026 21:51:23   common property=fixed_height
06/08/2026 21:51:23   common property=min_width
06/08/2026 21:51:23   common property=min_height
06/08/2026 21:51:23   common property=max_width
06/08/2026 21:51:23   common property=max_height
06/08/2026 21:51:23   skip_unsafe property=text
06/08/2026 21:51:23   skip_unsafe property=icon
06/08/2026 21:51:23   skip_unsafe property=icon_size
06/08/2026 21:51:23   skip_unsafe property=icon_scale
06/08/2026 21:51:23   skip_unsafe property=icon_side
06/08/2026 21:51:23   skip_unsafe property=content_inset
06/08/2026 21:51:23   skip_unsafe property=content_gap
06/08/2026 21:51:23   skip_unsafe property=align_h
06/08/2026 21:51:23   skip_unsafe property=align_v
06/08/2026 21:51:23   skip_unsafe property=font
06/08/2026 21:51:23   skip_unsafe property=font_size
06/08/2026 21:51:23   common_bindings=11 group=
06/08/2026 21:51:23   add_row property=role editor=4 group=
06/08/2026 21:51:23   added_row property=role
06/08/2026 21:51:23   add_row property=h_sizing editor=4 group=
06/08/2026 21:51:23   added_row property=h_sizing
06/08/2026 21:51:23   add_row property=v_sizing editor=4 group=
06/08/2026 21:51:23   added_row property=v_sizing
06/08/2026 21:51:23   add_row property=cell_align_h editor=4 group=
06/08/2026 21:51:23   added_row property=cell_align_h
06/08/2026 21:51:23   add_row property=cell_align_v editor=4 group=
06/08/2026 21:51:23   added_row property=cell_align_v
06/08/2026 21:51:23   add_row property=fixed_width editor=7 group=
06/08/2026 21:51:23   added_row property=fixed_width
06/08/2026 21:51:23   add_row property=fixed_height editor=7 group=
06/08/2026 21:51:23   added_row property=fixed_height
06/08/2026 21:51:23   add_row property=min_width editor=7 group=
06/08/2026 21:51:23   added_row property=min_width
06/08/2026 21:51:23   add_row property=min_height editor=7 group=
06/08/2026 21:51:23   added_row property=min_height
06/08/2026 21:51:23   add_row property=max_width editor=7 group=
06/08/2026 21:51:23   added_row property=max_width
06/08/2026 21:51:23   add_row property=max_height editor=7 group=
06/08/2026 21:51:23   added_row property=max_height
06/08/2026 21:51:23 SetSelection count=2 id=7 id=8
06/08/2026 21:51:23   node id=7 type=UiButton
06/08/2026 21:51:23   node id=8 type=UiButton
06/08/2026 21:51:23   common property=theme_override
06/08/2026 21:51:23   skip_unsafe property=face
06/08/2026 21:51:24   skip_unsafe property=face_mode
06/08/2026 21:51:24   skip_unsafe property=face_quad
06/08/2026 21:51:24   skip_unsafe property=frame
06/08/2026 21:51:24   skip_unsafe property=radius
06/08/2026 21:51:24   skip_unsafe property=face_enabled
06/08/2026 21:51:24   skip_unsafe property=frame_enabled
06/08/2026 21:51:24   skip_unsafe property=shadow_enabled
06/08/2026 21:51:24   skip_unsafe property=shadow_distance
06/08/2026 21:51:24   skip_unsafe property=shadow_offset_x
06/08/2026 21:51:24   skip_unsafe property=shadow_offset_y
06/08/2026 21:51:24   skip_unsafe property=shadow_alpha
06/08/2026 21:51:24   skip_unsafe property=shadow_color
06/08/2026 21:51:24   skip_unsafe property=shadow_curve
06/08/2026 21:51:24   skip_unsafe property=ink_enabled
06/08/2026 21:51:24   skip_unsafe property=ink
06/08/2026 21:51:24   skip_unsafe property=icon_ink_enabled
06/08/2026 21:51:24   skip_unsafe property=icon_ink
06/08/2026 21:51:24   common_bindings=1 group=Theme Overrides
06/08/2026 21:51:24   add_row property=theme_override editor=3 group=Theme Overrides
06/08/2026 21:51:24   added_row property=theme_override
06/08/2026 21:51:24 SetSelection count=2 id=7 id=8
06/08/2026 21:51:24   node id=7 type=UiButton
06/08/2026 21:51:24   node id=8 type=UiButton
06/08/2026 21:51:24   common property=role
06/08/2026 21:51:24   common property=h_sizing
06/08/2026 21:51:24   common property=v_sizing
06/08/2026 21:51:24   common property=cell_align_h
06/08/2026 21:51:24   common property=cell_align_v
06/08/2026 21:51:24   common property=fixed_width
06/08/2026 21:51:24   common property=fixed_height
06/08/2026 21:51:24   common property=min_width
06/08/2026 21:51:24   common property=min_height
06/08/2026 21:51:24   common property=max_width
06/08/2026 21:51:24   common property=max_height
06/08/2026 21:51:24   skip_unsafe property=text
06/08/2026 21:51:24   skip_unsafe property=icon
06/08/2026 21:51:24   skip_unsafe property=icon_size
06/08/2026 21:51:24   skip_unsafe property=icon_scale
06/08/2026 21:51:24   skip_unsafe property=icon_side
06/08/2026 21:51:24   skip_unsafe property=content_inset
06/08/2026 21:51:24   skip_unsafe property=content_gap
06/08/2026 21:51:24   skip_unsafe property=align_h
06/08/2026 21:51:24   skip_unsafe property=align_v
06/08/2026 21:51:24   skip_unsafe property=font
06/08/2026 21:51:24   skip_unsafe property=font_size
06/08/2026 21:51:24   common_bindings=11 group=
06/08/2026 21:51:24   add_row property=role editor=4 group=
06/08/2026 21:51:24   added_row property=role
06/08/2026 21:51:24   add_row property=h_sizing editor=4 group=
06/08/2026 21:51:24   added_row property=h_sizing
06/08/2026 21:51:24   add_row property=v_sizing editor=4 group=
06/08/2026 21:51:24   added_row property=v_sizing
06/08/2026 21:51:24   add_row property=cell_align_h editor=4 group=
06/08/2026 21:51:24   added_row property=cell_align_h
06/08/2026 21:51:24   add_row property=cell_align_v editor=4 group=
06/08/2026 21:51:24   added_row property=cell_align_v
06/08/2026 21:51:24   add_row property=fixed_width editor=7 group=
06/08/2026 21:51:24   added_row property=fixed_width
06/08/2026 21:51:24   add_row property=fixed_height editor=7 group=
06/08/2026 21:51:24   added_row property=fixed_height
06/08/2026 21:51:24   add_row property=min_width editor=7 group=
06/08/2026 21:51:24   added_row property=min_width
06/08/2026 21:51:24   add_row property=min_height editor=7 group=
06/08/2026 21:51:24   added_row property=min_height
06/08/2026 21:51:24   add_row property=max_width editor=7 group=
06/08/2026 21:51:24   added_row property=max_width
06/08/2026 21:51:24   add_row property=max_height editor=7 group=
06/08/2026 21:51:24   added_row property=max_height
06/08/2026 21:51:24 SetSelection count=2 id=7 id=8
06/08/2026 21:51:24   node id=7 type=UiButton
06/08/2026 21:51:24   node id=8 type=UiButton
06/08/2026 21:51:24   common property=theme_override
06/08/2026 21:51:24   skip_unsafe property=face
06/08/2026 21:51:24   skip_unsafe property=face_mode
06/08/2026 21:51:24   skip_unsafe property=face_quad
06/08/2026 21:51:24   skip_unsafe property=frame
06/08/2026 21:51:24   skip_unsafe property=radius
06/08/2026 21:51:24   skip_unsafe property=face_enabled
06/08/2026 21:51:24   skip_unsafe property=frame_enabled
06/08/2026 21:51:24   skip_unsafe property=shadow_enabled
06/08/2026 21:51:24   skip_unsafe property=shadow_distance
06/08/2026 21:51:24   skip_unsafe property=shadow_offset_x
06/08/2026 21:51:24   skip_unsafe property=shadow_offset_y
06/08/2026 21:51:24   skip_unsafe property=shadow_alpha
06/08/2026 21:51:24   skip_unsafe property=shadow_color
06/08/2026 21:51:24   skip_unsafe property=shadow_curve
06/08/2026 21:51:24   skip_unsafe property=ink_enabled
06/08/2026 21:51:24   skip_unsafe property=ink
06/08/2026 21:51:24   skip_unsafe property=icon_ink_enabled
06/08/2026 21:51:24   skip_unsafe property=icon_ink
06/08/2026 21:51:24   common_bindings=1 group=Theme Overrides
06/08/2026 21:51:24   add_row property=theme_override editor=3 group=Theme Overrides
06/08/2026 21:51:24   added_row property=theme_override
06/08/2026 21:51:24 SetSelection count=2 id=7 id=8
06/08/2026 21:51:24   node id=7 type=UiButton
06/08/2026 21:51:24   node id=8 type=UiButton
06/08/2026 21:51:24   common property=role
06/08/2026 21:51:24   common property=h_sizing
06/08/2026 21:51:24   common property=v_sizing
06/08/2026 21:51:24   common property=cell_align_h
06/08/2026 21:51:24   common property=cell_align_v
06/08/2026 21:51:24   common property=fixed_width
06/08/2026 21:51:24   common property=fixed_height
06/08/2026 21:51:24   common property=min_width
06/08/2026 21:51:24   common property=min_height
06/08/2026 21:51:25   common property=max_width
06/08/2026 21:51:25   common property=max_height
06/08/2026 21:51:25   skip_unsafe property=text
06/08/2026 21:51:25   skip_unsafe property=icon
06/08/2026 21:51:25   skip_unsafe property=icon_size
06/08/2026 21:51:25   skip_unsafe property=icon_scale
06/08/2026 21:51:25   skip_unsafe property=icon_side
06/08/2026 21:51:25   skip_unsafe property=content_inset
06/08/2026 21:51:25   skip_unsafe property=content_gap
06/08/2026 21:51:25   skip_unsafe property=align_h
06/08/2026 21:51:25   skip_unsafe property=align_v
06/08/2026 21:51:25   skip_unsafe property=font
06/08/2026 21:51:25   skip_unsafe property=font_size
06/08/2026 21:51:25   common_bindings=11 group=
06/08/2026 21:51:25   add_row property=role editor=4 group=
06/08/2026 21:51:25   added_row property=role
06/08/2026 21:51:25   add_row property=h_sizing editor=4 group=
06/08/2026 21:51:25   added_row property=h_sizing
06/08/2026 21:51:25   add_row property=v_sizing editor=4 group=
06/08/2026 21:51:25   added_row property=v_sizing
06/08/2026 21:51:25   add_row property=cell_align_h editor=4 group=
06/08/2026 21:51:25   added_row property=cell_align_h
06/08/2026 21:51:25   add_row property=cell_align_v editor=4 group=
06/08/2026 21:51:25   added_row property=cell_align_v
06/08/2026 21:51:25   add_row property=fixed_width editor=7 group=
06/08/2026 21:51:25   added_row property=fixed_width
06/08/2026 21:51:25   add_row property=fixed_height editor=7 group=
06/08/2026 21:51:25   added_row property=fixed_height
06/08/2026 21:51:25   add_row property=min_width editor=7 group=
06/08/2026 21:51:25   added_row property=min_width
06/08/2026 21:51:25   add_row property=min_height editor=7 group=
06/08/2026 21:51:25   added_row property=min_height
06/08/2026 21:51:25   add_row property=max_width editor=7 group=
06/08/2026 21:51:25   added_row property=max_width
06/08/2026 21:51:25   add_row property=max_height editor=7 group=
06/08/2026 21:51:25   added_row property=max_height
06/08/2026 21:51:25 SetSelection count=2 id=7 id=8
06/08/2026 21:51:25   node id=7 type=UiButton
06/08/2026 21:51:25   node id=8 type=UiButton
06/08/2026 21:51:25   common property=theme_override
06/08/2026 21:51:25   skip_unsafe property=face
06/08/2026 21:51:25   skip_unsafe property=face_mode
06/08/2026 21:51:25   skip_unsafe property=face_quad
06/08/2026 21:51:25   skip_unsafe property=frame
06/08/2026 21:51:25   skip_unsafe property=radius
06/08/2026 21:51:25   skip_unsafe property=face_enabled
06/08/2026 21:51:25   skip_unsafe property=frame_enabled
06/08/2026 21:51:25   skip_unsafe property=shadow_enabled
06/08/2026 21:51:25   skip_unsafe property=shadow_distance
06/08/2026 21:51:25   skip_unsafe property=shadow_offset_x
06/08/2026 21:51:25   skip_unsafe property=shadow_offset_y
06/08/2026 21:51:25   skip_unsafe property=shadow_alpha
06/08/2026 21:51:25   skip_unsafe property=shadow_color
06/08/2026 21:51:25   skip_unsafe property=shadow_curve
06/08/2026 21:51:25   skip_unsafe property=ink_enabled
06/08/2026 21:51:25   skip_unsafe property=ink
06/08/2026 21:51:25   skip_unsafe property=icon_ink_enabled
06/08/2026 21:51:25   skip_unsafe property=icon_ink
06/08/2026 21:51:25   common_bindings=1 group=Theme Overrides
06/08/2026 21:51:25   add_row property=theme_override editor=3 group=Theme Overrides
06/08/2026 21:51:25   added_row property=theme_override
06/08/2026 21:51:25 SetSelection count=2 id=7 id=8
06/08/2026 21:51:25   node id=7 type=UiButton
06/08/2026 21:51:25   node id=8 type=UiButton
06/08/2026 21:51:25   common property=role
06/08/2026 21:51:25   common property=h_sizing
06/08/2026 21:51:25   common property=v_sizing
06/08/2026 21:51:25   common property=cell_align_h
06/08/2026 21:51:25   common property=cell_align_v
06/08/2026 21:51:25   common property=fixed_width
06/08/2026 21:51:25   common property=fixed_height
06/08/2026 21:51:25   common property=min_width
06/08/2026 21:51:25   common property=min_height
06/08/2026 21:51:25   common property=max_width
06/08/2026 21:51:25   common property=max_height
06/08/2026 21:51:25   skip_unsafe property=text
06/08/2026 21:51:25   skip_unsafe property=icon
06/08/2026 21:51:25   skip_unsafe property=icon_size
06/08/2026 21:51:25   skip_unsafe property=icon_scale
06/08/2026 21:51:25   skip_unsafe property=icon_side
06/08/2026 21:51:25   skip_unsafe property=content_inset
06/08/2026 21:51:25   skip_unsafe property=content_gap
06/08/2026 21:51:25   skip_unsafe property=align_h
06/08/2026 21:51:25   skip_unsafe property=align_v
06/08/2026 21:51:25   skip_unsafe property=font
06/08/2026 21:51:25   skip_unsafe property=font_size
06/08/2026 21:51:25   common_bindings=11 group=
06/08/2026 21:51:25   add_row property=role editor=4 group=
06/08/2026 21:51:25   added_row property=role
06/08/2026 21:51:25   add_row property=h_sizing editor=4 group=
06/08/2026 21:51:25   added_row property=h_sizing
06/08/2026 21:51:25   add_row property=v_sizing editor=4 group=
06/08/2026 21:51:25   added_row property=v_sizing
06/08/2026 21:51:25   add_row property=cell_align_h editor=4 group=
06/08/2026 21:51:25   added_row property=cell_align_h
06/08/2026 21:51:25   add_row property=cell_align_v editor=4 group=
06/08/2026 21:51:25   added_row property=cell_align_v
06/08/2026 21:51:25   add_row property=fixed_width editor=7 group=
06/08/2026 21:51:25   added_row property=fixed_width
06/08/2026 21:51:25   add_row property=fixed_height editor=7 group=
06/08/2026 21:51:25   added_row property=fixed_height
06/08/2026 21:51:25   add_row property=min_width editor=7 group=
06/08/2026 21:51:25   added_row property=min_width
06/08/2026 21:51:25   add_row property=min_height editor=7 group=
06/08/2026 21:51:25   added_row property=min_height
06/08/2026 21:51:26   add_row property=max_width editor=7 group=
06/08/2026 21:51:26   added_row property=max_width
06/08/2026 21:51:26   add_row property=max_height editor=7 group=
06/08/2026 21:51:26   added_row property=max_height
06/08/2026 21:51:26 SetSelection count=2 id=7 id=8
06/08/2026 21:51:26   node id=7 type=UiButton
06/08/2026 21:51:26   node id=8 type=UiButton
06/08/2026 21:51:26   common property=theme_override
06/08/2026 21:51:26   skip_unsafe property=face
06/08/2026 21:51:26   skip_unsafe property=face_mode
06/08/2026 21:51:26   skip_unsafe property=face_quad
06/08/2026 21:51:26   skip_unsafe property=frame
06/08/2026 21:51:26   skip_unsafe property=radius
06/08/2026 21:51:26   skip_unsafe property=face_enabled
06/08/2026 21:51:26   skip_unsafe property=frame_enabled
06/08/2026 21:51:26   skip_unsafe property=shadow_enabled
06/08/2026 21:51:26   skip_unsafe property=shadow_distance
06/08/2026 21:51:26   skip_unsafe property=shadow_offset_x
06/08/2026 21:51:26   skip_unsafe property=shadow_offset_y
06/08/2026 21:51:26   skip_unsafe property=shadow_alpha
06/08/2026 21:51:26   skip_unsafe property=shadow_color
06/08/2026 21:51:26   skip_unsafe property=shadow_curve
06/08/2026 21:51:26   skip_unsafe property=ink_enabled
06/08/2026 21:51:26   skip_unsafe property=ink
06/08/2026 21:51:26   skip_unsafe property=icon_ink_enabled
06/08/2026 21:51:26   skip_unsafe property=icon_ink
06/08/2026 21:51:26   common_bindings=1 group=Theme Overrides
06/08/2026 21:51:26   add_row property=theme_override editor=3 group=Theme Overrides
06/08/2026 21:51:26   added_row property=theme_override
06/08/2026 21:51:26 SetSelection count=2 id=7 id=8
06/08/2026 21:51:26   node id=7 type=UiButton
06/08/2026 21:51:26   node id=8 type=UiButton
06/08/2026 21:51:26   common property=role
06/08/2026 21:51:26   common property=h_sizing
06/08/2026 21:51:26   common property=v_sizing
06/08/2026 21:51:26   common property=cell_align_h
06/08/2026 21:51:26   common property=cell_align_v
06/08/2026 21:51:26   common property=fixed_width
06/08/2026 21:51:26   common property=fixed_height
06/08/2026 21:51:26   common property=min_width
06/08/2026 21:51:26   common property=min_height
06/08/2026 21:51:26   common property=max_width
06/08/2026 21:51:26   common property=max_height
06/08/2026 21:51:26   skip_unsafe property=text
06/08/2026 21:51:26   skip_unsafe property=icon
06/08/2026 21:51:26   skip_unsafe property=icon_size
06/08/2026 21:51:26   skip_unsafe property=icon_scale
06/08/2026 21:51:26   skip_unsafe property=icon_side
06/08/2026 21:51:26   skip_unsafe property=content_inset
06/08/2026 21:51:26   skip_unsafe property=content_gap
06/08/2026 21:51:26   skip_unsafe property=align_h
06/08/2026 21:51:26   skip_unsafe property=align_v
06/08/2026 21:51:26   skip_unsafe property=font
06/08/2026 21:51:26   skip_unsafe property=font_size
06/08/2026 21:51:26   common_bindings=11 group=
06/08/2026 21:51:26   add_row property=role editor=4 group=
06/08/2026 21:51:26   added_row property=role
06/08/2026 21:51:26   add_row property=h_sizing editor=4 group=
06/08/2026 21:51:26   added_row property=h_sizing
06/08/2026 21:51:26   add_row property=v_sizing editor=4 group=
06/08/2026 21:51:26   added_row property=v_sizing
06/08/2026 21:51:26   add_row property=cell_align_h editor=4 group=
06/08/2026 21:51:26   added_row property=cell_align_h
06/08/2026 21:51:26   add_row property=cell_align_v editor=4 group=
06/08/2026 21:51:26   added_row property=cell_align_v
06/08/2026 21:51:26   add_row property=fixed_width editor=7 group=
06/08/2026 21:51:26   added_row property=fixed_width
06/08/2026 21:51:26   add_row property=fixed_height editor=7 group=
06/08/2026 21:51:26   added_row property=fixed_height
06/08/2026 21:51:26   add_row property=min_width editor=7 group=
06/08/2026 21:51:26   added_row property=min_width
06/08/2026 21:51:26   add_row property=min_height editor=7 group=
06/08/2026 21:51:26   added_row property=min_height
06/08/2026 21:51:26   add_row property=max_width editor=7 group=
06/08/2026 21:51:26   added_row property=max_width
06/08/2026 21:51:26   add_row property=max_height editor=7 group=
06/08/2026 21:51:26   added_row property=max_height
06/08/2026 21:51:26 SetSelection count=2 id=7 id=8
06/08/2026 21:51:26   node id=7 type=UiButton
06/08/2026 21:51:26   node id=8 type=UiButton
06/08/2026 21:51:26   common property=theme_override
06/08/2026 21:51:26   skip_unsafe property=face
06/08/2026 21:51:26   skip_unsafe property=face_mode
06/08/2026 21:51:26   skip_unsafe property=face_quad
06/08/2026 21:51:26   skip_unsafe property=frame
06/08/2026 21:51:26   skip_unsafe property=radius
06/08/2026 21:51:26   skip_unsafe property=face_enabled
06/08/2026 21:51:26   skip_unsafe property=frame_enabled
06/08/2026 21:51:26   skip_unsafe property=shadow_enabled
06/08/2026 21:51:26   skip_unsafe property=shadow_distance
06/08/2026 21:51:26   skip_unsafe property=shadow_offset_x
06/08/2026 21:51:26   skip_unsafe property=shadow_offset_y
06/08/2026 21:51:26   skip_unsafe property=shadow_alpha
06/08/2026 21:51:26   skip_unsafe property=shadow_color
06/08/2026 21:51:26   skip_unsafe property=shadow_curve
06/08/2026 21:51:26   skip_unsafe property=ink_enabled
06/08/2026 21:51:26   skip_unsafe property=ink
06/08/2026 21:51:26   skip_unsafe property=icon_ink_enabled
06/08/2026 21:51:26   skip_unsafe property=icon_ink
06/08/2026 21:51:26   common_bindings=1 group=Theme Overrides
06/08/2026 21:51:26   add_row property=theme_override editor=3 group=Theme Overrides
06/08/2026 21:51:26   added_row property=theme_override
06/08/2026 21:51:26 SetSelection count=2 id=7 id=8
06/08/2026 21:51:26   node id=7 type=UiButton
06/08/2026 21:51:26   node id=8 type=UiButton
06/08/2026 21:51:26   common property=role
06/08/2026 21:51:27   common property=h_sizing
06/08/2026 21:51:27   common property=v_sizing
06/08/2026 21:51:27   common property=cell_align_h
06/08/2026 21:51:27   common property=cell_align_v
06/08/2026 21:51:27   common property=fixed_width
06/08/2026 21:51:27   common property=fixed_height
06/08/2026 21:51:27   common property=min_width
06/08/2026 21:51:27   common property=min_height
06/08/2026 21:51:27   common property=max_width
06/08/2026 21:51:27   common property=max_height
06/08/2026 21:51:27   skip_unsafe property=text
06/08/2026 21:51:27   skip_unsafe property=icon
06/08/2026 21:51:27   skip_unsafe property=icon_size
06/08/2026 21:51:27   skip_unsafe property=icon_scale
06/08/2026 21:51:27   skip_unsafe property=icon_side
06/08/2026 21:51:27   skip_unsafe property=content_inset
06/08/2026 21:51:27   skip_unsafe property=content_gap
06/08/2026 21:51:27   skip_unsafe property=align_h
06/08/2026 21:51:27   skip_unsafe property=align_v
06/08/2026 21:51:27   skip_unsafe property=font
06/08/2026 21:51:27   skip_unsafe property=font_size
06/08/2026 21:51:27   common_bindings=11 group=
06/08/2026 21:51:27   add_row property=role editor=4 group=
06/08/2026 21:51:27   added_row property=role
06/08/2026 21:51:27   add_row property=h_sizing editor=4 group=
06/08/2026 21:51:27   added_row property=h_sizing
06/08/2026 21:51:27   add_row property=v_sizing editor=4 group=
06/08/2026 21:51:27   added_row property=v_sizing
06/08/2026 21:51:27   add_row property=cell_align_h editor=4 group=
06/08/2026 21:51:27   added_row property=cell_align_h
06/08/2026 21:51:27   add_row property=cell_align_v editor=4 group=
06/08/2026 21:51:27   added_row property=cell_align_v
06/08/2026 21:51:27   add_row property=fixed_width editor=7 group=
06/08/2026 21:51:27   added_row property=fixed_width
06/08/2026 21:51:27   add_row property=fixed_height editor=7 group=
06/08/2026 21:51:27   added_row property=fixed_height
06/08/2026 21:51:27   add_row property=min_width editor=7 group=
06/08/2026 21:51:27   added_row property=min_width
06/08/2026 21:51:27   add_row property=min_height editor=7 group=
06/08/2026 21:51:27   added_row property=min_height
06/08/2026 21:51:27   add_row property=max_width editor=7 group=
06/08/2026 21:51:27   added_row property=max_width
06/08/2026 21:51:27   add_row property=max_height editor=7 group=
06/08/2026 21:51:27   added_row property=max_height
06/08/2026 21:51:27 SetSelection count=2 id=7 id=8
06/08/2026 21:51:27   node id=7 type=UiButton
06/08/2026 21:51:27   node id=8 type=UiButton
06/08/2026 21:51:27   common property=theme_override
06/08/2026 21:51:27   skip_unsafe property=face
06/08/2026 21:51:27   skip_unsafe property=face_mode
06/08/2026 21:51:27   skip_unsafe property=face_quad
06/08/2026 21:51:27   skip_unsafe property=frame
06/08/2026 21:51:27   skip_unsafe property=radius
06/08/2026 21:51:27   skip_unsafe property=face_enabled
06/08/2026 21:51:27   skip_unsafe property=frame_enabled
06/08/2026 21:51:27   skip_unsafe property=shadow_enabled
06/08/2026 21:51:27   skip_unsafe property=shadow_distance
06/08/2026 21:51:27   skip_unsafe property=shadow_offset_x
06/08/2026 21:51:27   skip_unsafe property=shadow_offset_y
06/08/2026 21:51:27   skip_unsafe property=shadow_alpha
06/08/2026 21:51:27   skip_unsafe property=shadow_color
06/08/2026 21:51:27   skip_unsafe property=shadow_curve
06/08/2026 21:51:27   skip_unsafe property=ink_enabled
06/08/2026 21:51:27   skip_unsafe property=ink
06/08/2026 21:51:27   skip_unsafe property=icon_ink_enabled
06/08/2026 21:51:27   skip_unsafe property=icon_ink
06/08/2026 21:51:27   common_bindings=1 group=Theme Overrides
06/08/2026 21:51:27   add_row property=theme_override editor=3 group=Theme Overrides
06/08/2026 21:51:27   added_row property=theme_override
06/08/2026 21:51:28 SetSelection count=2 id=7 id=8
06/08/2026 21:51:28   node id=7 type=UiButton
06/08/2026 21:51:28   node id=8 type=UiButton
06/08/2026 21:51:28   common property=role
06/08/2026 21:51:28   common property=h_sizing
06/08/2026 21:51:28   common property=v_sizing
06/08/2026 21:51:28   common property=cell_align_h
06/08/2026 21:51:28   common property=cell_align_v
06/08/2026 21:51:28   common property=fixed_width
06/08/2026 21:51:28   common property=fixed_height
06/08/2026 21:51:28   common property=min_width
06/08/2026 21:51:28   common property=min_height
06/08/2026 21:51:28   common property=max_width
06/08/2026 21:51:28   common property=max_height
06/08/2026 21:51:28   skip_unsafe property=text
06/08/2026 21:51:28   skip_unsafe property=icon
06/08/2026 21:51:28   skip_unsafe property=icon_size
06/08/2026 21:51:28   skip_unsafe property=icon_scale
06/08/2026 21:51:28   skip_unsafe property=icon_side
06/08/2026 21:51:28   skip_unsafe property=content_inset
06/08/2026 21:51:28   skip_unsafe property=content_gap
06/08/2026 21:51:28   skip_unsafe property=align_h
06/08/2026 21:51:28   skip_unsafe property=align_v
06/08/2026 21:51:28   skip_unsafe property=font
06/08/2026 21:51:28   skip_unsafe property=font_size
06/08/2026 21:51:28   common_bindings=11 group=
06/08/2026 21:51:28   add_row property=role editor=4 group=
06/08/2026 21:51:28   added_row property=role
06/08/2026 21:51:28   add_row property=h_sizing editor=4 group=
06/08/2026 21:51:29   added_row property=h_sizing
06/08/2026 21:51:29   add_row property=v_sizing editor=4 group=
06/08/2026 21:51:29   added_row property=v_sizing
06/08/2026 21:51:29   add_row property=cell_align_h editor=4 group=
06/08/2026 21:51:29   added_row property=cell_align_h
06/08/2026 21:51:29   add_row property=cell_align_v editor=4 group=
06/08/2026 21:51:29   added_row property=cell_align_v
06/08/2026 21:51:29   add_row property=fixed_width editor=7 group=
06/08/2026 21:51:29   added_row property=fixed_width
06/08/2026 21:51:29   add_row property=fixed_height editor=7 group=
06/08/2026 21:51:29   added_row property=fixed_height
06/08/2026 21:51:29   add_row property=min_width editor=7 group=
06/08/2026 21:51:29   added_row property=min_width
06/08/2026 21:51:29   add_row property=min_height editor=7 group=
06/08/2026 21:51:29   added_row property=min_height
06/08/2026 21:51:29   add_row property=max_width editor=7 group=
06/08/2026 21:51:29   added_row property=max_width
06/08/2026 21:51:29   add_row property=max_height editor=7 group=
06/08/2026 21:51:29   added_row property=max_height
06/08/2026 21:51:29 SetSelection count=2 id=7 id=8
06/08/2026 21:51:29   node id=7 type=UiButton
06/08/2026 21:51:29   node id=8 type=UiButton
06/08/2026 21:51:29   common property=theme_override
06/08/2026 21:51:29   skip_unsafe property=face
06/08/2026 21:51:29   skip_unsafe property=face_mode
06/08/2026 21:51:29   skip_unsafe property=face_quad
06/08/2026 21:51:29   skip_unsafe property=frame
06/08/2026 21:51:29   skip_unsafe property=radius
06/08/2026 21:51:29   skip_unsafe property=face_enabled
06/08/2026 21:51:29   skip_unsafe property=frame_enabled
06/08/2026 21:51:29   skip_unsafe property=shadow_enabled
06/08/2026 21:51:29   skip_unsafe property=shadow_distance
06/08/2026 21:51:29   skip_unsafe property=shadow_offset_x
06/08/2026 21:51:29   skip_unsafe property=shadow_offset_y
06/08/2026 21:51:29   skip_unsafe property=shadow_alpha
06/08/2026 21:51:29   skip_unsafe property=shadow_color
06/08/2026 21:51:29   skip_unsafe property=shadow_curve
06/08/2026 21:51:29   skip_unsafe property=ink_enabled
06/08/2026 21:51:29   skip_unsafe property=ink
06/08/2026 21:51:29   skip_unsafe property=icon_ink_enabled
06/08/2026 21:51:29   skip_unsafe property=icon_ink
06/08/2026 21:51:29   common_bindings=1 group=Theme Overrides
06/08/2026 21:51:29   add_row property=theme_override editor=3 group=Theme Overrides
06/08/2026 21:51:29   added_row property=theme_override
06/08/2026 21:51:29 SetSelection count=2 id=7 id=8
06/08/2026 21:51:29   node id=7 type=UiButton
06/08/2026 21:51:29   node id=8 type=UiButton
06/08/2026 21:51:29   common property=role
06/08/2026 21:51:29   common property=h_sizing
06/08/2026 21:51:29   common property=v_sizing
06/08/2026 21:51:29   common property=cell_align_h
06/08/2026 21:51:29   common property=cell_align_v
06/08/2026 21:51:29   common property=fixed_width
06/08/2026 21:51:29   common property=fixed_height
06/08/2026 21:51:29   common property=min_width
06/08/2026 21:51:29   common property=min_height
06/08/2026 21:51:29   common property=max_width
06/08/2026 21:51:29   common property=max_height
06/08/2026 21:51:29   skip_unsafe property=text
06/08/2026 21:51:29   skip_unsafe property=icon
06/08/2026 21:51:29   skip_unsafe property=icon_size
06/08/2026 21:51:29   skip_unsafe property=icon_scale
06/08/2026 21:51:29   skip_unsafe property=icon_side
06/08/2026 21:51:29   skip_unsafe property=content_inset
06/08/2026 21:51:29   skip_unsafe property=content_gap
06/08/2026 21:51:29   skip_unsafe property=align_h
06/08/2026 21:51:29   skip_unsafe property=align_v
06/08/2026 21:51:29   skip_unsafe property=font
06/08/2026 21:51:29   skip_unsafe property=font_size
06/08/2026 21:51:29   common_bindings=11 group=
06/08/2026 21:51:29   add_row property=role editor=4 group=
06/08/2026 21:51:29   added_row property=role
06/08/2026 21:51:29   add_row property=h_sizing editor=4 group=
06/08/2026 21:51:29   added_row property=h_sizing
06/08/2026 21:51:29   add_row property=v_sizing editor=4 group=
06/08/2026 21:51:29   added_row property=v_sizing
06/08/2026 21:51:29   add_row property=cell_align_h editor=4 group=
06/08/2026 21:51:29   added_row property=cell_align_h
06/08/2026 21:51:29   add_row property=cell_align_v editor=4 group=
06/08/2026 21:51:29   added_row property=cell_align_v
06/08/2026 21:51:29   add_row property=fixed_width editor=7 group=
06/08/2026 21:51:29   added_row property=fixed_width
06/08/2026 21:51:29   add_row property=fixed_height editor=7 group=
06/08/2026 21:51:29   added_row property=fixed_height
06/08/2026 21:51:29   add_row property=min_width editor=7 group=
06/08/2026 21:51:29   added_row property=min_width
06/08/2026 21:51:29   add_row property=min_height editor=7 group=
06/08/2026 21:51:29   added_row property=min_height
06/08/2026 21:51:29   add_row property=max_width editor=7 group=
06/08/2026 21:51:29   added_row property=max_width
06/08/2026 21:51:29   add_row property=max_height editor=7 group=
06/08/2026 21:51:29   added_row property=max_height
06/08/2026 21:51:29 SetSelection count=2 id=7 id=8
06/08/2026 21:51:29   node id=7 type=UiButton
06/08/2026 21:51:29   node id=8 type=UiButton
06/08/2026 21:51:29   common property=theme_override
06/08/2026 21:51:29   skip_unsafe property=face
06/08/2026 21:51:29   skip_unsafe property=face_mode
06/08/2026 21:51:29   skip_unsafe property=face_quad
06/08/2026 21:51:29   skip_unsafe property=frame
06/08/2026 21:51:29   skip_unsafe property=radius
06/08/2026 21:51:29   skip_unsafe property=face_enabled
06/08/2026 21:51:29   skip_unsafe property=frame_enabled
06/08/2026 21:51:29   skip_unsafe property=shadow_enabled
06/08/2026 21:51:29   skip_unsafe property=shadow_distance
06/08/2026 21:51:29   skip_unsafe property=shadow_offset_x
06/08/2026 21:51:29   skip_unsafe property=shadow_offset_y
06/08/2026 21:51:30   skip_unsafe property=shadow_alpha
06/08/2026 21:51:30   skip_unsafe property=shadow_color
06/08/2026 21:51:30   skip_unsafe property=shadow_curve
06/08/2026 21:51:30   skip_unsafe property=ink_enabled
06/08/2026 21:51:30   skip_unsafe property=ink
06/08/2026 21:51:30   skip_unsafe property=icon_ink_enabled
06/08/2026 21:51:30   skip_unsafe property=icon_ink
06/08/2026 21:51:30   common_bindings=1 group=Theme Overrides
06/08/2026 21:51:30   add_row property=theme_override editor=3 group=Theme Overrides
06/08/2026 21:51:30   added_row property=theme_override
06/08/2026 21:51:31 SetSelection count=2 id=7 id=8
06/08/2026 21:51:31   node id=7 type=UiButton
06/08/2026 21:51:31   node id=8 type=UiButton
06/08/2026 21:51:31   common property=role
06/08/2026 21:51:31   common property=h_sizing
06/08/2026 21:51:31   common property=v_sizing
06/08/2026 21:51:31   common property=cell_align_h
06/08/2026 21:51:31   common property=cell_align_v
06/08/2026 21:51:31   common property=fixed_width
06/08/2026 21:51:31   common property=fixed_height
06/08/2026 21:51:31   common property=min_width
06/08/2026 21:51:31   common property=min_height
06/08/2026 21:51:31   common property=max_width
06/08/2026 21:51:31   common property=max_height
06/08/2026 21:51:31   skip_unsafe property=text
06/08/2026 21:51:31   skip_unsafe property=icon
06/08/2026 21:51:31   skip_unsafe property=icon_size
06/08/2026 21:51:31   skip_unsafe property=icon_scale
06/08/2026 21:51:31   skip_unsafe property=icon_side
06/08/2026 21:51:31   skip_unsafe property=content_inset
06/08/2026 21:51:31   skip_unsafe property=content_gap
06/08/2026 21:51:31   skip_unsafe property=align_h
06/08/2026 21:51:31   skip_unsafe property=align_v
06/08/2026 21:51:31   skip_unsafe property=font
06/08/2026 21:51:31   skip_unsafe property=font_size
06/08/2026 21:51:31   common_bindings=11 group=
06/08/2026 21:51:31   add_row property=role editor=4 group=
06/08/2026 21:51:31   added_row property=role
06/08/2026 21:51:31   add_row property=h_sizing editor=4 group=
06/08/2026 21:51:31   added_row property=h_sizing
06/08/2026 21:51:31   add_row property=v_sizing editor=4 group=
06/08/2026 21:51:31   added_row property=v_sizing
06/08/2026 21:51:31   add_row property=cell_align_h editor=4 group=
06/08/2026 21:51:31   added_row property=cell_align_h
06/08/2026 21:51:31   add_row property=cell_align_v editor=4 group=
06/08/2026 21:51:31   added_row property=cell_align_v
06/08/2026 21:51:31   add_row property=fixed_width editor=7 group=
06/08/2026 21:51:31   added_row property=fixed_width
06/08/2026 21:51:31   add_row property=fixed_height editor=7 group=
06/08/2026 21:51:31   added_row property=fixed_height
06/08/2026 21:51:31   add_row property=min_width editor=7 group=
06/08/2026 21:51:31   added_row property=min_width
06/08/2026 21:51:31   add_row property=min_height editor=7 group=
06/08/2026 21:51:31   added_row property=min_height
06/08/2026 21:51:31   add_row property=max_width editor=7 group=
06/08/2026 21:51:31   added_row property=max_width
06/08/2026 21:51:31   add_row property=max_height editor=7 group=
06/08/2026 21:51:31   added_row property=max_height
06/08/2026 21:51:31 SetSelection count=2 id=7 id=8
06/08/2026 21:51:31   node id=7 type=UiButton
06/08/2026 21:51:31   node id=8 type=UiButton
06/08/2026 21:51:31   common property=theme_override
06/08/2026 21:51:31   skip_unsafe property=face
06/08/2026 21:51:31   skip_unsafe property=face_mode
06/08/2026 21:51:31   skip_unsafe property=face_quad
06/08/2026 21:51:31   skip_unsafe property=frame
06/08/2026 21:51:31   skip_unsafe property=radius
06/08/2026 21:51:31   skip_unsafe property=face_enabled
06/08/2026 21:51:31   skip_unsafe property=frame_enabled
06/08/2026 21:51:31   skip_unsafe property=shadow_enabled
06/08/2026 21:51:31   skip_unsafe property=shadow_distance
06/08/2026 21:51:31   skip_unsafe property=shadow_offset_x
06/08/2026 21:51:31   skip_unsafe property=shadow_offset_y
06/08/2026 21:51:31   skip_unsafe property=shadow_alpha
06/08/2026 21:51:31   skip_unsafe property=shadow_color
06/08/2026 21:51:31   skip_unsafe property=shadow_curve
06/08/2026 21:51:31   skip_unsafe property=ink_enabled
06/08/2026 21:51:31   skip_unsafe property=ink
06/08/2026 21:51:31   skip_unsafe property=icon_ink_enabled
06/08/2026 21:51:32   skip_unsafe property=icon_ink
06/08/2026 21:51:32   common_bindings=1 group=Theme Overrides
06/08/2026 21:51:32   add_row property=theme_override editor=3 group=Theme Overrides
06/08/2026 21:51:32   added_row property=theme_override
06/08/2026 21:51:32 SetSelection count=2 id=7 id=8
06/08/2026 21:51:32   node id=7 type=UiButton
06/08/2026 21:51:32   node id=8 type=UiButton
06/08/2026 21:51:32   common property=role
06/08/2026 21:51:32   common property=h_sizing
06/08/2026 21:51:32   common property=v_sizing
06/08/2026 21:51:32   common property=cell_align_h
06/08/2026 21:51:32   common property=cell_align_v
06/08/2026 21:51:32   common property=fixed_width
06/08/2026 21:51:32   common property=fixed_height
06/08/2026 21:51:32   common property=min_width
06/08/2026 21:51:32   common property=min_height
06/08/2026 21:51:32   common property=max_width
06/08/2026 21:51:32   common property=max_height
06/08/2026 21:51:32   skip_unsafe property=text
06/08/2026 21:51:32   skip_unsafe property=icon
06/08/2026 21:51:32   skip_unsafe property=icon_size
06/08/2026 21:51:32   skip_unsafe property=icon_scale
06/08/2026 21:51:32   skip_unsafe property=icon_side
06/08/2026 21:51:32   skip_unsafe property=content_inset
06/08/2026 21:51:32   skip_unsafe property=content_gap
06/08/2026 21:51:32   skip_unsafe property=align_h
06/08/2026 21:51:32   skip_unsafe property=align_v
06/08/2026 21:51:32   skip_unsafe property=font
06/08/2026 21:51:32   skip_unsafe property=font_size
06/08/2026 21:51:32   common_bindings=11 group=
06/08/2026 21:51:32   add_row property=role editor=4 group=
06/08/2026 21:51:32   added_row property=role
06/08/2026 21:51:32   add_row property=h_sizing editor=4 group=
06/08/2026 21:51:32   added_row property=h_sizing
06/08/2026 21:51:32   add_row property=v_sizing editor=4 group=
06/08/2026 21:51:32   added_row property=v_sizing
06/08/2026 21:51:32   add_row property=cell_align_h editor=4 group=
06/08/2026 21:51:32   added_row property=cell_align_h
06/08/2026 21:51:32   add_row property=cell_align_v editor=4 group=
06/08/2026 21:51:32   added_row property=cell_align_v
06/08/2026 21:51:32   add_row property=fixed_width editor=7 group=
06/08/2026 21:51:32   added_row property=fixed_width
06/08/2026 21:51:32   add_row property=fixed_height editor=7 group=
06/08/2026 21:51:32   added_row property=fixed_height
06/08/2026 21:51:32   add_row property=min_width editor=7 group=
06/08/2026 21:51:32   added_row property=min_width
06/08/2026 21:51:32   add_row property=min_height editor=7 group=
06/08/2026 21:51:32   added_row property=min_height
06/08/2026 21:51:32   add_row property=max_width editor=7 group=
06/08/2026 21:51:32   added_row property=max_width
06/08/2026 21:51:32   add_row property=max_height editor=7 group=
06/08/2026 21:51:32   added_row property=max_height
06/08/2026 21:51:32 SetSelection count=2 id=7 id=8
06/08/2026 21:51:32   node id=7 type=UiButton
06/08/2026 21:51:32   node id=8 type=UiButton
06/08/2026 21:51:32   common property=theme_override
06/08/2026 21:51:32   skip_unsafe property=face
06/08/2026 21:51:32   skip_unsafe property=face_mode
06/08/2026 21:51:32   skip_unsafe property=face_quad
06/08/2026 21:51:32   skip_unsafe property=frame
06/08/2026 21:51:32   skip_unsafe property=radius
06/08/2026 21:51:32   skip_unsafe property=face_enabled
06/08/2026 21:51:32   skip_unsafe property=frame_enabled
06/08/2026 21:51:32   skip_unsafe property=shadow_enabled
06/08/2026 21:51:32   skip_unsafe property=shadow_distance
06/08/2026 21:51:32   skip_unsafe property=shadow_offset_x
06/08/2026 21:51:32   skip_unsafe property=shadow_offset_y
06/08/2026 21:51:32   skip_unsafe property=shadow_alpha
06/08/2026 21:51:32   skip_unsafe property=shadow_color
06/08/2026 21:51:32   skip_unsafe property=shadow_curve
06/08/2026 21:51:32   skip_unsafe property=ink_enabled
06/08/2026 21:51:32   skip_unsafe property=ink
06/08/2026 21:51:32   skip_unsafe property=icon_ink_enabled
06/08/2026 21:51:32   skip_unsafe property=icon_ink
06/08/2026 21:51:32   common_bindings=1 group=Theme Overrides
06/08/2026 21:51:32   add_row property=theme_override editor=3 group=Theme Overrides
06/08/2026 21:51:32   added_row property=theme_override
06/08/2026 21:51:33 SetSelection count=2 id=7 id=8
06/08/2026 21:51:33   node id=7 type=UiButton
06/08/2026 21:51:33   node id=8 type=UiButton
06/08/2026 21:51:33   common property=role
06/08/2026 21:51:33   common property=h_sizing
06/08/2026 21:51:33   common property=v_sizing
06/08/2026 21:51:33   common property=cell_align_h
06/08/2026 21:51:33   common property=cell_align_v
06/08/2026 21:51:33   common property=fixed_width
06/08/2026 21:51:33   common property=fixed_height
06/08/2026 21:51:33   common property=min_width
06/08/2026 21:51:33   common property=min_height
06/08/2026 21:51:33   common property=max_width
06/08/2026 21:51:33   common property=max_height
06/08/2026 21:51:33   skip_unsafe property=text
06/08/2026 21:51:33   skip_unsafe property=icon
06/08/2026 21:51:33   skip_unsafe property=icon_size
06/08/2026 21:51:33   skip_unsafe property=icon_scale
06/08/2026 21:51:34   skip_unsafe property=icon_side
06/08/2026 21:51:34   skip_unsafe property=content_inset
06/08/2026 21:51:34   skip_unsafe property=content_gap
06/08/2026 21:51:34   skip_unsafe property=align_h
06/08/2026 21:51:34   skip_unsafe property=align_v
06/08/2026 21:51:34   skip_unsafe property=font
06/08/2026 21:51:34   skip_unsafe property=font_size
06/08/2026 21:51:34   common_bindings=11 group=
06/08/2026 21:51:34   add_row property=role editor=4 group=
06/08/2026 21:51:34   added_row property=role
06/08/2026 21:51:34   add_row property=h_sizing editor=4 group=
06/08/2026 21:51:34   added_row property=h_sizing
06/08/2026 21:51:34   add_row property=v_sizing editor=4 group=
06/08/2026 21:51:34   added_row property=v_sizing
06/08/2026 21:51:34   add_row property=cell_align_h editor=4 group=
06/08/2026 21:51:34   added_row property=cell_align_h
06/08/2026 21:51:34   add_row property=cell_align_v editor=4 group=
06/08/2026 21:51:34   added_row property=cell_align_v
06/08/2026 21:51:34   add_row property=fixed_width editor=7 group=
06/08/2026 21:51:34   added_row property=fixed_width
06/08/2026 21:51:34   add_row property=fixed_height editor=7 group=
06/08/2026 21:51:34   added_row property=fixed_height
06/08/2026 21:51:34   add_row property=min_width editor=7 group=
06/08/2026 21:51:34   added_row property=min_width
06/08/2026 21:51:34   add_row property=min_height editor=7 group=
06/08/2026 21:51:34   added_row property=min_height
06/08/2026 21:51:34   add_row property=max_width editor=7 group=
06/08/2026 21:51:34   added_row property=max_width
06/08/2026 21:51:34   add_row property=max_height editor=7 group=
06/08/2026 21:51:34   added_row property=max_height
06/08/2026 21:51:34 SetSelection count=2 id=7 id=8
06/08/2026 21:51:34   node id=7 type=UiButton
06/08/2026 21:51:34   node id=8 type=UiButton
06/08/2026 21:51:34   common property=theme_override
06/08/2026 21:51:34   skip_unsafe property=face
06/08/2026 21:51:34   skip_unsafe property=face_mode
06/08/2026 21:51:34   skip_unsafe property=face_quad
06/08/2026 21:51:34   skip_unsafe property=frame
06/08/2026 21:51:34   skip_unsafe property=radius
06/08/2026 21:51:34   skip_unsafe property=face_enabled
06/08/2026 21:51:34   skip_unsafe property=frame_enabled
06/08/2026 21:51:34   skip_unsafe property=shadow_enabled
06/08/2026 21:51:34   skip_unsafe property=shadow_distance
06/08/2026 21:51:34   skip_unsafe property=shadow_offset_x
06/08/2026 21:51:34   skip_unsafe property=shadow_offset_y
06/08/2026 21:51:34   skip_unsafe property=shadow_alpha
06/08/2026 21:51:34   skip_unsafe property=shadow_color
06/08/2026 21:51:34   skip_unsafe property=shadow_curve
06/08/2026 21:51:34   skip_unsafe property=ink_enabled
06/08/2026 21:51:34   skip_unsafe property=ink
06/08/2026 21:51:34   skip_unsafe property=icon_ink_enabled
06/08/2026 21:51:34   skip_unsafe property=icon_ink
06/08/2026 21:51:34   common_bindings=1 group=Theme Overrides
06/08/2026 21:51:34   add_row property=theme_override editor=3 group=Theme Overrides
06/08/2026 21:51:34   added_row property=theme_override
06/08/2026 21:51:34 SetSelection count=2 id=7 id=8
06/08/2026 21:51:34   node id=7 type=UiButton
06/08/2026 21:51:34   node id=8 type=UiButton
06/08/2026 21:51:34   common property=role
06/08/2026 21:51:34   common property=h_sizing
06/08/2026 21:51:34   common property=v_sizing
06/08/2026 21:51:34   common property=cell_align_h
06/08/2026 21:51:34   common property=cell_align_v
06/08/2026 21:51:34   common property=fixed_width
06/08/2026 21:51:34   common property=fixed_height
06/08/2026 21:51:34   common property=min_width
06/08/2026 21:51:34   common property=min_height
06/08/2026 21:51:34   common property=max_width
06/08/2026 21:51:34   common property=max_height
06/08/2026 21:51:34   skip_unsafe property=text
06/08/2026 21:51:34   skip_unsafe property=icon
06/08/2026 21:51:34   skip_unsafe property=icon_size
06/08/2026 21:51:34   skip_unsafe property=icon_scale
06/08/2026 21:51:34   skip_unsafe property=icon_side
06/08/2026 21:51:34   skip_unsafe property=content_inset
06/08/2026 21:51:34   skip_unsafe property=content_gap
06/08/2026 21:51:34   skip_unsafe property=align_h
06/08/2026 21:51:34   skip_unsafe property=align_v
06/08/2026 21:51:34   skip_unsafe property=font
06/08/2026 21:51:34   skip_unsafe property=font_size
06/08/2026 21:51:34   common_bindings=11 group=
06/08/2026 21:51:34   add_row property=role editor=4 group=
06/08/2026 21:51:34   added_row property=role
06/08/2026 21:51:34   add_row property=h_sizing editor=4 group=
06/08/2026 21:51:34   added_row property=h_sizing
06/08/2026 21:51:34   add_row property=v_sizing editor=4 group=
06/08/2026 21:51:34   added_row property=v_sizing
06/08/2026 21:51:34   add_row property=cell_align_h editor=4 group=
06/08/2026 21:51:34   added_row property=cell_align_h
06/08/2026 21:51:34   add_row property=cell_align_v editor=4 group=
06/08/2026 21:51:34   added_row property=cell_align_v
06/08/2026 21:51:34   add_row property=fixed_width editor=7 group=
06/08/2026 21:51:34   added_row property=fixed_width
06/08/2026 21:51:34   add_row property=fixed_height editor=7 group=
06/08/2026 21:51:34   added_row property=fixed_height
06/08/2026 21:51:34   add_row property=min_width editor=7 group=
06/08/2026 21:51:34   added_row property=min_width
06/08/2026 21:51:34   add_row property=min_height editor=7 group=
06/08/2026 21:51:34   added_row property=min_height
06/08/2026 21:51:34   add_row property=max_width editor=7 group=
06/08/2026 21:51:34   added_row property=max_width
06/08/2026 21:51:34   add_row property=max_height editor=7 group=
06/08/2026 21:51:34   added_row property=max_height
06/08/2026 21:51:34 SetSelection count=2 id=7 id=8
06/08/2026 21:51:34   node id=7 type=UiButton
06/08/2026 21:51:35   node id=8 type=UiButton
06/08/2026 21:51:35   common property=theme_override
06/08/2026 21:51:35   skip_unsafe property=face
06/08/2026 21:51:35   skip_unsafe property=face_mode
06/08/2026 21:51:35   skip_unsafe property=face_quad
06/08/2026 21:51:35   skip_unsafe property=frame
06/08/2026 21:51:35   skip_unsafe property=radius
06/08/2026 21:51:35   skip_unsafe property=face_enabled
06/08/2026 21:51:35   skip_unsafe property=frame_enabled
06/08/2026 21:51:35   skip_unsafe property=shadow_enabled
06/08/2026 21:51:35   skip_unsafe property=shadow_distance
06/08/2026 21:51:35   skip_unsafe property=shadow_offset_x
06/08/2026 21:51:35   skip_unsafe property=shadow_offset_y
06/08/2026 21:51:35   skip_unsafe property=shadow_alpha
06/08/2026 21:51:35   skip_unsafe property=shadow_color
06/08/2026 21:51:35   skip_unsafe property=shadow_curve
06/08/2026 21:51:35   skip_unsafe property=ink_enabled
06/08/2026 21:51:35   skip_unsafe property=ink
06/08/2026 21:51:35   skip_unsafe property=icon_ink_enabled
06/08/2026 21:51:35   skip_unsafe property=icon_ink
06/08/2026 21:51:35   common_bindings=1 group=Theme Overrides
06/08/2026 21:51:35   add_row property=theme_override editor=3 group=Theme Overrides
06/08/2026 21:51:35   added_row property=theme_override
06/08/2026 21:51:36 SetSelection count=2 id=7 id=8
06/08/2026 21:51:36   node id=7 type=UiButton
06/08/2026 21:51:36   node id=8 type=UiButton
06/08/2026 21:51:36   common property=role
06/08/2026 21:51:36   common property=h_sizing
06/08/2026 21:51:36   common property=v_sizing
06/08/2026 21:51:36   common property=cell_align_h
06/08/2026 21:51:36   common property=cell_align_v
06/08/2026 21:51:36   common property=fixed_width
06/08/2026 21:51:36   common property=fixed_height
06/08/2026 21:51:36   common property=min_width
06/08/2026 21:51:36   common property=min_height
06/08/2026 21:51:36   common property=max_width
06/08/2026 21:51:36   common property=max_height
06/08/2026 21:51:36   skip_unsafe property=text
06/08/2026 21:51:36   skip_unsafe property=icon
06/08/2026 21:51:36   skip_unsafe property=icon_size
06/08/2026 21:51:36   skip_unsafe property=icon_scale
06/08/2026 21:51:36   skip_unsafe property=icon_side
06/08/2026 21:51:36   skip_unsafe property=content_inset
06/08/2026 21:51:36   skip_unsafe property=content_gap
06/08/2026 21:51:36   skip_unsafe property=align_h
06/08/2026 21:51:36   skip_unsafe property=align_v
06/08/2026 21:51:36   skip_unsafe property=font
06/08/2026 21:51:36   skip_unsafe property=font_size
06/08/2026 21:51:36   common_bindings=11 group=
06/08/2026 21:51:36   add_row property=role editor=4 group=
06/08/2026 21:51:36   added_row property=role
06/08/2026 21:51:36   add_row property=h_sizing editor=4 group=
06/08/2026 21:51:36   added_row property=h_sizing
06/08/2026 21:51:36   add_row property=v_sizing editor=4 group=
06/08/2026 21:51:36   added_row property=v_sizing
06/08/2026 21:51:36   add_row property=cell_align_h editor=4 group=
06/08/2026 21:51:36   added_row property=cell_align_h
06/08/2026 21:51:36   add_row property=cell_align_v editor=4 group=
06/08/2026 21:51:36   added_row property=cell_align_v
06/08/2026 21:51:36   add_row property=fixed_width editor=7 group=
06/08/2026 21:51:36   added_row property=fixed_width
06/08/2026 21:51:36   add_row property=fixed_height editor=7 group=
06/08/2026 21:51:36   added_row property=fixed_height
06/08/2026 21:51:36   add_row property=min_width editor=7 group=
06/08/2026 21:51:36   added_row property=min_width
06/08/2026 21:51:36   add_row property=min_height editor=7 group=
06/08/2026 21:51:36   added_row property=min_height
06/08/2026 21:51:36   add_row property=max_width editor=7 group=
06/08/2026 21:51:36   added_row property=max_width
06/08/2026 21:51:36   add_row property=max_height editor=7 group=
06/08/2026 21:51:36   added_row property=max_height
06/08/2026 21:51:36 SetSelection count=2 id=7 id=8
06/08/2026 21:51:36   node id=7 type=UiButton
06/08/2026 21:51:36   node id=8 type=UiButton
06/08/2026 21:51:36   common property=theme_override
06/08/2026 21:51:36   skip_unsafe property=face
06/08/2026 21:51:36   skip_unsafe property=face_mode
06/08/2026 21:51:36   skip_unsafe property=face_quad
06/08/2026 21:51:36   skip_unsafe property=frame
06/08/2026 21:51:36   skip_unsafe property=radius
06/08/2026 21:51:36   skip_unsafe property=face_enabled
06/08/2026 21:51:37   skip_unsafe property=frame_enabled
06/08/2026 21:51:37   skip_unsafe property=shadow_enabled
06/08/2026 21:51:37   skip_unsafe property=shadow_distance
06/08/2026 21:51:37   skip_unsafe property=shadow_offset_x
06/08/2026 21:51:37   skip_unsafe property=shadow_offset_y
06/08/2026 21:51:37   skip_unsafe property=shadow_alpha
06/08/2026 21:51:37   skip_unsafe property=shadow_color
06/08/2026 21:51:37   skip_unsafe property=shadow_curve
06/08/2026 21:51:37   skip_unsafe property=ink_enabled
06/08/2026 21:51:37   skip_unsafe property=ink
06/08/2026 21:51:37   skip_unsafe property=icon_ink_enabled
06/08/2026 21:51:37   skip_unsafe property=icon_ink
06/08/2026 21:51:37   common_bindings=1 group=Theme Overrides
06/08/2026 21:51:37   add_row property=theme_override editor=3 group=Theme Overrides
06/08/2026 21:51:37   added_row property=theme_override
06/08/2026 21:51:45 SetSelection count=1 id=8
06/08/2026 21:51:45 SetSelection count=1 id=8
06/08/2026 21:51:50 SetSelection count=2 id=8 id=7
06/08/2026 21:51:50   node id=8 type=UiButton
06/08/2026 21:51:50   node id=7 type=UiButton
06/08/2026 21:51:50   common property=role
06/08/2026 21:51:50   common property=h_sizing
06/08/2026 21:51:50   common property=v_sizing
06/08/2026 21:51:50   common property=cell_align_h
06/08/2026 21:51:50   common property=cell_align_v
06/08/2026 21:51:50   common property=fixed_width
06/08/2026 21:51:50   common property=fixed_height
06/08/2026 21:51:50   common property=min_width
06/08/2026 21:51:50   common property=min_height
06/08/2026 21:51:50   common property=max_width
06/08/2026 21:51:50   common property=max_height
06/08/2026 21:51:50   skip_unsafe property=text
06/08/2026 21:51:50   skip_unsafe property=icon
06/08/2026 21:51:50   skip_unsafe property=icon_size
06/08/2026 21:51:50   skip_unsafe property=icon_scale
06/08/2026 21:51:50   skip_unsafe property=icon_side
06/08/2026 21:51:50   skip_unsafe property=content_inset
06/08/2026 21:51:50   skip_unsafe property=content_gap
06/08/2026 21:51:50   skip_unsafe property=align_h
06/08/2026 21:51:50   skip_unsafe property=align_v
06/08/2026 21:51:50   skip_unsafe property=font
06/08/2026 21:51:50   skip_unsafe property=font_size
06/08/2026 21:51:50   common_bindings=11 group=
06/08/2026 21:51:50   add_row property=role editor=4 group=
06/08/2026 21:51:50   added_row property=role
06/08/2026 21:51:50   add_row property=h_sizing editor=4 group=
06/08/2026 21:51:50   added_row property=h_sizing
06/08/2026 21:51:50   add_row property=v_sizing editor=4 group=
06/08/2026 21:51:50   added_row property=v_sizing
06/08/2026 21:51:50   add_row property=cell_align_h editor=4 group=
06/08/2026 21:51:50   added_row property=cell_align_h
06/08/2026 21:51:50   add_row property=cell_align_v editor=4 group=
06/08/2026 21:51:50   added_row property=cell_align_v
06/08/2026 21:51:50   add_row property=fixed_width editor=7 group=
06/08/2026 21:51:50   added_row property=fixed_width
06/08/2026 21:51:50   add_row property=fixed_height editor=7 group=
06/08/2026 21:51:50   added_row property=fixed_height
06/08/2026 21:51:50   add_row property=min_width editor=7 group=
06/08/2026 21:51:50   added_row property=min_width
06/08/2026 21:51:50   add_row property=min_height editor=7 group=
06/08/2026 21:51:50   added_row property=min_height
06/08/2026 21:51:50   add_row property=max_width editor=7 group=
06/08/2026 21:51:50   added_row property=max_width
06/08/2026 21:51:50   add_row property=max_height editor=7 group=
06/08/2026 21:51:50   added_row property=max_height
06/08/2026 21:51:50 SetSelection count=2 id=8 id=7
06/08/2026 21:51:50   node id=8 type=UiButton
06/08/2026 21:51:50   node id=7 type=UiButton
06/08/2026 21:51:50   common property=theme_override
06/08/2026 21:51:50   skip_unsafe property=face
06/08/2026 21:51:50   skip_unsafe property=face_mode
06/08/2026 21:51:50   skip_unsafe property=face_quad
06/08/2026 21:51:50   skip_unsafe property=frame
06/08/2026 21:51:50   skip_unsafe property=radius
06/08/2026 21:51:50   skip_unsafe property=face_enabled
06/08/2026 21:51:50   skip_unsafe property=frame_enabled
06/08/2026 21:51:50   skip_unsafe property=shadow_enabled
06/08/2026 21:51:50   skip_unsafe property=shadow_distance
06/08/2026 21:51:50   skip_unsafe property=shadow_offset_x
06/08/2026 21:51:50   skip_unsafe property=shadow_offset_y
06/08/2026 21:51:50   skip_unsafe property=shadow_alpha
06/08/2026 21:51:50   skip_unsafe property=shadow_color
06/08/2026 21:51:50   skip_unsafe property=shadow_curve
06/08/2026 21:51:50   skip_unsafe property=ink_enabled
06/08/2026 21:51:50   skip_unsafe property=ink
06/08/2026 21:51:50   skip_unsafe property=icon_ink_enabled
06/08/2026 21:51:50   skip_unsafe property=icon_ink
06/08/2026 21:51:50   common_bindings=1 group=Theme Overrides
06/08/2026 21:51:50   add_row property=theme_override editor=3 group=Theme Overrides
06/08/2026 21:51:50   added_row property=theme_override
06/08/2026 21:51:56 SetSelection count=3 id=8 id=7 id=5
06/08/2026 21:51:56   node id=8 type=UiButton
06/08/2026 21:51:56   node id=7 type=UiButton
06/08/2026 21:51:56   node id=5 type=UiLabel
06/08/2026 21:51:56   common property=role
06/08/2026 21:51:56   common property=h_sizing
06/08/2026 21:51:56   common property=v_sizing
06/08/2026 21:51:56   common property=cell_align_h
06/08/2026 21:51:56   common property=cell_align_v
06/08/2026 21:51:56   common property=fixed_width
06/08/2026 21:51:56   common property=fixed_height
06/08/2026 21:51:56   common property=min_width
06/08/2026 21:51:56   common property=min_height
06/08/2026 21:51:56   common property=max_width
06/08/2026 21:51:56   common property=max_height
06/08/2026 21:51:56   skip_unsafe property=text
06/08/2026 21:51:56   skip_unsafe property=icon
06/08/2026 21:51:56   skip_unsafe property=icon_size
06/08/2026 21:51:56   skip_unsafe property=icon_scale
06/08/2026 21:51:56   skip_unsafe property=icon_side
06/08/2026 21:51:56   skip_unsafe property=content_inset
06/08/2026 21:51:56   skip_unsafe property=content_gap
06/08/2026 21:51:56   skip_unsafe property=align_h
06/08/2026 21:51:56   skip_unsafe property=align_v
06/08/2026 21:51:56   skip_unsafe property=font
06/08/2026 21:51:56   skip_unsafe property=font_size
06/08/2026 21:51:56   common_bindings=11 group=
06/08/2026 21:51:56   add_row property=role editor=4 group=
06/08/2026 21:51:56   added_row property=role
06/08/2026 21:51:56   add_row property=h_sizing editor=4 group=
06/08/2026 21:51:56   added_row property=h_sizing
06/08/2026 21:51:56   add_row property=v_sizing editor=4 group=
06/08/2026 21:51:56   added_row property=v_sizing
06/08/2026 21:51:56   add_row property=cell_align_h editor=4 group=
06/08/2026 21:51:56   added_row property=cell_align_h
06/08/2026 21:51:56   add_row property=cell_align_v editor=4 group=
06/08/2026 21:51:56   added_row property=cell_align_v
06/08/2026 21:51:56   add_row property=fixed_width editor=7 group=
06/08/2026 21:51:56   added_row property=fixed_width
06/08/2026 21:51:56   add_row property=fixed_height editor=7 group=
06/08/2026 21:51:56   added_row property=fixed_height
06/08/2026 21:51:56   add_row property=min_width editor=7 group=
06/08/2026 21:51:56   added_row property=min_width
06/08/2026 21:51:56   add_row property=min_height editor=7 group=
06/08/2026 21:51:56   added_row property=min_height
06/08/2026 21:51:56   add_row property=max_width editor=7 group=
06/08/2026 21:51:56   added_row property=max_width
06/08/2026 21:51:56   add_row property=max_height editor=7 group=
06/08/2026 21:51:56   added_row property=max_height
06/08/2026 21:51:56 SetSelection count=3 id=8 id=7 id=5
06/08/2026 21:51:56   node id=8 type=UiButton
06/08/2026 21:51:56   node id=7 type=UiButton
06/08/2026 21:51:56   node id=5 type=UiLabel
06/08/2026 21:51:56   common property=theme_override
06/08/2026 21:51:56   skip_unsafe property=face
06/08/2026 21:51:56   skip_unsafe property=face_mode
06/08/2026 21:51:56   skip_unsafe property=face_quad
06/08/2026 21:51:56   skip_unsafe property=frame
06/08/2026 21:51:56   skip_unsafe property=radius
06/08/2026 21:51:56   skip_unsafe property=face_enabled
06/08/2026 21:51:56   skip_unsafe property=frame_enabled
06/08/2026 21:51:56   skip_unsafe property=shadow_enabled
06/08/2026 21:51:56   skip_unsafe property=shadow_distance
06/08/2026 21:51:56   skip_unsafe property=shadow_offset_x
06/08/2026 21:51:56   skip_unsafe property=shadow_offset_y
06/08/2026 21:51:56   skip_unsafe property=shadow_alpha
06/08/2026 21:51:56   skip_unsafe property=shadow_color
06/08/2026 21:51:56   skip_unsafe property=shadow_curve
06/08/2026 21:51:56   skip_unsafe property=ink_enabled
06/08/2026 21:51:56   skip_unsafe property=ink
06/08/2026 21:51:56   skip_unsafe property=icon_ink_enabled
06/08/2026 21:51:56   skip_unsafe property=icon_ink
06/08/2026 21:51:56   common_bindings=1 group=Theme Overrides
06/08/2026 21:51:57   add_row property=theme_override editor=3 group=Theme Overrides
06/08/2026 21:51:57   added_row property=theme_override
