#ifndef _Ui_UiIcons_h_
#define _Ui_UiIcons_h_

/*
    UiIcons
    =======

    Purpose
    - Public inline icon factories used by Ui controls and demos.

    Intent
    - Keep icon assets centralized and generated as lightweight inline image
      factories instead of scattering embedded icon payloads across controls.

    Thread context
    - Thread-neutral asset access.

    Usage
    - Include alongside UiDraw.h when using generated ICON_* factories.

    Changelog
    - 2026-03: added release-standard file documentation.
*/

#include <CtrlCore/CtrlCore.h>
#include <Ui/UiDataModels.h>
// Inline U++ icons exported from Symbols Icon Picker (v0.3)
// Format: UiMakeIcon RLE data blocks.
//   - First 4 bytes: width/height header as described below.
//   - Payload: RLE runs (uint16 length + RGBA)
//   - Factory: inline Upp::Image ICON_*(void) calls UiMakeIcon(DATA_*).

// NOTE: Ensure the including file sees UiMakeIcon declaration, e.g.:
//   #include <Ui/UiDraw.h>

// Category: navigation | Type: Outlined | Icon: more_horiz | Size: 38x10 | Format: UiMakeIcon RLE
static const unsigned char DATA_NAVIGATION_OUTLINED_MORE_HORIZ_48[] = {
    0x26, 0x80, 0x0a, 0x00, 0x02, 0x00, 0x00, 0x00, 0x00, 0x00, 0x01, 0x00, 0x00, 0x00, 0x00, 0x59
    , 0x01, 0x00, 0x00, 0x00, 0x00, 0xbf, 0x01, 0x00, 0x00, 0x00, 0x00, 0xef, 0x01, 0x00, 0x00, 0x00
    , 0x00, 0xd9, 0x01, 0x00, 0x00, 0x00, 0x00, 0x9a, 0x01, 0x00, 0x00, 0x00, 0x00, 0x16, 0x08, 0x00
    , 0x00, 0x00, 0x00, 0x00, 0x01, 0x00, 0x00, 0x00, 0x00, 0x32, 0x01, 0x00, 0x00, 0x00, 0x00, 0xb0
    , 0x02, 0x00, 0x00, 0x00, 0x00, 0xe6, 0x01, 0x00, 0x00, 0x00, 0x00, 0xb0, 0x01, 0x00, 0x00, 0x00
    , 0x00, 0x32, 0x08, 0x00, 0x00, 0x00, 0x00, 0x00, 0x01, 0x00, 0x00, 0x00, 0x00, 0x16, 0x01, 0x00
    , 0x00, 0x00, 0x00, 0x9b, 0x01, 0x00, 0x00, 0x00, 0x00, 0xd9, 0x01, 0x00, 0x00, 0x00, 0x00, 0xef
    , 0x01, 0x00, 0x00, 0x00, 0x00, 0xbf, 0x01, 0x00, 0x00, 0x00, 0x00, 0x58, 0x03, 0x00, 0x00, 0x00
    , 0x00, 0x00, 0x01, 0x00, 0x00, 0x00, 0x00, 0x9d, 0x05, 0x00, 0x00, 0x00, 0x00, 0xff, 0x01, 0x00
    , 0x00, 0x00, 0x00, 0xec, 0x01, 0x00, 0x00, 0x00, 0x00, 0x2f, 0x06, 0x00, 0x00, 0x00, 0x00, 0x00
    , 0x01, 0x00, 0x00, 0x00, 0x00, 0x60, 0x01, 0x00, 0x00, 0x00, 0x00, 0xfb, 0x04, 0x00, 0x00, 0x00
    , 0x00, 0xff, 0x01, 0x00, 0x00, 0x00, 0x00, 0xfb, 0x01, 0x00, 0x00, 0x00, 0x00, 0x60, 0x06, 0x00
    , 0x00, 0x00, 0x00, 0x00, 0x01, 0x00, 0x00, 0x00, 0x00, 0x30, 0x01, 0x00, 0x00, 0x00, 0x00, 0xec
    , 0x05, 0x00, 0x00, 0x00, 0x00, 0xff, 0x01, 0x00, 0x00, 0x00, 0x00, 0x9c, 0x01, 0x00, 0x00, 0x00
    , 0x00, 0x00, 0x01, 0x00, 0x00, 0x00, 0x00, 0x58, 0x07, 0x00, 0x00, 0x00, 0x00, 0xff, 0x01, 0x00
    , 0x00, 0x00, 0x00, 0xd3, 0x01, 0x00, 0x00, 0x00, 0x00, 0x05, 0x04, 0x00, 0x00, 0x00, 0x00, 0x00
    , 0x01, 0x00, 0x00, 0x00, 0x00, 0x23, 0x01, 0x00, 0x00, 0x00, 0x00, 0xf5, 0x06, 0x00, 0x00, 0x00
    , 0x00, 0xff, 0x01, 0x00, 0x00, 0x00, 0x00, 0xf5, 0x01, 0x00, 0x00, 0x00, 0x00, 0x22, 0x04, 0x00
    , 0x00, 0x00, 0x00, 0x00, 0x01, 0x00, 0x00, 0x00, 0x00, 0x05, 0x01, 0x00, 0x00, 0x00, 0x00, 0xd3
    , 0x07, 0x00, 0x00, 0x00, 0x00, 0xff, 0x01, 0x00, 0x00, 0x00, 0x00, 0x58, 0x01, 0x00, 0x00, 0x00
    , 0x00, 0xbf, 0x08, 0x00, 0x00, 0x00, 0x00, 0xff, 0x01, 0x00, 0x00, 0x00, 0x00, 0x3d, 0x04, 0x00
    , 0x00, 0x00, 0x00, 0x00, 0x01, 0x00, 0x00, 0x00, 0x00, 0x7e, 0x08, 0x00, 0x00, 0x00, 0x00, 0xff
    , 0x01, 0x00, 0x00, 0x00, 0x00, 0x7d, 0x04, 0x00, 0x00, 0x00, 0x00, 0x00, 0x01, 0x00, 0x00, 0x00
    , 0x00, 0x3e, 0x08, 0x00, 0x00, 0x00, 0x00, 0xff, 0x01, 0x00, 0x00, 0x00, 0x00, 0xbe, 0x01, 0x00
    , 0x00, 0x00, 0x00, 0xef, 0x08, 0x00, 0x00, 0x00, 0x00, 0xff, 0x01, 0x00, 0x00, 0x00, 0x00, 0x6e
    , 0x04, 0x00, 0x00, 0x00, 0x00, 0x00, 0x01, 0x00, 0x00, 0x00, 0x00, 0xaf, 0x08, 0x00, 0x00, 0x00
    , 0x00, 0xff, 0x01, 0x00, 0x00, 0x00, 0x00, 0xaf, 0x04, 0x00, 0x00, 0x00, 0x00, 0x00, 0x01, 0x00
    , 0x00, 0x00, 0x00, 0x6e, 0x08, 0x00, 0x00, 0x00, 0x00, 0xff, 0x01, 0x00, 0x00, 0x00, 0x00, 0xef
    , 0x01, 0x00, 0x00, 0x00, 0x00, 0xd9, 0x08, 0x00, 0x00, 0x00, 0x00, 0xff, 0x01, 0x00, 0x00, 0x00
    , 0x00, 0x57, 0x04, 0x00, 0x00, 0x00, 0x00, 0x00, 0x01, 0x00, 0x00, 0x00, 0x00, 0x99, 0x08, 0x00
    , 0x00, 0x00, 0x00, 0xff, 0x01, 0x00, 0x00, 0x00, 0x00, 0x98, 0x04, 0x00, 0x00, 0x00, 0x00, 0x00
    , 0x01, 0x00, 0x00, 0x00, 0x00, 0x58, 0x08, 0x00, 0x00, 0x00, 0x00, 0xff, 0x01, 0x00, 0x00, 0x00
    , 0x00, 0xd8, 0x01, 0x00, 0x00, 0x00, 0x00, 0x9a, 0x07, 0x00, 0x00, 0x00, 0x00, 0xff, 0x01, 0x00
    , 0x00, 0x00, 0x00, 0xfb, 0x01, 0x00, 0x00, 0x00, 0x00, 0x1d, 0x04, 0x00, 0x00, 0x00, 0x00, 0x00
    , 0x01, 0x00, 0x00, 0x00, 0x00, 0x59, 0x08, 0x00, 0x00, 0x00, 0x00, 0xff, 0x01, 0x00, 0x00, 0x00
    , 0x00, 0x59, 0x04, 0x00, 0x00, 0x00, 0x00, 0x00, 0x01, 0x00, 0x00, 0x00, 0x00, 0x1e, 0x01, 0x00
    , 0x00, 0x00, 0x00, 0xfb, 0x07, 0x00, 0x00, 0x00, 0x00, 0xff, 0x01, 0x00, 0x00, 0x00, 0x00, 0x9a
    , 0x01, 0x00, 0x00, 0x00, 0x00, 0x16, 0x01, 0x00, 0x00, 0x00, 0x00, 0xec, 0x06, 0x00, 0x00, 0x00
    , 0x00, 0xff, 0x01, 0x00, 0x00, 0x00, 0x00, 0x83, 0x06, 0x00, 0x00, 0x00, 0x00, 0x00, 0x01, 0x00
    , 0x00, 0x00, 0x00, 0xc1, 0x06, 0x00, 0x00, 0x00, 0x00, 0xff, 0x01, 0x00, 0x00, 0x00, 0x00, 0xc1
    , 0x06, 0x00, 0x00, 0x00, 0x00, 0x00, 0x01, 0x00, 0x00, 0x00, 0x00, 0x84, 0x06, 0x00, 0x00, 0x00
    , 0x00, 0xff, 0x01, 0x00, 0x00, 0x00, 0x00, 0xeb, 0x01, 0x00, 0x00, 0x00, 0x00, 0x15, 0x01, 0x00
    , 0x00, 0x00, 0x00, 0x00, 0x01, 0x00, 0x00, 0x00, 0x00, 0x2f, 0x01, 0x00, 0x00, 0x00, 0x00, 0xd3
    , 0x03, 0x00, 0x00, 0x00, 0x00, 0xff, 0x01, 0x00, 0x00, 0x00, 0x00, 0xfb, 0x01, 0x00, 0x00, 0x00
    , 0x00, 0x83, 0x07, 0x00, 0x00, 0x00, 0x00, 0x00, 0x01, 0x00, 0x00, 0x00, 0x00, 0x14, 0x01, 0x00
    , 0x00, 0x00, 0x00, 0xae, 0x04, 0x00, 0x00, 0x00, 0x00, 0xff, 0x01, 0x00, 0x00, 0x00, 0x00, 0xae
    , 0x01, 0x00, 0x00, 0x00, 0x00, 0x14, 0x07, 0x00, 0x00, 0x00, 0x00, 0x00, 0x01, 0x00, 0x00, 0x00
    , 0x00, 0x83, 0x01, 0x00, 0x00, 0x00, 0x00, 0xfb, 0x03, 0x00, 0x00, 0x00, 0x00, 0xff, 0x01, 0x00
    , 0x00, 0x00, 0x00, 0xd2, 0x01, 0x00, 0x00, 0x00, 0x00, 0x2f, 0x03, 0x00, 0x00, 0x00, 0x00, 0x00
    , 0x01, 0x00, 0x00, 0x00, 0x00, 0x05, 0x01, 0x00, 0x00, 0x00, 0x00, 0x3d, 0x01, 0x00, 0x00, 0x00
    , 0x00, 0x6e, 0x01, 0x00, 0x00, 0x00, 0x00, 0x57, 0x01, 0x00, 0x00, 0x00, 0x00, 0x1d, 0x0a, 0x00
    , 0x00, 0x00, 0x00, 0x00, 0x01, 0x00, 0x00, 0x00, 0x00, 0x2f, 0x02, 0x00, 0x00, 0x00, 0x00, 0x64
    , 0x01, 0x00, 0x00, 0x00, 0x00, 0x2e, 0x0a, 0x00, 0x00, 0x00, 0x00, 0x00, 0x01, 0x00, 0x00, 0x00
    , 0x00, 0x1d, 0x01, 0x00, 0x00, 0x00, 0x00, 0x57, 0x01, 0x00, 0x00, 0x00, 0x00, 0x6e, 0x01, 0x00
    , 0x00, 0x00, 0x00, 0x3d, 0x01, 0x00, 0x00, 0x00, 0x00, 0x05, 0x02, 0x00, 0x00, 0x00, 0x00, 0x00
    
};

inline Upp::Image ICON_NAVIGATION_OUTLINED_MORE_HORIZ_48()
{
    return Upp::UiMakeIcon(DATA_NAVIGATION_OUTLINED_MORE_HORIZ_48);
}

// Category: navigation | Type: Outlined | Icon: menu | Size: 38x26 | Format: UiMakeIcon RLE
static const unsigned char DATA_NAVIGATION_OUTLINED_MENU_48[] = {
    0x26, 0x80, 0x1a, 0x00, 0x98, 0x00, 0x00, 0x00, 0x00, 0xff, 0x26, 0x00, 0x00, 0x00, 0x00, 0x38
    , 0xbe, 0x00, 0x00, 0x00, 0x00, 0x00, 0x26, 0x00, 0x00, 0x00, 0x00, 0x71, 0x72, 0x00, 0x00, 0x00
    , 0x00, 0xff, 0x26, 0x00, 0x00, 0x00, 0x00, 0xc7, 0xe4, 0x00, 0x00, 0x00, 0x00, 0x00, 0x26, 0x00
    , 0x00, 0x00, 0x00, 0xe4, 0x72, 0x00, 0x00, 0x00, 0x00, 0xff, 0x26, 0x00, 0x00, 0x00, 0x00, 0x54
    
};

inline Upp::Image ICON_NAVIGATION_OUTLINED_MENU_48()
{
    return Upp::UiMakeIcon(DATA_NAVIGATION_OUTLINED_MENU_48);
}

// Category: navigation | Type: Outlined | Icon: more_vert | Size: 10x38 | Format: UiMakeIcon RLE
static const unsigned char DATA_NAVIGATION_OUTLINED_MORE_VERT_48[] = {
    0x0a, 0x80, 0x26, 0x00, 0x02, 0x00, 0x00, 0x00, 0x00, 0x00, 0x01, 0x00, 0x00, 0x00, 0x00, 0x59
    , 0x01, 0x00, 0x00, 0x00, 0x00, 0xbf, 0x01, 0x00, 0x00, 0x00, 0x00, 0xef, 0x01, 0x00, 0x00, 0x00
    , 0x00, 0xd9, 0x01, 0x00, 0x00, 0x00, 0x00, 0x9a, 0x01, 0x00, 0x00, 0x00, 0x00, 0x16, 0x03, 0x00
    , 0x00, 0x00, 0x00, 0x00, 0x01, 0x00, 0x00, 0x00, 0x00, 0x9d, 0x05, 0x00, 0x00, 0x00, 0x00, 0xff
    , 0x01, 0x00, 0x00, 0x00, 0x00, 0xec, 0x01, 0x00, 0x00, 0x00, 0x00, 0x2f, 0x01, 0x00, 0x00, 0x00
    , 0x00, 0x00, 0x01, 0x00, 0x00, 0x00, 0x00, 0x58, 0x07, 0x00, 0x00, 0x00, 0x00, 0xff, 0x01, 0x00
    , 0x00, 0x00, 0x00, 0xd3, 0x01, 0x00, 0x00, 0x00, 0x00, 0x05, 0x01, 0x00, 0x00, 0x00, 0x00, 0xbf
    , 0x08, 0x00, 0x00, 0x00, 0x00, 0xff, 0x01, 0x00, 0x00, 0x00, 0x00, 0x3d, 0x01, 0x00, 0x00, 0x00
    , 0x00, 0xef, 0x08, 0x00, 0x00, 0x00, 0x00, 0xff, 0x01, 0x00, 0x00, 0x00, 0x00, 0x6e, 0x01, 0x00
    , 0x00, 0x00, 0x00, 0xd9, 0x08, 0x00, 0x00, 0x00, 0x00, 0xff, 0x01, 0x00, 0x00, 0x00, 0x00, 0x57
    , 0x01, 0x00, 0x00, 0x00, 0x00, 0x9a, 0x07, 0x00, 0x00, 0x00, 0x00, 0xff, 0x01, 0x00, 0x00, 0x00
    , 0x00, 0xfb, 0x01, 0x00, 0x00, 0x00, 0x00, 0x1d, 0x01, 0x00, 0x00, 0x00, 0x00, 0x16, 0x01, 0x00
    , 0x00, 0x00, 0x00, 0xec, 0x06, 0x00, 0x00, 0x00, 0x00, 0xff, 0x01, 0x00, 0x00, 0x00, 0x00, 0x83
    , 0x02, 0x00, 0x00, 0x00, 0x00, 0x00, 0x01, 0x00, 0x00, 0x00, 0x00, 0x2f, 0x01, 0x00, 0x00, 0x00
    , 0x00, 0xd3, 0x03, 0x00, 0x00, 0x00, 0x00, 0xff, 0x01, 0x00, 0x00, 0x00, 0x00, 0xfb, 0x01, 0x00
    , 0x00, 0x00, 0x00, 0x83, 0x04, 0x00, 0x00, 0x00, 0x00, 0x00, 0x01, 0x00, 0x00, 0x00, 0x00, 0x05
    , 0x01, 0x00, 0x00, 0x00, 0x00, 0x3d, 0x01, 0x00, 0x00, 0x00, 0x00, 0x6e, 0x01, 0x00, 0x00, 0x00
    , 0x00, 0x57, 0x01, 0x00, 0x00, 0x00, 0x00, 0x1d, 0x2d, 0x00, 0x00, 0x00, 0x00, 0x00, 0x01, 0x00
    , 0x00, 0x00, 0x00, 0x23, 0x01, 0x00, 0x00, 0x00, 0x00, 0x7e, 0x01, 0x00, 0x00, 0x00, 0x00, 0xaf
    , 0x01, 0x00, 0x00, 0x00, 0x00, 0x99, 0x01, 0x00, 0x00, 0x00, 0x00, 0x59, 0x04, 0x00, 0x00, 0x00
    , 0x00, 0x00, 0x01, 0x00, 0x00, 0x00, 0x00, 0x60, 0x01, 0x00, 0x00, 0x00, 0x00, 0xf5, 0x04, 0x00
    , 0x00, 0x00, 0x00, 0xff, 0x01, 0x00, 0x00, 0x00, 0x00, 0xc1, 0x01, 0x00, 0x00, 0x00, 0x00, 0x14
    , 0x01, 0x00, 0x00, 0x00, 0x00, 0x00, 0x01, 0x00, 0x00, 0x00, 0x00, 0x33, 0x01, 0x00, 0x00, 0x00
    , 0x00, 0xfb, 0x06, 0x00, 0x00, 0x00, 0x00, 0xff, 0x01, 0x00, 0x00, 0x00, 0x00, 0xae, 0x01, 0x00
    , 0x00, 0x00, 0x00, 0x00, 0x01, 0x00, 0x00, 0x00, 0x00, 0xb0, 0x08, 0x00, 0x00, 0x00, 0x00, 0xff
    , 0x01, 0x00, 0x00, 0x00, 0x00, 0x2f, 0x01, 0x00, 0x00, 0x00, 0x00, 0xe6, 0x08, 0x00, 0x00, 0x00
    , 0x00, 0xff, 0x01, 0x00, 0x00, 0x00, 0x00, 0x64, 0x01, 0x00, 0x00, 0x00, 0x00, 0xe6, 0x08, 0x00
    , 0x00, 0x00, 0x00, 0xff, 0x01, 0x00, 0x00, 0x00, 0x00, 0x64, 0x01, 0x00, 0x00, 0x00, 0x00, 0xb0
    , 0x08, 0x00, 0x00, 0x00, 0x00, 0xff, 0x01, 0x00, 0x00, 0x00, 0x00, 0x2f, 0x01, 0x00, 0x00, 0x00
    , 0x00, 0x32, 0x01, 0x00, 0x00, 0x00, 0x00, 0xfb, 0x06, 0x00, 0x00, 0x00, 0x00, 0xff, 0x01, 0x00
    , 0x00, 0x00, 0x00, 0xae, 0x02, 0x00, 0x00, 0x00, 0x00, 0x00, 0x01, 0x00, 0x00, 0x00, 0x00, 0x60
    , 0x01, 0x00, 0x00, 0x00, 0x00, 0xf5, 0x04, 0x00, 0x00, 0x00, 0x00, 0xff, 0x01, 0x00, 0x00, 0x00
    , 0x00, 0xc1, 0x01, 0x00, 0x00, 0x00, 0x00, 0x14, 0x03, 0x00, 0x00, 0x00, 0x00, 0x00, 0x01, 0x00
    , 0x00, 0x00, 0x00, 0x23, 0x01, 0x00, 0x00, 0x00, 0x00, 0x7d, 0x01, 0x00, 0x00, 0x00, 0x00, 0xaf
    , 0x01, 0x00, 0x00, 0x00, 0x00, 0x98, 0x01, 0x00, 0x00, 0x00, 0x00, 0x59, 0x2d, 0x00, 0x00, 0x00
    , 0x00, 0x00, 0x01, 0x00, 0x00, 0x00, 0x00, 0x05, 0x01, 0x00, 0x00, 0x00, 0x00, 0x3e, 0x01, 0x00
    , 0x00, 0x00, 0x00, 0x6e, 0x01, 0x00, 0x00, 0x00, 0x00, 0x58, 0x01, 0x00, 0x00, 0x00, 0x00, 0x1e
    , 0x04, 0x00, 0x00, 0x00, 0x00, 0x00, 0x01, 0x00, 0x00, 0x00, 0x00, 0x30, 0x01, 0x00, 0x00, 0x00
    , 0x00, 0xd3, 0x03, 0x00, 0x00, 0x00, 0x00, 0xff, 0x01, 0x00, 0x00, 0x00, 0x00, 0xfb, 0x01, 0x00
    , 0x00, 0x00, 0x00, 0x84, 0x02, 0x00, 0x00, 0x00, 0x00, 0x00, 0x01, 0x00, 0x00, 0x00, 0x00, 0x16
    , 0x01, 0x00, 0x00, 0x00, 0x00, 0xec, 0x06, 0x00, 0x00, 0x00, 0x00, 0xff, 0x01, 0x00, 0x00, 0x00
    , 0x00, 0x83, 0x01, 0x00, 0x00, 0x00, 0x00, 0x00, 0x01, 0x00, 0x00, 0x00, 0x00, 0x9a, 0x07, 0x00
    , 0x00, 0x00, 0x00, 0xff, 0x01, 0x00, 0x00, 0x00, 0x00, 0xfb, 0x01, 0x00, 0x00, 0x00, 0x00, 0x1d
    , 0x01, 0x00, 0x00, 0x00, 0x00, 0xd9, 0x08, 0x00, 0x00, 0x00, 0x00, 0xff, 0x01, 0x00, 0x00, 0x00
    , 0x00, 0x57, 0x01, 0x00, 0x00, 0x00, 0x00, 0xef, 0x08, 0x00, 0x00, 0x00, 0x00, 0xff, 0x01, 0x00
    , 0x00, 0x00, 0x00, 0x6e, 0x01, 0x00, 0x00, 0x00, 0x00, 0xbf, 0x08, 0x00, 0x00, 0x00, 0x00, 0xff
    , 0x01, 0x00, 0x00, 0x00, 0x00, 0x3d, 0x01, 0x00, 0x00, 0x00, 0x00, 0x58, 0x07, 0x00, 0x00, 0x00
    , 0x00, 0xff, 0x01, 0x00, 0x00, 0x00, 0x00, 0xd2, 0x01, 0x00, 0x00, 0x00, 0x00, 0x05, 0x01, 0x00
    , 0x00, 0x00, 0x00, 0x00, 0x01, 0x00, 0x00, 0x00, 0x00, 0x9d, 0x05, 0x00, 0x00, 0x00, 0x00, 0xff
    , 0x01, 0x00, 0x00, 0x00, 0x00, 0xec, 0x01, 0x00, 0x00, 0x00, 0x00, 0x2f, 0x03, 0x00, 0x00, 0x00
    , 0x00, 0x00, 0x01, 0x00, 0x00, 0x00, 0x00, 0x58, 0x01, 0x00, 0x00, 0x00, 0x00, 0xbe, 0x01, 0x00
    , 0x00, 0x00, 0x00, 0xef, 0x01, 0x00, 0x00, 0x00, 0x00, 0xd8, 0x01, 0x00, 0x00, 0x00, 0x00, 0x9a
    , 0x01, 0x00, 0x00, 0x00, 0x00, 0x16, 0x02, 0x00, 0x00, 0x00, 0x00, 0x00
};

inline Upp::Image ICON_NAVIGATION_OUTLINED_MORE_VERT_48()
{
    return Upp::UiMakeIcon(DATA_NAVIGATION_OUTLINED_MORE_VERT_48);
}

// Category: navigation | Type: Outlined | Icon: arrow_right | Size: 19x38 | Format: UiMakeIcon RLE
static const unsigned char DATA_NAVIGATION_OUTLINED_ARROW_RIGHT_48[] = {
    0x13, 0x80, 0x26, 0x00, 0x01, 0x00, 0x00, 0x00, 0x00, 0x7f, 0x12, 0x00, 0x00, 0x00, 0x00, 0x00
    , 0x01, 0x00, 0x00, 0x00, 0x00, 0xff, 0x01, 0x00, 0x00, 0x00, 0x00, 0x7f, 0x11, 0x00, 0x00, 0x00
    , 0x00, 0x00, 0x02, 0x00, 0x00, 0x00, 0x00, 0xff, 0x01, 0x00, 0x00, 0x00, 0x00, 0x7f, 0x10, 0x00
    , 0x00, 0x00, 0x00, 0x00, 0x03, 0x00, 0x00, 0x00, 0x00, 0xff, 0x01, 0x00, 0x00, 0x00, 0x00, 0x7f
    , 0x0f, 0x00, 0x00, 0x00, 0x00, 0x00, 0x04, 0x00, 0x00, 0x00, 0x00, 0xff, 0x01, 0x00, 0x00, 0x00
    , 0x00, 0x7f, 0x0e, 0x00, 0x00, 0x00, 0x00, 0x00, 0x05, 0x00, 0x00, 0x00, 0x00, 0xff, 0x01, 0x00
    , 0x00, 0x00, 0x00, 0x7f, 0x0d, 0x00, 0x00, 0x00, 0x00, 0x00, 0x06, 0x00, 0x00, 0x00, 0x00, 0xff
    , 0x01, 0x00, 0x00, 0x00, 0x00, 0x7f, 0x0c, 0x00, 0x00, 0x00, 0x00, 0x00, 0x07, 0x00, 0x00, 0x00
    , 0x00, 0xff, 0x01, 0x00, 0x00, 0x00, 0x00, 0x7f, 0x0b, 0x00, 0x00, 0x00, 0x00, 0x00, 0x08, 0x00
    , 0x00, 0x00, 0x00, 0xff, 0x01, 0x00, 0x00, 0x00, 0x00, 0x7f, 0x0a, 0x00, 0x00, 0x00, 0x00, 0x00
    , 0x09, 0x00, 0x00, 0x00, 0x00, 0xff, 0x01, 0x00, 0x00, 0x00, 0x00, 0x7f, 0x09, 0x00, 0x00, 0x00
    , 0x00, 0x00, 0x0a, 0x00, 0x00, 0x00, 0x00, 0xff, 0x01, 0x00, 0x00, 0x00, 0x00, 0x7f, 0x08, 0x00
    , 0x00, 0x00, 0x00, 0x00, 0x0b, 0x00, 0x00, 0x00, 0x00, 0xff, 0x01, 0x00, 0x00, 0x00, 0x00, 0x7f
    , 0x07, 0x00, 0x00, 0x00, 0x00, 0x00, 0x0c, 0x00, 0x00, 0x00, 0x00, 0xff, 0x01, 0x00, 0x00, 0x00
    , 0x00, 0x7f, 0x06, 0x00, 0x00, 0x00, 0x00, 0x00, 0x0d, 0x00, 0x00, 0x00, 0x00, 0xff, 0x01, 0x00
    , 0x00, 0x00, 0x00, 0x7f, 0x05, 0x00, 0x00, 0x00, 0x00, 0x00, 0x0e, 0x00, 0x00, 0x00, 0x00, 0xff
    , 0x01, 0x00, 0x00, 0x00, 0x00, 0x7f, 0x04, 0x00, 0x00, 0x00, 0x00, 0x00, 0x0f, 0x00, 0x00, 0x00
    , 0x00, 0xff, 0x01, 0x00, 0x00, 0x00, 0x00, 0x7f, 0x03, 0x00, 0x00, 0x00, 0x00, 0x00, 0x10, 0x00
    , 0x00, 0x00, 0x00, 0xff, 0x01, 0x00, 0x00, 0x00, 0x00, 0x7f, 0x02, 0x00, 0x00, 0x00, 0x00, 0x00
    , 0x11, 0x00, 0x00, 0x00, 0x00, 0xff, 0x01, 0x00, 0x00, 0x00, 0x00, 0x7f, 0x01, 0x00, 0x00, 0x00
    , 0x00, 0x00, 0x12, 0x00, 0x00, 0x00, 0x00, 0xff, 0x01, 0x00, 0x00, 0x00, 0x00, 0x7f, 0x12, 0x00
    , 0x00, 0x00, 0x00, 0xff, 0x01, 0x00, 0x00, 0x00, 0x00, 0x7f, 0x11, 0x00, 0x00, 0x00, 0x00, 0xff
    , 0x01, 0x00, 0x00, 0x00, 0x00, 0x7f, 0x01, 0x00, 0x00, 0x00, 0x00, 0x00, 0x10, 0x00, 0x00, 0x00
    , 0x00, 0xff, 0x01, 0x00, 0x00, 0x00, 0x00, 0x7f, 0x02, 0x00, 0x00, 0x00, 0x00, 0x00, 0x0f, 0x00
    , 0x00, 0x00, 0x00, 0xff, 0x01, 0x00, 0x00, 0x00, 0x00, 0x7f, 0x03, 0x00, 0x00, 0x00, 0x00, 0x00
    , 0x0e, 0x00, 0x00, 0x00, 0x00, 0xff, 0x01, 0x00, 0x00, 0x00, 0x00, 0x7f, 0x04, 0x00, 0x00, 0x00
    , 0x00, 0x00, 0x0d, 0x00, 0x00, 0x00, 0x00, 0xff, 0x01, 0x00, 0x00, 0x00, 0x00, 0x7f, 0x05, 0x00
    , 0x00, 0x00, 0x00, 0x00, 0x0c, 0x00, 0x00, 0x00, 0x00, 0xff, 0x01, 0x00, 0x00, 0x00, 0x00, 0x7f
    , 0x06, 0x00, 0x00, 0x00, 0x00, 0x00, 0x0b, 0x00, 0x00, 0x00, 0x00, 0xff, 0x01, 0x00, 0x00, 0x00
    , 0x00, 0x7f, 0x07, 0x00, 0x00, 0x00, 0x00, 0x00, 0x0a, 0x00, 0x00, 0x00, 0x00, 0xff, 0x01, 0x00
    , 0x00, 0x00, 0x00, 0x7f, 0x08, 0x00, 0x00, 0x00, 0x00, 0x00, 0x09, 0x00, 0x00, 0x00, 0x00, 0xff
    , 0x01, 0x00, 0x00, 0x00, 0x00, 0x7f, 0x09, 0x00, 0x00, 0x00, 0x00, 0x00, 0x08, 0x00, 0x00, 0x00
    , 0x00, 0xff, 0x01, 0x00, 0x00, 0x00, 0x00, 0x7f, 0x0a, 0x00, 0x00, 0x00, 0x00, 0x00, 0x07, 0x00
    , 0x00, 0x00, 0x00, 0xff, 0x01, 0x00, 0x00, 0x00, 0x00, 0x7f, 0x0b, 0x00, 0x00, 0x00, 0x00, 0x00
    , 0x06, 0x00, 0x00, 0x00, 0x00, 0xff, 0x01, 0x00, 0x00, 0x00, 0x00, 0x7f, 0x0c, 0x00, 0x00, 0x00
    , 0x00, 0x00, 0x05, 0x00, 0x00, 0x00, 0x00, 0xff, 0x01, 0x00, 0x00, 0x00, 0x00, 0x7f, 0x0d, 0x00
    , 0x00, 0x00, 0x00, 0x00, 0x04, 0x00, 0x00, 0x00, 0x00, 0xff, 0x01, 0x00, 0x00, 0x00, 0x00, 0x7f
    , 0x0e, 0x00, 0x00, 0x00, 0x00, 0x00, 0x03, 0x00, 0x00, 0x00, 0x00, 0xff, 0x01, 0x00, 0x00, 0x00
    , 0x00, 0x7f, 0x0f, 0x00, 0x00, 0x00, 0x00, 0x00, 0x02, 0x00, 0x00, 0x00, 0x00, 0xff, 0x01, 0x00
    , 0x00, 0x00, 0x00, 0x7f, 0x10, 0x00, 0x00, 0x00, 0x00, 0x00, 0x01, 0x00, 0x00, 0x00, 0x00, 0xff
    , 0x01, 0x00, 0x00, 0x00, 0x00, 0x7f, 0x11, 0x00, 0x00, 0x00, 0x00, 0x00, 0x01, 0x00, 0x00, 0x00
    , 0x00, 0x7f, 0x12, 0x00, 0x00, 0x00, 0x00, 0x00
};

inline Upp::Image ICON_NAVIGATION_OUTLINED_ARROW_RIGHT_48()
{
    return Upp::UiMakeIcon(DATA_NAVIGATION_OUTLINED_ARROW_RIGHT_48);
}

// Category: navigation | Type: Outlined | Icon: arrow_left | Size: 19x38 | Format: UiMakeIcon RLE
static const unsigned char DATA_NAVIGATION_OUTLINED_ARROW_LEFT_48[] = {
    0x13, 0x80, 0x26, 0x00, 0x12, 0x00, 0x00, 0x00, 0x00, 0x00, 0x01, 0x00, 0x00, 0x00, 0x00, 0x7f
    , 0x11, 0x00, 0x00, 0x00, 0x00, 0x00, 0x01, 0x00, 0x00, 0x00, 0x00, 0x7f, 0x01, 0x00, 0x00, 0x00
    , 0x00, 0xff, 0x10, 0x00, 0x00, 0x00, 0x00, 0x00, 0x01, 0x00, 0x00, 0x00, 0x00, 0x7f, 0x02, 0x00
    , 0x00, 0x00, 0x00, 0xff, 0x0f, 0x00, 0x00, 0x00, 0x00, 0x00, 0x01, 0x00, 0x00, 0x00, 0x00, 0x7f
    , 0x03, 0x00, 0x00, 0x00, 0x00, 0xff, 0x0e, 0x00, 0x00, 0x00, 0x00, 0x00, 0x01, 0x00, 0x00, 0x00
    , 0x00, 0x7f, 0x04, 0x00, 0x00, 0x00, 0x00, 0xff, 0x0d, 0x00, 0x00, 0x00, 0x00, 0x00, 0x01, 0x00
    , 0x00, 0x00, 0x00, 0x7f, 0x05, 0x00, 0x00, 0x00, 0x00, 0xff, 0x0c, 0x00, 0x00, 0x00, 0x00, 0x00
    , 0x01, 0x00, 0x00, 0x00, 0x00, 0x7f, 0x06, 0x00, 0x00, 0x00, 0x00, 0xff, 0x0b, 0x00, 0x00, 0x00
    , 0x00, 0x00, 0x01, 0x00, 0x00, 0x00, 0x00, 0x7f, 0x07, 0x00, 0x00, 0x00, 0x00, 0xff, 0x0a, 0x00
    , 0x00, 0x00, 0x00, 0x00, 0x01, 0x00, 0x00, 0x00, 0x00, 0x7f, 0x08, 0x00, 0x00, 0x00, 0x00, 0xff
    , 0x09, 0x00, 0x00, 0x00, 0x00, 0x00, 0x01, 0x00, 0x00, 0x00, 0x00, 0x7f, 0x09, 0x00, 0x00, 0x00
    , 0x00, 0xff, 0x08, 0x00, 0x00, 0x00, 0x00, 0x00, 0x01, 0x00, 0x00, 0x00, 0x00, 0x7f, 0x0a, 0x00
    , 0x00, 0x00, 0x00, 0xff, 0x07, 0x00, 0x00, 0x00, 0x00, 0x00, 0x01, 0x00, 0x00, 0x00, 0x00, 0x7f
    , 0x0b, 0x00, 0x00, 0x00, 0x00, 0xff, 0x06, 0x00, 0x00, 0x00, 0x00, 0x00, 0x01, 0x00, 0x00, 0x00
    , 0x00, 0x7f, 0x0c, 0x00, 0x00, 0x00, 0x00, 0xff, 0x05, 0x00, 0x00, 0x00, 0x00, 0x00, 0x01, 0x00
    , 0x00, 0x00, 0x00, 0x7f, 0x0d, 0x00, 0x00, 0x00, 0x00, 0xff, 0x04, 0x00, 0x00, 0x00, 0x00, 0x00
    , 0x01, 0x00, 0x00, 0x00, 0x00, 0x7f, 0x0e, 0x00, 0x00, 0x00, 0x00, 0xff, 0x03, 0x00, 0x00, 0x00
    , 0x00, 0x00, 0x01, 0x00, 0x00, 0x00, 0x00, 0x7f, 0x0f, 0x00, 0x00, 0x00, 0x00, 0xff, 0x02, 0x00
    , 0x00, 0x00, 0x00, 0x00, 0x01, 0x00, 0x00, 0x00, 0x00, 0x7f, 0x10, 0x00, 0x00, 0x00, 0x00, 0xff
    , 0x01, 0x00, 0x00, 0x00, 0x00, 0x00, 0x01, 0x00, 0x00, 0x00, 0x00, 0x7f, 0x11, 0x00, 0x00, 0x00
    , 0x00, 0xff, 0x01, 0x00, 0x00, 0x00, 0x00, 0x7f, 0x12, 0x00, 0x00, 0x00, 0x00, 0xff, 0x01, 0x00
    , 0x00, 0x00, 0x00, 0x7f, 0x12, 0x00, 0x00, 0x00, 0x00, 0xff, 0x01, 0x00, 0x00, 0x00, 0x00, 0x00
    , 0x01, 0x00, 0x00, 0x00, 0x00, 0x7f, 0x11, 0x00, 0x00, 0x00, 0x00, 0xff, 0x02, 0x00, 0x00, 0x00
    , 0x00, 0x00, 0x01, 0x00, 0x00, 0x00, 0x00, 0x7f, 0x10, 0x00, 0x00, 0x00, 0x00, 0xff, 0x03, 0x00
    , 0x00, 0x00, 0x00, 0x00, 0x01, 0x00, 0x00, 0x00, 0x00, 0x7f, 0x0f, 0x00, 0x00, 0x00, 0x00, 0xff
    , 0x04, 0x00, 0x00, 0x00, 0x00, 0x00, 0x01, 0x00, 0x00, 0x00, 0x00, 0x7f, 0x0e, 0x00, 0x00, 0x00
    , 0x00, 0xff, 0x05, 0x00, 0x00, 0x00, 0x00, 0x00, 0x01, 0x00, 0x00, 0x00, 0x00, 0x7f, 0x0d, 0x00
    , 0x00, 0x00, 0x00, 0xff, 0x06, 0x00, 0x00, 0x00, 0x00, 0x00, 0x01, 0x00, 0x00, 0x00, 0x00, 0x7f
    , 0x0c, 0x00, 0x00, 0x00, 0x00, 0xff, 0x07, 0x00, 0x00, 0x00, 0x00, 0x00, 0x01, 0x00, 0x00, 0x00
    , 0x00, 0x7f, 0x0b, 0x00, 0x00, 0x00, 0x00, 0xff, 0x08, 0x00, 0x00, 0x00, 0x00, 0x00, 0x01, 0x00
    , 0x00, 0x00, 0x00, 0x7f, 0x0a, 0x00, 0x00, 0x00, 0x00, 0xff, 0x09, 0x00, 0x00, 0x00, 0x00, 0x00
    , 0x01, 0x00, 0x00, 0x00, 0x00, 0x7f, 0x09, 0x00, 0x00, 0x00, 0x00, 0xff, 0x0a, 0x00, 0x00, 0x00
    , 0x00, 0x00, 0x01, 0x00, 0x00, 0x00, 0x00, 0x7f, 0x08, 0x00, 0x00, 0x00, 0x00, 0xff, 0x0b, 0x00
    , 0x00, 0x00, 0x00, 0x00, 0x01, 0x00, 0x00, 0x00, 0x00, 0x7f, 0x07, 0x00, 0x00, 0x00, 0x00, 0xff
    , 0x0c, 0x00, 0x00, 0x00, 0x00, 0x00, 0x01, 0x00, 0x00, 0x00, 0x00, 0x7f, 0x06, 0x00, 0x00, 0x00
    , 0x00, 0xff, 0x0d, 0x00, 0x00, 0x00, 0x00, 0x00, 0x01, 0x00, 0x00, 0x00, 0x00, 0x7f, 0x05, 0x00
    , 0x00, 0x00, 0x00, 0xff, 0x0e, 0x00, 0x00, 0x00, 0x00, 0x00, 0x01, 0x00, 0x00, 0x00, 0x00, 0x7f
    , 0x04, 0x00, 0x00, 0x00, 0x00, 0xff, 0x0f, 0x00, 0x00, 0x00, 0x00, 0x00, 0x01, 0x00, 0x00, 0x00
    , 0x00, 0x7f, 0x03, 0x00, 0x00, 0x00, 0x00, 0xff, 0x10, 0x00, 0x00, 0x00, 0x00, 0x00, 0x01, 0x00
    , 0x00, 0x00, 0x00, 0x7f, 0x02, 0x00, 0x00, 0x00, 0x00, 0xff, 0x11, 0x00, 0x00, 0x00, 0x00, 0x00
    , 0x01, 0x00, 0x00, 0x00, 0x00, 0x7f, 0x01, 0x00, 0x00, 0x00, 0x00, 0xff, 0x12, 0x00, 0x00, 0x00
    , 0x00, 0x00, 0x01, 0x00, 0x00, 0x00, 0x00, 0x7f
};

inline Upp::Image ICON_NAVIGATION_OUTLINED_ARROW_LEFT_48()
{
    return Upp::UiMakeIcon(DATA_NAVIGATION_OUTLINED_ARROW_LEFT_48);
}

// Category: navigation | Type: Outlined | Icon: arrow_drop_up | Size: 38x19 | Format: UiMakeIcon RLE
static const unsigned char DATA_NAVIGATION_OUTLINED_ARROW_DROP_UP_48[] = {
    0x26, 0x80, 0x13, 0x00, 0x12, 0x00, 0x00, 0x00, 0x00, 0x00, 0x02, 0x00, 0x00, 0x00, 0x00, 0x7f
    , 0x23, 0x00, 0x00, 0x00, 0x00, 0x00, 0x01, 0x00, 0x00, 0x00, 0x00, 0x7f, 0x02, 0x00, 0x00, 0x00
    , 0x00, 0xff, 0x01, 0x00, 0x00, 0x00, 0x00, 0x7f, 0x21, 0x00, 0x00, 0x00, 0x00, 0x00, 0x01, 0x00
    , 0x00, 0x00, 0x00, 0x7f, 0x04, 0x00, 0x00, 0x00, 0x00, 0xff, 0x01, 0x00, 0x00, 0x00, 0x00, 0x7f
    , 0x1f, 0x00, 0x00, 0x00, 0x00, 0x00, 0x01, 0x00, 0x00, 0x00, 0x00, 0x7f, 0x06, 0x00, 0x00, 0x00
    , 0x00, 0xff, 0x01, 0x00, 0x00, 0x00, 0x00, 0x7f, 0x1d, 0x00, 0x00, 0x00, 0x00, 0x00, 0x01, 0x00
    , 0x00, 0x00, 0x00, 0x7f, 0x08, 0x00, 0x00, 0x00, 0x00, 0xff, 0x01, 0x00, 0x00, 0x00, 0x00, 0x7f
    , 0x1b, 0x00, 0x00, 0x00, 0x00, 0x00, 0x01, 0x00, 0x00, 0x00, 0x00, 0x7f, 0x0a, 0x00, 0x00, 0x00
    , 0x00, 0xff, 0x01, 0x00, 0x00, 0x00, 0x00, 0x7f, 0x19, 0x00, 0x00, 0x00, 0x00, 0x00, 0x01, 0x00
    , 0x00, 0x00, 0x00, 0x7f, 0x0c, 0x00, 0x00, 0x00, 0x00, 0xff, 0x01, 0x00, 0x00, 0x00, 0x00, 0x7f
    , 0x17, 0x00, 0x00, 0x00, 0x00, 0x00, 0x01, 0x00, 0x00, 0x00, 0x00, 0x7f, 0x0e, 0x00, 0x00, 0x00
    , 0x00, 0xff, 0x01, 0x00, 0x00, 0x00, 0x00, 0x7f, 0x15, 0x00, 0x00, 0x00, 0x00, 0x00, 0x01, 0x00
    , 0x00, 0x00, 0x00, 0x7f, 0x10, 0x00, 0x00, 0x00, 0x00, 0xff, 0x01, 0x00, 0x00, 0x00, 0x00, 0x7f
    , 0x13, 0x00, 0x00, 0x00, 0x00, 0x00, 0x01, 0x00, 0x00, 0x00, 0x00, 0x7f, 0x12, 0x00, 0x00, 0x00
    , 0x00, 0xff, 0x01, 0x00, 0x00, 0x00, 0x00, 0x7f, 0x11, 0x00, 0x00, 0x00, 0x00, 0x00, 0x01, 0x00
    , 0x00, 0x00, 0x00, 0x7f, 0x14, 0x00, 0x00, 0x00, 0x00, 0xff, 0x01, 0x00, 0x00, 0x00, 0x00, 0x7f
    , 0x0f, 0x00, 0x00, 0x00, 0x00, 0x00, 0x01, 0x00, 0x00, 0x00, 0x00, 0x7f, 0x16, 0x00, 0x00, 0x00
    , 0x00, 0xff, 0x01, 0x00, 0x00, 0x00, 0x00, 0x7f, 0x0d, 0x00, 0x00, 0x00, 0x00, 0x00, 0x01, 0x00
    , 0x00, 0x00, 0x00, 0x7f, 0x18, 0x00, 0x00, 0x00, 0x00, 0xff, 0x01, 0x00, 0x00, 0x00, 0x00, 0x7f
    , 0x0b, 0x00, 0x00, 0x00, 0x00, 0x00, 0x01, 0x00, 0x00, 0x00, 0x00, 0x7f, 0x1a, 0x00, 0x00, 0x00
    , 0x00, 0xff, 0x01, 0x00, 0x00, 0x00, 0x00, 0x7f, 0x09, 0x00, 0x00, 0x00, 0x00, 0x00, 0x01, 0x00
    , 0x00, 0x00, 0x00, 0x7f, 0x1c, 0x00, 0x00, 0x00, 0x00, 0xff, 0x01, 0x00, 0x00, 0x00, 0x00, 0x7f
    , 0x07, 0x00, 0x00, 0x00, 0x00, 0x00, 0x01, 0x00, 0x00, 0x00, 0x00, 0x7f, 0x1e, 0x00, 0x00, 0x00
    , 0x00, 0xff, 0x01, 0x00, 0x00, 0x00, 0x00, 0x7f, 0x05, 0x00, 0x00, 0x00, 0x00, 0x00, 0x01, 0x00
    , 0x00, 0x00, 0x00, 0x7f, 0x20, 0x00, 0x00, 0x00, 0x00, 0xff, 0x01, 0x00, 0x00, 0x00, 0x00, 0x7f
    , 0x03, 0x00, 0x00, 0x00, 0x00, 0x00, 0x01, 0x00, 0x00, 0x00, 0x00, 0x7f, 0x22, 0x00, 0x00, 0x00
    , 0x00, 0xff, 0x01, 0x00, 0x00, 0x00, 0x00, 0x7f, 0x01, 0x00, 0x00, 0x00, 0x00, 0x00, 0x01, 0x00
    , 0x00, 0x00, 0x00, 0x7f, 0x24, 0x00, 0x00, 0x00, 0x00, 0xff, 0x01, 0x00, 0x00, 0x00, 0x00, 0x7f
    
};

inline Upp::Image ICON_NAVIGATION_OUTLINED_ARROW_DROP_UP_48()
{
    return Upp::UiMakeIcon(DATA_NAVIGATION_OUTLINED_ARROW_DROP_UP_48);
}

// Category: navigation | Type: Outlined | Icon: arrow_drop_down | Size: 38x19 | Format: UiMakeIcon RLE
static const unsigned char DATA_NAVIGATION_OUTLINED_ARROW_DROP_DOWN_48[] = {
    0x26, 0x80, 0x13, 0x00, 0x01, 0x00, 0x00, 0x00, 0x00, 0x7f, 0x24, 0x00, 0x00, 0x00, 0x00, 0xff
    , 0x01, 0x00, 0x00, 0x00, 0x00, 0x7f, 0x01, 0x00, 0x00, 0x00, 0x00, 0x00, 0x01, 0x00, 0x00, 0x00
    , 0x00, 0x7f, 0x22, 0x00, 0x00, 0x00, 0x00, 0xff, 0x01, 0x00, 0x00, 0x00, 0x00, 0x7f, 0x03, 0x00
    , 0x00, 0x00, 0x00, 0x00, 0x01, 0x00, 0x00, 0x00, 0x00, 0x7f, 0x20, 0x00, 0x00, 0x00, 0x00, 0xff
    , 0x01, 0x00, 0x00, 0x00, 0x00, 0x7f, 0x05, 0x00, 0x00, 0x00, 0x00, 0x00, 0x01, 0x00, 0x00, 0x00
    , 0x00, 0x7f, 0x1e, 0x00, 0x00, 0x00, 0x00, 0xff, 0x01, 0x00, 0x00, 0x00, 0x00, 0x7f, 0x07, 0x00
    , 0x00, 0x00, 0x00, 0x00, 0x01, 0x00, 0x00, 0x00, 0x00, 0x7f, 0x1c, 0x00, 0x00, 0x00, 0x00, 0xff
    , 0x01, 0x00, 0x00, 0x00, 0x00, 0x7f, 0x09, 0x00, 0x00, 0x00, 0x00, 0x00, 0x01, 0x00, 0x00, 0x00
    , 0x00, 0x7f, 0x1a, 0x00, 0x00, 0x00, 0x00, 0xff, 0x01, 0x00, 0x00, 0x00, 0x00, 0x7f, 0x0b, 0x00
    , 0x00, 0x00, 0x00, 0x00, 0x01, 0x00, 0x00, 0x00, 0x00, 0x7f, 0x18, 0x00, 0x00, 0x00, 0x00, 0xff
    , 0x01, 0x00, 0x00, 0x00, 0x00, 0x7f, 0x0d, 0x00, 0x00, 0x00, 0x00, 0x00, 0x01, 0x00, 0x00, 0x00
    , 0x00, 0x7f, 0x16, 0x00, 0x00, 0x00, 0x00, 0xff, 0x01, 0x00, 0x00, 0x00, 0x00, 0x7f, 0x0f, 0x00
    , 0x00, 0x00, 0x00, 0x00, 0x01, 0x00, 0x00, 0x00, 0x00, 0x7f, 0x14, 0x00, 0x00, 0x00, 0x00, 0xff
    , 0x01, 0x00, 0x00, 0x00, 0x00, 0x7f, 0x11, 0x00, 0x00, 0x00, 0x00, 0x00, 0x01, 0x00, 0x00, 0x00
    , 0x00, 0x7f, 0x12, 0x00, 0x00, 0x00, 0x00, 0xff, 0x01, 0x00, 0x00, 0x00, 0x00, 0x7f, 0x13, 0x00
    , 0x00, 0x00, 0x00, 0x00, 0x01, 0x00, 0x00, 0x00, 0x00, 0x7f, 0x10, 0x00, 0x00, 0x00, 0x00, 0xff
    , 0x01, 0x00, 0x00, 0x00, 0x00, 0x7f, 0x15, 0x00, 0x00, 0x00, 0x00, 0x00, 0x01, 0x00, 0x00, 0x00
    , 0x00, 0x7f, 0x0e, 0x00, 0x00, 0x00, 0x00, 0xff, 0x01, 0x00, 0x00, 0x00, 0x00, 0x7f, 0x17, 0x00
    , 0x00, 0x00, 0x00, 0x00, 0x01, 0x00, 0x00, 0x00, 0x00, 0x7f, 0x0c, 0x00, 0x00, 0x00, 0x00, 0xff
    , 0x01, 0x00, 0x00, 0x00, 0x00, 0x7f, 0x19, 0x00, 0x00, 0x00, 0x00, 0x00, 0x01, 0x00, 0x00, 0x00
    , 0x00, 0x7f, 0x0a, 0x00, 0x00, 0x00, 0x00, 0xff, 0x01, 0x00, 0x00, 0x00, 0x00, 0x7f, 0x1b, 0x00
    , 0x00, 0x00, 0x00, 0x00, 0x01, 0x00, 0x00, 0x00, 0x00, 0x7f, 0x08, 0x00, 0x00, 0x00, 0x00, 0xff
    , 0x01, 0x00, 0x00, 0x00, 0x00, 0x7f, 0x1d, 0x00, 0x00, 0x00, 0x00, 0x00, 0x01, 0x00, 0x00, 0x00
    , 0x00, 0x7f, 0x06, 0x00, 0x00, 0x00, 0x00, 0xff, 0x01, 0x00, 0x00, 0x00, 0x00, 0x7f, 0x1f, 0x00
    , 0x00, 0x00, 0x00, 0x00, 0x01, 0x00, 0x00, 0x00, 0x00, 0x7f, 0x04, 0x00, 0x00, 0x00, 0x00, 0xff
    , 0x01, 0x00, 0x00, 0x00, 0x00, 0x7f, 0x21, 0x00, 0x00, 0x00, 0x00, 0x00, 0x01, 0x00, 0x00, 0x00
    , 0x00, 0x7f, 0x02, 0x00, 0x00, 0x00, 0x00, 0xff, 0x01, 0x00, 0x00, 0x00, 0x00, 0x7f, 0x23, 0x00
    , 0x00, 0x00, 0x00, 0x00, 0x02, 0x00, 0x00, 0x00, 0x00, 0x7f, 0x12, 0x00, 0x00, 0x00, 0x00, 0x00
    
};

inline Upp::Image ICON_NAVIGATION_OUTLINED_ARROW_DROP_DOWN_48()
{
    return Upp::UiMakeIcon(DATA_NAVIGATION_OUTLINED_ARROW_DROP_DOWN_48);
}

// Category: navigation | Type: Outlined | Icon: apps | Size: 38x38 | Format: UiMakeIcon RLE
static const unsigned char DATA_NAVIGATION_OUTLINED_APPS_48[] = {
    0x26, 0x80, 0x26, 0x00, 0x09, 0x00, 0x00, 0x00, 0x00, 0xff, 0x01, 0x00, 0x00, 0x00, 0x00, 0x7f
    , 0x04, 0x00, 0x00, 0x00, 0x00, 0x00, 0x01, 0x00, 0x00, 0x00, 0x00, 0xc0, 0x08, 0x00, 0x00, 0x00
    , 0x00, 0xff, 0x01, 0x00, 0x00, 0x00, 0x00, 0xc0, 0x04, 0x00, 0x00, 0x00, 0x00, 0x00, 0x01, 0x00
    , 0x00, 0x00, 0x00, 0x7f, 0x12, 0x00, 0x00, 0x00, 0x00, 0xff, 0x01, 0x00, 0x00, 0x00, 0x00, 0x7f
    , 0x04, 0x00, 0x00, 0x00, 0x00, 0x00, 0x01, 0x00, 0x00, 0x00, 0x00, 0xc0, 0x08, 0x00, 0x00, 0x00
    , 0x00, 0xff, 0x01, 0x00, 0x00, 0x00, 0x00, 0xc0, 0x04, 0x00, 0x00, 0x00, 0x00, 0x00, 0x01, 0x00
    , 0x00, 0x00, 0x00, 0x7f, 0x12, 0x00, 0x00, 0x00, 0x00, 0xff, 0x01, 0x00, 0x00, 0x00, 0x00, 0x7f
    , 0x04, 0x00, 0x00, 0x00, 0x00, 0x00, 0x01, 0x00, 0x00, 0x00, 0x00, 0xc0, 0x08, 0x00, 0x00, 0x00
    , 0x00, 0xff, 0x01, 0x00, 0x00, 0x00, 0x00, 0xc0, 0x04, 0x00, 0x00, 0x00, 0x00, 0x00, 0x01, 0x00
    , 0x00, 0x00, 0x00, 0x7f, 0x12, 0x00, 0x00, 0x00, 0x00, 0xff, 0x01, 0x00, 0x00, 0x00, 0x00, 0x7f
    , 0x04, 0x00, 0x00, 0x00, 0x00, 0x00, 0x01, 0x00, 0x00, 0x00, 0x00, 0xc0, 0x08, 0x00, 0x00, 0x00
    , 0x00, 0xff, 0x01, 0x00, 0x00, 0x00, 0x00, 0xc0, 0x04, 0x00, 0x00, 0x00, 0x00, 0x00, 0x01, 0x00
    , 0x00, 0x00, 0x00, 0x7f, 0x12, 0x00, 0x00, 0x00, 0x00, 0xff, 0x01, 0x00, 0x00, 0x00, 0x00, 0x7f
    , 0x04, 0x00, 0x00, 0x00, 0x00, 0x00, 0x01, 0x00, 0x00, 0x00, 0x00, 0xc0, 0x08, 0x00, 0x00, 0x00
    , 0x00, 0xff, 0x01, 0x00, 0x00, 0x00, 0x00, 0xc0, 0x04, 0x00, 0x00, 0x00, 0x00, 0x00, 0x01, 0x00
    , 0x00, 0x00, 0x00, 0x7f, 0x12, 0x00, 0x00, 0x00, 0x00, 0xff, 0x01, 0x00, 0x00, 0x00, 0x00, 0x7f
    , 0x04, 0x00, 0x00, 0x00, 0x00, 0x00, 0x01, 0x00, 0x00, 0x00, 0x00, 0xc0, 0x08, 0x00, 0x00, 0x00
    , 0x00, 0xff, 0x01, 0x00, 0x00, 0x00, 0x00, 0xc0, 0x04, 0x00, 0x00, 0x00, 0x00, 0x00, 0x01, 0x00
    , 0x00, 0x00, 0x00, 0x7f, 0x12, 0x00, 0x00, 0x00, 0x00, 0xff, 0x01, 0x00, 0x00, 0x00, 0x00, 0x7f
    , 0x04, 0x00, 0x00, 0x00, 0x00, 0x00, 0x01, 0x00, 0x00, 0x00, 0x00, 0xc0, 0x08, 0x00, 0x00, 0x00
    , 0x00, 0xff, 0x01, 0x00, 0x00, 0x00, 0x00, 0xc0, 0x04, 0x00, 0x00, 0x00, 0x00, 0x00, 0x01, 0x00
    , 0x00, 0x00, 0x00, 0x7f, 0x12, 0x00, 0x00, 0x00, 0x00, 0xff, 0x01, 0x00, 0x00, 0x00, 0x00, 0x7f
    , 0x04, 0x00, 0x00, 0x00, 0x00, 0x00, 0x01, 0x00, 0x00, 0x00, 0x00, 0xc0, 0x08, 0x00, 0x00, 0x00
    , 0x00, 0xff, 0x01, 0x00, 0x00, 0x00, 0x00, 0xc0, 0x04, 0x00, 0x00, 0x00, 0x00, 0x00, 0x01, 0x00
    , 0x00, 0x00, 0x00, 0x7f, 0x12, 0x00, 0x00, 0x00, 0x00, 0xff, 0x01, 0x00, 0x00, 0x00, 0x00, 0x7f
    , 0x04, 0x00, 0x00, 0x00, 0x00, 0x00, 0x01, 0x00, 0x00, 0x00, 0x00, 0xc0, 0x08, 0x00, 0x00, 0x00
    , 0x00, 0xff, 0x01, 0x00, 0x00, 0x00, 0x00, 0xc0, 0x04, 0x00, 0x00, 0x00, 0x00, 0x00, 0x01, 0x00
    , 0x00, 0x00, 0x00, 0x7f, 0x09, 0x00, 0x00, 0x00, 0x00, 0xff, 0x09, 0x00, 0x00, 0x00, 0x00, 0x7f
    , 0x01, 0x00, 0x00, 0x00, 0x00, 0x3f, 0x04, 0x00, 0x00, 0x00, 0x00, 0x00, 0x01, 0x00, 0x00, 0x00
    , 0x00, 0x5f, 0x08, 0x00, 0x00, 0x00, 0x00, 0x7f, 0x01, 0x00, 0x00, 0x00, 0x00, 0x5f, 0x04, 0x00
    , 0x00, 0x00, 0x00, 0x00, 0x01, 0x00, 0x00, 0x00, 0x00, 0x3f, 0x09, 0x00, 0x00, 0x00, 0x00, 0x7f
    , 0x98, 0x00, 0x00, 0x00, 0x00, 0x00, 0x09, 0x00, 0x00, 0x00, 0x00, 0xc0, 0x01, 0x00, 0x00, 0x00
    , 0x00, 0x5f, 0x04, 0x00, 0x00, 0x00, 0x00, 0x00, 0x01, 0x00, 0x00, 0x00, 0x00, 0x90, 0x08, 0x00
    , 0x00, 0x00, 0x00, 0xc0, 0x01, 0x00, 0x00, 0x00, 0x00, 0x90, 0x04, 0x00, 0x00, 0x00, 0x00, 0x00
    , 0x01, 0x00, 0x00, 0x00, 0x00, 0x5f, 0x09, 0x00, 0x00, 0x00, 0x00, 0xc0, 0x09, 0x00, 0x00, 0x00
    , 0x00, 0xff, 0x01, 0x00, 0x00, 0x00, 0x00, 0x7f, 0x04, 0x00, 0x00, 0x00, 0x00, 0x00, 0x01, 0x00
    , 0x00, 0x00, 0x00, 0xc0, 0x08, 0x00, 0x00, 0x00, 0x00, 0xff, 0x01, 0x00, 0x00, 0x00, 0x00, 0xc0
    , 0x04, 0x00, 0x00, 0x00, 0x00, 0x00, 0x01, 0x00, 0x00, 0x00, 0x00, 0x7f, 0x12, 0x00, 0x00, 0x00
    , 0x00, 0xff, 0x01, 0x00, 0x00, 0x00, 0x00, 0x7f, 0x04, 0x00, 0x00, 0x00, 0x00, 0x00, 0x01, 0x00
    , 0x00, 0x00, 0x00, 0xc0, 0x08, 0x00, 0x00, 0x00, 0x00, 0xff, 0x01, 0x00, 0x00, 0x00, 0x00, 0xc0
    , 0x04, 0x00, 0x00, 0x00, 0x00, 0x00, 0x01, 0x00, 0x00, 0x00, 0x00, 0x7f, 0x12, 0x00, 0x00, 0x00
    , 0x00, 0xff, 0x01, 0x00, 0x00, 0x00, 0x00, 0x7f, 0x04, 0x00, 0x00, 0x00, 0x00, 0x00, 0x01, 0x00
    , 0x00, 0x00, 0x00, 0xc0, 0x08, 0x00, 0x00, 0x00, 0x00, 0xff, 0x01, 0x00, 0x00, 0x00, 0x00, 0xc0
    , 0x04, 0x00, 0x00, 0x00, 0x00, 0x00, 0x01, 0x00, 0x00, 0x00, 0x00, 0x7f, 0x12, 0x00, 0x00, 0x00
    , 0x00, 0xff, 0x01, 0x00, 0x00, 0x00, 0x00, 0x7f, 0x04, 0x00, 0x00, 0x00, 0x00, 0x00, 0x01, 0x00
    , 0x00, 0x00, 0x00, 0xc0, 0x08, 0x00, 0x00, 0x00, 0x00, 0xff, 0x01, 0x00, 0x00, 0x00, 0x00, 0xc0
    , 0x04, 0x00, 0x00, 0x00, 0x00, 0x00, 0x01, 0x00, 0x00, 0x00, 0x00, 0x7f, 0x12, 0x00, 0x00, 0x00
    , 0x00, 0xff, 0x01, 0x00, 0x00, 0x00, 0x00, 0x7f, 0x04, 0x00, 0x00, 0x00, 0x00, 0x00, 0x01, 0x00
    , 0x00, 0x00, 0x00, 0xc0, 0x08, 0x00, 0x00, 0x00, 0x00, 0xff, 0x01, 0x00, 0x00, 0x00, 0x00, 0xc0
    , 0x04, 0x00, 0x00, 0x00, 0x00, 0x00, 0x01, 0x00, 0x00, 0x00, 0x00, 0x7f, 0x12, 0x00, 0x00, 0x00
    , 0x00, 0xff, 0x01, 0x00, 0x00, 0x00, 0x00, 0x7f, 0x04, 0x00, 0x00, 0x00, 0x00, 0x00, 0x01, 0x00
    , 0x00, 0x00, 0x00, 0xc0, 0x08, 0x00, 0x00, 0x00, 0x00, 0xff, 0x01, 0x00, 0x00, 0x00, 0x00, 0xc0
    , 0x04, 0x00, 0x00, 0x00, 0x00, 0x00, 0x01, 0x00, 0x00, 0x00, 0x00, 0x7f, 0x12, 0x00, 0x00, 0x00
    , 0x00, 0xff, 0x01, 0x00, 0x00, 0x00, 0x00, 0x7f, 0x04, 0x00, 0x00, 0x00, 0x00, 0x00, 0x01, 0x00
    , 0x00, 0x00, 0x00, 0xc0, 0x08, 0x00, 0x00, 0x00, 0x00, 0xff, 0x01, 0x00, 0x00, 0x00, 0x00, 0xc0
    , 0x04, 0x00, 0x00, 0x00, 0x00, 0x00, 0x01, 0x00, 0x00, 0x00, 0x00, 0x7f, 0x12, 0x00, 0x00, 0x00
    , 0x00, 0xff, 0x01, 0x00, 0x00, 0x00, 0x00, 0x7f, 0x04, 0x00, 0x00, 0x00, 0x00, 0x00, 0x01, 0x00
    , 0x00, 0x00, 0x00, 0xc0, 0x08, 0x00, 0x00, 0x00, 0x00, 0xff, 0x01, 0x00, 0x00, 0x00, 0x00, 0xc0
    , 0x04, 0x00, 0x00, 0x00, 0x00, 0x00, 0x01, 0x00, 0x00, 0x00, 0x00, 0x7f, 0x09, 0x00, 0x00, 0x00
    , 0x00, 0xff, 0x09, 0x00, 0x00, 0x00, 0x00, 0xc0, 0x01, 0x00, 0x00, 0x00, 0x00, 0x5f, 0x04, 0x00
    , 0x00, 0x00, 0x00, 0x00, 0x01, 0x00, 0x00, 0x00, 0x00, 0x90, 0x08, 0x00, 0x00, 0x00, 0x00, 0xc0
    , 0x01, 0x00, 0x00, 0x00, 0x00, 0x90, 0x04, 0x00, 0x00, 0x00, 0x00, 0x00, 0x01, 0x00, 0x00, 0x00
    , 0x00, 0x5f, 0x09, 0x00, 0x00, 0x00, 0x00, 0xc0, 0x98, 0x00, 0x00, 0x00, 0x00, 0x00, 0x09, 0x00
    , 0x00, 0x00, 0x00, 0x7f, 0x01, 0x00, 0x00, 0x00, 0x00, 0x3f, 0x04, 0x00, 0x00, 0x00, 0x00, 0x00
    , 0x01, 0x00, 0x00, 0x00, 0x00, 0x5f, 0x08, 0x00, 0x00, 0x00, 0x00, 0x7f, 0x01, 0x00, 0x00, 0x00
    , 0x00, 0x5f, 0x04, 0x00, 0x00, 0x00, 0x00, 0x00, 0x01, 0x00, 0x00, 0x00, 0x00, 0x3f, 0x09, 0x00
    , 0x00, 0x00, 0x00, 0x7f, 0x09, 0x00, 0x00, 0x00, 0x00, 0xff, 0x01, 0x00, 0x00, 0x00, 0x00, 0x7f
    , 0x04, 0x00, 0x00, 0x00, 0x00, 0x00, 0x01, 0x00, 0x00, 0x00, 0x00, 0xc0, 0x08, 0x00, 0x00, 0x00
    , 0x00, 0xff, 0x01, 0x00, 0x00, 0x00, 0x00, 0xc0, 0x04, 0x00, 0x00, 0x00, 0x00, 0x00, 0x01, 0x00
    , 0x00, 0x00, 0x00, 0x7f, 0x12, 0x00, 0x00, 0x00, 0x00, 0xff, 0x01, 0x00, 0x00, 0x00, 0x00, 0x7f
    , 0x04, 0x00, 0x00, 0x00, 0x00, 0x00, 0x01, 0x00, 0x00, 0x00, 0x00, 0xc0, 0x08, 0x00, 0x00, 0x00
    , 0x00, 0xff, 0x01, 0x00, 0x00, 0x00, 0x00, 0xc0, 0x04, 0x00, 0x00, 0x00, 0x00, 0x00, 0x01, 0x00
    , 0x00, 0x00, 0x00, 0x7f, 0x12, 0x00, 0x00, 0x00, 0x00, 0xff, 0x01, 0x00, 0x00, 0x00, 0x00, 0x7f
    , 0x04, 0x00, 0x00, 0x00, 0x00, 0x00, 0x01, 0x00, 0x00, 0x00, 0x00, 0xc0, 0x08, 0x00, 0x00, 0x00
    , 0x00, 0xff, 0x01, 0x00, 0x00, 0x00, 0x00, 0xc0, 0x04, 0x00, 0x00, 0x00, 0x00, 0x00, 0x01, 0x00
    , 0x00, 0x00, 0x00, 0x7f, 0x12, 0x00, 0x00, 0x00, 0x00, 0xff, 0x01, 0x00, 0x00, 0x00, 0x00, 0x7f
    , 0x04, 0x00, 0x00, 0x00, 0x00, 0x00, 0x01, 0x00, 0x00, 0x00, 0x00, 0xc0, 0x08, 0x00, 0x00, 0x00
    , 0x00, 0xff, 0x01, 0x00, 0x00, 0x00, 0x00, 0xc0, 0x04, 0x00, 0x00, 0x00, 0x00, 0x00, 0x01, 0x00
    , 0x00, 0x00, 0x00, 0x7f, 0x12, 0x00, 0x00, 0x00, 0x00, 0xff, 0x01, 0x00, 0x00, 0x00, 0x00, 0x7f
    , 0x04, 0x00, 0x00, 0x00, 0x00, 0x00, 0x01, 0x00, 0x00, 0x00, 0x00, 0xc0, 0x08, 0x00, 0x00, 0x00
    , 0x00, 0xff, 0x01, 0x00, 0x00, 0x00, 0x00, 0xc0, 0x04, 0x00, 0x00, 0x00, 0x00, 0x00, 0x01, 0x00
    , 0x00, 0x00, 0x00, 0x7f, 0x12, 0x00, 0x00, 0x00, 0x00, 0xff, 0x01, 0x00, 0x00, 0x00, 0x00, 0x7f
    , 0x04, 0x00, 0x00, 0x00, 0x00, 0x00, 0x01, 0x00, 0x00, 0x00, 0x00, 0xc0, 0x08, 0x00, 0x00, 0x00
    , 0x00, 0xff, 0x01, 0x00, 0x00, 0x00, 0x00, 0xc0, 0x04, 0x00, 0x00, 0x00, 0x00, 0x00, 0x01, 0x00
    , 0x00, 0x00, 0x00, 0x7f, 0x12, 0x00, 0x00, 0x00, 0x00, 0xff, 0x01, 0x00, 0x00, 0x00, 0x00, 0x7f
    , 0x04, 0x00, 0x00, 0x00, 0x00, 0x00, 0x01, 0x00, 0x00, 0x00, 0x00, 0xc0, 0x08, 0x00, 0x00, 0x00
    , 0x00, 0xff, 0x01, 0x00, 0x00, 0x00, 0x00, 0xc0, 0x04, 0x00, 0x00, 0x00, 0x00, 0x00, 0x01, 0x00
    , 0x00, 0x00, 0x00, 0x7f, 0x12, 0x00, 0x00, 0x00, 0x00, 0xff, 0x01, 0x00, 0x00, 0x00, 0x00, 0x7f
    , 0x04, 0x00, 0x00, 0x00, 0x00, 0x00, 0x01, 0x00, 0x00, 0x00, 0x00, 0xc0, 0x08, 0x00, 0x00, 0x00
    , 0x00, 0xff, 0x01, 0x00, 0x00, 0x00, 0x00, 0xc0, 0x04, 0x00, 0x00, 0x00, 0x00, 0x00, 0x01, 0x00
    , 0x00, 0x00, 0x00, 0x7f, 0x12, 0x00, 0x00, 0x00, 0x00, 0xff, 0x01, 0x00, 0x00, 0x00, 0x00, 0x7f
    , 0x04, 0x00, 0x00, 0x00, 0x00, 0x00, 0x01, 0x00, 0x00, 0x00, 0x00, 0xc0, 0x08, 0x00, 0x00, 0x00
    , 0x00, 0xff, 0x01, 0x00, 0x00, 0x00, 0x00, 0xc0, 0x04, 0x00, 0x00, 0x00, 0x00, 0x00, 0x01, 0x00
    , 0x00, 0x00, 0x00, 0x7f, 0x09, 0x00, 0x00, 0x00, 0x00, 0xff
};

inline Upp::Image ICON_NAVIGATION_OUTLINED_APPS_48()
{
    return Upp::UiMakeIcon(DATA_NAVIGATION_OUTLINED_APPS_48);
}

// Category: hardware | Type: Outlined | Icon: keyboard_arrow_right | Size: 24x38 | Format: UiMakeIcon RLE
static const unsigned char DATA_HARDWARE_OUTLINED_KEYBOARD_ARROW_RIGHT_48[] = {
    0x18, 0x80, 0x26, 0x00, 0x03, 0x00, 0x00, 0x00, 0x00, 0x00, 0x01, 0x00, 0x00, 0x00, 0x00, 0x24
    , 0x01, 0x00, 0x00, 0x00, 0x00, 0xc0, 0x01, 0x00, 0x00, 0x00, 0x00, 0x1b, 0x14, 0x00, 0x00, 0x00
    , 0x00, 0x00, 0x01, 0x00, 0x00, 0x00, 0x00, 0x24, 0x01, 0x00, 0x00, 0x00, 0x00, 0xe5, 0x01, 0x00
    , 0x00, 0x00, 0x00, 0xff, 0x01, 0x00, 0x00, 0x00, 0x00, 0xdc, 0x01, 0x00, 0x00, 0x00, 0x00, 0x1b
    , 0x12, 0x00, 0x00, 0x00, 0x00, 0x00, 0x01, 0x00, 0x00, 0x00, 0x00, 0x24, 0x01, 0x00, 0x00, 0x00
    , 0x00, 0xe5, 0x03, 0x00, 0x00, 0x00, 0x00, 0xff, 0x01, 0x00, 0x00, 0x00, 0x00, 0xdc, 0x01, 0x00
    , 0x00, 0x00, 0x00, 0x1b, 0x10, 0x00, 0x00, 0x00, 0x00, 0x00, 0x01, 0x00, 0x00, 0x00, 0x00, 0x24
    , 0x01, 0x00, 0x00, 0x00, 0x00, 0xe5, 0x05, 0x00, 0x00, 0x00, 0x00, 0xff, 0x01, 0x00, 0x00, 0x00
    , 0x00, 0xdc, 0x01, 0x00, 0x00, 0x00, 0x00, 0x1b, 0x0f, 0x00, 0x00, 0x00, 0x00, 0x00, 0x01, 0x00
    , 0x00, 0x00, 0x00, 0xc0, 0x07, 0x00, 0x00, 0x00, 0x00, 0xff, 0x01, 0x00, 0x00, 0x00, 0x00, 0xdc
    , 0x01, 0x00, 0x00, 0x00, 0x00, 0x1b, 0x0e, 0x00, 0x00, 0x00, 0x00, 0x00, 0x01, 0x00, 0x00, 0x00
    , 0x00, 0x1c, 0x01, 0x00, 0x00, 0x00, 0x00, 0xdc, 0x07, 0x00, 0x00, 0x00, 0x00, 0xff, 0x01, 0x00
    , 0x00, 0x00, 0x00, 0xdc, 0x01, 0x00, 0x00, 0x00, 0x00, 0x1b, 0x0e, 0x00, 0x00, 0x00, 0x00, 0x00
    , 0x01, 0x00, 0x00, 0x00, 0x00, 0x1c, 0x01, 0x00, 0x00, 0x00, 0x00, 0xdd, 0x07, 0x00, 0x00, 0x00
    , 0x00, 0xff, 0x01, 0x00, 0x00, 0x00, 0x00, 0xdc, 0x01, 0x00, 0x00, 0x00, 0x00, 0x1b, 0x0e, 0x00
    , 0x00, 0x00, 0x00, 0x00, 0x01, 0x00, 0x00, 0x00, 0x00, 0x1c, 0x01, 0x00, 0x00, 0x00, 0x00, 0xdd
    , 0x07, 0x00, 0x00, 0x00, 0x00, 0xff, 0x01, 0x00, 0x00, 0x00, 0x00, 0xdc, 0x01, 0x00, 0x00, 0x00
    , 0x00, 0x1b, 0x0e, 0x00, 0x00, 0x00, 0x00, 0x00, 0x01, 0x00, 0x00, 0x00, 0x00, 0x1c, 0x01, 0x00
    , 0x00, 0x00, 0x00, 0xdd, 0x07, 0x00, 0x00, 0x00, 0x00, 0xff, 0x01, 0x00, 0x00, 0x00, 0x00, 0xdc
    , 0x01, 0x00, 0x00, 0x00, 0x00, 0x1b, 0x0e, 0x00, 0x00, 0x00, 0x00, 0x00, 0x01, 0x00, 0x00, 0x00
    , 0x00, 0x1d, 0x01, 0x00, 0x00, 0x00, 0x00, 0xde, 0x07, 0x00, 0x00, 0x00, 0x00, 0xff, 0x01, 0x00
    , 0x00, 0x00, 0x00, 0xdc, 0x01, 0x00, 0x00, 0x00, 0x00, 0x1b, 0x0e, 0x00, 0x00, 0x00, 0x00, 0x00
    , 0x01, 0x00, 0x00, 0x00, 0x00, 0x1d, 0x01, 0x00, 0x00, 0x00, 0x00, 0xde, 0x07, 0x00, 0x00, 0x00
    , 0x00, 0xff, 0x01, 0x00, 0x00, 0x00, 0x00, 0xdc, 0x01, 0x00, 0x00, 0x00, 0x00, 0x1b, 0x0e, 0x00
    , 0x00, 0x00, 0x00, 0x00, 0x01, 0x00, 0x00, 0x00, 0x00, 0x1d, 0x01, 0x00, 0x00, 0x00, 0x00, 0xde
    , 0x07, 0x00, 0x00, 0x00, 0x00, 0xff, 0x01, 0x00, 0x00, 0x00, 0x00, 0xdc, 0x01, 0x00, 0x00, 0x00
    , 0x00, 0x1b, 0x0e, 0x00, 0x00, 0x00, 0x00, 0x00, 0x01, 0x00, 0x00, 0x00, 0x00, 0x1e, 0x01, 0x00
    , 0x00, 0x00, 0x00, 0xde, 0x07, 0x00, 0x00, 0x00, 0x00, 0xff, 0x01, 0x00, 0x00, 0x00, 0x00, 0xdc
    , 0x01, 0x00, 0x00, 0x00, 0x00, 0x1b, 0x0e, 0x00, 0x00, 0x00, 0x00, 0x00, 0x01, 0x00, 0x00, 0x00
    , 0x00, 0x1e, 0x01, 0x00, 0x00, 0x00, 0x00, 0xdf, 0x07, 0x00, 0x00, 0x00, 0x00, 0xff, 0x01, 0x00
    , 0x00, 0x00, 0x00, 0xdc, 0x01, 0x00, 0x00, 0x00, 0x00, 0x1b, 0x0e, 0x00, 0x00, 0x00, 0x00, 0x00
    , 0x01, 0x00, 0x00, 0x00, 0x00, 0x1e, 0x01, 0x00, 0x00, 0x00, 0x00, 0xdf, 0x07, 0x00, 0x00, 0x00
    , 0x00, 0xff, 0x01, 0x00, 0x00, 0x00, 0x00, 0xdc, 0x01, 0x00, 0x00, 0x00, 0x00, 0x1b, 0x0e, 0x00
    , 0x00, 0x00, 0x00, 0x00, 0x01, 0x00, 0x00, 0x00, 0x00, 0x1e, 0x01, 0x00, 0x00, 0x00, 0x00, 0xdf
    , 0x07, 0x00, 0x00, 0x00, 0x00, 0xff, 0x01, 0x00, 0x00, 0x00, 0x00, 0xdc, 0x01, 0x00, 0x00, 0x00
    , 0x00, 0x1b, 0x0e, 0x00, 0x00, 0x00, 0x00, 0x00, 0x01, 0x00, 0x00, 0x00, 0x00, 0x1f, 0x01, 0x00
    , 0x00, 0x00, 0x00, 0xdf, 0x07, 0x00, 0x00, 0x00, 0x00, 0xff, 0x01, 0x00, 0x00, 0x00, 0x00, 0xdc
    , 0x01, 0x00, 0x00, 0x00, 0x00, 0x1b, 0x0e, 0x00, 0x00, 0x00, 0x00, 0x00, 0x01, 0x00, 0x00, 0x00
    , 0x00, 0x1f, 0x01, 0x00, 0x00, 0x00, 0x00, 0xe0, 0x07, 0x00, 0x00, 0x00, 0x00, 0xff, 0x01, 0x00
    , 0x00, 0x00, 0x00, 0xdc, 0x01, 0x00, 0x00, 0x00, 0x00, 0x1b, 0x0e, 0x00, 0x00, 0x00, 0x00, 0x00
    , 0x01, 0x00, 0x00, 0x00, 0x00, 0x1f, 0x01, 0x00, 0x00, 0x00, 0x00, 0xe0, 0x07, 0x00, 0x00, 0x00
    , 0x00, 0xff, 0x01, 0x00, 0x00, 0x00, 0x00, 0xdc, 0x01, 0x00, 0x00, 0x00, 0x00, 0x1b, 0x0d, 0x00
    , 0x00, 0x00, 0x00, 0x00, 0x01, 0x00, 0x00, 0x00, 0x00, 0x1f, 0x01, 0x00, 0x00, 0x00, 0x00, 0xe0
    , 0x07, 0x00, 0x00, 0x00, 0x00, 0xff, 0x01, 0x00, 0x00, 0x00, 0x00, 0xdc, 0x01, 0x00, 0x00, 0x00
    , 0x00, 0x1b, 0x0c, 0x00, 0x00, 0x00, 0x00, 0x00, 0x01, 0x00, 0x00, 0x00, 0x00, 0x1f, 0x01, 0x00
    , 0x00, 0x00, 0x00, 0xe0, 0x07, 0x00, 0x00, 0x00, 0x00, 0xff, 0x01, 0x00, 0x00, 0x00, 0x00, 0xdc
    , 0x01, 0x00, 0x00, 0x00, 0x00, 0x1b, 0x0c, 0x00, 0x00, 0x00, 0x00, 0x00, 0x01, 0x00, 0x00, 0x00
    , 0x00, 0x1f, 0x01, 0x00, 0x00, 0x00, 0x00, 0xdf, 0x07, 0x00, 0x00, 0x00, 0x00, 0xff, 0x01, 0x00
    , 0x00, 0x00, 0x00, 0xdc, 0x01, 0x00, 0x00, 0x00, 0x00, 0x1b, 0x0c, 0x00, 0x00, 0x00, 0x00, 0x00
    , 0x01, 0x00, 0x00, 0x00, 0x00, 0x1e, 0x01, 0x00, 0x00, 0x00, 0x00, 0xdf, 0x07, 0x00, 0x00, 0x00
    , 0x00, 0xff, 0x01, 0x00, 0x00, 0x00, 0x00, 0xdc, 0x01, 0x00, 0x00, 0x00, 0x00, 0x1b, 0x0c, 0x00
    , 0x00, 0x00, 0x00, 0x00, 0x01, 0x00, 0x00, 0x00, 0x00, 0x1e, 0x01, 0x00, 0x00, 0x00, 0x00, 0xdf
    , 0x07, 0x00, 0x00, 0x00, 0x00, 0xff, 0x01, 0x00, 0x00, 0x00, 0x00, 0xdc, 0x01, 0x00, 0x00, 0x00
    , 0x00, 0x1b, 0x0c, 0x00, 0x00, 0x00, 0x00, 0x00, 0x01, 0x00, 0x00, 0x00, 0x00, 0x1e, 0x01, 0x00
    , 0x00, 0x00, 0x00, 0xdf, 0x07, 0x00, 0x00, 0x00, 0x00, 0xff, 0x01, 0x00, 0x00, 0x00, 0x00, 0xdc
    , 0x01, 0x00, 0x00, 0x00, 0x00, 0x1b, 0x0c, 0x00, 0x00, 0x00, 0x00, 0x00, 0x01, 0x00, 0x00, 0x00
    , 0x00, 0x1e, 0x01, 0x00, 0x00, 0x00, 0x00, 0xde, 0x07, 0x00, 0x00, 0x00, 0x00, 0xff, 0x01, 0x00
    , 0x00, 0x00, 0x00, 0xdc, 0x01, 0x00, 0x00, 0x00, 0x00, 0x1b, 0x0c, 0x00, 0x00, 0x00, 0x00, 0x00
    , 0x01, 0x00, 0x00, 0x00, 0x00, 0x1d, 0x01, 0x00, 0x00, 0x00, 0x00, 0xde, 0x07, 0x00, 0x00, 0x00
    , 0x00, 0xff, 0x01, 0x00, 0x00, 0x00, 0x00, 0xdc, 0x01, 0x00, 0x00, 0x00, 0x00, 0x1b, 0x0c, 0x00
    , 0x00, 0x00, 0x00, 0x00, 0x01, 0x00, 0x00, 0x00, 0x00, 0x1d, 0x01, 0x00, 0x00, 0x00, 0x00, 0xde
    , 0x07, 0x00, 0x00, 0x00, 0x00, 0xff, 0x01, 0x00, 0x00, 0x00, 0x00, 0xdc, 0x01, 0x00, 0x00, 0x00
    , 0x00, 0x1b, 0x0c, 0x00, 0x00, 0x00, 0x00, 0x00, 0x01, 0x00, 0x00, 0x00, 0x00, 0x1d, 0x01, 0x00
    , 0x00, 0x00, 0x00, 0xde, 0x07, 0x00, 0x00, 0x00, 0x00, 0xff, 0x01, 0x00, 0x00, 0x00, 0x00, 0xdc
    , 0x01, 0x00, 0x00, 0x00, 0x00, 0x1b, 0x0c, 0x00, 0x00, 0x00, 0x00, 0x00, 0x01, 0x00, 0x00, 0x00
    , 0x00, 0x1c, 0x01, 0x00, 0x00, 0x00, 0x00, 0xdd, 0x07, 0x00, 0x00, 0x00, 0x00, 0xff, 0x01, 0x00
    , 0x00, 0x00, 0x00, 0xdc, 0x01, 0x00, 0x00, 0x00, 0x00, 0x1b, 0x0c, 0x00, 0x00, 0x00, 0x00, 0x00
    , 0x01, 0x00, 0x00, 0x00, 0x00, 0x1c, 0x01, 0x00, 0x00, 0x00, 0x00, 0xdd, 0x07, 0x00, 0x00, 0x00
    , 0x00, 0xff, 0x01, 0x00, 0x00, 0x00, 0x00, 0xdc, 0x01, 0x00, 0x00, 0x00, 0x00, 0x1b, 0x0c, 0x00
    , 0x00, 0x00, 0x00, 0x00, 0x01, 0x00, 0x00, 0x00, 0x00, 0x1c, 0x01, 0x00, 0x00, 0x00, 0x00, 0xdd
    , 0x07, 0x00, 0x00, 0x00, 0x00, 0xff, 0x01, 0x00, 0x00, 0x00, 0x00, 0xdc, 0x01, 0x00, 0x00, 0x00
    , 0x00, 0x1b, 0x0c, 0x00, 0x00, 0x00, 0x00, 0x00, 0x01, 0x00, 0x00, 0x00, 0x00, 0x1c, 0x01, 0x00
    , 0x00, 0x00, 0x00, 0xdc, 0x07, 0x00, 0x00, 0x00, 0x00, 0xff, 0x01, 0x00, 0x00, 0x00, 0x00, 0xdc
    , 0x01, 0x00, 0x00, 0x00, 0x00, 0x1b, 0x0d, 0x00, 0x00, 0x00, 0x00, 0x00, 0x01, 0x00, 0x00, 0x00
    , 0x00, 0xc0, 0x07, 0x00, 0x00, 0x00, 0x00, 0xff, 0x01, 0x00, 0x00, 0x00, 0x00, 0xdc, 0x01, 0x00
    , 0x00, 0x00, 0x00, 0x1b, 0x0e, 0x00, 0x00, 0x00, 0x00, 0x00, 0x01, 0x00, 0x00, 0x00, 0x00, 0x24
    , 0x01, 0x00, 0x00, 0x00, 0x00, 0xe5, 0x05, 0x00, 0x00, 0x00, 0x00, 0xff, 0x01, 0x00, 0x00, 0x00
    , 0x00, 0xdc, 0x01, 0x00, 0x00, 0x00, 0x00, 0x1b, 0x10, 0x00, 0x00, 0x00, 0x00, 0x00, 0x01, 0x00
    , 0x00, 0x00, 0x00, 0x24, 0x01, 0x00, 0x00, 0x00, 0x00, 0xe5, 0x03, 0x00, 0x00, 0x00, 0x00, 0xff
    , 0x01, 0x00, 0x00, 0x00, 0x00, 0xdc, 0x01, 0x00, 0x00, 0x00, 0x00, 0x1b, 0x12, 0x00, 0x00, 0x00
    , 0x00, 0x00, 0x01, 0x00, 0x00, 0x00, 0x00, 0x24, 0x01, 0x00, 0x00, 0x00, 0x00, 0xe5, 0x01, 0x00
    , 0x00, 0x00, 0x00, 0xff, 0x01, 0x00, 0x00, 0x00, 0x00, 0xdc, 0x01, 0x00, 0x00, 0x00, 0x00, 0x1b
    , 0x14, 0x00, 0x00, 0x00, 0x00, 0x00, 0x01, 0x00, 0x00, 0x00, 0x00, 0x24, 0x01, 0x00, 0x00, 0x00
    , 0x00, 0xc0, 0x01, 0x00, 0x00, 0x00, 0x00, 0x1b, 0x12, 0x00, 0x00, 0x00, 0x00, 0x00
};

inline Upp::Image ICON_HARDWARE_OUTLINED_KEYBOARD_ARROW_RIGHT_48()
{
    return Upp::UiMakeIcon(DATA_HARDWARE_OUTLINED_KEYBOARD_ARROW_RIGHT_48);
}

// Category: hardware | Type: Outlined | Icon: keyboard_arrow_left | Size: 24x38 | Format: UiMakeIcon RLE
static const unsigned char DATA_HARDWARE_OUTLINED_KEYBOARD_ARROW_LEFT_48[] = {
    0x18, 0x80, 0x26, 0x00, 0x12, 0x00, 0x00, 0x00, 0x00, 0x00, 0x02, 0x00, 0x00, 0x00, 0x00, 0x7f
    , 0x15, 0x00, 0x00, 0x00, 0x00, 0x00, 0x01, 0x00, 0x00, 0x00, 0x00, 0x7f, 0x02, 0x00, 0x00, 0x00
    , 0x00, 0xff, 0x01, 0x00, 0x00, 0x00, 0x00, 0x7f, 0x13, 0x00, 0x00, 0x00, 0x00, 0x00, 0x01, 0x00
    , 0x00, 0x00, 0x00, 0x7f, 0x04, 0x00, 0x00, 0x00, 0x00, 0xff, 0x01, 0x00, 0x00, 0x00, 0x00, 0x7f
    , 0x11, 0x00, 0x00, 0x00, 0x00, 0x00, 0x01, 0x00, 0x00, 0x00, 0x00, 0x7f, 0x06, 0x00, 0x00, 0x00
    , 0x00, 0xff, 0x01, 0x00, 0x00, 0x00, 0x00, 0x7f, 0x0f, 0x00, 0x00, 0x00, 0x00, 0x00, 0x01, 0x00
    , 0x00, 0x00, 0x00, 0x7f, 0x08, 0x00, 0x00, 0x00, 0x00, 0xff, 0x01, 0x00, 0x00, 0x00, 0x00, 0x36
    , 0x0d, 0x00, 0x00, 0x00, 0x00, 0x00, 0x01, 0x00, 0x00, 0x00, 0x00, 0x7f, 0x08, 0x00, 0x00, 0x00
    , 0x00, 0xff, 0x01, 0x00, 0x00, 0x00, 0x00, 0x6d, 0x0d, 0x00, 0x00, 0x00, 0x00, 0x00, 0x01, 0x00
    , 0x00, 0x00, 0x00, 0x7f, 0x08, 0x00, 0x00, 0x00, 0x00, 0xff, 0x01, 0x00, 0x00, 0x00, 0x00, 0x6d
    , 0x0d, 0x00, 0x00, 0x00, 0x00, 0x00, 0x01, 0x00, 0x00, 0x00, 0x00, 0x7f, 0x08, 0x00, 0x00, 0x00
    , 0x00, 0xff, 0x01, 0x00, 0x00, 0x00, 0x00, 0x6e, 0x0d, 0x00, 0x00, 0x00, 0x00, 0x00, 0x01, 0x00
    , 0x00, 0x00, 0x00, 0x7f, 0x08, 0x00, 0x00, 0x00, 0x00, 0xff, 0x01, 0x00, 0x00, 0x00, 0x00, 0x6e
    , 0x0d, 0x00, 0x00, 0x00, 0x00, 0x00, 0x01, 0x00, 0x00, 0x00, 0x00, 0x7f, 0x08, 0x00, 0x00, 0x00
    , 0x00, 0xff, 0x01, 0x00, 0x00, 0x00, 0x00, 0x6f, 0x0d, 0x00, 0x00, 0x00, 0x00, 0x00, 0x01, 0x00
    , 0x00, 0x00, 0x00, 0x7f, 0x08, 0x00, 0x00, 0x00, 0x00, 0xff, 0x01, 0x00, 0x00, 0x00, 0x00, 0x70
    , 0x0d, 0x00, 0x00, 0x00, 0x00, 0x00, 0x01, 0x00, 0x00, 0x00, 0x00, 0x7f, 0x08, 0x00, 0x00, 0x00
    , 0x00, 0xff, 0x01, 0x00, 0x00, 0x00, 0x00, 0x70, 0x0d, 0x00, 0x00, 0x00, 0x00, 0x00, 0x01, 0x00
    , 0x00, 0x00, 0x00, 0x7f, 0x08, 0x00, 0x00, 0x00, 0x00, 0xff, 0x01, 0x00, 0x00, 0x00, 0x00, 0x71
    , 0x0d, 0x00, 0x00, 0x00, 0x00, 0x00, 0x01, 0x00, 0x00, 0x00, 0x00, 0x7f, 0x08, 0x00, 0x00, 0x00
    , 0x00, 0xff, 0x01, 0x00, 0x00, 0x00, 0x00, 0x71, 0x0d, 0x00, 0x00, 0x00, 0x00, 0x00, 0x01, 0x00
    , 0x00, 0x00, 0x00, 0x7f, 0x08, 0x00, 0x00, 0x00, 0x00, 0xff, 0x01, 0x00, 0x00, 0x00, 0x00, 0x72
    , 0x0d, 0x00, 0x00, 0x00, 0x00, 0x00, 0x01, 0x00, 0x00, 0x00, 0x00, 0x7f, 0x08, 0x00, 0x00, 0x00
    , 0x00, 0xff, 0x01, 0x00, 0x00, 0x00, 0x00, 0x72, 0x0d, 0x00, 0x00, 0x00, 0x00, 0x00, 0x01, 0x00
    , 0x00, 0x00, 0x00, 0x7f, 0x08, 0x00, 0x00, 0x00, 0x00, 0xff, 0x01, 0x00, 0x00, 0x00, 0x00, 0x73
    , 0x0d, 0x00, 0x00, 0x00, 0x00, 0x00, 0x01, 0x00, 0x00, 0x00, 0x00, 0x7f, 0x08, 0x00, 0x00, 0x00
    , 0x00, 0xff, 0x01, 0x00, 0x00, 0x00, 0x00, 0x73, 0x0d, 0x00, 0x00, 0x00, 0x00, 0x00, 0x01, 0x00
    , 0x00, 0x00, 0x00, 0x7f, 0x08, 0x00, 0x00, 0x00, 0x00, 0xff, 0x01, 0x00, 0x00, 0x00, 0x00, 0x74
    , 0x0e, 0x00, 0x00, 0x00, 0x00, 0x00, 0x01, 0x00, 0x00, 0x00, 0x00, 0x7f, 0x08, 0x00, 0x00, 0x00
    , 0x00, 0xff, 0x01, 0x00, 0x00, 0x00, 0x00, 0x74, 0x0f, 0x00, 0x00, 0x00, 0x00, 0x00, 0x01, 0x00
    , 0x00, 0x00, 0x00, 0x7f, 0x08, 0x00, 0x00, 0x00, 0x00, 0xff, 0x01, 0x00, 0x00, 0x00, 0x00, 0x73
    , 0x0f, 0x00, 0x00, 0x00, 0x00, 0x00, 0x01, 0x00, 0x00, 0x00, 0x00, 0x7f, 0x08, 0x00, 0x00, 0x00
    , 0x00, 0xff, 0x01, 0x00, 0x00, 0x00, 0x00, 0x73, 0x0f, 0x00, 0x00, 0x00, 0x00, 0x00, 0x01, 0x00
    , 0x00, 0x00, 0x00, 0x7f, 0x08, 0x00, 0x00, 0x00, 0x00, 0xff, 0x01, 0x00, 0x00, 0x00, 0x00, 0x72
    , 0x0f, 0x00, 0x00, 0x00, 0x00, 0x00, 0x01, 0x00, 0x00, 0x00, 0x00, 0x7f, 0x08, 0x00, 0x00, 0x00
    , 0x00, 0xff, 0x01, 0x00, 0x00, 0x00, 0x00, 0x72, 0x0f, 0x00, 0x00, 0x00, 0x00, 0x00, 0x01, 0x00
    , 0x00, 0x00, 0x00, 0x7f, 0x08, 0x00, 0x00, 0x00, 0x00, 0xff, 0x01, 0x00, 0x00, 0x00, 0x00, 0x71
    , 0x0f, 0x00, 0x00, 0x00, 0x00, 0x00, 0x01, 0x00, 0x00, 0x00, 0x00, 0x7f, 0x08, 0x00, 0x00, 0x00
    , 0x00, 0xff, 0x01, 0x00, 0x00, 0x00, 0x00, 0x71, 0x0f, 0x00, 0x00, 0x00, 0x00, 0x00, 0x01, 0x00
    , 0x00, 0x00, 0x00, 0x7f, 0x08, 0x00, 0x00, 0x00, 0x00, 0xff, 0x01, 0x00, 0x00, 0x00, 0x00, 0x70
    , 0x0f, 0x00, 0x00, 0x00, 0x00, 0x00, 0x01, 0x00, 0x00, 0x00, 0x00, 0x7f, 0x08, 0x00, 0x00, 0x00
    , 0x00, 0xff, 0x01, 0x00, 0x00, 0x00, 0x00, 0x70, 0x0f, 0x00, 0x00, 0x00, 0x00, 0x00, 0x01, 0x00
    , 0x00, 0x00, 0x00, 0x7f, 0x08, 0x00, 0x00, 0x00, 0x00, 0xff, 0x01, 0x00, 0x00, 0x00, 0x00, 0x6f
    , 0x0f, 0x00, 0x00, 0x00, 0x00, 0x00, 0x01, 0x00, 0x00, 0x00, 0x00, 0x7f, 0x08, 0x00, 0x00, 0x00
    , 0x00, 0xff, 0x01, 0x00, 0x00, 0x00, 0x00, 0x6f, 0x0f, 0x00, 0x00, 0x00, 0x00, 0x00, 0x01, 0x00
    , 0x00, 0x00, 0x00, 0x7f, 0x08, 0x00, 0x00, 0x00, 0x00, 0xff, 0x01, 0x00, 0x00, 0x00, 0x00, 0x6e
    , 0x0f, 0x00, 0x00, 0x00, 0x00, 0x00, 0x01, 0x00, 0x00, 0x00, 0x00, 0x7f, 0x08, 0x00, 0x00, 0x00
    , 0x00, 0xff, 0x01, 0x00, 0x00, 0x00, 0x00, 0x6e, 0x0f, 0x00, 0x00, 0x00, 0x00, 0x00, 0x01, 0x00
    , 0x00, 0x00, 0x00, 0x7f, 0x08, 0x00, 0x00, 0x00, 0x00, 0xff, 0x01, 0x00, 0x00, 0x00, 0x00, 0x6d
    , 0x0f, 0x00, 0x00, 0x00, 0x00, 0x00, 0x01, 0x00, 0x00, 0x00, 0x00, 0x7f, 0x08, 0x00, 0x00, 0x00
    , 0x00, 0xff, 0x01, 0x00, 0x00, 0x00, 0x00, 0x36, 0x0f, 0x00, 0x00, 0x00, 0x00, 0x00, 0x01, 0x00
    , 0x00, 0x00, 0x00, 0x7f, 0x06, 0x00, 0x00, 0x00, 0x00, 0xff, 0x01, 0x00, 0x00, 0x00, 0x00, 0x7f
    , 0x11, 0x00, 0x00, 0x00, 0x00, 0x00, 0x01, 0x00, 0x00, 0x00, 0x00, 0x7f, 0x04, 0x00, 0x00, 0x00
    , 0x00, 0xff, 0x01, 0x00, 0x00, 0x00, 0x00, 0x7f, 0x13, 0x00, 0x00, 0x00, 0x00, 0x00, 0x01, 0x00
    , 0x00, 0x00, 0x00, 0x7f, 0x02, 0x00, 0x00, 0x00, 0x00, 0xff, 0x01, 0x00, 0x00, 0x00, 0x00, 0x7f
    , 0x15, 0x00, 0x00, 0x00, 0x00, 0x00, 0x02, 0x00, 0x00, 0x00, 0x00, 0x7f, 0x04, 0x00, 0x00, 0x00
    , 0x00, 0x00
};

inline Upp::Image ICON_HARDWARE_OUTLINED_KEYBOARD_ARROW_LEFT_48()
{
    return Upp::UiMakeIcon(DATA_HARDWARE_OUTLINED_KEYBOARD_ARROW_LEFT_48);
}

// Category: content | Type: Outlined | Icon: add_circle_outline | Size: 38x38 | Format: UiMakeIcon RLE
static const unsigned char DATA_CONTENT_OUTLINED_ADD_CIRCLE_OUTLINE_48[] = {
    0x26, 0x80, 0x26, 0x00, 0x0d, 0x00, 0x00, 0x00, 0x00, 0x00, 0x01, 0x00, 0x00, 0x00, 0x00, 0x19
    , 0x01, 0x00, 0x00, 0x00, 0x00, 0x67, 0x01, 0x00, 0x00, 0x00, 0x00, 0xa4, 0x01, 0x00, 0x00, 0x00
    , 0x00, 0xc0, 0x01, 0x00, 0x00, 0x00, 0x00, 0xda, 0x02, 0x00, 0x00, 0x00, 0x00, 0xf3, 0x01, 0x00
    , 0x00, 0x00, 0x00, 0xda, 0x01, 0x00, 0x00, 0x00, 0x00, 0xc0, 0x01, 0x00, 0x00, 0x00, 0x00, 0xa4
    , 0x01, 0x00, 0x00, 0x00, 0x00, 0x67, 0x01, 0x00, 0x00, 0x00, 0x00, 0x18, 0x17, 0x00, 0x00, 0x00
    , 0x00, 0x00, 0x01, 0x00, 0x00, 0x00, 0x00, 0x06, 0x01, 0x00, 0x00, 0x00, 0x00, 0x6e, 0x01, 0x00
    , 0x00, 0x00, 0x00, 0xc9, 0x01, 0x00, 0x00, 0x00, 0x00, 0xfe, 0x0a, 0x00, 0x00, 0x00, 0x00, 0xff
    , 0x01, 0x00, 0x00, 0x00, 0x00, 0xfe, 0x01, 0x00, 0x00, 0x00, 0x00, 0xc9, 0x01, 0x00, 0x00, 0x00
    , 0x00, 0x6d, 0x01, 0x00, 0x00, 0x00, 0x00, 0x06, 0x13, 0x00, 0x00, 0x00, 0x00, 0x00, 0x01, 0x00
    , 0x00, 0x00, 0x00, 0x5d, 0x01, 0x00, 0x00, 0x00, 0x00, 0xe1, 0x10, 0x00, 0x00, 0x00, 0x00, 0xff
    , 0x01, 0x00, 0x00, 0x00, 0x00, 0xe0, 0x01, 0x00, 0x00, 0x00, 0x00, 0x5c, 0x10, 0x00, 0x00, 0x00
    , 0x00, 0x00, 0x01, 0x00, 0x00, 0x00, 0x00, 0x1d, 0x01, 0x00, 0x00, 0x00, 0x00, 0xca, 0x08, 0x00
    , 0x00, 0x00, 0x00, 0xff, 0x01, 0x00, 0x00, 0x00, 0x00, 0xf3, 0x02, 0x00, 0x00, 0x00, 0x00, 0xd9
    , 0x01, 0x00, 0x00, 0x00, 0x00, 0xf3, 0x08, 0x00, 0x00, 0x00, 0x00, 0xff, 0x01, 0x00, 0x00, 0x00
    , 0x00, 0xca, 0x01, 0x00, 0x00, 0x00, 0x00, 0x1d, 0x0d, 0x00, 0x00, 0x00, 0x00, 0x00, 0x01, 0x00
    , 0x00, 0x00, 0x00, 0x3a, 0x01, 0x00, 0x00, 0x00, 0x00, 0xe9, 0x05, 0x00, 0x00, 0x00, 0x00, 0xff
    , 0x01, 0x00, 0x00, 0x00, 0x00, 0xdd, 0x01, 0x00, 0x00, 0x00, 0x00, 0x8e, 0x01, 0x00, 0x00, 0x00
    , 0x00, 0x3d, 0x01, 0x00, 0x00, 0x00, 0x00, 0x0c, 0x04, 0x00, 0x00, 0x00, 0x00, 0x00, 0x01, 0x00
    , 0x00, 0x00, 0x00, 0x0c, 0x01, 0x00, 0x00, 0x00, 0x00, 0x3d, 0x01, 0x00, 0x00, 0x00, 0x00, 0x8e
    , 0x01, 0x00, 0x00, 0x00, 0x00, 0xdd, 0x05, 0x00, 0x00, 0x00, 0x00, 0xff, 0x01, 0x00, 0x00, 0x00
    , 0x00, 0xe9, 0x01, 0x00, 0x00, 0x00, 0x00, 0x39, 0x0b, 0x00, 0x00, 0x00, 0x00, 0x00, 0x01, 0x00
    , 0x00, 0x00, 0x00, 0x57, 0x01, 0x00, 0x00, 0x00, 0x00, 0xf9, 0x04, 0x00, 0x00, 0x00, 0x00, 0xff
    , 0x01, 0x00, 0x00, 0x00, 0x00, 0xd7, 0x01, 0x00, 0x00, 0x00, 0x00, 0x4f, 0x0c, 0x00, 0x00, 0x00
    , 0x00, 0x00, 0x01, 0x00, 0x00, 0x00, 0x00, 0x4f, 0x01, 0x00, 0x00, 0x00, 0x00, 0xd7, 0x04, 0x00
    , 0x00, 0x00, 0x00, 0xff, 0x01, 0x00, 0x00, 0x00, 0x00, 0xf9, 0x01, 0x00, 0x00, 0x00, 0x00, 0x56
    , 0x09, 0x00, 0x00, 0x00, 0x00, 0x00, 0x01, 0x00, 0x00, 0x00, 0x00, 0x3a, 0x01, 0x00, 0x00, 0x00
    , 0x00, 0xf9, 0x03, 0x00, 0x00, 0x00, 0x00, 0xff, 0x01, 0x00, 0x00, 0x00, 0x00, 0xfa, 0x01, 0x00
    , 0x00, 0x00, 0x00, 0x6f, 0x10, 0x00, 0x00, 0x00, 0x00, 0x00, 0x01, 0x00, 0x00, 0x00, 0x00, 0x6f
    , 0x01, 0x00, 0x00, 0x00, 0x00, 0xfa, 0x03, 0x00, 0x00, 0x00, 0x00, 0xff, 0x01, 0x00, 0x00, 0x00
    , 0x00, 0xf9, 0x01, 0x00, 0x00, 0x00, 0x00, 0x39, 0x07, 0x00, 0x00, 0x00, 0x00, 0x00, 0x01, 0x00
    , 0x00, 0x00, 0x00, 0x1d, 0x01, 0x00, 0x00, 0x00, 0x00, 0xe9, 0x03, 0x00, 0x00, 0x00, 0x00, 0xff
    , 0x01, 0x00, 0x00, 0x00, 0x00, 0xec, 0x01, 0x00, 0x00, 0x00, 0x00, 0x3e, 0x12, 0x00, 0x00, 0x00
    , 0x00, 0x00, 0x01, 0x00, 0x00, 0x00, 0x00, 0x3f, 0x01, 0x00, 0x00, 0x00, 0x00, 0xec, 0x03, 0x00
    , 0x00, 0x00, 0x00, 0xff, 0x01, 0x00, 0x00, 0x00, 0x00, 0xe8, 0x01, 0x00, 0x00, 0x00, 0x00, 0x1c
    , 0x06, 0x00, 0x00, 0x00, 0x00, 0x00, 0x01, 0x00, 0x00, 0x00, 0x00, 0xca, 0x03, 0x00, 0x00, 0x00
    , 0x00, 0xff, 0x01, 0x00, 0x00, 0x00, 0x00, 0xec, 0x01, 0x00, 0x00, 0x00, 0x00, 0x24, 0x14, 0x00
    , 0x00, 0x00, 0x00, 0x00, 0x01, 0x00, 0x00, 0x00, 0x00, 0x24, 0x01, 0x00, 0x00, 0x00, 0x00, 0xec
    , 0x03, 0x00, 0x00, 0x00, 0x00, 0xff, 0x01, 0x00, 0x00, 0x00, 0x00, 0xca, 0x05, 0x00, 0x00, 0x00
    , 0x00, 0x00, 0x01, 0x00, 0x00, 0x00, 0x00, 0x5c, 0x03, 0x00, 0x00, 0x00, 0x00, 0xff, 0x01, 0x00
    , 0x00, 0x00, 0x00, 0xfa, 0x01, 0x00, 0x00, 0x00, 0x00, 0x3e, 0x09, 0x00, 0x00, 0x00, 0x00, 0x00
    , 0x01, 0x00, 0x00, 0x00, 0x00, 0x72, 0x02, 0x00, 0x00, 0x00, 0x00, 0x7f, 0x01, 0x00, 0x00, 0x00
    , 0x00, 0x72, 0x09, 0x00, 0x00, 0x00, 0x00, 0x00, 0x01, 0x00, 0x00, 0x00, 0x00, 0x3f, 0x01, 0x00
    , 0x00, 0x00, 0x00, 0xfa, 0x03, 0x00, 0x00, 0x00, 0x00, 0xff, 0x01, 0x00, 0x00, 0x00, 0x00, 0x5b
    , 0x03, 0x00, 0x00, 0x00, 0x00, 0x00, 0x01, 0x00, 0x00, 0x00, 0x00, 0x06, 0x01, 0x00, 0x00, 0x00
    , 0x00, 0xe0, 0x03, 0x00, 0x00, 0x00, 0x00, 0xff, 0x01, 0x00, 0x00, 0x00, 0x00, 0x6f, 0x0a, 0x00
    , 0x00, 0x00, 0x00, 0x00, 0x01, 0x00, 0x00, 0x00, 0x00, 0xe6, 0x02, 0x00, 0x00, 0x00, 0x00, 0xff
    , 0x01, 0x00, 0x00, 0x00, 0x00, 0xe6, 0x0a, 0x00, 0x00, 0x00, 0x00, 0x00, 0x01, 0x00, 0x00, 0x00
    , 0x00, 0x6f, 0x03, 0x00, 0x00, 0x00, 0x00, 0xff, 0x01, 0x00, 0x00, 0x00, 0x00, 0xe0, 0x01, 0x00
    , 0x00, 0x00, 0x00, 0x06, 0x02, 0x00, 0x00, 0x00, 0x00, 0x00, 0x01, 0x00, 0x00, 0x00, 0x00, 0x6d
    , 0x03, 0x00, 0x00, 0x00, 0x00, 0xff, 0x01, 0x00, 0x00, 0x00, 0x00, 0xd7, 0x0b, 0x00, 0x00, 0x00
    , 0x00, 0x00, 0x01, 0x00, 0x00, 0x00, 0x00, 0xe6, 0x02, 0x00, 0x00, 0x00, 0x00, 0xff, 0x01, 0x00
    , 0x00, 0x00, 0x00, 0xe6, 0x0b, 0x00, 0x00, 0x00, 0x00, 0x00, 0x01, 0x00, 0x00, 0x00, 0x00, 0xd8
    , 0x03, 0x00, 0x00, 0x00, 0x00, 0xff, 0x01, 0x00, 0x00, 0x00, 0x00, 0x6d, 0x02, 0x00, 0x00, 0x00
    , 0x00, 0x00, 0x01, 0x00, 0x00, 0x00, 0x00, 0xc9, 0x03, 0x00, 0x00, 0x00, 0x00, 0xff, 0x01, 0x00
    , 0x00, 0x00, 0x00, 0x4f, 0x0b, 0x00, 0x00, 0x00, 0x00, 0x00, 0x01, 0x00, 0x00, 0x00, 0x00, 0xe6
    , 0x02, 0x00, 0x00, 0x00, 0x00, 0xff, 0x01, 0x00, 0x00, 0x00, 0x00, 0xe6, 0x0b, 0x00, 0x00, 0x00
    , 0x00, 0x00, 0x01, 0x00, 0x00, 0x00, 0x00, 0x50, 0x03, 0x00, 0x00, 0x00, 0x00, 0xff, 0x01, 0x00
    , 0x00, 0x00, 0x00, 0xc8, 0x01, 0x00, 0x00, 0x00, 0x00, 0x00, 0x01, 0x00, 0x00, 0x00, 0x00, 0x19
    , 0x01, 0x00, 0x00, 0x00, 0x00, 0xfe, 0x02, 0x00, 0x00, 0x00, 0x00, 0xff, 0x01, 0x00, 0x00, 0x00
    , 0x00, 0xdd, 0x0c, 0x00, 0x00, 0x00, 0x00, 0x00, 0x01, 0x00, 0x00, 0x00, 0x00, 0xe6, 0x02, 0x00
    , 0x00, 0x00, 0x00, 0xff, 0x01, 0x00, 0x00, 0x00, 0x00, 0xe6, 0x0c, 0x00, 0x00, 0x00, 0x00, 0x00
    , 0x01, 0x00, 0x00, 0x00, 0x00, 0xde, 0x02, 0x00, 0x00, 0x00, 0x00, 0xff, 0x01, 0x00, 0x00, 0x00
    , 0x00, 0xfe, 0x01, 0x00, 0x00, 0x00, 0x00, 0x18, 0x01, 0x00, 0x00, 0x00, 0x00, 0x67, 0x03, 0x00
    , 0x00, 0x00, 0x00, 0xff, 0x01, 0x00, 0x00, 0x00, 0x00, 0x8e, 0x0c, 0x00, 0x00, 0x00, 0x00, 0x00
    , 0x01, 0x00, 0x00, 0x00, 0x00, 0xe6, 0x02, 0x00, 0x00, 0x00, 0x00, 0xff, 0x01, 0x00, 0x00, 0x00
    , 0x00, 0xe6, 0x0c, 0x00, 0x00, 0x00, 0x00, 0x00, 0x01, 0x00, 0x00, 0x00, 0x00, 0x8f, 0x03, 0x00
    , 0x00, 0x00, 0x00, 0xff, 0x01, 0x00, 0x00, 0x00, 0x00, 0x66, 0x01, 0x00, 0x00, 0x00, 0x00, 0xa4
    , 0x03, 0x00, 0x00, 0x00, 0x00, 0xff, 0x01, 0x00, 0x00, 0x00, 0x00, 0x3d, 0x0c, 0x00, 0x00, 0x00
    , 0x00, 0x00, 0x01, 0x00, 0x00, 0x00, 0x00, 0xe6, 0x02, 0x00, 0x00, 0x00, 0x00, 0xff, 0x01, 0x00
    , 0x00, 0x00, 0x00, 0xe6, 0x0c, 0x00, 0x00, 0x00, 0x00, 0x00, 0x01, 0x00, 0x00, 0x00, 0x00, 0x3e
    , 0x03, 0x00, 0x00, 0x00, 0x00, 0xff, 0x01, 0x00, 0x00, 0x00, 0x00, 0xa4, 0x01, 0x00, 0x00, 0x00
    , 0x00, 0xc0, 0x03, 0x00, 0x00, 0x00, 0x00, 0xff, 0x01, 0x00, 0x00, 0x00, 0x00, 0x0c, 0x0c, 0x00
    , 0x00, 0x00, 0x00, 0x00, 0x01, 0x00, 0x00, 0x00, 0x00, 0xe6, 0x02, 0x00, 0x00, 0x00, 0x00, 0xff
    , 0x01, 0x00, 0x00, 0x00, 0x00, 0xe6, 0x0c, 0x00, 0x00, 0x00, 0x00, 0x00, 0x01, 0x00, 0x00, 0x00
    , 0x00, 0x0d, 0x03, 0x00, 0x00, 0x00, 0x00, 0xff, 0x01, 0x00, 0x00, 0x00, 0x00, 0xbf, 0x01, 0x00
    , 0x00, 0x00, 0x00, 0xda, 0x02, 0x00, 0x00, 0x00, 0x00, 0xff, 0x01, 0x00, 0x00, 0x00, 0x00, 0xf3
    , 0x05, 0x00, 0x00, 0x00, 0x00, 0x00, 0x01, 0x00, 0x00, 0x00, 0x00, 0x72, 0x07, 0x00, 0x00, 0x00
    , 0x00, 0xe6, 0x01, 0x00, 0x00, 0x00, 0x00, 0xfd, 0x02, 0x00, 0x00, 0x00, 0x00, 0xff, 0x01, 0x00
    , 0x00, 0x00, 0x00, 0xfd, 0x07, 0x00, 0x00, 0x00, 0x00, 0xe6, 0x01, 0x00, 0x00, 0x00, 0x00, 0x72
    , 0x05, 0x00, 0x00, 0x00, 0x00, 0x00, 0x01, 0x00, 0x00, 0x00, 0x00, 0xf3, 0x02, 0x00, 0x00, 0x00
    , 0x00, 0xff, 0x01, 0x00, 0x00, 0x00, 0x00, 0xd9, 0x01, 0x00, 0x00, 0x00, 0x00, 0xf3, 0x02, 0x00
    , 0x00, 0x00, 0x00, 0xff, 0x01, 0x00, 0x00, 0x00, 0x00, 0xd9, 0x05, 0x00, 0x00, 0x00, 0x00, 0x00
    , 0x01, 0x00, 0x00, 0x00, 0x00, 0x7f, 0x12, 0x00, 0x00, 0x00, 0x00, 0xff, 0x01, 0x00, 0x00, 0x00
    , 0x00, 0x7f, 0x05, 0x00, 0x00, 0x00, 0x00, 0x00, 0x01, 0x00, 0x00, 0x00, 0x00, 0xda, 0x02, 0x00
    , 0x00, 0x00, 0x00, 0xff, 0x02, 0x00, 0x00, 0x00, 0x00, 0xf3, 0x02, 0x00, 0x00, 0x00, 0x00, 0xff
    , 0x01, 0x00, 0x00, 0x00, 0x00, 0xd9, 0x05, 0x00, 0x00, 0x00, 0x00, 0x00, 0x01, 0x00, 0x00, 0x00
    , 0x00, 0x7f, 0x12, 0x00, 0x00, 0x00, 0x00, 0xff, 0x01, 0x00, 0x00, 0x00, 0x00, 0x7f, 0x05, 0x00
    , 0x00, 0x00, 0x00, 0x00, 0x01, 0x00, 0x00, 0x00, 0x00, 0xda, 0x02, 0x00, 0x00, 0x00, 0x00, 0xff
    , 0x01, 0x00, 0x00, 0x00, 0x00, 0xf3, 0x01, 0x00, 0x00, 0x00, 0x00, 0xda, 0x02, 0x00, 0x00, 0x00
    , 0x00, 0xff, 0x01, 0x00, 0x00, 0x00, 0x00, 0xf3, 0x05, 0x00, 0x00, 0x00, 0x00, 0x00, 0x01, 0x00
    , 0x00, 0x00, 0x00, 0x72, 0x07, 0x00, 0x00, 0x00, 0x00, 0xe6, 0x01, 0x00, 0x00, 0x00, 0x00, 0xfd
    , 0x02, 0x00, 0x00, 0x00, 0x00, 0xff, 0x01, 0x00, 0x00, 0x00, 0x00, 0xfd, 0x07, 0x00, 0x00, 0x00
    , 0x00, 0xe6, 0x01, 0x00, 0x00, 0x00, 0x00, 0x72, 0x05, 0x00, 0x00, 0x00, 0x00, 0x00, 0x01, 0x00
    , 0x00, 0x00, 0x00, 0xf3, 0x02, 0x00, 0x00, 0x00, 0x00, 0xff, 0x01, 0x00, 0x00, 0x00, 0x00, 0xd9
    , 0x01, 0x00, 0x00, 0x00, 0x00, 0xc0, 0x03, 0x00, 0x00, 0x00, 0x00, 0xff, 0x01, 0x00, 0x00, 0x00
    , 0x00, 0x0c, 0x0c, 0x00, 0x00, 0x00, 0x00, 0x00, 0x01, 0x00, 0x00, 0x00, 0x00, 0xe6, 0x02, 0x00
    , 0x00, 0x00, 0x00, 0xff, 0x01, 0x00, 0x00, 0x00, 0x00, 0xe6, 0x0c, 0x00, 0x00, 0x00, 0x00, 0x00
    , 0x01, 0x00, 0x00, 0x00, 0x00, 0x0d, 0x03, 0x00, 0x00, 0x00, 0x00, 0xff, 0x01, 0x00, 0x00, 0x00
    , 0x00, 0xbf, 0x01, 0x00, 0x00, 0x00, 0x00, 0xa4, 0x03, 0x00, 0x00, 0x00, 0x00, 0xff, 0x01, 0x00
    , 0x00, 0x00, 0x00, 0x3d, 0x0c, 0x00, 0x00, 0x00, 0x00, 0x00, 0x01, 0x00, 0x00, 0x00, 0x00, 0xe6
    , 0x02, 0x00, 0x00, 0x00, 0x00, 0xff, 0x01, 0x00, 0x00, 0x00, 0x00, 0xe6, 0x0c, 0x00, 0x00, 0x00
    , 0x00, 0x00, 0x01, 0x00, 0x00, 0x00, 0x00, 0x3e, 0x03, 0x00, 0x00, 0x00, 0x00, 0xff, 0x01, 0x00
    , 0x00, 0x00, 0x00, 0xa4, 0x01, 0x00, 0x00, 0x00, 0x00, 0x67, 0x03, 0x00, 0x00, 0x00, 0x00, 0xff
    , 0x01, 0x00, 0x00, 0x00, 0x00, 0x8e, 0x0c, 0x00, 0x00, 0x00, 0x00, 0x00, 0x01, 0x00, 0x00, 0x00
    , 0x00, 0xe6, 0x02, 0x00, 0x00, 0x00, 0x00, 0xff, 0x01, 0x00, 0x00, 0x00, 0x00, 0xe6, 0x0c, 0x00
    , 0x00, 0x00, 0x00, 0x00, 0x01, 0x00, 0x00, 0x00, 0x00, 0x8f, 0x03, 0x00, 0x00, 0x00, 0x00, 0xff
    , 0x01, 0x00, 0x00, 0x00, 0x00, 0x66, 0x01, 0x00, 0x00, 0x00, 0x00, 0x19, 0x01, 0x00, 0x00, 0x00
    , 0x00, 0xfe, 0x02, 0x00, 0x00, 0x00, 0x00, 0xff, 0x01, 0x00, 0x00, 0x00, 0x00, 0xdd, 0x0c, 0x00
    , 0x00, 0x00, 0x00, 0x00, 0x01, 0x00, 0x00, 0x00, 0x00, 0xe6, 0x02, 0x00, 0x00, 0x00, 0x00, 0xff
    , 0x01, 0x00, 0x00, 0x00, 0x00, 0xe6, 0x0c, 0x00, 0x00, 0x00, 0x00, 0x00, 0x01, 0x00, 0x00, 0x00
    , 0x00, 0xde, 0x02, 0x00, 0x00, 0x00, 0x00, 0xff, 0x01, 0x00, 0x00, 0x00, 0x00, 0xfe, 0x01, 0x00
    , 0x00, 0x00, 0x00, 0x18, 0x01, 0x00, 0x00, 0x00, 0x00, 0x00, 0x01, 0x00, 0x00, 0x00, 0x00, 0xc9
    , 0x03, 0x00, 0x00, 0x00, 0x00, 0xff, 0x01, 0x00, 0x00, 0x00, 0x00, 0x4f, 0x0b, 0x00, 0x00, 0x00
    , 0x00, 0x00, 0x01, 0x00, 0x00, 0x00, 0x00, 0xe6, 0x02, 0x00, 0x00, 0x00, 0x00, 0xff, 0x01, 0x00
    , 0x00, 0x00, 0x00, 0xe6, 0x0b, 0x00, 0x00, 0x00, 0x00, 0x00, 0x01, 0x00, 0x00, 0x00, 0x00, 0x50
    , 0x03, 0x00, 0x00, 0x00, 0x00, 0xff, 0x01, 0x00, 0x00, 0x00, 0x00, 0xc8, 0x02, 0x00, 0x00, 0x00
    , 0x00, 0x00, 0x01, 0x00, 0x00, 0x00, 0x00, 0x6d, 0x03, 0x00, 0x00, 0x00, 0x00, 0xff, 0x01, 0x00
    , 0x00, 0x00, 0x00, 0xd7, 0x0b, 0x00, 0x00, 0x00, 0x00, 0x00, 0x01, 0x00, 0x00, 0x00, 0x00, 0xe6
    , 0x02, 0x00, 0x00, 0x00, 0x00, 0xff, 0x01, 0x00, 0x00, 0x00, 0x00, 0xe6, 0x0b, 0x00, 0x00, 0x00
    , 0x00, 0x00, 0x01, 0x00, 0x00, 0x00, 0x00, 0xd8, 0x03, 0x00, 0x00, 0x00, 0x00, 0xff, 0x01, 0x00
    , 0x00, 0x00, 0x00, 0x6d, 0x02, 0x00, 0x00, 0x00, 0x00, 0x00, 0x01, 0x00, 0x00, 0x00, 0x00, 0x06
    , 0x01, 0x00, 0x00, 0x00, 0x00, 0xe0, 0x03, 0x00, 0x00, 0x00, 0x00, 0xff, 0x01, 0x00, 0x00, 0x00
    , 0x00, 0x6f, 0x0a, 0x00, 0x00, 0x00, 0x00, 0x00, 0x01, 0x00, 0x00, 0x00, 0x00, 0xe6, 0x02, 0x00
    , 0x00, 0x00, 0x00, 0xff, 0x01, 0x00, 0x00, 0x00, 0x00, 0xe6, 0x0a, 0x00, 0x00, 0x00, 0x00, 0x00
    , 0x01, 0x00, 0x00, 0x00, 0x00, 0x6f, 0x03, 0x00, 0x00, 0x00, 0x00, 0xff, 0x01, 0x00, 0x00, 0x00
    , 0x00, 0xe0, 0x01, 0x00, 0x00, 0x00, 0x00, 0x06, 0x03, 0x00, 0x00, 0x00, 0x00, 0x00, 0x01, 0x00
    , 0x00, 0x00, 0x00, 0x5c, 0x03, 0x00, 0x00, 0x00, 0x00, 0xff, 0x01, 0x00, 0x00, 0x00, 0x00, 0xfa
    , 0x01, 0x00, 0x00, 0x00, 0x00, 0x3e, 0x09, 0x00, 0x00, 0x00, 0x00, 0x00, 0x01, 0x00, 0x00, 0x00
    , 0x00, 0x72, 0x02, 0x00, 0x00, 0x00, 0x00, 0x7f, 0x01, 0x00, 0x00, 0x00, 0x00, 0x72, 0x09, 0x00
    , 0x00, 0x00, 0x00, 0x00, 0x01, 0x00, 0x00, 0x00, 0x00, 0x3f, 0x01, 0x00, 0x00, 0x00, 0x00, 0xfb
    , 0x03, 0x00, 0x00, 0x00, 0x00, 0xff, 0x01, 0x00, 0x00, 0x00, 0x00, 0x5b, 0x05, 0x00, 0x00, 0x00
    , 0x00, 0x00, 0x01, 0x00, 0x00, 0x00, 0x00, 0xca, 0x03, 0x00, 0x00, 0x00, 0x00, 0xff, 0x01, 0x00
    , 0x00, 0x00, 0x00, 0xec, 0x01, 0x00, 0x00, 0x00, 0x00, 0x24, 0x14, 0x00, 0x00, 0x00, 0x00, 0x00
    , 0x01, 0x00, 0x00, 0x00, 0x00, 0x24, 0x01, 0x00, 0x00, 0x00, 0x00, 0xec, 0x03, 0x00, 0x00, 0x00
    , 0x00, 0xff, 0x01, 0x00, 0x00, 0x00, 0x00, 0xca, 0x06, 0x00, 0x00, 0x00, 0x00, 0x00, 0x01, 0x00
    , 0x00, 0x00, 0x00, 0x1d, 0x01, 0x00, 0x00, 0x00, 0x00, 0xe9, 0x03, 0x00, 0x00, 0x00, 0x00, 0xff
    , 0x01, 0x00, 0x00, 0x00, 0x00, 0xec, 0x01, 0x00, 0x00, 0x00, 0x00, 0x3f, 0x12, 0x00, 0x00, 0x00
    , 0x00, 0x00, 0x01, 0x00, 0x00, 0x00, 0x00, 0x3f, 0x01, 0x00, 0x00, 0x00, 0x00, 0xec, 0x03, 0x00
    , 0x00, 0x00, 0x00, 0xff, 0x01, 0x00, 0x00, 0x00, 0x00, 0xe8, 0x01, 0x00, 0x00, 0x00, 0x00, 0x1c
    , 0x07, 0x00, 0x00, 0x00, 0x00, 0x00, 0x01, 0x00, 0x00, 0x00, 0x00, 0x39, 0x01, 0x00, 0x00, 0x00
    , 0x00, 0xf9, 0x03, 0x00, 0x00, 0x00, 0x00, 0xff, 0x01, 0x00, 0x00, 0x00, 0x00, 0xfa, 0x01, 0x00
    , 0x00, 0x00, 0x00, 0x6f, 0x10, 0x00, 0x00, 0x00, 0x00, 0x00, 0x01, 0x00, 0x00, 0x00, 0x00, 0x6f
    , 0x01, 0x00, 0x00, 0x00, 0x00, 0xfa, 0x03, 0x00, 0x00, 0x00, 0x00, 0xff, 0x01, 0x00, 0x00, 0x00
    , 0x00, 0xf9, 0x01, 0x00, 0x00, 0x00, 0x00, 0x39, 0x09, 0x00, 0x00, 0x00, 0x00, 0x00, 0x01, 0x00
    , 0x00, 0x00, 0x00, 0x56, 0x01, 0x00, 0x00, 0x00, 0x00, 0xf9, 0x04, 0x00, 0x00, 0x00, 0x00, 0xff
    , 0x01, 0x00, 0x00, 0x00, 0x00, 0xd8, 0x01, 0x00, 0x00, 0x00, 0x00, 0x50, 0x0c, 0x00, 0x00, 0x00
    , 0x00, 0x00, 0x01, 0x00, 0x00, 0x00, 0x00, 0x50, 0x01, 0x00, 0x00, 0x00, 0x00, 0xd8, 0x04, 0x00
    , 0x00, 0x00, 0x00, 0xff, 0x01, 0x00, 0x00, 0x00, 0x00, 0xf9, 0x01, 0x00, 0x00, 0x00, 0x00, 0x56
    , 0x0b, 0x00, 0x00, 0x00, 0x00, 0x00, 0x01, 0x00, 0x00, 0x00, 0x00, 0x3a, 0x01, 0x00, 0x00, 0x00
    , 0x00, 0xe9, 0x05, 0x00, 0x00, 0x00, 0x00, 0xff, 0x01, 0x00, 0x00, 0x00, 0x00, 0xde, 0x01, 0x00
    , 0x00, 0x00, 0x00, 0x8f, 0x01, 0x00, 0x00, 0x00, 0x00, 0x3e, 0x01, 0x00, 0x00, 0x00, 0x00, 0x0d
    , 0x04, 0x00, 0x00, 0x00, 0x00, 0x00, 0x01, 0x00, 0x00, 0x00, 0x00, 0x0d, 0x01, 0x00, 0x00, 0x00
    , 0x00, 0x3e, 0x01, 0x00, 0x00, 0x00, 0x00, 0x8f, 0x01, 0x00, 0x00, 0x00, 0x00, 0xde, 0x05, 0x00
    , 0x00, 0x00, 0x00, 0xff, 0x01, 0x00, 0x00, 0x00, 0x00, 0xe8, 0x01, 0x00, 0x00, 0x00, 0x00, 0x39
    , 0x0d, 0x00, 0x00, 0x00, 0x00, 0x00, 0x01, 0x00, 0x00, 0x00, 0x00, 0x1c, 0x01, 0x00, 0x00, 0x00
    , 0x00, 0xca, 0x08, 0x00, 0x00, 0x00, 0x00, 0xff, 0x01, 0x00, 0x00, 0x00, 0x00, 0xf3, 0x02, 0x00
    , 0x00, 0x00, 0x00, 0xda, 0x01, 0x00, 0x00, 0x00, 0x00, 0xf3, 0x08, 0x00, 0x00, 0x00, 0x00, 0xff
    , 0x01, 0x00, 0x00, 0x00, 0x00, 0xca, 0x01, 0x00, 0x00, 0x00, 0x00, 0x1c, 0x10, 0x00, 0x00, 0x00
    , 0x00, 0x00, 0x01, 0x00, 0x00, 0x00, 0x00, 0x5c, 0x01, 0x00, 0x00, 0x00, 0x00, 0xe0, 0x10, 0x00
    , 0x00, 0x00, 0x00, 0xff, 0x01, 0x00, 0x00, 0x00, 0x00, 0xe0, 0x01, 0x00, 0x00, 0x00, 0x00, 0x5b
    , 0x13, 0x00, 0x00, 0x00, 0x00, 0x00, 0x01, 0x00, 0x00, 0x00, 0x00, 0x06, 0x01, 0x00, 0x00, 0x00
    , 0x00, 0x6d, 0x01, 0x00, 0x00, 0x00, 0x00, 0xc8, 0x01, 0x00, 0x00, 0x00, 0x00, 0xfe, 0x0a, 0x00
    , 0x00, 0x00, 0x00, 0xff, 0x01, 0x00, 0x00, 0x00, 0x00, 0xfe, 0x01, 0x00, 0x00, 0x00, 0x00, 0xc8
    , 0x01, 0x00, 0x00, 0x00, 0x00, 0x6d, 0x01, 0x00, 0x00, 0x00, 0x00, 0x06, 0x17, 0x00, 0x00, 0x00
    , 0x00, 0x00, 0x01, 0x00, 0x00, 0x00, 0x00, 0x18, 0x01, 0x00, 0x00, 0x00, 0x00, 0x66, 0x01, 0x00
    , 0x00, 0x00, 0x00, 0xa4, 0x01, 0x00, 0x00, 0x00, 0x00, 0xbf, 0x01, 0x00, 0x00, 0x00, 0x00, 0xd9
    , 0x02, 0x00, 0x00, 0x00, 0x00, 0xf3, 0x01, 0x00, 0x00, 0x00, 0x00, 0xd9, 0x01, 0x00, 0x00, 0x00
    , 0x00, 0xbf, 0x01, 0x00, 0x00, 0x00, 0x00, 0xa4, 0x01, 0x00, 0x00, 0x00, 0x00, 0x66, 0x01, 0x00
    , 0x00, 0x00, 0x00, 0x18, 0x0d, 0x00, 0x00, 0x00, 0x00, 0x00
};

inline Upp::Image ICON_CONTENT_OUTLINED_ADD_CIRCLE_OUTLINE_48()
{
    return Upp::UiMakeIcon(DATA_CONTENT_OUTLINED_ADD_CIRCLE_OUTLINE_48);
}

// Category: content | Type: Outlined | Icon: remove_circle_outline | Size: 38x38 | Format: UiMakeIcon RLE
static const unsigned char DATA_CONTENT_OUTLINED_REMOVE_CIRCLE_OUTLINE_48[] = {
    0x26, 0x80, 0x26, 0x00, 0x0d, 0x00, 0x00, 0x00, 0x00, 0x00, 0x01, 0x00, 0x00, 0x00, 0x00, 0x19
    , 0x01, 0x00, 0x00, 0x00, 0x00, 0x67, 0x01, 0x00, 0x00, 0x00, 0x00, 0xa4, 0x01, 0x00, 0x00, 0x00
    , 0x00, 0xc0, 0x01, 0x00, 0x00, 0x00, 0x00, 0xda, 0x02, 0x00, 0x00, 0x00, 0x00, 0xf3, 0x01, 0x00
    , 0x00, 0x00, 0x00, 0xda, 0x01, 0x00, 0x00, 0x00, 0x00, 0xc0, 0x01, 0x00, 0x00, 0x00, 0x00, 0xa4
    , 0x01, 0x00, 0x00, 0x00, 0x00, 0x67, 0x01, 0x00, 0x00, 0x00, 0x00, 0x18, 0x17, 0x00, 0x00, 0x00
    , 0x00, 0x00, 0x01, 0x00, 0x00, 0x00, 0x00, 0x06, 0x01, 0x00, 0x00, 0x00, 0x00, 0x6e, 0x01, 0x00
    , 0x00, 0x00, 0x00, 0xc9, 0x01, 0x00, 0x00, 0x00, 0x00, 0xfe, 0x0a, 0x00, 0x00, 0x00, 0x00, 0xff
    , 0x01, 0x00, 0x00, 0x00, 0x00, 0xfe, 0x01, 0x00, 0x00, 0x00, 0x00, 0xc9, 0x01, 0x00, 0x00, 0x00
    , 0x00, 0x6d, 0x01, 0x00, 0x00, 0x00, 0x00, 0x06, 0x13, 0x00, 0x00, 0x00, 0x00, 0x00, 0x01, 0x00
    , 0x00, 0x00, 0x00, 0x5d, 0x01, 0x00, 0x00, 0x00, 0x00, 0xe1, 0x10, 0x00, 0x00, 0x00, 0x00, 0xff
    , 0x01, 0x00, 0x00, 0x00, 0x00, 0xe0, 0x01, 0x00, 0x00, 0x00, 0x00, 0x5c, 0x10, 0x00, 0x00, 0x00
    , 0x00, 0x00, 0x01, 0x00, 0x00, 0x00, 0x00, 0x1d, 0x01, 0x00, 0x00, 0x00, 0x00, 0xca, 0x08, 0x00
    , 0x00, 0x00, 0x00, 0xff, 0x01, 0x00, 0x00, 0x00, 0x00, 0xf3, 0x02, 0x00, 0x00, 0x00, 0x00, 0xd9
    , 0x01, 0x00, 0x00, 0x00, 0x00, 0xf3, 0x08, 0x00, 0x00, 0x00, 0x00, 0xff, 0x01, 0x00, 0x00, 0x00
    , 0x00, 0xca, 0x01, 0x00, 0x00, 0x00, 0x00, 0x1d, 0x0d, 0x00, 0x00, 0x00, 0x00, 0x00, 0x01, 0x00
    , 0x00, 0x00, 0x00, 0x3a, 0x01, 0x00, 0x00, 0x00, 0x00, 0xe9, 0x05, 0x00, 0x00, 0x00, 0x00, 0xff
    , 0x01, 0x00, 0x00, 0x00, 0x00, 0xdd, 0x01, 0x00, 0x00, 0x00, 0x00, 0x8e, 0x01, 0x00, 0x00, 0x00
    , 0x00, 0x3d, 0x01, 0x00, 0x00, 0x00, 0x00, 0x0c, 0x04, 0x00, 0x00, 0x00, 0x00, 0x00, 0x01, 0x00
    , 0x00, 0x00, 0x00, 0x0c, 0x01, 0x00, 0x00, 0x00, 0x00, 0x3d, 0x01, 0x00, 0x00, 0x00, 0x00, 0x8e
    , 0x01, 0x00, 0x00, 0x00, 0x00, 0xdd, 0x05, 0x00, 0x00, 0x00, 0x00, 0xff, 0x01, 0x00, 0x00, 0x00
    , 0x00, 0xe9, 0x01, 0x00, 0x00, 0x00, 0x00, 0x39, 0x0b, 0x00, 0x00, 0x00, 0x00, 0x00, 0x01, 0x00
    , 0x00, 0x00, 0x00, 0x57, 0x01, 0x00, 0x00, 0x00, 0x00, 0xf9, 0x04, 0x00, 0x00, 0x00, 0x00, 0xff
    , 0x01, 0x00, 0x00, 0x00, 0x00, 0xd7, 0x01, 0x00, 0x00, 0x00, 0x00, 0x4f, 0x0c, 0x00, 0x00, 0x00
    , 0x00, 0x00, 0x01, 0x00, 0x00, 0x00, 0x00, 0x4f, 0x01, 0x00, 0x00, 0x00, 0x00, 0xd7, 0x04, 0x00
    , 0x00, 0x00, 0x00, 0xff, 0x01, 0x00, 0x00, 0x00, 0x00, 0xf9, 0x01, 0x00, 0x00, 0x00, 0x00, 0x56
    , 0x09, 0x00, 0x00, 0x00, 0x00, 0x00, 0x01, 0x00, 0x00, 0x00, 0x00, 0x3a, 0x01, 0x00, 0x00, 0x00
    , 0x00, 0xf9, 0x03, 0x00, 0x00, 0x00, 0x00, 0xff, 0x01, 0x00, 0x00, 0x00, 0x00, 0xfa, 0x01, 0x00
    , 0x00, 0x00, 0x00, 0x6f, 0x10, 0x00, 0x00, 0x00, 0x00, 0x00, 0x01, 0x00, 0x00, 0x00, 0x00, 0x6f
    , 0x01, 0x00, 0x00, 0x00, 0x00, 0xfa, 0x03, 0x00, 0x00, 0x00, 0x00, 0xff, 0x01, 0x00, 0x00, 0x00
    , 0x00, 0xf9, 0x01, 0x00, 0x00, 0x00, 0x00, 0x39, 0x07, 0x00, 0x00, 0x00, 0x00, 0x00, 0x01, 0x00
    , 0x00, 0x00, 0x00, 0x1d, 0x01, 0x00, 0x00, 0x00, 0x00, 0xe9, 0x03, 0x00, 0x00, 0x00, 0x00, 0xff
    , 0x01, 0x00, 0x00, 0x00, 0x00, 0xec, 0x01, 0x00, 0x00, 0x00, 0x00, 0x3e, 0x12, 0x00, 0x00, 0x00
    , 0x00, 0x00, 0x01, 0x00, 0x00, 0x00, 0x00, 0x3f, 0x01, 0x00, 0x00, 0x00, 0x00, 0xec, 0x03, 0x00
    , 0x00, 0x00, 0x00, 0xff, 0x01, 0x00, 0x00, 0x00, 0x00, 0xe8, 0x01, 0x00, 0x00, 0x00, 0x00, 0x1c
    , 0x06, 0x00, 0x00, 0x00, 0x00, 0x00, 0x01, 0x00, 0x00, 0x00, 0x00, 0xca, 0x03, 0x00, 0x00, 0x00
    , 0x00, 0xff, 0x01, 0x00, 0x00, 0x00, 0x00, 0xec, 0x01, 0x00, 0x00, 0x00, 0x00, 0x24, 0x14, 0x00
    , 0x00, 0x00, 0x00, 0x00, 0x01, 0x00, 0x00, 0x00, 0x00, 0x24, 0x01, 0x00, 0x00, 0x00, 0x00, 0xec
    , 0x03, 0x00, 0x00, 0x00, 0x00, 0xff, 0x01, 0x00, 0x00, 0x00, 0x00, 0xca, 0x05, 0x00, 0x00, 0x00
    , 0x00, 0x00, 0x01, 0x00, 0x00, 0x00, 0x00, 0x5c, 0x03, 0x00, 0x00, 0x00, 0x00, 0xff, 0x01, 0x00
    , 0x00, 0x00, 0x00, 0xfa, 0x01, 0x00, 0x00, 0x00, 0x00, 0x3e, 0x16, 0x00, 0x00, 0x00, 0x00, 0x00
    , 0x01, 0x00, 0x00, 0x00, 0x00, 0x3f, 0x01, 0x00, 0x00, 0x00, 0x00, 0xfa, 0x03, 0x00, 0x00, 0x00
    , 0x00, 0xff, 0x01, 0x00, 0x00, 0x00, 0x00, 0x5b, 0x03, 0x00, 0x00, 0x00, 0x00, 0x00, 0x01, 0x00
    , 0x00, 0x00, 0x00, 0x06, 0x01, 0x00, 0x00, 0x00, 0x00, 0xe0, 0x03, 0x00, 0x00, 0x00, 0x00, 0xff
    , 0x01, 0x00, 0x00, 0x00, 0x00, 0x6f, 0x18, 0x00, 0x00, 0x00, 0x00, 0x00, 0x01, 0x00, 0x00, 0x00
    , 0x00, 0x6f, 0x03, 0x00, 0x00, 0x00, 0x00, 0xff, 0x01, 0x00, 0x00, 0x00, 0x00, 0xe0, 0x01, 0x00
    , 0x00, 0x00, 0x00, 0x06, 0x02, 0x00, 0x00, 0x00, 0x00, 0x00, 0x01, 0x00, 0x00, 0x00, 0x00, 0x6d
    , 0x03, 0x00, 0x00, 0x00, 0x00, 0xff, 0x01, 0x00, 0x00, 0x00, 0x00, 0xd7, 0x1a, 0x00, 0x00, 0x00
    , 0x00, 0x00, 0x01, 0x00, 0x00, 0x00, 0x00, 0xd8, 0x03, 0x00, 0x00, 0x00, 0x00, 0xff, 0x01, 0x00
    , 0x00, 0x00, 0x00, 0x6d, 0x02, 0x00, 0x00, 0x00, 0x00, 0x00, 0x01, 0x00, 0x00, 0x00, 0x00, 0xc9
    , 0x03, 0x00, 0x00, 0x00, 0x00, 0xff, 0x01, 0x00, 0x00, 0x00, 0x00, 0x4f, 0x1a, 0x00, 0x00, 0x00
    , 0x00, 0x00, 0x01, 0x00, 0x00, 0x00, 0x00, 0x50, 0x03, 0x00, 0x00, 0x00, 0x00, 0xff, 0x01, 0x00
    , 0x00, 0x00, 0x00, 0xc8, 0x01, 0x00, 0x00, 0x00, 0x00, 0x00, 0x01, 0x00, 0x00, 0x00, 0x00, 0x19
    , 0x01, 0x00, 0x00, 0x00, 0x00, 0xfe, 0x02, 0x00, 0x00, 0x00, 0x00, 0xff, 0x01, 0x00, 0x00, 0x00
    , 0x00, 0xdd, 0x1c, 0x00, 0x00, 0x00, 0x00, 0x00, 0x01, 0x00, 0x00, 0x00, 0x00, 0xde, 0x02, 0x00
    , 0x00, 0x00, 0x00, 0xff, 0x01, 0x00, 0x00, 0x00, 0x00, 0xfe, 0x01, 0x00, 0x00, 0x00, 0x00, 0x18
    , 0x01, 0x00, 0x00, 0x00, 0x00, 0x67, 0x03, 0x00, 0x00, 0x00, 0x00, 0xff, 0x01, 0x00, 0x00, 0x00
    , 0x00, 0x8e, 0x1c, 0x00, 0x00, 0x00, 0x00, 0x00, 0x01, 0x00, 0x00, 0x00, 0x00, 0x8f, 0x03, 0x00
    , 0x00, 0x00, 0x00, 0xff, 0x01, 0x00, 0x00, 0x00, 0x00, 0x66, 0x01, 0x00, 0x00, 0x00, 0x00, 0xa4
    , 0x03, 0x00, 0x00, 0x00, 0x00, 0xff, 0x01, 0x00, 0x00, 0x00, 0x00, 0x3d, 0x1c, 0x00, 0x00, 0x00
    , 0x00, 0x00, 0x01, 0x00, 0x00, 0x00, 0x00, 0x3e, 0x03, 0x00, 0x00, 0x00, 0x00, 0xff, 0x01, 0x00
    , 0x00, 0x00, 0x00, 0xa4, 0x01, 0x00, 0x00, 0x00, 0x00, 0xc0, 0x03, 0x00, 0x00, 0x00, 0x00, 0xff
    , 0x01, 0x00, 0x00, 0x00, 0x00, 0x0c, 0x1c, 0x00, 0x00, 0x00, 0x00, 0x00, 0x01, 0x00, 0x00, 0x00
    , 0x00, 0x0d, 0x03, 0x00, 0x00, 0x00, 0x00, 0xff, 0x01, 0x00, 0x00, 0x00, 0x00, 0xbf, 0x01, 0x00
    , 0x00, 0x00, 0x00, 0xda, 0x02, 0x00, 0x00, 0x00, 0x00, 0xff, 0x01, 0x00, 0x00, 0x00, 0x00, 0xf3
    , 0x05, 0x00, 0x00, 0x00, 0x00, 0x00, 0x01, 0x00, 0x00, 0x00, 0x00, 0x72, 0x12, 0x00, 0x00, 0x00
    , 0x00, 0xe6, 0x01, 0x00, 0x00, 0x00, 0x00, 0x72, 0x05, 0x00, 0x00, 0x00, 0x00, 0x00, 0x01, 0x00
    , 0x00, 0x00, 0x00, 0xf3, 0x02, 0x00, 0x00, 0x00, 0x00, 0xff, 0x01, 0x00, 0x00, 0x00, 0x00, 0xd9
    , 0x01, 0x00, 0x00, 0x00, 0x00, 0xf3, 0x02, 0x00, 0x00, 0x00, 0x00, 0xff, 0x01, 0x00, 0x00, 0x00
    , 0x00, 0xd9, 0x05, 0x00, 0x00, 0x00, 0x00, 0x00, 0x01, 0x00, 0x00, 0x00, 0x00, 0x7f, 0x12, 0x00
    , 0x00, 0x00, 0x00, 0xff, 0x01, 0x00, 0x00, 0x00, 0x00, 0x7f, 0x05, 0x00, 0x00, 0x00, 0x00, 0x00
    , 0x01, 0x00, 0x00, 0x00, 0x00, 0xda, 0x02, 0x00, 0x00, 0x00, 0x00, 0xff, 0x02, 0x00, 0x00, 0x00
    , 0x00, 0xf3, 0x02, 0x00, 0x00, 0x00, 0x00, 0xff, 0x01, 0x00, 0x00, 0x00, 0x00, 0xd9, 0x05, 0x00
    , 0x00, 0x00, 0x00, 0x00, 0x01, 0x00, 0x00, 0x00, 0x00, 0x7f, 0x12, 0x00, 0x00, 0x00, 0x00, 0xff
    , 0x01, 0x00, 0x00, 0x00, 0x00, 0x7f, 0x05, 0x00, 0x00, 0x00, 0x00, 0x00, 0x01, 0x00, 0x00, 0x00
    , 0x00, 0xda, 0x02, 0x00, 0x00, 0x00, 0x00, 0xff, 0x01, 0x00, 0x00, 0x00, 0x00, 0xf3, 0x01, 0x00
    , 0x00, 0x00, 0x00, 0xda, 0x02, 0x00, 0x00, 0x00, 0x00, 0xff, 0x01, 0x00, 0x00, 0x00, 0x00, 0xf3
    , 0x05, 0x00, 0x00, 0x00, 0x00, 0x00, 0x01, 0x00, 0x00, 0x00, 0x00, 0x72, 0x12, 0x00, 0x00, 0x00
    , 0x00, 0xe6, 0x01, 0x00, 0x00, 0x00, 0x00, 0x72, 0x05, 0x00, 0x00, 0x00, 0x00, 0x00, 0x01, 0x00
    , 0x00, 0x00, 0x00, 0xf3, 0x02, 0x00, 0x00, 0x00, 0x00, 0xff, 0x01, 0x00, 0x00, 0x00, 0x00, 0xd9
    , 0x01, 0x00, 0x00, 0x00, 0x00, 0xc0, 0x03, 0x00, 0x00, 0x00, 0x00, 0xff, 0x01, 0x00, 0x00, 0x00
    , 0x00, 0x0c, 0x1c, 0x00, 0x00, 0x00, 0x00, 0x00, 0x01, 0x00, 0x00, 0x00, 0x00, 0x0d, 0x03, 0x00
    , 0x00, 0x00, 0x00, 0xff, 0x01, 0x00, 0x00, 0x00, 0x00, 0xbf, 0x01, 0x00, 0x00, 0x00, 0x00, 0xa4
    , 0x03, 0x00, 0x00, 0x00, 0x00, 0xff, 0x01, 0x00, 0x00, 0x00, 0x00, 0x3d, 0x1c, 0x00, 0x00, 0x00
    , 0x00, 0x00, 0x01, 0x00, 0x00, 0x00, 0x00, 0x3e, 0x03, 0x00, 0x00, 0x00, 0x00, 0xff, 0x01, 0x00
    , 0x00, 0x00, 0x00, 0xa4, 0x01, 0x00, 0x00, 0x00, 0x00, 0x67, 0x03, 0x00, 0x00, 0x00, 0x00, 0xff
    , 0x01, 0x00, 0x00, 0x00, 0x00, 0x8e, 0x1c, 0x00, 0x00, 0x00, 0x00, 0x00, 0x01, 0x00, 0x00, 0x00
    , 0x00, 0x8f, 0x03, 0x00, 0x00, 0x00, 0x00, 0xff, 0x01, 0x00, 0x00, 0x00, 0x00, 0x66, 0x01, 0x00
    , 0x00, 0x00, 0x00, 0x19, 0x01, 0x00, 0x00, 0x00, 0x00, 0xfe, 0x02, 0x00, 0x00, 0x00, 0x00, 0xff
    , 0x01, 0x00, 0x00, 0x00, 0x00, 0xdd, 0x1c, 0x00, 0x00, 0x00, 0x00, 0x00, 0x01, 0x00, 0x00, 0x00
    , 0x00, 0xde, 0x02, 0x00, 0x00, 0x00, 0x00, 0xff, 0x01, 0x00, 0x00, 0x00, 0x00, 0xfe, 0x01, 0x00
    , 0x00, 0x00, 0x00, 0x18, 0x01, 0x00, 0x00, 0x00, 0x00, 0x00, 0x01, 0x00, 0x00, 0x00, 0x00, 0xc9
    , 0x03, 0x00, 0x00, 0x00, 0x00, 0xff, 0x01, 0x00, 0x00, 0x00, 0x00, 0x4f, 0x1a, 0x00, 0x00, 0x00
    , 0x00, 0x00, 0x01, 0x00, 0x00, 0x00, 0x00, 0x50, 0x03, 0x00, 0x00, 0x00, 0x00, 0xff, 0x01, 0x00
    , 0x00, 0x00, 0x00, 0xc8, 0x02, 0x00, 0x00, 0x00, 0x00, 0x00, 0x01, 0x00, 0x00, 0x00, 0x00, 0x6d
    , 0x03, 0x00, 0x00, 0x00, 0x00, 0xff, 0x01, 0x00, 0x00, 0x00, 0x00, 0xd7, 0x1a, 0x00, 0x00, 0x00
    , 0x00, 0x00, 0x01, 0x00, 0x00, 0x00, 0x00, 0xd8, 0x03, 0x00, 0x00, 0x00, 0x00, 0xff, 0x01, 0x00
    , 0x00, 0x00, 0x00, 0x6d, 0x02, 0x00, 0x00, 0x00, 0x00, 0x00, 0x01, 0x00, 0x00, 0x00, 0x00, 0x06
    , 0x01, 0x00, 0x00, 0x00, 0x00, 0xe0, 0x03, 0x00, 0x00, 0x00, 0x00, 0xff, 0x01, 0x00, 0x00, 0x00
    , 0x00, 0x6f, 0x18, 0x00, 0x00, 0x00, 0x00, 0x00, 0x01, 0x00, 0x00, 0x00, 0x00, 0x6f, 0x03, 0x00
    , 0x00, 0x00, 0x00, 0xff, 0x01, 0x00, 0x00, 0x00, 0x00, 0xe0, 0x01, 0x00, 0x00, 0x00, 0x00, 0x06
    , 0x03, 0x00, 0x00, 0x00, 0x00, 0x00, 0x01, 0x00, 0x00, 0x00, 0x00, 0x5c, 0x03, 0x00, 0x00, 0x00
    , 0x00, 0xff, 0x01, 0x00, 0x00, 0x00, 0x00, 0xfa, 0x01, 0x00, 0x00, 0x00, 0x00, 0x3e, 0x16, 0x00
    , 0x00, 0x00, 0x00, 0x00, 0x01, 0x00, 0x00, 0x00, 0x00, 0x3f, 0x01, 0x00, 0x00, 0x00, 0x00, 0xfb
    , 0x03, 0x00, 0x00, 0x00, 0x00, 0xff, 0x01, 0x00, 0x00, 0x00, 0x00, 0x5b, 0x05, 0x00, 0x00, 0x00
    , 0x00, 0x00, 0x01, 0x00, 0x00, 0x00, 0x00, 0xca, 0x03, 0x00, 0x00, 0x00, 0x00, 0xff, 0x01, 0x00
    , 0x00, 0x00, 0x00, 0xec, 0x01, 0x00, 0x00, 0x00, 0x00, 0x24, 0x14, 0x00, 0x00, 0x00, 0x00, 0x00
    , 0x01, 0x00, 0x00, 0x00, 0x00, 0x24, 0x01, 0x00, 0x00, 0x00, 0x00, 0xec, 0x03, 0x00, 0x00, 0x00
    , 0x00, 0xff, 0x01, 0x00, 0x00, 0x00, 0x00, 0xca, 0x06, 0x00, 0x00, 0x00, 0x00, 0x00, 0x01, 0x00
    , 0x00, 0x00, 0x00, 0x1d, 0x01, 0x00, 0x00, 0x00, 0x00, 0xe9, 0x03, 0x00, 0x00, 0x00, 0x00, 0xff
    , 0x01, 0x00, 0x00, 0x00, 0x00, 0xec, 0x01, 0x00, 0x00, 0x00, 0x00, 0x3f, 0x12, 0x00, 0x00, 0x00
    , 0x00, 0x00, 0x01, 0x00, 0x00, 0x00, 0x00, 0x3f, 0x01, 0x00, 0x00, 0x00, 0x00, 0xec, 0x03, 0x00
    , 0x00, 0x00, 0x00, 0xff, 0x01, 0x00, 0x00, 0x00, 0x00, 0xe8, 0x01, 0x00, 0x00, 0x00, 0x00, 0x1c
    , 0x07, 0x00, 0x00, 0x00, 0x00, 0x00, 0x01, 0x00, 0x00, 0x00, 0x00, 0x39, 0x01, 0x00, 0x00, 0x00
    , 0x00, 0xf9, 0x03, 0x00, 0x00, 0x00, 0x00, 0xff, 0x01, 0x00, 0x00, 0x00, 0x00, 0xfa, 0x01, 0x00
    , 0x00, 0x00, 0x00, 0x6f, 0x10, 0x00, 0x00, 0x00, 0x00, 0x00, 0x01, 0x00, 0x00, 0x00, 0x00, 0x6f
    , 0x01, 0x00, 0x00, 0x00, 0x00, 0xfa, 0x03, 0x00, 0x00, 0x00, 0x00, 0xff, 0x01, 0x00, 0x00, 0x00
    , 0x00, 0xf9, 0x01, 0x00, 0x00, 0x00, 0x00, 0x39, 0x09, 0x00, 0x00, 0x00, 0x00, 0x00, 0x01, 0x00
    , 0x00, 0x00, 0x00, 0x56, 0x01, 0x00, 0x00, 0x00, 0x00, 0xf9, 0x04, 0x00, 0x00, 0x00, 0x00, 0xff
    , 0x01, 0x00, 0x00, 0x00, 0x00, 0xd8, 0x01, 0x00, 0x00, 0x00, 0x00, 0x50, 0x0c, 0x00, 0x00, 0x00
    , 0x00, 0x00, 0x01, 0x00, 0x00, 0x00, 0x00, 0x50, 0x01, 0x00, 0x00, 0x00, 0x00, 0xd8, 0x04, 0x00
    , 0x00, 0x00, 0x00, 0xff, 0x01, 0x00, 0x00, 0x00, 0x00, 0xf9, 0x01, 0x00, 0x00, 0x00, 0x00, 0x56
    , 0x0b, 0x00, 0x00, 0x00, 0x00, 0x00, 0x01, 0x00, 0x00, 0x00, 0x00, 0x3a, 0x01, 0x00, 0x00, 0x00
    , 0x00, 0xe9, 0x05, 0x00, 0x00, 0x00, 0x00, 0xff, 0x01, 0x00, 0x00, 0x00, 0x00, 0xde, 0x01, 0x00
    , 0x00, 0x00, 0x00, 0x8f, 0x01, 0x00, 0x00, 0x00, 0x00, 0x3e, 0x01, 0x00, 0x00, 0x00, 0x00, 0x0d
    , 0x04, 0x00, 0x00, 0x00, 0x00, 0x00, 0x01, 0x00, 0x00, 0x00, 0x00, 0x0d, 0x01, 0x00, 0x00, 0x00
    , 0x00, 0x3e, 0x01, 0x00, 0x00, 0x00, 0x00, 0x8f, 0x01, 0x00, 0x00, 0x00, 0x00, 0xde, 0x05, 0x00
    , 0x00, 0x00, 0x00, 0xff, 0x01, 0x00, 0x00, 0x00, 0x00, 0xe8, 0x01, 0x00, 0x00, 0x00, 0x00, 0x39
    , 0x0d, 0x00, 0x00, 0x00, 0x00, 0x00, 0x01, 0x00, 0x00, 0x00, 0x00, 0x1c, 0x01, 0x00, 0x00, 0x00
    , 0x00, 0xca, 0x08, 0x00, 0x00, 0x00, 0x00, 0xff, 0x01, 0x00, 0x00, 0x00, 0x00, 0xf3, 0x02, 0x00
    , 0x00, 0x00, 0x00, 0xda, 0x01, 0x00, 0x00, 0x00, 0x00, 0xf3, 0x08, 0x00, 0x00, 0x00, 0x00, 0xff
    , 0x01, 0x00, 0x00, 0x00, 0x00, 0xca, 0x01, 0x00, 0x00, 0x00, 0x00, 0x1c, 0x10, 0x00, 0x00, 0x00
    , 0x00, 0x00, 0x01, 0x00, 0x00, 0x00, 0x00, 0x5c, 0x01, 0x00, 0x00, 0x00, 0x00, 0xe0, 0x10, 0x00
    , 0x00, 0x00, 0x00, 0xff, 0x01, 0x00, 0x00, 0x00, 0x00, 0xe0, 0x01, 0x00, 0x00, 0x00, 0x00, 0x5b
    , 0x13, 0x00, 0x00, 0x00, 0x00, 0x00, 0x01, 0x00, 0x00, 0x00, 0x00, 0x06, 0x01, 0x00, 0x00, 0x00
    , 0x00, 0x6d, 0x01, 0x00, 0x00, 0x00, 0x00, 0xc8, 0x01, 0x00, 0x00, 0x00, 0x00, 0xfe, 0x0a, 0x00
    , 0x00, 0x00, 0x00, 0xff, 0x01, 0x00, 0x00, 0x00, 0x00, 0xfe, 0x01, 0x00, 0x00, 0x00, 0x00, 0xc8
    , 0x01, 0x00, 0x00, 0x00, 0x00, 0x6d, 0x01, 0x00, 0x00, 0x00, 0x00, 0x06, 0x17, 0x00, 0x00, 0x00
    , 0x00, 0x00, 0x01, 0x00, 0x00, 0x00, 0x00, 0x18, 0x01, 0x00, 0x00, 0x00, 0x00, 0x66, 0x01, 0x00
    , 0x00, 0x00, 0x00, 0xa4, 0x01, 0x00, 0x00, 0x00, 0x00, 0xbf, 0x01, 0x00, 0x00, 0x00, 0x00, 0xd9
    , 0x02, 0x00, 0x00, 0x00, 0x00, 0xf3, 0x01, 0x00, 0x00, 0x00, 0x00, 0xd9, 0x01, 0x00, 0x00, 0x00
    , 0x00, 0xbf, 0x01, 0x00, 0x00, 0x00, 0x00, 0xa4, 0x01, 0x00, 0x00, 0x00, 0x00, 0x66, 0x01, 0x00
    , 0x00, 0x00, 0x00, 0x18, 0x0d, 0x00, 0x00, 0x00, 0x00, 0x00
};

inline Upp::Image ICON_CONTENT_OUTLINED_REMOVE_CIRCLE_OUTLINE_48()
{
    return Upp::UiMakeIcon(DATA_CONTENT_OUTLINED_REMOVE_CIRCLE_OUTLINE_48);
}

// Category: content | Type: Outlined | Icon: add | Size: 38x38 | Format: UiMakeIcon RLE
static const unsigned char DATA_CONTENT_OUTLINED_ADD_48[] = {
    0x26, 0x80, 0x26, 0x00, 0x10, 0x00, 0x00, 0x00, 0x00, 0x00, 0x01, 0x00, 0x00, 0x00, 0x00, 0xb7
    , 0x04, 0x00, 0x00, 0x00, 0x00, 0xff, 0x01, 0x00, 0x00, 0x00, 0x00, 0xb7, 0x20, 0x00, 0x00, 0x00
    , 0x00, 0x00, 0x01, 0x00, 0x00, 0x00, 0x00, 0xb7, 0x04, 0x00, 0x00, 0x00, 0x00, 0xff, 0x01, 0x00
    , 0x00, 0x00, 0x00, 0xb7, 0x20, 0x00, 0x00, 0x00, 0x00, 0x00, 0x01, 0x00, 0x00, 0x00, 0x00, 0xb7
    , 0x04, 0x00, 0x00, 0x00, 0x00, 0xff, 0x01, 0x00, 0x00, 0x00, 0x00, 0xb7, 0x20, 0x00, 0x00, 0x00
    , 0x00, 0x00, 0x01, 0x00, 0x00, 0x00, 0x00, 0xb7, 0x04, 0x00, 0x00, 0x00, 0x00, 0xff, 0x01, 0x00
    , 0x00, 0x00, 0x00, 0xb7, 0x20, 0x00, 0x00, 0x00, 0x00, 0x00, 0x01, 0x00, 0x00, 0x00, 0x00, 0xb7
    , 0x04, 0x00, 0x00, 0x00, 0x00, 0xff, 0x01, 0x00, 0x00, 0x00, 0x00, 0xb7, 0x20, 0x00, 0x00, 0x00
    , 0x00, 0x00, 0x01, 0x00, 0x00, 0x00, 0x00, 0xb7, 0x04, 0x00, 0x00, 0x00, 0x00, 0xff, 0x01, 0x00
    , 0x00, 0x00, 0x00, 0xb7, 0x20, 0x00, 0x00, 0x00, 0x00, 0x00, 0x01, 0x00, 0x00, 0x00, 0x00, 0xb7
    , 0x04, 0x00, 0x00, 0x00, 0x00, 0xff, 0x01, 0x00, 0x00, 0x00, 0x00, 0xb7, 0x20, 0x00, 0x00, 0x00
    , 0x00, 0x00, 0x01, 0x00, 0x00, 0x00, 0x00, 0xb7, 0x04, 0x00, 0x00, 0x00, 0x00, 0xff, 0x01, 0x00
    , 0x00, 0x00, 0x00, 0xb7, 0x20, 0x00, 0x00, 0x00, 0x00, 0x00, 0x01, 0x00, 0x00, 0x00, 0x00, 0xb7
    , 0x04, 0x00, 0x00, 0x00, 0x00, 0xff, 0x01, 0x00, 0x00, 0x00, 0x00, 0xb7, 0x20, 0x00, 0x00, 0x00
    , 0x00, 0x00, 0x01, 0x00, 0x00, 0x00, 0x00, 0xb7, 0x04, 0x00, 0x00, 0x00, 0x00, 0xff, 0x01, 0x00
    , 0x00, 0x00, 0x00, 0xb7, 0x20, 0x00, 0x00, 0x00, 0x00, 0x00, 0x01, 0x00, 0x00, 0x00, 0x00, 0xb7
    , 0x04, 0x00, 0x00, 0x00, 0x00, 0xff, 0x01, 0x00, 0x00, 0x00, 0x00, 0xb7, 0x20, 0x00, 0x00, 0x00
    , 0x00, 0x00, 0x01, 0x00, 0x00, 0x00, 0x00, 0xb7, 0x04, 0x00, 0x00, 0x00, 0x00, 0xff, 0x01, 0x00
    , 0x00, 0x00, 0x00, 0xb7, 0x20, 0x00, 0x00, 0x00, 0x00, 0x00, 0x01, 0x00, 0x00, 0x00, 0x00, 0xb7
    , 0x04, 0x00, 0x00, 0x00, 0x00, 0xff, 0x01, 0x00, 0x00, 0x00, 0x00, 0xb7, 0x20, 0x00, 0x00, 0x00
    , 0x00, 0x00, 0x01, 0x00, 0x00, 0x00, 0x00, 0xb7, 0x04, 0x00, 0x00, 0x00, 0x00, 0xff, 0x01, 0x00
    , 0x00, 0x00, 0x00, 0xb7, 0x20, 0x00, 0x00, 0x00, 0x00, 0x00, 0x01, 0x00, 0x00, 0x00, 0x00, 0xb7
    , 0x04, 0x00, 0x00, 0x00, 0x00, 0xff, 0x01, 0x00, 0x00, 0x00, 0x00, 0xb7, 0x20, 0x00, 0x00, 0x00
    , 0x00, 0x00, 0x01, 0x00, 0x00, 0x00, 0x00, 0xb7, 0x04, 0x00, 0x00, 0x00, 0x00, 0xff, 0x01, 0x00
    , 0x00, 0x00, 0x00, 0xb7, 0x10, 0x00, 0x00, 0x00, 0x00, 0x00, 0x10, 0x00, 0x00, 0x00, 0x00, 0xb7
    , 0x01, 0x00, 0x00, 0x00, 0x00, 0xec, 0x04, 0x00, 0x00, 0x00, 0x00, 0xff, 0x01, 0x00, 0x00, 0x00
    , 0x00, 0xec, 0x10, 0x00, 0x00, 0x00, 0x00, 0xb7, 0x98, 0x00, 0x00, 0x00, 0x00, 0xff, 0x10, 0x00
    , 0x00, 0x00, 0x00, 0xb7, 0x01, 0x00, 0x00, 0x00, 0x00, 0xec, 0x04, 0x00, 0x00, 0x00, 0x00, 0xff
    , 0x01, 0x00, 0x00, 0x00, 0x00, 0xec, 0x10, 0x00, 0x00, 0x00, 0x00, 0xb7, 0x10, 0x00, 0x00, 0x00
    , 0x00, 0x00, 0x01, 0x00, 0x00, 0x00, 0x00, 0xb7, 0x04, 0x00, 0x00, 0x00, 0x00, 0xff, 0x01, 0x00
    , 0x00, 0x00, 0x00, 0xb7, 0x20, 0x00, 0x00, 0x00, 0x00, 0x00, 0x01, 0x00, 0x00, 0x00, 0x00, 0xb7
    , 0x04, 0x00, 0x00, 0x00, 0x00, 0xff, 0x01, 0x00, 0x00, 0x00, 0x00, 0xb7, 0x20, 0x00, 0x00, 0x00
    , 0x00, 0x00, 0x01, 0x00, 0x00, 0x00, 0x00, 0xb7, 0x04, 0x00, 0x00, 0x00, 0x00, 0xff, 0x01, 0x00
    , 0x00, 0x00, 0x00, 0xb7, 0x20, 0x00, 0x00, 0x00, 0x00, 0x00, 0x01, 0x00, 0x00, 0x00, 0x00, 0xb7
    , 0x04, 0x00, 0x00, 0x00, 0x00, 0xff, 0x01, 0x00, 0x00, 0x00, 0x00, 0xb7, 0x20, 0x00, 0x00, 0x00
    , 0x00, 0x00, 0x01, 0x00, 0x00, 0x00, 0x00, 0xb7, 0x04, 0x00, 0x00, 0x00, 0x00, 0xff, 0x01, 0x00
    , 0x00, 0x00, 0x00, 0xb7, 0x20, 0x00, 0x00, 0x00, 0x00, 0x00, 0x01, 0x00, 0x00, 0x00, 0x00, 0xb7
    , 0x04, 0x00, 0x00, 0x00, 0x00, 0xff, 0x01, 0x00, 0x00, 0x00, 0x00, 0xb7, 0x20, 0x00, 0x00, 0x00
    , 0x00, 0x00, 0x01, 0x00, 0x00, 0x00, 0x00, 0xb7, 0x04, 0x00, 0x00, 0x00, 0x00, 0xff, 0x01, 0x00
    , 0x00, 0x00, 0x00, 0xb7, 0x20, 0x00, 0x00, 0x00, 0x00, 0x00, 0x01, 0x00, 0x00, 0x00, 0x00, 0xb7
    , 0x04, 0x00, 0x00, 0x00, 0x00, 0xff, 0x01, 0x00, 0x00, 0x00, 0x00, 0xb7, 0x20, 0x00, 0x00, 0x00
    , 0x00, 0x00, 0x01, 0x00, 0x00, 0x00, 0x00, 0xb7, 0x04, 0x00, 0x00, 0x00, 0x00, 0xff, 0x01, 0x00
    , 0x00, 0x00, 0x00, 0xb7, 0x20, 0x00, 0x00, 0x00, 0x00, 0x00, 0x01, 0x00, 0x00, 0x00, 0x00, 0xb7
    , 0x04, 0x00, 0x00, 0x00, 0x00, 0xff, 0x01, 0x00, 0x00, 0x00, 0x00, 0xb7, 0x20, 0x00, 0x00, 0x00
    , 0x00, 0x00, 0x01, 0x00, 0x00, 0x00, 0x00, 0xb7, 0x04, 0x00, 0x00, 0x00, 0x00, 0xff, 0x01, 0x00
    , 0x00, 0x00, 0x00, 0xb7, 0x20, 0x00, 0x00, 0x00, 0x00, 0x00, 0x01, 0x00, 0x00, 0x00, 0x00, 0xb7
    , 0x04, 0x00, 0x00, 0x00, 0x00, 0xff, 0x01, 0x00, 0x00, 0x00, 0x00, 0xb7, 0x20, 0x00, 0x00, 0x00
    , 0x00, 0x00, 0x01, 0x00, 0x00, 0x00, 0x00, 0xb7, 0x04, 0x00, 0x00, 0x00, 0x00, 0xff, 0x01, 0x00
    , 0x00, 0x00, 0x00, 0xb7, 0x20, 0x00, 0x00, 0x00, 0x00, 0x00, 0x01, 0x00, 0x00, 0x00, 0x00, 0xb7
    , 0x04, 0x00, 0x00, 0x00, 0x00, 0xff, 0x01, 0x00, 0x00, 0x00, 0x00, 0xb7, 0x20, 0x00, 0x00, 0x00
    , 0x00, 0x00, 0x01, 0x00, 0x00, 0x00, 0x00, 0xb7, 0x04, 0x00, 0x00, 0x00, 0x00, 0xff, 0x01, 0x00
    , 0x00, 0x00, 0x00, 0xb7, 0x20, 0x00, 0x00, 0x00, 0x00, 0x00, 0x01, 0x00, 0x00, 0x00, 0x00, 0xb7
    , 0x04, 0x00, 0x00, 0x00, 0x00, 0xff, 0x01, 0x00, 0x00, 0x00, 0x00, 0xb7, 0x10, 0x00, 0x00, 0x00
    , 0x00, 0x00
};

inline Upp::Image ICON_CONTENT_OUTLINED_ADD_48()
{
    return Upp::UiMakeIcon(DATA_CONTENT_OUTLINED_ADD_48);
}

// Category: content | Type: Outlined | Icon: remove | Size: 38x6 | Format: UiMakeIcon RLE
static const unsigned char DATA_CONTENT_OUTLINED_REMOVE_48[] = {
    0x26, 0x80, 0x06, 0x00, 0xbe, 0x00, 0x00, 0x00, 0x00, 0xff, 0x26, 0x00, 0x00, 0x00, 0x00, 0x6d
    
};

inline Upp::Image ICON_CONTENT_OUTLINED_REMOVE_48()
{
    return Upp::UiMakeIcon(DATA_CONTENT_OUTLINED_REMOVE_48);
}

// Category: action | Type: Outlined | Icon: visibility | Size: 38x26 | Format: UiMakeIcon RLE
static const unsigned char DATA_ACTION_OUTLINED_VISIBILITY_48[] = {
    0x26, 0x80, 0x1a, 0x00, 0x0d, 0x00, 0x00, 0x00, 0x00, 0x00, 0x01, 0x00, 0x00, 0x00, 0x00, 0x34
    , 0x01, 0x00, 0x00, 0x00, 0x00, 0x70, 0x01, 0x00, 0x00, 0x00, 0x00, 0xad, 0x01, 0x00, 0x00, 0x00
    , 0x00, 0xcf, 0x01, 0x00, 0x00, 0x00, 0x00, 0xe3, 0x02, 0x00, 0x00, 0x00, 0x00, 0xf6, 0x01, 0x00
    , 0x00, 0x00, 0x00, 0xe3, 0x01, 0x00, 0x00, 0x00, 0x00, 0xcf, 0x01, 0x00, 0x00, 0x00, 0x00, 0xad
    , 0x01, 0x00, 0x00, 0x00, 0x00, 0x70, 0x01, 0x00, 0x00, 0x00, 0x00, 0x34, 0x17, 0x00, 0x00, 0x00
    , 0x00, 0x00, 0x01, 0x00, 0x00, 0x00, 0x00, 0x1e, 0x01, 0x00, 0x00, 0x00, 0x00, 0x84, 0x01, 0x00
    , 0x00, 0x00, 0x00, 0xe6, 0x0c, 0x00, 0x00, 0x00, 0x00, 0xff, 0x01, 0x00, 0x00, 0x00, 0x00, 0xe6
    , 0x01, 0x00, 0x00, 0x00, 0x00, 0x84, 0x01, 0x00, 0x00, 0x00, 0x00, 0x1e, 0x12, 0x00, 0x00, 0x00
    , 0x00, 0x00, 0x01, 0x00, 0x00, 0x00, 0x00, 0x15, 0x01, 0x00, 0x00, 0x00, 0x00, 0x9e, 0x01, 0x00
    , 0x00, 0x00, 0x00, 0xfd, 0x10, 0x00, 0x00, 0x00, 0x00, 0xff, 0x01, 0x00, 0x00, 0x00, 0x00, 0xfd
    , 0x01, 0x00, 0x00, 0x00, 0x00, 0x9e, 0x01, 0x00, 0x00, 0x00, 0x00, 0x15, 0x0f, 0x00, 0x00, 0x00
    , 0x00, 0x00, 0x01, 0x00, 0x00, 0x00, 0x00, 0x68, 0x01, 0x00, 0x00, 0x00, 0x00, 0xf0, 0x06, 0x00
    , 0x00, 0x00, 0x00, 0xff, 0x01, 0x00, 0x00, 0x00, 0x00, 0xf1, 0x01, 0x00, 0x00, 0x00, 0x00, 0xce
    , 0x01, 0x00, 0x00, 0x00, 0x00, 0xaa, 0x02, 0x00, 0x00, 0x00, 0x00, 0x86, 0x01, 0x00, 0x00, 0x00
    , 0x00, 0xaa, 0x01, 0x00, 0x00, 0x00, 0x00, 0xce, 0x01, 0x00, 0x00, 0x00, 0x00, 0xf1, 0x06, 0x00
    , 0x00, 0x00, 0x00, 0xff, 0x01, 0x00, 0x00, 0x00, 0x00, 0xf0, 0x01, 0x00, 0x00, 0x00, 0x00, 0x68
    , 0x0d, 0x00, 0x00, 0x00, 0x00, 0x00, 0x01, 0x00, 0x00, 0x00, 0x00, 0x8a, 0x05, 0x00, 0x00, 0x00
    , 0x00, 0xff, 0x01, 0x00, 0x00, 0x00, 0x00, 0xe2, 0x01, 0x00, 0x00, 0x00, 0x00, 0x74, 0x01, 0x00
    , 0x00, 0x00, 0x00, 0x17, 0x08, 0x00, 0x00, 0x00, 0x00, 0x00, 0x01, 0x00, 0x00, 0x00, 0x00, 0x17
    , 0x01, 0x00, 0x00, 0x00, 0x00, 0x74, 0x01, 0x00, 0x00, 0x00, 0x00, 0xe2, 0x05, 0x00, 0x00, 0x00
    , 0x00, 0xff, 0x01, 0x00, 0x00, 0x00, 0x00, 0x89, 0x0b, 0x00, 0x00, 0x00, 0x00, 0x00, 0x01, 0x00
    , 0x00, 0x00, 0x00, 0x99, 0x04, 0x00, 0x00, 0x00, 0x00, 0xff, 0x01, 0x00, 0x00, 0x00, 0x00, 0xcb
    , 0x01, 0x00, 0x00, 0x00, 0x00, 0x58, 0x03, 0x00, 0x00, 0x00, 0x00, 0x00, 0x01, 0x00, 0x00, 0x00
    , 0x00, 0x08, 0x01, 0x00, 0x00, 0x00, 0x00, 0x4f, 0x01, 0x00, 0x00, 0x00, 0x00, 0x84, 0x02, 0x00
    , 0x00, 0x00, 0x00, 0xb7, 0x01, 0x00, 0x00, 0x00, 0x00, 0x84, 0x01, 0x00, 0x00, 0x00, 0x00, 0x4f
    , 0x01, 0x00, 0x00, 0x00, 0x00, 0x08, 0x03, 0x00, 0x00, 0x00, 0x00, 0x00, 0x01, 0x00, 0x00, 0x00
    , 0x00, 0x59, 0x01, 0x00, 0x00, 0x00, 0x00, 0xcc, 0x04, 0x00, 0x00, 0x00, 0x00, 0xff, 0x01, 0x00
    , 0x00, 0x00, 0x00, 0x98, 0x09, 0x00, 0x00, 0x00, 0x00, 0x00, 0x01, 0x00, 0x00, 0x00, 0x00, 0xa7
    , 0x03, 0x00, 0x00, 0x00, 0x00, 0xff, 0x01, 0x00, 0x00, 0x00, 0x00, 0xfc, 0x01, 0x00, 0x00, 0x00
    , 0x00, 0x6f, 0x04, 0x00, 0x00, 0x00, 0x00, 0x00, 0x01, 0x00, 0x00, 0x00, 0x00, 0x38, 0x01, 0x00
    , 0x00, 0x00, 0x00, 0xd9, 0x06, 0x00, 0x00, 0x00, 0x00, 0xff, 0x01, 0x00, 0x00, 0x00, 0x00, 0xd9
    , 0x01, 0x00, 0x00, 0x00, 0x00, 0x37, 0x04, 0x00, 0x00, 0x00, 0x00, 0x00, 0x01, 0x00, 0x00, 0x00
    , 0x00, 0x6f, 0x01, 0x00, 0x00, 0x00, 0x00, 0xfc, 0x03, 0x00, 0x00, 0x00, 0x00, 0xff, 0x01, 0x00
    , 0x00, 0x00, 0x00, 0xa6, 0x07, 0x00, 0x00, 0x00, 0x00, 0x00, 0x01, 0x00, 0x00, 0x00, 0x00, 0xb4
    , 0x03, 0x00, 0x00, 0x00, 0x00, 0xff, 0x01, 0x00, 0x00, 0x00, 0x00, 0xf1, 0x01, 0x00, 0x00, 0x00
    , 0x00, 0x48, 0x04, 0x00, 0x00, 0x00, 0x00, 0x00, 0x01, 0x00, 0x00, 0x00, 0x00, 0x71, 0x01, 0x00
    , 0x00, 0x00, 0x00, 0xfd, 0x08, 0x00, 0x00, 0x00, 0x00, 0xff, 0x01, 0x00, 0x00, 0x00, 0x00, 0xfc
    , 0x01, 0x00, 0x00, 0x00, 0x00, 0x70, 0x04, 0x00, 0x00, 0x00, 0x00, 0x00, 0x01, 0x00, 0x00, 0x00
    , 0x00, 0x49, 0x01, 0x00, 0x00, 0x00, 0x00, 0xf1, 0x03, 0x00, 0x00, 0x00, 0x00, 0xff, 0x01, 0x00
    , 0x00, 0x00, 0x00, 0xb3, 0x05, 0x00, 0x00, 0x00, 0x00, 0x00, 0x01, 0x00, 0x00, 0x00, 0x00, 0x82
    , 0x03, 0x00, 0x00, 0x00, 0x00, 0xff, 0x01, 0x00, 0x00, 0x00, 0x00, 0xde, 0x01, 0x00, 0x00, 0x00
    , 0x00, 0x2a, 0x04, 0x00, 0x00, 0x00, 0x00, 0x00, 0x01, 0x00, 0x00, 0x00, 0x00, 0x34, 0x01, 0x00
    , 0x00, 0x00, 0x00, 0xfc, 0x03, 0x00, 0x00, 0x00, 0x00, 0xff, 0x01, 0x00, 0x00, 0x00, 0x00, 0xef
    , 0x02, 0x00, 0x00, 0x00, 0x00, 0xbc, 0x01, 0x00, 0x00, 0x00, 0x00, 0xef, 0x03, 0x00, 0x00, 0x00
    , 0x00, 0xff, 0x01, 0x00, 0x00, 0x00, 0x00, 0xfc, 0x01, 0x00, 0x00, 0x00, 0x00, 0x33, 0x04, 0x00
    , 0x00, 0x00, 0x00, 0x00, 0x01, 0x00, 0x00, 0x00, 0x00, 0x2a, 0x01, 0x00, 0x00, 0x00, 0x00, 0xde
    , 0x03, 0x00, 0x00, 0x00, 0x00, 0xff, 0x01, 0x00, 0x00, 0x00, 0x00, 0x81, 0x03, 0x00, 0x00, 0x00
    , 0x00, 0x00, 0x01, 0x00, 0x00, 0x00, 0x00, 0x34, 0x01, 0x00, 0x00, 0x00, 0x00, 0xfb, 0x02, 0x00
    , 0x00, 0x00, 0x00, 0xff, 0x01, 0x00, 0x00, 0x00, 0x00, 0xf4, 0x01, 0x00, 0x00, 0x00, 0x00, 0x22
    , 0x04, 0x00, 0x00, 0x00, 0x00, 0x00, 0x01, 0x00, 0x00, 0x00, 0x00, 0x06, 0x01, 0x00, 0x00, 0x00
    , 0x00, 0xd6, 0x02, 0x00, 0x00, 0x00, 0x00, 0xff, 0x01, 0x00, 0x00, 0x00, 0x00, 0xfd, 0x01, 0x00
    , 0x00, 0x00, 0x00, 0x87, 0x01, 0x00, 0x00, 0x00, 0x00, 0x05, 0x02, 0x00, 0x00, 0x00, 0x00, 0x00
    , 0x01, 0x00, 0x00, 0x00, 0x00, 0x06, 0x01, 0x00, 0x00, 0x00, 0x00, 0x87, 0x01, 0x00, 0x00, 0x00
    , 0x00, 0xfd, 0x02, 0x00, 0x00, 0x00, 0x00, 0xff, 0x01, 0x00, 0x00, 0x00, 0x00, 0xd5, 0x01, 0x00
    , 0x00, 0x00, 0x00, 0x06, 0x04, 0x00, 0x00, 0x00, 0x00, 0x00, 0x01, 0x00, 0x00, 0x00, 0x00, 0x23
    , 0x01, 0x00, 0x00, 0x00, 0x00, 0xf5, 0x02, 0x00, 0x00, 0x00, 0x00, 0xff, 0x01, 0x00, 0x00, 0x00
    , 0x00, 0xfb, 0x01, 0x00, 0x00, 0x00, 0x00, 0x33, 0x02, 0x00, 0x00, 0x00, 0x00, 0x00, 0x01, 0x00
    , 0x00, 0x00, 0x00, 0xce, 0x03, 0x00, 0x00, 0x00, 0x00, 0xff, 0x01, 0x00, 0x00, 0x00, 0x00, 0x6a
    , 0x05, 0x00, 0x00, 0x00, 0x00, 0x00, 0x01, 0x00, 0x00, 0x00, 0x00, 0x46, 0x03, 0x00, 0x00, 0x00
    , 0x00, 0xff, 0x01, 0x00, 0x00, 0x00, 0x00, 0x8a, 0x06, 0x00, 0x00, 0x00, 0x00, 0x00, 0x01, 0x00
    , 0x00, 0x00, 0x00, 0x8b, 0x03, 0x00, 0x00, 0x00, 0x00, 0xff, 0x01, 0x00, 0x00, 0x00, 0x00, 0x45
    , 0x05, 0x00, 0x00, 0x00, 0x00, 0x00, 0x01, 0x00, 0x00, 0x00, 0x00, 0x6b, 0x03, 0x00, 0x00, 0x00
    , 0x00, 0xff, 0x01, 0x00, 0x00, 0x00, 0x00, 0xce, 0x01, 0x00, 0x00, 0x00, 0x00, 0x00, 0x01, 0x00
    , 0x00, 0x00, 0x00, 0x4c, 0x03, 0x00, 0x00, 0x00, 0x00, 0xff, 0x01, 0x00, 0x00, 0x00, 0x00, 0xbd
    , 0x06, 0x00, 0x00, 0x00, 0x00, 0x00, 0x01, 0x00, 0x00, 0x00, 0x00, 0x7a, 0x02, 0x00, 0x00, 0x00
    , 0x00, 0xff, 0x01, 0x00, 0x00, 0x00, 0x00, 0xf5, 0x01, 0x00, 0x00, 0x00, 0x00, 0x07, 0x06, 0x00
    , 0x00, 0x00, 0x00, 0x00, 0x01, 0x00, 0x00, 0x00, 0x00, 0x07, 0x01, 0x00, 0x00, 0x00, 0x00, 0xf5
    , 0x02, 0x00, 0x00, 0x00, 0x00, 0xff, 0x01, 0x00, 0x00, 0x00, 0x00, 0x79, 0x06, 0x00, 0x00, 0x00
    , 0x00, 0x00, 0x01, 0x00, 0x00, 0x00, 0x00, 0xbd, 0x03, 0x00, 0x00, 0x00, 0x00, 0xff, 0x01, 0x00
    , 0x00, 0x00, 0x00, 0x4b, 0x01, 0x00, 0x00, 0x00, 0x00, 0xc8, 0x02, 0x00, 0x00, 0x00, 0x00, 0xff
    , 0x01, 0x00, 0x00, 0x00, 0x00, 0xf2, 0x01, 0x00, 0x00, 0x00, 0x00, 0x1e, 0x06, 0x00, 0x00, 0x00
    , 0x00, 0x00, 0x01, 0x00, 0x00, 0x00, 0x00, 0xae, 0x02, 0x00, 0x00, 0x00, 0x00, 0xff, 0x01, 0x00
    , 0x00, 0x00, 0x00, 0xc5, 0x08, 0x00, 0x00, 0x00, 0x00, 0x00, 0x01, 0x00, 0x00, 0x00, 0x00, 0xc6
    , 0x02, 0x00, 0x00, 0x00, 0x00, 0xff, 0x01, 0x00, 0x00, 0x00, 0x00, 0xae, 0x06, 0x00, 0x00, 0x00
    , 0x00, 0x00, 0x01, 0x00, 0x00, 0x00, 0x00, 0x1e, 0x01, 0x00, 0x00, 0x00, 0x00, 0xf2, 0x02, 0x00
    , 0x00, 0x00, 0x00, 0xff, 0x01, 0x00, 0x00, 0x00, 0x00, 0xc7, 0x01, 0x00, 0x00, 0x00, 0x00, 0xbd
    , 0x02, 0x00, 0x00, 0x00, 0x00, 0xff, 0x01, 0x00, 0x00, 0x00, 0x00, 0xf8, 0x01, 0x00, 0x00, 0x00
    , 0x00, 0x28, 0x06, 0x00, 0x00, 0x00, 0x00, 0x00, 0x01, 0x00, 0x00, 0x00, 0x00, 0xaa, 0x02, 0x00
    , 0x00, 0x00, 0x00, 0xff, 0x01, 0x00, 0x00, 0x00, 0x00, 0xca, 0x08, 0x00, 0x00, 0x00, 0x00, 0x00
    , 0x01, 0x00, 0x00, 0x00, 0x00, 0xcb, 0x02, 0x00, 0x00, 0x00, 0x00, 0xff, 0x01, 0x00, 0x00, 0x00
    , 0x00, 0xa9, 0x06, 0x00, 0x00, 0x00, 0x00, 0x00, 0x01, 0x00, 0x00, 0x00, 0x00, 0x29, 0x01, 0x00
    , 0x00, 0x00, 0x00, 0xf8, 0x02, 0x00, 0x00, 0x00, 0x00, 0xff, 0x01, 0x00, 0x00, 0x00, 0x00, 0xbc
    , 0x01, 0x00, 0x00, 0x00, 0x00, 0x40, 0x03, 0x00, 0x00, 0x00, 0x00, 0xff, 0x01, 0x00, 0x00, 0x00
    , 0x00, 0xca, 0x06, 0x00, 0x00, 0x00, 0x00, 0x00, 0x01, 0x00, 0x00, 0x00, 0x00, 0x75, 0x02, 0x00
    , 0x00, 0x00, 0x00, 0xff, 0x01, 0x00, 0x00, 0x00, 0x00, 0xf8, 0x01, 0x00, 0x00, 0x00, 0x00, 0x0c
    , 0x06, 0x00, 0x00, 0x00, 0x00, 0x00, 0x01, 0x00, 0x00, 0x00, 0x00, 0x0c, 0x01, 0x00, 0x00, 0x00
    , 0x00, 0xf8, 0x02, 0x00, 0x00, 0x00, 0x00, 0xff, 0x01, 0x00, 0x00, 0x00, 0x00, 0x74, 0x06, 0x00
    , 0x00, 0x00, 0x00, 0x00, 0x01, 0x00, 0x00, 0x00, 0x00, 0xcb, 0x03, 0x00, 0x00, 0x00, 0x00, 0xff
    , 0x01, 0x00, 0x00, 0x00, 0x00, 0x3f, 0x01, 0x00, 0x00, 0x00, 0x00, 0x00, 0x01, 0x00, 0x00, 0x00
    , 0x00, 0xc2, 0x03, 0x00, 0x00, 0x00, 0x00, 0xff, 0x01, 0x00, 0x00, 0x00, 0x00, 0x7a, 0x05, 0x00
    , 0x00, 0x00, 0x00, 0x00, 0x01, 0x00, 0x00, 0x00, 0x00, 0x40, 0x03, 0x00, 0x00, 0x00, 0x00, 0xff
    , 0x01, 0x00, 0x00, 0x00, 0x00, 0x99, 0x06, 0x00, 0x00, 0x00, 0x00, 0x00, 0x01, 0x00, 0x00, 0x00
    , 0x00, 0x9a, 0x03, 0x00, 0x00, 0x00, 0x00, 0xff, 0x01, 0x00, 0x00, 0x00, 0x00, 0x40, 0x05, 0x00
    , 0x00, 0x00, 0x00, 0x00, 0x01, 0x00, 0x00, 0x00, 0x00, 0x7b, 0x03, 0x00, 0x00, 0x00, 0x00, 0xff
    , 0x01, 0x00, 0x00, 0x00, 0x00, 0xc2, 0x02, 0x00, 0x00, 0x00, 0x00, 0x00, 0x01, 0x00, 0x00, 0x00
    , 0x00, 0x28, 0x01, 0x00, 0x00, 0x00, 0x00, 0xf7, 0x02, 0x00, 0x00, 0x00, 0x00, 0xff, 0x01, 0x00
    , 0x00, 0x00, 0x00, 0xf9, 0x01, 0x00, 0x00, 0x00, 0x00, 0x2e, 0x05, 0x00, 0x00, 0x00, 0x00, 0x00
    , 0x01, 0x00, 0x00, 0x00, 0x00, 0xcb, 0x03, 0x00, 0x00, 0x00, 0x00, 0xff, 0x01, 0x00, 0x00, 0x00
    , 0x00, 0x9f, 0x01, 0x00, 0x00, 0x00, 0x00, 0x10, 0x02, 0x00, 0x00, 0x00, 0x00, 0x00, 0x01, 0x00
    , 0x00, 0x00, 0x00, 0x10, 0x01, 0x00, 0x00, 0x00, 0x00, 0x9f, 0x03, 0x00, 0x00, 0x00, 0x00, 0xff
    , 0x01, 0x00, 0x00, 0x00, 0x00, 0xca, 0x05, 0x00, 0x00, 0x00, 0x00, 0x00, 0x01, 0x00, 0x00, 0x00
    , 0x00, 0x2e, 0x01, 0x00, 0x00, 0x00, 0x00, 0xfa, 0x02, 0x00, 0x00, 0x00, 0x00, 0xff, 0x01, 0x00
    , 0x00, 0x00, 0x00, 0xf7, 0x01, 0x00, 0x00, 0x00, 0x00, 0x27, 0x03, 0x00, 0x00, 0x00, 0x00, 0x00
    , 0x01, 0x00, 0x00, 0x00, 0x00, 0x71, 0x03, 0x00, 0x00, 0x00, 0x00, 0xff, 0x01, 0x00, 0x00, 0x00
    , 0x00, 0xea, 0x01, 0x00, 0x00, 0x00, 0x00, 0x3a, 0x04, 0x00, 0x00, 0x00, 0x00, 0x00, 0x01, 0x00
    , 0x00, 0x00, 0x00, 0x29, 0x01, 0x00, 0x00, 0x00, 0x00, 0xf8, 0x03, 0x00, 0x00, 0x00, 0x00, 0xff
    , 0x01, 0x00, 0x00, 0x00, 0x00, 0xfc, 0x02, 0x00, 0x00, 0x00, 0x00, 0xd4, 0x01, 0x00, 0x00, 0x00
    , 0x00, 0xfc, 0x03, 0x00, 0x00, 0x00, 0x00, 0xff, 0x01, 0x00, 0x00, 0x00, 0x00, 0xf7, 0x01, 0x00
    , 0x00, 0x00, 0x00, 0x28, 0x04, 0x00, 0x00, 0x00, 0x00, 0x00, 0x01, 0x00, 0x00, 0x00, 0x00, 0x3b
    , 0x01, 0x00, 0x00, 0x00, 0x00, 0xea, 0x03, 0x00, 0x00, 0x00, 0x00, 0xff, 0x01, 0x00, 0x00, 0x00
    , 0x00, 0x70, 0x05, 0x00, 0x00, 0x00, 0x00, 0x00, 0x01, 0x00, 0x00, 0x00, 0x00, 0xa0, 0x03, 0x00
    , 0x00, 0x00, 0x00, 0xff, 0x01, 0x00, 0x00, 0x00, 0x00, 0xf8, 0x01, 0x00, 0x00, 0x00, 0x00, 0x5d
    , 0x04, 0x00, 0x00, 0x00, 0x00, 0x00, 0x01, 0x00, 0x00, 0x00, 0x00, 0x5e, 0x01, 0x00, 0x00, 0x00
    , 0x00, 0xf6, 0x08, 0x00, 0x00, 0x00, 0x00, 0xff, 0x01, 0x00, 0x00, 0x00, 0x00, 0xf6, 0x01, 0x00
    , 0x00, 0x00, 0x00, 0x5d, 0x04, 0x00, 0x00, 0x00, 0x00, 0x00, 0x01, 0x00, 0x00, 0x00, 0x00, 0x5e
    , 0x01, 0x00, 0x00, 0x00, 0x00, 0xf9, 0x03, 0x00, 0x00, 0x00, 0x00, 0xff, 0x01, 0x00, 0x00, 0x00
    , 0x00, 0x9f, 0x07, 0x00, 0x00, 0x00, 0x00, 0x00, 0x01, 0x00, 0x00, 0x00, 0x00, 0x91, 0x04, 0x00
    , 0x00, 0x00, 0x00, 0xff, 0x01, 0x00, 0x00, 0x00, 0x00, 0x87, 0x04, 0x00, 0x00, 0x00, 0x00, 0x00
    , 0x01, 0x00, 0x00, 0x00, 0x00, 0x26, 0x01, 0x00, 0x00, 0x00, 0x00, 0xc7, 0x06, 0x00, 0x00, 0x00
    , 0x00, 0xff, 0x01, 0x00, 0x00, 0x00, 0x00, 0xc7, 0x01, 0x00, 0x00, 0x00, 0x00, 0x25, 0x04, 0x00
    , 0x00, 0x00, 0x00, 0x00, 0x01, 0x00, 0x00, 0x00, 0x00, 0x88, 0x04, 0x00, 0x00, 0x00, 0x00, 0xff
    , 0x01, 0x00, 0x00, 0x00, 0x00, 0x91, 0x09, 0x00, 0x00, 0x00, 0x00, 0x00, 0x01, 0x00, 0x00, 0x00
    , 0x00, 0x82, 0x04, 0x00, 0x00, 0x00, 0x00, 0xff, 0x01, 0x00, 0x00, 0x00, 0x00, 0xdf, 0x01, 0x00
    , 0x00, 0x00, 0x00, 0x70, 0x01, 0x00, 0x00, 0x00, 0x00, 0x0c, 0x03, 0x00, 0x00, 0x00, 0x00, 0x00
    , 0x01, 0x00, 0x00, 0x00, 0x00, 0x37, 0x01, 0x00, 0x00, 0x00, 0x00, 0x6b, 0x02, 0x00, 0x00, 0x00
    , 0x00, 0xa0, 0x01, 0x00, 0x00, 0x00, 0x00, 0x6b, 0x01, 0x00, 0x00, 0x00, 0x00, 0x37, 0x03, 0x00
    , 0x00, 0x00, 0x00, 0x00, 0x01, 0x00, 0x00, 0x00, 0x00, 0x0d, 0x01, 0x00, 0x00, 0x00, 0x00, 0x71
    , 0x01, 0x00, 0x00, 0x00, 0x00, 0xe0, 0x04, 0x00, 0x00, 0x00, 0x00, 0xff, 0x01, 0x00, 0x00, 0x00
    , 0x00, 0x81, 0x0b, 0x00, 0x00, 0x00, 0x00, 0x00, 0x01, 0x00, 0x00, 0x00, 0x00, 0x71, 0x05, 0x00
    , 0x00, 0x00, 0x00, 0xff, 0x01, 0x00, 0x00, 0x00, 0x00, 0xf1, 0x01, 0x00, 0x00, 0x00, 0x00, 0x8d
    , 0x01, 0x00, 0x00, 0x00, 0x00, 0x2f, 0x01, 0x00, 0x00, 0x00, 0x00, 0x09, 0x06, 0x00, 0x00, 0x00
    , 0x00, 0x00, 0x01, 0x00, 0x00, 0x00, 0x00, 0x09, 0x01, 0x00, 0x00, 0x00, 0x00, 0x2f, 0x01, 0x00
    , 0x00, 0x00, 0x00, 0x8d, 0x01, 0x00, 0x00, 0x00, 0x00, 0xf1, 0x04, 0x00, 0x00, 0x00, 0x00, 0xff
    , 0x01, 0x00, 0x00, 0x00, 0x00, 0xfe, 0x01, 0x00, 0x00, 0x00, 0x00, 0x70, 0x0d, 0x00, 0x00, 0x00
    , 0x00, 0x00, 0x01, 0x00, 0x00, 0x00, 0x00, 0x51, 0x01, 0x00, 0x00, 0x00, 0x00, 0xe3, 0x07, 0x00
    , 0x00, 0x00, 0x00, 0xff, 0x01, 0x00, 0x00, 0x00, 0x00, 0xe6, 0x01, 0x00, 0x00, 0x00, 0x00, 0xc2
    , 0x02, 0x00, 0x00, 0x00, 0x00, 0x9e, 0x01, 0x00, 0x00, 0x00, 0x00, 0xc2, 0x01, 0x00, 0x00, 0x00
    , 0x00, 0xe6, 0x07, 0x00, 0x00, 0x00, 0x00, 0xff, 0x01, 0x00, 0x00, 0x00, 0x00, 0xe3, 0x01, 0x00
    , 0x00, 0x00, 0x00, 0x51, 0x0f, 0x00, 0x00, 0x00, 0x00, 0x00, 0x01, 0x00, 0x00, 0x00, 0x00, 0x0a
    , 0x01, 0x00, 0x00, 0x00, 0x00, 0x85, 0x01, 0x00, 0x00, 0x00, 0x00, 0xf5, 0x10, 0x00, 0x00, 0x00
    , 0x00, 0xff, 0x01, 0x00, 0x00, 0x00, 0x00, 0xf5, 0x01, 0x00, 0x00, 0x00, 0x00, 0x85, 0x01, 0x00
    , 0x00, 0x00, 0x00, 0x0a, 0x12, 0x00, 0x00, 0x00, 0x00, 0x00, 0x01, 0x00, 0x00, 0x00, 0x00, 0x0e
    , 0x01, 0x00, 0x00, 0x00, 0x00, 0x6b, 0x01, 0x00, 0x00, 0x00, 0x00, 0xd3, 0x0c, 0x00, 0x00, 0x00
    , 0x00, 0xff, 0x01, 0x00, 0x00, 0x00, 0x00, 0xd3, 0x01, 0x00, 0x00, 0x00, 0x00, 0x6b, 0x01, 0x00
    , 0x00, 0x00, 0x00, 0x0e, 0x17, 0x00, 0x00, 0x00, 0x00, 0x00, 0x01, 0x00, 0x00, 0x00, 0x00, 0x1c
    , 0x01, 0x00, 0x00, 0x00, 0x00, 0x58, 0x01, 0x00, 0x00, 0x00, 0x00, 0x95, 0x01, 0x00, 0x00, 0x00
    , 0x00, 0xb7, 0x01, 0x00, 0x00, 0x00, 0x00, 0xcb, 0x02, 0x00, 0x00, 0x00, 0x00, 0xdf, 0x01, 0x00
    , 0x00, 0x00, 0x00, 0xcb, 0x01, 0x00, 0x00, 0x00, 0x00, 0xb7, 0x01, 0x00, 0x00, 0x00, 0x00, 0x95
    , 0x01, 0x00, 0x00, 0x00, 0x00, 0x58, 0x01, 0x00, 0x00, 0x00, 0x00, 0x1c, 0x0d, 0x00, 0x00, 0x00
    , 0x00, 0x00
};

inline Upp::Image ICON_ACTION_OUTLINED_VISIBILITY_48()
{
    return Upp::UiMakeIcon(DATA_ACTION_OUTLINED_VISIBILITY_48);
}

// Category: action | Type: Outlined | Icon: visibility_off | Size: 38x34 | Format: UiMakeIcon RLE
static const unsigned char DATA_ACTION_OUTLINED_VISIBILITY_OFF_48[] = {
    0x26, 0x80, 0x22, 0x00, 0x03, 0x00, 0x00, 0x00, 0x00, 0x00, 0x01, 0x00, 0x00, 0x00, 0x00, 0x54
    , 0x01, 0x00, 0x00, 0x00, 0x00, 0xa5, 0x23, 0x00, 0x00, 0x00, 0x00, 0x00, 0x01, 0x00, 0x00, 0x00
    , 0x00, 0x52, 0x01, 0x00, 0x00, 0x00, 0x00, 0xfb, 0x01, 0x00, 0x00, 0x00, 0x00, 0xff, 0x01, 0x00
    , 0x00, 0x00, 0x00, 0xa9, 0x21, 0x00, 0x00, 0x00, 0x00, 0x00, 0x01, 0x00, 0x00, 0x00, 0x00, 0x0f
    , 0x01, 0x00, 0x00, 0x00, 0x00, 0xf0, 0x03, 0x00, 0x00, 0x00, 0x00, 0xff, 0x01, 0x00, 0x00, 0x00
    , 0x00, 0xa9, 0x08, 0x00, 0x00, 0x00, 0x00, 0x00, 0x01, 0x00, 0x00, 0x00, 0x00, 0x06, 0x01, 0x00
    , 0x00, 0x00, 0x00, 0x20, 0x01, 0x00, 0x00, 0x00, 0x00, 0x34, 0x02, 0x00, 0x00, 0x00, 0x00, 0x48
    , 0x01, 0x00, 0x00, 0x00, 0x00, 0x35, 0x01, 0x00, 0x00, 0x00, 0x00, 0x21, 0x01, 0x00, 0x00, 0x00
    , 0x00, 0x06, 0x11, 0x00, 0x00, 0x00, 0x00, 0x00, 0x01, 0x00, 0x00, 0x00, 0x00, 0x3e, 0x01, 0x00
    , 0x00, 0x00, 0x00, 0xf5, 0x03, 0x00, 0x00, 0x00, 0x00, 0xff, 0x01, 0x00, 0x00, 0x00, 0x00, 0xa9
    , 0x04, 0x00, 0x00, 0x00, 0x00, 0x00, 0x01, 0x00, 0x00, 0x00, 0x00, 0x0c, 0x01, 0x00, 0x00, 0x00
    , 0x00, 0x87, 0x01, 0x00, 0x00, 0x00, 0x00, 0xc4, 0x01, 0x00, 0x00, 0x00, 0x00, 0xf9, 0x06, 0x00
    , 0x00, 0x00, 0x00, 0xff, 0x01, 0x00, 0x00, 0x00, 0x00, 0xf8, 0x01, 0x00, 0x00, 0x00, 0x00, 0xc4
    , 0x01, 0x00, 0x00, 0x00, 0x00, 0x87, 0x01, 0x00, 0x00, 0x00, 0x00, 0x3b, 0x0f, 0x00, 0x00, 0x00
    , 0x00, 0x00, 0x01, 0x00, 0x00, 0x00, 0x00, 0x3e, 0x01, 0x00, 0x00, 0x00, 0x00, 0xf5, 0x03, 0x00
    , 0x00, 0x00, 0x00, 0xff, 0x01, 0x00, 0x00, 0x00, 0x00, 0xa9, 0x04, 0x00, 0x00, 0x00, 0x00, 0x00
    , 0x01, 0x00, 0x00, 0x00, 0x00, 0x72, 0x0c, 0x00, 0x00, 0x00, 0x00, 0xff, 0x01, 0x00, 0x00, 0x00
    , 0x00, 0xd5, 0x01, 0x00, 0x00, 0x00, 0x00, 0x6e, 0x01, 0x00, 0x00, 0x00, 0x00, 0x0a, 0x0d, 0x00
    , 0x00, 0x00, 0x00, 0x00, 0x01, 0x00, 0x00, 0x00, 0x00, 0x3e, 0x01, 0x00, 0x00, 0x00, 0x00, 0xf5
    , 0x03, 0x00, 0x00, 0x00, 0x00, 0xff, 0x01, 0x00, 0x00, 0x00, 0x00, 0xa9, 0x04, 0x00, 0x00, 0x00
    , 0x00, 0x00, 0x01, 0x00, 0x00, 0x00, 0x00, 0x72, 0x0d, 0x00, 0x00, 0x00, 0x00, 0xff, 0x01, 0x00
    , 0x00, 0x00, 0x00, 0xe4, 0x01, 0x00, 0x00, 0x00, 0x00, 0x58, 0x0d, 0x00, 0x00, 0x00, 0x00, 0x00
    , 0x01, 0x00, 0x00, 0x00, 0x00, 0x3e, 0x01, 0x00, 0x00, 0x00, 0x00, 0xf5, 0x03, 0x00, 0x00, 0x00
    , 0x00, 0xff, 0x01, 0x00, 0x00, 0x00, 0x00, 0xa9, 0x04, 0x00, 0x00, 0x00, 0x00, 0x00, 0x01, 0x00
    , 0x00, 0x00, 0x00, 0x56, 0x01, 0x00, 0x00, 0x00, 0x00, 0x67, 0x01, 0x00, 0x00, 0x00, 0x00, 0x4b
    , 0x01, 0x00, 0x00, 0x00, 0x00, 0x2f, 0x01, 0x00, 0x00, 0x00, 0x00, 0x32, 0x01, 0x00, 0x00, 0x00
    , 0x00, 0x56, 0x01, 0x00, 0x00, 0x00, 0x00, 0x7a, 0x01, 0x00, 0x00, 0x00, 0x00, 0x9f, 0x01, 0x00
    , 0x00, 0x00, 0x00, 0xc5, 0x01, 0x00, 0x00, 0x00, 0x00, 0xfd, 0x05, 0x00, 0x00, 0x00, 0x00, 0xff
    , 0x01, 0x00, 0x00, 0x00, 0x00, 0xba, 0x01, 0x00, 0x00, 0x00, 0x00, 0x0d, 0x0b, 0x00, 0x00, 0x00
    , 0x00, 0x00, 0x01, 0x00, 0x00, 0x00, 0x00, 0x22, 0x01, 0x00, 0x00, 0x00, 0x00, 0xe6, 0x04, 0x00
    , 0x00, 0x00, 0x00, 0xff, 0x01, 0x00, 0x00, 0x00, 0x00, 0xa9, 0x06, 0x00, 0x00, 0x00, 0x00, 0x00
    , 0x01, 0x00, 0x00, 0x00, 0x00, 0x12, 0x01, 0x00, 0x00, 0x00, 0x00, 0x0b, 0x04, 0x00, 0x00, 0x00
    , 0x00, 0x00, 0x01, 0x00, 0x00, 0x00, 0x00, 0x24, 0x01, 0x00, 0x00, 0x00, 0x00, 0x95, 0x01, 0x00
    , 0x00, 0x00, 0x00, 0xf5, 0x04, 0x00, 0x00, 0x00, 0x00, 0xff, 0x01, 0x00, 0x00, 0x00, 0x00, 0xcd
    , 0x01, 0x00, 0x00, 0x00, 0x00, 0x13, 0x09, 0x00, 0x00, 0x00, 0x00, 0x00, 0x01, 0x00, 0x00, 0x00
    , 0x00, 0x20, 0x01, 0x00, 0x00, 0x00, 0x00, 0xe2, 0x06, 0x00, 0x00, 0x00, 0x00, 0xff, 0x01, 0x00
    , 0x00, 0x00, 0x00, 0xa8, 0x04, 0x00, 0x00, 0x00, 0x00, 0x00, 0x01, 0x00, 0x00, 0x00, 0x00, 0x66
    , 0x01, 0x00, 0x00, 0x00, 0x00, 0xff, 0x01, 0x00, 0x00, 0x00, 0x00, 0xfd, 0x01, 0x00, 0x00, 0x00
    , 0x00, 0xd7, 0x01, 0x00, 0x00, 0x00, 0x00, 0xa3, 0x01, 0x00, 0x00, 0x00, 0x00, 0x37, 0x03, 0x00
    , 0x00, 0x00, 0x00, 0x00, 0x01, 0x00, 0x00, 0x00, 0x00, 0x11, 0x01, 0x00, 0x00, 0x00, 0x00, 0x78
    , 0x01, 0x00, 0x00, 0x00, 0x00, 0xf2, 0x03, 0x00, 0x00, 0x00, 0x00, 0xff, 0x01, 0x00, 0x00, 0x00
    , 0x00, 0xd6, 0x01, 0x00, 0x00, 0x00, 0x00, 0x1a, 0x07, 0x00, 0x00, 0x00, 0x00, 0x00, 0x01, 0x00
    , 0x00, 0x00, 0x00, 0x1d, 0x01, 0x00, 0x00, 0x00, 0x00, 0xdf, 0x03, 0x00, 0x00, 0x00, 0x00, 0xff
    , 0x01, 0x00, 0x00, 0x00, 0x00, 0xd2, 0x01, 0x00, 0x00, 0x00, 0x00, 0xf5, 0x03, 0x00, 0x00, 0x00
    , 0x00, 0xff, 0x01, 0x00, 0x00, 0x00, 0x00, 0xa8, 0x04, 0x00, 0x00, 0x00, 0x00, 0x00, 0x01, 0x00
    , 0x00, 0x00, 0x00, 0x72, 0x03, 0x00, 0x00, 0x00, 0x00, 0xff, 0x01, 0x00, 0x00, 0x00, 0x00, 0xfc
    , 0x01, 0x00, 0x00, 0x00, 0x00, 0x8a, 0x01, 0x00, 0x00, 0x00, 0x00, 0x06, 0x03, 0x00, 0x00, 0x00
    , 0x00, 0x00, 0x01, 0x00, 0x00, 0x00, 0x00, 0x2a, 0x01, 0x00, 0x00, 0x00, 0x00, 0xde, 0x03, 0x00
    , 0x00, 0x00, 0x00, 0xff, 0x01, 0x00, 0x00, 0x00, 0x00, 0xdf, 0x01, 0x00, 0x00, 0x00, 0x00, 0x23
    , 0x05, 0x00, 0x00, 0x00, 0x00, 0x00, 0x01, 0x00, 0x00, 0x00, 0x00, 0x1a, 0x01, 0x00, 0x00, 0x00
    , 0x00, 0xdc, 0x03, 0x00, 0x00, 0x00, 0x00, 0xff, 0x01, 0x00, 0x00, 0x00, 0x00, 0xc1, 0x01, 0x00
    , 0x00, 0x00, 0x00, 0x0c, 0x01, 0x00, 0x00, 0x00, 0x00, 0x3f, 0x01, 0x00, 0x00, 0x00, 0x00, 0xf5
    , 0x03, 0x00, 0x00, 0x00, 0x00, 0xff, 0x01, 0x00, 0x00, 0x00, 0x00, 0xa8, 0x04, 0x00, 0x00, 0x00
    , 0x00, 0x00, 0x01, 0x00, 0x00, 0x00, 0x00, 0x72, 0x04, 0x00, 0x00, 0x00, 0x00, 0xff, 0x01, 0x00
    , 0x00, 0x00, 0x00, 0xbb, 0x04, 0x00, 0x00, 0x00, 0x00, 0x00, 0x01, 0x00, 0x00, 0x00, 0x00, 0x14
    , 0x01, 0x00, 0x00, 0x00, 0x00, 0xc3, 0x03, 0x00, 0x00, 0x00, 0x00, 0xff, 0x01, 0x00, 0x00, 0x00
    , 0x00, 0xe7, 0x01, 0x00, 0x00, 0x00, 0x00, 0x1a, 0x04, 0x00, 0x00, 0x00, 0x00, 0x00, 0x01, 0x00
    , 0x00, 0x00, 0x00, 0xb3, 0x03, 0x00, 0x00, 0x00, 0x00, 0xff, 0x01, 0x00, 0x00, 0x00, 0x00, 0xb8
    , 0x01, 0x00, 0x00, 0x00, 0x00, 0x08, 0x02, 0x00, 0x00, 0x00, 0x00, 0x00, 0x01, 0x00, 0x00, 0x00
    , 0x00, 0x3f, 0x01, 0x00, 0x00, 0x00, 0x00, 0xf5, 0x03, 0x00, 0x00, 0x00, 0x00, 0xff, 0x01, 0x00
    , 0x00, 0x00, 0x00, 0xa8, 0x04, 0x00, 0x00, 0x00, 0x00, 0x00, 0x01, 0x00, 0x00, 0x00, 0x00, 0x6f
    , 0x01, 0x00, 0x00, 0x00, 0x00, 0xfc, 0x03, 0x00, 0x00, 0x00, 0x00, 0xff, 0x01, 0x00, 0x00, 0x00
    , 0x00, 0x69, 0x04, 0x00, 0x00, 0x00, 0x00, 0x00, 0x01, 0x00, 0x00, 0x00, 0x00, 0x05, 0x01, 0x00
    , 0x00, 0x00, 0x00, 0xa7, 0x03, 0x00, 0x00, 0x00, 0x00, 0xff, 0x01, 0x00, 0x00, 0x00, 0x00, 0xb8
    , 0x03, 0x00, 0x00, 0x00, 0x00, 0x00, 0x01, 0x00, 0x00, 0x00, 0x00, 0x41, 0x03, 0x00, 0x00, 0x00
    , 0x00, 0xff, 0x01, 0x00, 0x00, 0x00, 0x00, 0xca, 0x01, 0x00, 0x00, 0x00, 0x00, 0x05, 0x04, 0x00
    , 0x00, 0x00, 0x00, 0x00, 0x01, 0x00, 0x00, 0x00, 0x00, 0x53, 0x04, 0x00, 0x00, 0x00, 0x00, 0xff
    , 0x01, 0x00, 0x00, 0x00, 0x00, 0xa8, 0x04, 0x00, 0x00, 0x00, 0x00, 0x00, 0x01, 0x00, 0x00, 0x00
    , 0x00, 0x37, 0x01, 0x00, 0x00, 0x00, 0x00, 0xeb, 0x02, 0x00, 0x00, 0x00, 0x00, 0xff, 0x01, 0x00
    , 0x00, 0x00, 0x00, 0xf4, 0x01, 0x00, 0x00, 0x00, 0x00, 0x17, 0x04, 0x00, 0x00, 0x00, 0x00, 0x00
    , 0x01, 0x00, 0x00, 0x00, 0x00, 0x07, 0x01, 0x00, 0x00, 0x00, 0x00, 0xd8, 0x03, 0x00, 0x00, 0x00
    , 0x00, 0xff, 0x01, 0x00, 0x00, 0x00, 0x00, 0x67, 0x02, 0x00, 0x00, 0x00, 0x00, 0x00, 0x01, 0x00
    , 0x00, 0x00, 0x00, 0xce, 0x02, 0x00, 0x00, 0x00, 0x00, 0xff, 0x01, 0x00, 0x00, 0x00, 0x00, 0xfa
    , 0x01, 0x00, 0x00, 0x00, 0x00, 0x2b, 0x05, 0x00, 0x00, 0x00, 0x00, 0x00, 0x01, 0x00, 0x00, 0x00
    , 0x00, 0x57, 0x05, 0x00, 0x00, 0x00, 0x00, 0xff, 0x01, 0x00, 0x00, 0x00, 0x00, 0xa8, 0x04, 0x00
    , 0x00, 0x00, 0x00, 0x00, 0x01, 0x00, 0x00, 0x00, 0x00, 0x52, 0x03, 0x00, 0x00, 0x00, 0x00, 0xff
    , 0x01, 0x00, 0x00, 0x00, 0x00, 0x53, 0x05, 0x00, 0x00, 0x00, 0x00, 0x00, 0x01, 0x00, 0x00, 0x00
    , 0x00, 0x36, 0x01, 0x00, 0x00, 0x00, 0x00, 0xfc, 0x02, 0x00, 0x00, 0x00, 0x00, 0xff, 0x01, 0x00
    , 0x00, 0x00, 0x00, 0xec, 0x01, 0x00, 0x00, 0x00, 0x00, 0x0a, 0x01, 0x00, 0x00, 0x00, 0x00, 0x5e
    , 0x03, 0x00, 0x00, 0x00, 0x00, 0xff, 0x01, 0x00, 0x00, 0x00, 0x00, 0x7f, 0x06, 0x00, 0x00, 0x00
    , 0x00, 0x00, 0x01, 0x00, 0x00, 0x00, 0x00, 0x8c, 0x06, 0x00, 0x00, 0x00, 0x00, 0xff, 0x01, 0x00
    , 0x00, 0x00, 0x00, 0xa8, 0x04, 0x00, 0x00, 0x00, 0x00, 0x00, 0x01, 0x00, 0x00, 0x00, 0x00, 0x72
    , 0x02, 0x00, 0x00, 0x00, 0x00, 0xff, 0x01, 0x00, 0x00, 0x00, 0x00, 0x87, 0x06, 0x00, 0x00, 0x00
    , 0x00, 0x00, 0x01, 0x00, 0x00, 0x00, 0x00, 0x88, 0x03, 0x00, 0x00, 0x00, 0x00, 0xff, 0x01, 0x00
    , 0x00, 0x00, 0x00, 0x72, 0x01, 0x00, 0x00, 0x00, 0x00, 0xdb, 0x02, 0x00, 0x00, 0x00, 0x00, 0xff
    , 0x01, 0x00, 0x00, 0x00, 0x00, 0xea, 0x01, 0x00, 0x00, 0x00, 0x00, 0x05, 0x06, 0x00, 0x00, 0x00
    , 0x00, 0x00, 0x01, 0x00, 0x00, 0x00, 0x00, 0xb8, 0x02, 0x00, 0x00, 0x00, 0x00, 0xff, 0x01, 0x00
    , 0x00, 0x00, 0x00, 0xdf, 0x01, 0x00, 0x00, 0x00, 0x00, 0xf5, 0x03, 0x00, 0x00, 0x00, 0x00, 0xff
    , 0x01, 0x00, 0x00, 0x00, 0x00, 0xa8, 0x04, 0x00, 0x00, 0x00, 0x00, 0x00, 0x01, 0x00, 0x00, 0x00
    , 0x00, 0x72, 0x01, 0x00, 0x00, 0x00, 0x00, 0xff, 0x01, 0x00, 0x00, 0x00, 0x00, 0xb4, 0x06, 0x00
    , 0x00, 0x00, 0x00, 0x00, 0x01, 0x00, 0x00, 0x00, 0x00, 0x06, 0x01, 0x00, 0x00, 0x00, 0x00, 0xea
    , 0x02, 0x00, 0x00, 0x00, 0x00, 0xff, 0x01, 0x00, 0x00, 0x00, 0x00, 0xdd, 0x01, 0x00, 0x00, 0x00
    , 0x00, 0x95, 0x03, 0x00, 0x00, 0x00, 0x00, 0xff, 0x01, 0x00, 0x00, 0x00, 0x00, 0x58, 0x06, 0x00
    , 0x00, 0x00, 0x00, 0x00, 0x01, 0x00, 0x00, 0x00, 0x00, 0x99, 0x02, 0x00, 0x00, 0x00, 0x00, 0xff
    , 0x01, 0x00, 0x00, 0x00, 0x00, 0xdb, 0x01, 0x00, 0x00, 0x00, 0x00, 0x3e, 0x01, 0x00, 0x00, 0x00
    , 0x00, 0xf5, 0x03, 0x00, 0x00, 0x00, 0x00, 0xff, 0x01, 0x00, 0x00, 0x00, 0x00, 0xa7, 0x04, 0x00
    , 0x00, 0x00, 0x00, 0x00, 0x01, 0x00, 0x00, 0x00, 0x00, 0x72, 0x01, 0x00, 0x00, 0x00, 0x00, 0xa2
    , 0x06, 0x00, 0x00, 0x00, 0x00, 0x00, 0x01, 0x00, 0x00, 0x00, 0x00, 0x4d, 0x03, 0x00, 0x00, 0x00
    , 0x00, 0xff, 0x01, 0x00, 0x00, 0x00, 0x00, 0x88, 0x01, 0x00, 0x00, 0x00, 0x00, 0x1d, 0x01, 0x00
    , 0x00, 0x00, 0x00, 0xfa, 0x02, 0x00, 0x00, 0x00, 0x00, 0xff, 0x01, 0x00, 0x00, 0x00, 0x00, 0xed
    , 0x01, 0x00, 0x00, 0x00, 0x00, 0x18, 0x05, 0x00, 0x00, 0x00, 0x00, 0x00, 0x01, 0x00, 0x00, 0x00
    , 0x00, 0x64, 0x02, 0x00, 0x00, 0x00, 0x00, 0xff, 0x01, 0x00, 0x00, 0x00, 0x00, 0xfe, 0x01, 0x00
    , 0x00, 0x00, 0x00, 0x2b, 0x01, 0x00, 0x00, 0x00, 0x00, 0x3e, 0x01, 0x00, 0x00, 0x00, 0x00, 0xf5
    , 0x03, 0x00, 0x00, 0x00, 0x00, 0xff, 0x01, 0x00, 0x00, 0x00, 0x00, 0xa7, 0x04, 0x00, 0x00, 0x00
    , 0x00, 0x00, 0x01, 0x00, 0x00, 0x00, 0x00, 0x1d, 0x05, 0x00, 0x00, 0x00, 0x00, 0x00, 0x01, 0x00
    , 0x00, 0x00, 0x00, 0x0a, 0x01, 0x00, 0x00, 0x00, 0x00, 0xe1, 0x02, 0x00, 0x00, 0x00, 0x00, 0xff
    , 0x01, 0x00, 0x00, 0x00, 0x00, 0xed, 0x01, 0x00, 0x00, 0x00, 0x00, 0x0f, 0x01, 0x00, 0x00, 0x00
    , 0x00, 0x00, 0x01, 0x00, 0x00, 0x00, 0x00, 0x93, 0x03, 0x00, 0x00, 0x00, 0x00, 0xff, 0x01, 0x00
    , 0x00, 0x00, 0x00, 0xb3, 0x05, 0x00, 0x00, 0x00, 0x00, 0x00, 0x01, 0x00, 0x00, 0x00, 0x00, 0x29
    , 0x01, 0x00, 0x00, 0x00, 0x00, 0xfe, 0x02, 0x00, 0x00, 0x00, 0x00, 0xff, 0x01, 0x00, 0x00, 0x00
    , 0x00, 0xcd, 0x01, 0x00, 0x00, 0x00, 0x00, 0x0d, 0x01, 0x00, 0x00, 0x00, 0x00, 0x3e, 0x01, 0x00
    , 0x00, 0x00, 0x00, 0xf5, 0x03, 0x00, 0x00, 0x00, 0x00, 0xff, 0x01, 0x00, 0x00, 0x00, 0x00, 0xa7
    , 0x09, 0x00, 0x00, 0x00, 0x00, 0x00, 0x01, 0x00, 0x00, 0x00, 0x00, 0x94, 0x03, 0x00, 0x00, 0x00
    , 0x00, 0xff, 0x01, 0x00, 0x00, 0x00, 0x00, 0x73, 0x02, 0x00, 0x00, 0x00, 0x00, 0x00, 0x01, 0x00
    , 0x00, 0x00, 0x00, 0x0a, 0x01, 0x00, 0x00, 0x00, 0x00, 0xdd, 0x03, 0x00, 0x00, 0x00, 0x00, 0xff
    , 0x01, 0x00, 0x00, 0x00, 0x00, 0x6b, 0x05, 0x00, 0x00, 0x00, 0x00, 0x00, 0x01, 0x00, 0x00, 0x00
    , 0x00, 0x97, 0x03, 0x00, 0x00, 0x00, 0x00, 0xff, 0x01, 0x00, 0x00, 0x00, 0x00, 0xe2, 0x01, 0x00
    , 0x00, 0x00, 0x00, 0x60, 0x01, 0x00, 0x00, 0x00, 0x00, 0x65, 0x01, 0x00, 0x00, 0x00, 0x00, 0xf9
    , 0x03, 0x00, 0x00, 0x00, 0x00, 0xff, 0x01, 0x00, 0x00, 0x00, 0x00, 0xa7, 0x07, 0x00, 0x00, 0x00
    , 0x00, 0x00, 0x01, 0x00, 0x00, 0x00, 0x00, 0x7a, 0x03, 0x00, 0x00, 0x00, 0x00, 0xff, 0x01, 0x00
    , 0x00, 0x00, 0x00, 0xe1, 0x01, 0x00, 0x00, 0x00, 0x00, 0x06, 0x03, 0x00, 0x00, 0x00, 0x00, 0x00
    , 0x01, 0x00, 0x00, 0x00, 0x00, 0x3b, 0x01, 0x00, 0x00, 0x00, 0x00, 0xfc, 0x03, 0x00, 0x00, 0x00
    , 0x00, 0xff, 0x01, 0x00, 0x00, 0x00, 0x00, 0x87, 0x04, 0x00, 0x00, 0x00, 0x00, 0x00, 0x01, 0x00
    , 0x00, 0x00, 0x00, 0x0b, 0x01, 0x00, 0x00, 0x00, 0x00, 0xde, 0x0a, 0x00, 0x00, 0x00, 0x00, 0xff
    , 0x01, 0x00, 0x00, 0x00, 0x00, 0xa7, 0x05, 0x00, 0x00, 0x00, 0x00, 0x00, 0x01, 0x00, 0x00, 0x00
    , 0x00, 0x6e, 0x03, 0x00, 0x00, 0x00, 0x00, 0xff, 0x01, 0x00, 0x00, 0x00, 0x00, 0xf3, 0x01, 0x00
    , 0x00, 0x00, 0x00, 0x33, 0x05, 0x00, 0x00, 0x00, 0x00, 0x00, 0x01, 0x00, 0x00, 0x00, 0x00, 0x51
    , 0x01, 0x00, 0x00, 0x00, 0x00, 0xf9, 0x03, 0x00, 0x00, 0x00, 0x00, 0xff, 0x01, 0x00, 0x00, 0x00
    , 0x00, 0xae, 0x01, 0x00, 0x00, 0x00, 0x00, 0x0a, 0x03, 0x00, 0x00, 0x00, 0x00, 0x00, 0x01, 0x00
    , 0x00, 0x00, 0x00, 0x25, 0x01, 0x00, 0x00, 0x00, 0x00, 0xc8, 0x0a, 0x00, 0x00, 0x00, 0x00, 0xff
    , 0x01, 0x00, 0x00, 0x00, 0x00, 0xa7, 0x04, 0x00, 0x00, 0x00, 0x00, 0x00, 0x01, 0x00, 0x00, 0x00
    , 0x00, 0x72, 0x02, 0x00, 0x00, 0x00, 0x00, 0xff, 0x01, 0x00, 0x00, 0x00, 0x00, 0xfa, 0x01, 0x00
    , 0x00, 0x00, 0x00, 0x46, 0x07, 0x00, 0x00, 0x00, 0x00, 0x00, 0x01, 0x00, 0x00, 0x00, 0x00, 0x45
    , 0x01, 0x00, 0x00, 0x00, 0x00, 0xf5, 0x03, 0x00, 0x00, 0x00, 0x00, 0xff, 0x01, 0x00, 0x00, 0x00
    , 0x00, 0xce, 0x01, 0x00, 0x00, 0x00, 0x00, 0x34, 0x04, 0x00, 0x00, 0x00, 0x00, 0x00, 0x01, 0x00
    , 0x00, 0x00, 0x00, 0x77, 0x01, 0x00, 0x00, 0x00, 0x00, 0xe6, 0x04, 0x00, 0x00, 0x00, 0x00, 0xff
    , 0x01, 0x00, 0x00, 0x00, 0x00, 0xe5, 0x01, 0x00, 0x00, 0x00, 0x00, 0xf6, 0x03, 0x00, 0x00, 0x00
    , 0x00, 0xff, 0x01, 0x00, 0x00, 0x00, 0x00, 0xa7, 0x04, 0x00, 0x00, 0x00, 0x00, 0x00, 0x01, 0x00
    , 0x00, 0x00, 0x00, 0x72, 0x01, 0x00, 0x00, 0x00, 0x00, 0xfe, 0x01, 0x00, 0x00, 0x00, 0x00, 0x5c
    , 0x09, 0x00, 0x00, 0x00, 0x00, 0x00, 0x01, 0x00, 0x00, 0x00, 0x00, 0x39, 0x01, 0x00, 0x00, 0x00
    , 0x00, 0xf0, 0x04, 0x00, 0x00, 0x00, 0x00, 0xff, 0x01, 0x00, 0x00, 0x00, 0x00, 0xc4, 0x01, 0x00
    , 0x00, 0x00, 0x00, 0x51, 0x04, 0x00, 0x00, 0x00, 0x00, 0x00, 0x01, 0x00, 0x00, 0x00, 0x00, 0x19
    , 0x01, 0x00, 0x00, 0x00, 0x00, 0x4d, 0x01, 0x00, 0x00, 0x00, 0x00, 0x4c, 0x01, 0x00, 0x00, 0x00
    , 0x00, 0x18, 0x01, 0x00, 0x00, 0x00, 0x00, 0x00, 0x01, 0x00, 0x00, 0x00, 0x00, 0x42, 0x01, 0x00
    , 0x00, 0x00, 0x00, 0xf6, 0x03, 0x00, 0x00, 0x00, 0x00, 0xff, 0x01, 0x00, 0x00, 0x00, 0x00, 0xa6
    , 0x04, 0x00, 0x00, 0x00, 0x00, 0x00, 0x01, 0x00, 0x00, 0x00, 0x00, 0x31, 0x0b, 0x00, 0x00, 0x00
    , 0x00, 0x00, 0x01, 0x00, 0x00, 0x00, 0x00, 0x2f, 0x01, 0x00, 0x00, 0x00, 0x00, 0xe9, 0x05, 0x00
    , 0x00, 0x00, 0x00, 0xff, 0x01, 0x00, 0x00, 0x00, 0x00, 0xdc, 0x01, 0x00, 0x00, 0x00, 0x00, 0x83
    , 0x01, 0x00, 0x00, 0x00, 0x00, 0x5c, 0x01, 0x00, 0x00, 0x00, 0x00, 0x38, 0x01, 0x00, 0x00, 0x00
    , 0x00, 0x13, 0x02, 0x00, 0x00, 0x00, 0x00, 0x00, 0x01, 0x00, 0x00, 0x00, 0x00, 0x12, 0x01, 0x00
    , 0x00, 0x00, 0x00, 0x36, 0x01, 0x00, 0x00, 0x00, 0x00, 0x59, 0x01, 0x00, 0x00, 0x00, 0x00, 0xb7
    , 0x04, 0x00, 0x00, 0x00, 0x00, 0xff, 0x01, 0x00, 0x00, 0x00, 0x00, 0xa6, 0x10, 0x00, 0x00, 0x00
    , 0x00, 0x00, 0x01, 0x00, 0x00, 0x00, 0x00, 0x14, 0x01, 0x00, 0x00, 0x00, 0x00, 0x9c, 0x01, 0x00
    , 0x00, 0x00, 0x00, 0xfe, 0x08, 0x00, 0x00, 0x00, 0x00, 0xff, 0x02, 0x00, 0x00, 0x00, 0x00, 0xef
    , 0x09, 0x00, 0x00, 0x00, 0x00, 0xff, 0x01, 0x00, 0x00, 0x00, 0x00, 0xa6, 0x11, 0x00, 0x00, 0x00
    , 0x00, 0x00, 0x01, 0x00, 0x00, 0x00, 0x00, 0x35, 0x01, 0x00, 0x00, 0x00, 0x00, 0xb2, 0x01, 0x00
    , 0x00, 0x00, 0x00, 0xfc, 0x12, 0x00, 0x00, 0x00, 0x00, 0xff, 0x01, 0x00, 0x00, 0x00, 0x00, 0xa6
    , 0x12, 0x00, 0x00, 0x00, 0x00, 0x00, 0x01, 0x00, 0x00, 0x00, 0x00, 0x1c, 0x01, 0x00, 0x00, 0x00
    , 0x00, 0x7f, 0x01, 0x00, 0x00, 0x00, 0x00, 0xca, 0x01, 0x00, 0x00, 0x00, 0x00, 0xfb, 0x08, 0x00
    , 0x00, 0x00, 0x00, 0xff, 0x01, 0x00, 0x00, 0x00, 0x00, 0xfa, 0x01, 0x00, 0x00, 0x00, 0x00, 0xbd
    , 0x01, 0x00, 0x00, 0x00, 0x00, 0x72, 0x01, 0x00, 0x00, 0x00, 0x00, 0x58, 0x01, 0x00, 0x00, 0x00
    , 0x00, 0xf5, 0x03, 0x00, 0x00, 0x00, 0x00, 0xff, 0x01, 0x00, 0x00, 0x00, 0x00, 0xa6, 0x14, 0x00
    , 0x00, 0x00, 0x00, 0x00, 0x01, 0x00, 0x00, 0x00, 0x00, 0x0a, 0x01, 0x00, 0x00, 0x00, 0x00, 0x41
    , 0x01, 0x00, 0x00, 0x00, 0x00, 0x63, 0x01, 0x00, 0x00, 0x00, 0x00, 0x77, 0x01, 0x00, 0x00, 0x00
    , 0x00, 0x8c, 0x01, 0x00, 0x00, 0x00, 0x00, 0x89, 0x01, 0x00, 0x00, 0x00, 0x00, 0x70, 0x01, 0x00
    , 0x00, 0x00, 0x00, 0x58, 0x01, 0x00, 0x00, 0x00, 0x00, 0x3f, 0x01, 0x00, 0x00, 0x00, 0x00, 0x0c
    , 0x03, 0x00, 0x00, 0x00, 0x00, 0x00, 0x01, 0x00, 0x00, 0x00, 0x00, 0x3f, 0x01, 0x00, 0x00, 0x00
    , 0x00, 0xf5, 0x03, 0x00, 0x00, 0x00, 0x00, 0xff, 0x01, 0x00, 0x00, 0x00, 0x00, 0xa6, 0x21, 0x00
    , 0x00, 0x00, 0x00, 0x00, 0x01, 0x00, 0x00, 0x00, 0x00, 0x3f, 0x01, 0x00, 0x00, 0x00, 0x00, 0xf5
    , 0x03, 0x00, 0x00, 0x00, 0x00, 0xff, 0x01, 0x00, 0x00, 0x00, 0x00, 0xa6, 0x21, 0x00, 0x00, 0x00
    , 0x00, 0x00, 0x01, 0x00, 0x00, 0x00, 0x00, 0x3f, 0x01, 0x00, 0x00, 0x00, 0x00, 0xf5, 0x03, 0x00
    , 0x00, 0x00, 0x00, 0xff, 0x01, 0x00, 0x00, 0x00, 0x00, 0x88, 0x21, 0x00, 0x00, 0x00, 0x00, 0x00
    , 0x01, 0x00, 0x00, 0x00, 0x00, 0x3f, 0x01, 0x00, 0x00, 0x00, 0x00, 0xf5, 0x01, 0x00, 0x00, 0x00
    , 0x00, 0xff, 0x01, 0x00, 0x00, 0x00, 0x00, 0xd8, 0x01, 0x00, 0x00, 0x00, 0x00, 0x18, 0x22, 0x00
    , 0x00, 0x00, 0x00, 0x00, 0x01, 0x00, 0x00, 0x00, 0x00, 0x3f, 0x01, 0x00, 0x00, 0x00, 0x00, 0xcd
    , 0x01, 0x00, 0x00, 0x00, 0x00, 0x18, 0x2a, 0x00, 0x00, 0x00, 0x00, 0x00
};

inline Upp::Image ICON_ACTION_OUTLINED_VISIBILITY_OFF_48()
{
    return Upp::UiMakeIcon(DATA_ACTION_OUTLINED_VISIBILITY_OFF_48);
}

// Category: navigation | Type: Outlined | Icon: drag_indicator | Size: 24x24 | Format: UiMakeIcon RLE
static const unsigned char DATA_NAVIGATION_OUTLINED_DRAG_INDICATOR_48[] = {
    0x18, 0x80, 0x18, 0x00, 0x05, 0x00, 0x00, 0x00, 0x00, 0x00, 0x01, 0x00
    , 0x2f, 0x2f, 0x2f, 0x35, 0x01, 0x00, 0xb1, 0xb1, 0xb1, 0xc7, 0x01, 0x00
    , 0xd8, 0xd8, 0xd8, 0xf3, 0x01, 0x00, 0xb1, 0xb1, 0xb1, 0xc7, 0x01, 0x00
    , 0x2f, 0x2f, 0x2f, 0x35, 0x04, 0x00, 0x00, 0x00, 0x00, 0x00, 0x01, 0x00
    , 0x2f, 0x2f, 0x2f, 0x35, 0x01, 0x00, 0xb1, 0xb1, 0xb1, 0xc7, 0x01, 0x00
    , 0xd8, 0xd8, 0xd8, 0xf3, 0x01, 0x00, 0xb1, 0xb1, 0xb1, 0xc7, 0x01, 0x00
    , 0x2f, 0x2f, 0x2f, 0x35, 0x09, 0x00, 0x00, 0x00, 0x00, 0x00, 0x01, 0x00
    , 0x17, 0x17, 0x17, 0x1a, 0x01, 0x00, 0xd4, 0xd4, 0xd4, 0xef, 0x03, 0x00
    , 0xe3, 0xe3, 0xe3, 0xff, 0x01, 0x00, 0xd3, 0xd3, 0xd3, 0xee, 0x01, 0x00
    , 0x17, 0x17, 0x17, 0x19, 0x02, 0x00, 0x00, 0x00, 0x00, 0x00, 0x01, 0x00
    , 0x17, 0x17, 0x17, 0x1a, 0x01, 0x00, 0xd4, 0xd4, 0xd4, 0xef, 0x03, 0x00
    , 0xe3, 0xe3, 0xe3, 0xff, 0x01, 0x00, 0xd3, 0xd3, 0xd3, 0xee, 0x01, 0x00
    , 0x17, 0x17, 0x17, 0x19, 0x08, 0x00, 0x00, 0x00, 0x00, 0x00, 0x01, 0x00
    , 0x5c, 0x5c, 0x5c, 0x67, 0x05, 0x00, 0xe3, 0xe3, 0xe3, 0xff, 0x01, 0x00
    , 0x5c, 0x5c, 0x5c, 0x67, 0x02, 0x00, 0x00, 0x00, 0x00, 0x00, 0x01, 0x00
    , 0x5c, 0x5c, 0x5c, 0x67, 0x05, 0x00, 0xe3, 0xe3, 0xe3, 0xff, 0x01, 0x00
    , 0x5c, 0x5c, 0x5c, 0x67, 0x08, 0x00, 0x00, 0x00, 0x00, 0x00, 0x01, 0x00
    , 0x5c, 0x5c, 0x5c, 0x67, 0x05, 0x00, 0xe3, 0xe3, 0xe3, 0xff, 0x01, 0x00
    , 0x5c, 0x5c, 0x5c, 0x67, 0x02, 0x00, 0x00, 0x00, 0x00, 0x00, 0x01, 0x00
    , 0x5c, 0x5c, 0x5c, 0x67, 0x05, 0x00, 0xe3, 0xe3, 0xe3, 0xff, 0x01, 0x00
    , 0x5c, 0x5c, 0x5c, 0x67, 0x08, 0x00, 0x00, 0x00, 0x00, 0x00, 0x01, 0x00
    , 0x17, 0x17, 0x17, 0x1a, 0x01, 0x00, 0xd4, 0xd4, 0xd4, 0xef, 0x03, 0x00
    , 0xe3, 0xe3, 0xe3, 0xff, 0x01, 0x00, 0xd3, 0xd3, 0xd3, 0xee, 0x01, 0x00
    , 0x17, 0x17, 0x17, 0x19, 0x02, 0x00, 0x00, 0x00, 0x00, 0x00, 0x01, 0x00
    , 0x17, 0x17, 0x17, 0x1a, 0x01, 0x00, 0xd4, 0xd4, 0xd4, 0xef, 0x03, 0x00
    , 0xe3, 0xe3, 0xe3, 0xff, 0x01, 0x00, 0xd3, 0xd3, 0xd3, 0xee, 0x01, 0x00
    , 0x17, 0x17, 0x17, 0x19, 0x09, 0x00, 0x00, 0x00, 0x00, 0x00, 0x01, 0x00
    , 0x2f, 0x2f, 0x2f, 0x35, 0x01, 0x00, 0xb1, 0xb1, 0xb1, 0xc7, 0x01, 0x00
    , 0xd8, 0xd8, 0xd8, 0xf3, 0x01, 0x00, 0xb1, 0xb1, 0xb1, 0xc7, 0x01, 0x00
    , 0x2f, 0x2f, 0x2f, 0x35, 0x04, 0x00, 0x00, 0x00, 0x00, 0x00, 0x01, 0x00
    , 0x2f, 0x2f, 0x2f, 0x35, 0x01, 0x00, 0xb1, 0xb1, 0xb1, 0xc7, 0x01, 0x00
    , 0xd8, 0xd8, 0xd8, 0xf3, 0x01, 0x00, 0xb1, 0xb1, 0xb1, 0xc7, 0x01, 0x00
    , 0x2f, 0x2f, 0x2f, 0x35, 0x52, 0x00, 0x00, 0x00, 0x00, 0x00, 0x01, 0x00
    , 0x2f, 0x2f, 0x2f, 0x35, 0x01, 0x00, 0xb1, 0xb1, 0xb1, 0xc7, 0x01, 0x00
    , 0xd8, 0xd8, 0xd8, 0xf3, 0x01, 0x00, 0xb1, 0xb1, 0xb1, 0xc7, 0x01, 0x00
    , 0x2f, 0x2f, 0x2f, 0x35, 0x04, 0x00, 0x00, 0x00, 0x00, 0x00, 0x01, 0x00
    , 0x2f, 0x2f, 0x2f, 0x35, 0x01, 0x00, 0xb1, 0xb1, 0xb1, 0xc7, 0x01, 0x00
    , 0xd8, 0xd8, 0xd8, 0xf3, 0x01, 0x00, 0xb1, 0xb1, 0xb1, 0xc7, 0x01, 0x00
    , 0x2f, 0x2f, 0x2f, 0x35, 0x09, 0x00, 0x00, 0x00, 0x00, 0x00, 0x01, 0x00
    , 0x17, 0x17, 0x17, 0x1a, 0x01, 0x00, 0xd4, 0xd4, 0xd4, 0xef, 0x03, 0x00
    , 0xe3, 0xe3, 0xe3, 0xff, 0x01, 0x00, 0xd3, 0xd3, 0xd3, 0xee, 0x01, 0x00
    , 0x17, 0x17, 0x17, 0x19, 0x02, 0x00, 0x00, 0x00, 0x00, 0x00, 0x01, 0x00
    , 0x17, 0x17, 0x17, 0x1a, 0x01, 0x00, 0xd4, 0xd4, 0xd4, 0xef, 0x03, 0x00
    , 0xe3, 0xe3, 0xe3, 0xff, 0x01, 0x00, 0xd3, 0xd3, 0xd3, 0xee, 0x01, 0x00
    , 0x17, 0x17, 0x17, 0x19, 0x08, 0x00, 0x00, 0x00, 0x00, 0x00, 0x01, 0x00
    , 0x5c, 0x5c, 0x5c, 0x67, 0x05, 0x00, 0xe3, 0xe3, 0xe3, 0xff, 0x01, 0x00
    , 0x5c, 0x5c, 0x5c, 0x67, 0x02, 0x00, 0x00, 0x00, 0x00, 0x00, 0x01, 0x00
    , 0x5c, 0x5c, 0x5c, 0x67, 0x05, 0x00, 0xe3, 0xe3, 0xe3, 0xff, 0x01, 0x00
    , 0x5c, 0x5c, 0x5c, 0x67, 0x08, 0x00, 0x00, 0x00, 0x00, 0x00, 0x01, 0x00
    , 0x5c, 0x5c, 0x5c, 0x67, 0x05, 0x00, 0xe3, 0xe3, 0xe3, 0xff, 0x01, 0x00
    , 0x5c, 0x5c, 0x5c, 0x67, 0x02, 0x00, 0x00, 0x00, 0x00, 0x00, 0x01, 0x00
    , 0x5c, 0x5c, 0x5c, 0x67, 0x05, 0x00, 0xe3, 0xe3, 0xe3, 0xff, 0x01, 0x00
    , 0x5c, 0x5c, 0x5c, 0x67, 0x08, 0x00, 0x00, 0x00, 0x00, 0x00, 0x01, 0x00
    , 0x17, 0x17, 0x17, 0x1a, 0x01, 0x00, 0xd4, 0xd4, 0xd4, 0xef, 0x03, 0x00
    , 0xe3, 0xe3, 0xe3, 0xff, 0x01, 0x00, 0xd3, 0xd3, 0xd3, 0xee, 0x01, 0x00
    , 0x17, 0x17, 0x17, 0x19, 0x02, 0x00, 0x00, 0x00, 0x00, 0x00, 0x01, 0x00
    , 0x17, 0x17, 0x17, 0x1a, 0x01, 0x00, 0xd4, 0xd4, 0xd4, 0xef, 0x03, 0x00
    , 0xe3, 0xe3, 0xe3, 0xff, 0x01, 0x00, 0xd3, 0xd3, 0xd3, 0xee, 0x01, 0x00
    , 0x17, 0x17, 0x17, 0x19, 0x09, 0x00, 0x00, 0x00, 0x00, 0x00, 0x01, 0x00
    , 0x2f, 0x2f, 0x2f, 0x35, 0x01, 0x00, 0xb1, 0xb1, 0xb1, 0xc7, 0x01, 0x00
    , 0xd8, 0xd8, 0xd8, 0xf3, 0x01, 0x00, 0xb1, 0xb1, 0xb1, 0xc7, 0x01, 0x00
    , 0x2f, 0x2f, 0x2f, 0x35, 0x04, 0x00, 0x00, 0x00, 0x00, 0x00, 0x01, 0x00
    , 0x2f, 0x2f, 0x2f, 0x35, 0x01, 0x00, 0xb1, 0xb1, 0xb1, 0xc7, 0x01, 0x00
    , 0xd8, 0xd8, 0xd8, 0xf3, 0x01, 0x00, 0xb1, 0xb1, 0xb1, 0xc7, 0x01, 0x00
    , 0x2f, 0x2f, 0x2f, 0x35, 0x52, 0x00, 0x00, 0x00, 0x00, 0x00, 0x01, 0x00
    , 0x2f, 0x2f, 0x2f, 0x35, 0x01, 0x00, 0xb1, 0xb1, 0xb1, 0xc7, 0x01, 0x00
    , 0xd8, 0xd8, 0xd8, 0xf3, 0x01, 0x00, 0xb1, 0xb1, 0xb1, 0xc7, 0x01, 0x00
    , 0x2f, 0x2f, 0x2f, 0x35, 0x04, 0x00, 0x00, 0x00, 0x00, 0x00, 0x01, 0x00
    , 0x2f, 0x2f, 0x2f, 0x35, 0x01, 0x00, 0xb1, 0xb1, 0xb1, 0xc7, 0x01, 0x00
    , 0xd8, 0xd8, 0xd8, 0xf3, 0x01, 0x00, 0xb1, 0xb1, 0xb1, 0xc7, 0x01, 0x00
    , 0x2f, 0x2f, 0x2f, 0x35, 0x09, 0x00, 0x00, 0x00, 0x00, 0x00, 0x01, 0x00
    , 0x17, 0x17, 0x17, 0x1a, 0x01, 0x00, 0xd4, 0xd4, 0xd4, 0xef, 0x03, 0x00
    , 0xe3, 0xe3, 0xe3, 0xff, 0x01, 0x00, 0xd3, 0xd3, 0xd3, 0xee, 0x01, 0x00
    , 0x17, 0x17, 0x17, 0x19, 0x02, 0x00, 0x00, 0x00, 0x00, 0x00, 0x01, 0x00
    , 0x17, 0x17, 0x17, 0x1a, 0x01, 0x00, 0xd4, 0xd4, 0xd4, 0xef, 0x03, 0x00
    , 0xe3, 0xe3, 0xe3, 0xff, 0x01, 0x00, 0xd3, 0xd3, 0xd3, 0xee, 0x01, 0x00
    , 0x17, 0x17, 0x17, 0x19, 0x08, 0x00, 0x00, 0x00, 0x00, 0x00, 0x01, 0x00
    , 0x5c, 0x5c, 0x5c, 0x67, 0x05, 0x00, 0xe3, 0xe3, 0xe3, 0xff, 0x01, 0x00
    , 0x5c, 0x5c, 0x5c, 0x67, 0x02, 0x00, 0x00, 0x00, 0x00, 0x00, 0x01, 0x00
    , 0x5c, 0x5c, 0x5c, 0x67, 0x05, 0x00, 0xe3, 0xe3, 0xe3, 0xff, 0x01, 0x00
    , 0x5c, 0x5c, 0x5c, 0x67, 0x08, 0x00, 0x00, 0x00, 0x00, 0x00, 0x01, 0x00
    , 0x5c, 0x5c, 0x5c, 0x67, 0x05, 0x00, 0xe3, 0xe3, 0xe3, 0xff, 0x01, 0x00
    , 0x5c, 0x5c, 0x5c, 0x67, 0x02, 0x00, 0x00, 0x00, 0x00, 0x00, 0x01, 0x00
    , 0x5c, 0x5c, 0x5c, 0x67, 0x05, 0x00, 0xe3, 0xe3, 0xe3, 0xff, 0x01, 0x00
    , 0x5c, 0x5c, 0x5c, 0x67, 0x08, 0x00, 0x00, 0x00, 0x00, 0x00, 0x01, 0x00
    , 0x17, 0x17, 0x17, 0x1a, 0x01, 0x00, 0xd4, 0xd4, 0xd4, 0xef, 0x03, 0x00
    , 0xe3, 0xe3, 0xe3, 0xff, 0x01, 0x00, 0xd3, 0xd3, 0xd3, 0xee, 0x01, 0x00
    , 0x17, 0x17, 0x17, 0x19, 0x02, 0x00, 0x00, 0x00, 0x00, 0x00, 0x01, 0x00
    , 0x17, 0x17, 0x17, 0x1a, 0x01, 0x00, 0xd4, 0xd4, 0xd4, 0xef, 0x03, 0x00
    , 0xe3, 0xe3, 0xe3, 0xff, 0x01, 0x00, 0xd3, 0xd3, 0xd3, 0xee, 0x01, 0x00
    , 0x17, 0x17, 0x17, 0x19, 0x09, 0x00, 0x00, 0x00, 0x00, 0x00, 0x01, 0x00
    , 0x2f, 0x2f, 0x2f, 0x35, 0x01, 0x00, 0xb1, 0xb1, 0xb1, 0xc7, 0x01, 0x00
    , 0xd8, 0xd8, 0xd8, 0xf3, 0x01, 0x00, 0xb1, 0xb1, 0xb1, 0xc7, 0x01, 0x00
    , 0x2f, 0x2f, 0x2f, 0x35, 0x04, 0x00, 0x00, 0x00, 0x00, 0x00, 0x01, 0x00
    , 0x2f, 0x2f, 0x2f, 0x35, 0x01, 0x00, 0xb1, 0xb1, 0xb1, 0xc7, 0x01, 0x00
    , 0xd8, 0xd8, 0xd8, 0xf3, 0x01, 0x00, 0xb1, 0xb1, 0xb1, 0xc7, 0x01, 0x00
    , 0x2f, 0x2f, 0x2f, 0x35, 0x05, 0x00, 0x00, 0x00, 0x00, 0x00
};

inline Upp::Image ICON_NAVIGATION_OUTLINED_DRAG_INDICATOR_48()
{
    return Upp::UiMakeIcon(DATA_NAVIGATION_OUTLINED_DRAG_INDICATOR_48);
}

static const unsigned char DATA_DESIGN_CHECK_SMALL_48[] = {
    0x30, 0x80, 0x30, 0x00, 0x19, 0x01, 0x00, 0x00, 0x00, 0x00, 0x01, 0x00
    , 0x00, 0x00, 0x00, 0x14, 0x01, 0x00, 0x00, 0x00, 0x00, 0x8a, 0x01, 0x00
    , 0x00, 0x00, 0x00, 0x05, 0x2c, 0x00, 0x00, 0x00, 0x00, 0x00, 0x01, 0x00
    , 0x00, 0x00, 0x00, 0x14, 0x01, 0x00, 0x00, 0x00, 0x00, 0xd2, 0x01, 0x00
    , 0x00, 0x00, 0x00, 0xff, 0x01, 0x00, 0x00, 0x00, 0x00, 0xad, 0x01, 0x00
    , 0x00, 0x00, 0x00, 0x05, 0x2a, 0x00, 0x00, 0x00, 0x00, 0x00, 0x01, 0x00
    , 0x00, 0x00, 0x00, 0x14, 0x01, 0x00, 0x00, 0x00, 0x00, 0xd2, 0x03, 0x00
    , 0x00, 0x00, 0x00, 0xff, 0x01, 0x00, 0x00, 0x00, 0x00, 0xad, 0x01, 0x00
    , 0x00, 0x00, 0x00, 0x05, 0x28, 0x00, 0x00, 0x00, 0x00, 0x00, 0x01, 0x00
    , 0x00, 0x00, 0x00, 0x14, 0x01, 0x00, 0x00, 0x00, 0x00, 0xd2, 0x05, 0x00
    , 0x00, 0x00, 0x00, 0xff, 0x01, 0x00, 0x00, 0x00, 0x00, 0xad, 0x01, 0x00
    , 0x00, 0x00, 0x00, 0x05, 0x26, 0x00, 0x00, 0x00, 0x00, 0x00, 0x01, 0x00
    , 0x00, 0x00, 0x00, 0x14, 0x01, 0x00, 0x00, 0x00, 0x00, 0xd2, 0x07, 0x00
    , 0x00, 0x00, 0x00, 0xff, 0x01, 0x00, 0x00, 0x00, 0x00, 0xad, 0x01, 0x00
    , 0x00, 0x00, 0x00, 0x05, 0x24, 0x00, 0x00, 0x00, 0x00, 0x00, 0x01, 0x00
    , 0x00, 0x00, 0x00, 0x14, 0x01, 0x00, 0x00, 0x00, 0x00, 0xd2, 0x09, 0x00
    , 0x00, 0x00, 0x00, 0xff, 0x01, 0x00, 0x00, 0x00, 0x00, 0xa8, 0x23, 0x00
    , 0x00, 0x00, 0x00, 0x00, 0x01, 0x00, 0x00, 0x00, 0x00, 0x14, 0x01, 0x00
    , 0x00, 0x00, 0x00, 0xd2, 0x09, 0x00, 0x00, 0x00, 0x00, 0xff, 0x01, 0x00
    , 0x00, 0x00, 0x00, 0xfa, 0x01, 0x00, 0x00, 0x00, 0x00, 0x52, 0x22, 0x00
    , 0x00, 0x00, 0x00, 0x00, 0x01, 0x00, 0x00, 0x00, 0x00, 0x14, 0x01, 0x00
    , 0x00, 0x00, 0x00, 0xd2, 0x09, 0x00, 0x00, 0x00, 0x00, 0xff, 0x01, 0x00
    , 0x00, 0x00, 0x00, 0xfa, 0x01, 0x00, 0x00, 0x00, 0x00, 0x52, 0x22, 0x00
    , 0x00, 0x00, 0x00, 0x00, 0x01, 0x00, 0x00, 0x00, 0x00, 0x14, 0x01, 0x00
    , 0x00, 0x00, 0x00, 0xd2, 0x09, 0x00, 0x00, 0x00, 0x00, 0xff, 0x01, 0x00
    , 0x00, 0x00, 0x00, 0xfa, 0x01, 0x00, 0x00, 0x00, 0x00, 0x52, 0x22, 0x00
    , 0x00, 0x00, 0x00, 0x00, 0x01, 0x00, 0x00, 0x00, 0x00, 0x14, 0x01, 0x00
    , 0x00, 0x00, 0x00, 0xd2, 0x09, 0x00, 0x00, 0x00, 0x00, 0xff, 0x01, 0x00
    , 0x00, 0x00, 0x00, 0xfa, 0x01, 0x00, 0x00, 0x00, 0x00, 0x52, 0x22, 0x00
    , 0x00, 0x00, 0x00, 0x00, 0x01, 0x00, 0x00, 0x00, 0x00, 0x14, 0x01, 0x00
    , 0x00, 0x00, 0x00, 0xd2, 0x09, 0x00, 0x00, 0x00, 0x00, 0xff, 0x01, 0x00
    , 0x00, 0x00, 0x00, 0xfa, 0x01, 0x00, 0x00, 0x00, 0x00, 0x52, 0x22, 0x00
    , 0x00, 0x00, 0x00, 0x00, 0x01, 0x00, 0x00, 0x00, 0x00, 0x14, 0x01, 0x00
    , 0x00, 0x00, 0x00, 0xd2, 0x09, 0x00, 0x00, 0x00, 0x00, 0xff, 0x01, 0x00
    , 0x00, 0x00, 0x00, 0xfa, 0x01, 0x00, 0x00, 0x00, 0x00, 0x52, 0x22, 0x00
    , 0x00, 0x00, 0x00, 0x00, 0x01, 0x00, 0x00, 0x00, 0x00, 0x14, 0x01, 0x00
    , 0x00, 0x00, 0x00, 0xd2, 0x09, 0x00, 0x00, 0x00, 0x00, 0xff, 0x01, 0x00
    , 0x00, 0x00, 0x00, 0xfa, 0x01, 0x00, 0x00, 0x00, 0x00, 0x52, 0x22, 0x00
    , 0x00, 0x00, 0x00, 0x00, 0x01, 0x00, 0x00, 0x00, 0x00, 0x14, 0x01, 0x00
    , 0x00, 0x00, 0x00, 0xd2, 0x09, 0x00, 0x00, 0x00, 0x00, 0xff, 0x01, 0x00
    , 0x00, 0x00, 0x00, 0xfa, 0x01, 0x00, 0x00, 0x00, 0x00, 0x52, 0x22, 0x00
    , 0x00, 0x00, 0x00, 0x00, 0x01, 0x00, 0x00, 0x00, 0x00, 0x14, 0x01, 0x00
    , 0x00, 0x00, 0x00, 0xd2, 0x09, 0x00, 0x00, 0x00, 0x00, 0xff, 0x01, 0x00
    , 0x00, 0x00, 0x00, 0xfa, 0x01, 0x00, 0x00, 0x00, 0x00, 0x52, 0x22, 0x00
    , 0x00, 0x00, 0x00, 0x00, 0x01, 0x00, 0x00, 0x00, 0x00, 0x14, 0x01, 0x00
    , 0x00, 0x00, 0x00, 0xd2, 0x09, 0x00, 0x00, 0x00, 0x00, 0xff, 0x01, 0x00
    , 0x00, 0x00, 0x00, 0xfa, 0x01, 0x00, 0x00, 0x00, 0x00, 0x52, 0x0d, 0x00
    , 0x00, 0x00, 0x00, 0x00, 0x01, 0x00, 0x00, 0x00, 0x00, 0x05, 0x01, 0x00
    , 0x00, 0x00, 0x00, 0x8a, 0x01, 0x00, 0x00, 0x00, 0x00, 0x14, 0x12, 0x00
    , 0x00, 0x00, 0x00, 0x00, 0x01, 0x00, 0x00, 0x00, 0x00, 0x14, 0x01, 0x00
    , 0x00, 0x00, 0x00, 0xd2, 0x09, 0x00, 0x00, 0x00, 0x00, 0xff, 0x01, 0x00
    , 0x00, 0x00, 0x00, 0xfa, 0x01, 0x00, 0x00, 0x00, 0x00, 0x52, 0x0d, 0x00
    , 0x00, 0x00, 0x00, 0x00, 0x01, 0x00, 0x00, 0x00, 0x00, 0x05, 0x01, 0x00
    , 0x00, 0x00, 0x00, 0xad, 0x01, 0x00, 0x00, 0x00, 0x00, 0xff, 0x01, 0x00
    , 0x00, 0x00, 0x00, 0xd1, 0x01, 0x00, 0x00, 0x00, 0x00, 0x14, 0x10, 0x00
    , 0x00, 0x00, 0x00, 0x00, 0x01, 0x00, 0x00, 0x00, 0x00, 0x14, 0x01, 0x00
    , 0x00, 0x00, 0x00, 0xd2, 0x09, 0x00, 0x00, 0x00, 0x00, 0xff, 0x01, 0x00
    , 0x00, 0x00, 0x00, 0xfa, 0x01, 0x00, 0x00, 0x00, 0x00, 0x52, 0x0d, 0x00
    , 0x00, 0x00, 0x00, 0x00, 0x01, 0x00, 0x00, 0x00, 0x00, 0x05, 0x01, 0x00
    , 0x00, 0x00, 0x00, 0xad, 0x03, 0x00, 0x00, 0x00, 0x00, 0xff, 0x01, 0x00
    , 0x00, 0x00, 0x00, 0xd1, 0x01, 0x00, 0x00, 0x00, 0x00, 0x14, 0x0e, 0x00
    , 0x00, 0x00, 0x00, 0x00, 0x01, 0x00, 0x00, 0x00, 0x00, 0x14, 0x01, 0x00
    , 0x00, 0x00, 0x00, 0xd2, 0x09, 0x00, 0x00, 0x00, 0x00, 0xff, 0x01, 0x00
    , 0x00, 0x00, 0x00, 0xfa, 0x01, 0x00, 0x00, 0x00, 0x00, 0x52, 0x0d, 0x00
    , 0x00, 0x00, 0x00, 0x00, 0x01, 0x00, 0x00, 0x00, 0x00, 0x05, 0x01, 0x00
    , 0x00, 0x00, 0x00, 0xad, 0x05, 0x00, 0x00, 0x00, 0x00, 0xff, 0x01, 0x00
    , 0x00, 0x00, 0x00, 0xd1, 0x01, 0x00, 0x00, 0x00, 0x00, 0x14, 0x0c, 0x00
    , 0x00, 0x00, 0x00, 0x00, 0x01, 0x00, 0x00, 0x00, 0x00, 0x14, 0x01, 0x00
    , 0x00, 0x00, 0x00, 0xd2, 0x09, 0x00, 0x00, 0x00, 0x00, 0xff, 0x01, 0x00
    , 0x00, 0x00, 0x00, 0xfa, 0x01, 0x00, 0x00, 0x00, 0x00, 0x52, 0x0d, 0x00
    , 0x00, 0x00, 0x00, 0x00, 0x01, 0x00, 0x00, 0x00, 0x00, 0x05, 0x01, 0x00
    , 0x00, 0x00, 0x00, 0xad, 0x07, 0x00, 0x00, 0x00, 0x00, 0xff, 0x01, 0x00
    , 0x00, 0x00, 0x00, 0xd1, 0x01, 0x00, 0x00, 0x00, 0x00, 0x14, 0x0a, 0x00
    , 0x00, 0x00, 0x00, 0x00, 0x01, 0x00, 0x00, 0x00, 0x00, 0x14, 0x01, 0x00
    , 0x00, 0x00, 0x00, 0xd2, 0x09, 0x00, 0x00, 0x00, 0x00, 0xff, 0x01, 0x00
    , 0x00, 0x00, 0x00, 0xfa, 0x01, 0x00, 0x00, 0x00, 0x00, 0x52, 0x0e, 0x00
    , 0x00, 0x00, 0x00, 0x00, 0x01, 0x00, 0x00, 0x00, 0x00, 0xa8, 0x09, 0x00
    , 0x00, 0x00, 0x00, 0xff, 0x01, 0x00, 0x00, 0x00, 0x00, 0xd1, 0x01, 0x00
    , 0x00, 0x00, 0x00, 0x14, 0x08, 0x00, 0x00, 0x00, 0x00, 0x00, 0x01, 0x00
    , 0x00, 0x00, 0x00, 0x14, 0x01, 0x00, 0x00, 0x00, 0x00, 0xd2, 0x09, 0x00
    , 0x00, 0x00, 0x00, 0xff, 0x01, 0x00, 0x00, 0x00, 0x00, 0xfa, 0x01, 0x00
    , 0x00, 0x00, 0x00, 0x52, 0x0f, 0x00, 0x00, 0x00, 0x00, 0x00, 0x01, 0x00
    , 0x00, 0x00, 0x00, 0x52, 0x01, 0x00, 0x00, 0x00, 0x00, 0xfa, 0x09, 0x00
    , 0x00, 0x00, 0x00, 0xff, 0x01, 0x00, 0x00, 0x00, 0x00, 0xd1, 0x01, 0x00
    , 0x00, 0x00, 0x00, 0x14, 0x06, 0x00, 0x00, 0x00, 0x00, 0x00, 0x01, 0x00
    , 0x00, 0x00, 0x00, 0x14, 0x01, 0x00, 0x00, 0x00, 0x00, 0xd2, 0x09, 0x00
    , 0x00, 0x00, 0x00, 0xff, 0x01, 0x00, 0x00, 0x00, 0x00, 0xfa, 0x01, 0x00
    , 0x00, 0x00, 0x00, 0x52, 0x11, 0x00, 0x00, 0x00, 0x00, 0x00, 0x01, 0x00
    , 0x00, 0x00, 0x00, 0x52, 0x01, 0x00, 0x00, 0x00, 0x00, 0xfa, 0x09, 0x00
    , 0x00, 0x00, 0x00, 0xff, 0x01, 0x00, 0x00, 0x00, 0x00, 0xd1, 0x01, 0x00
    , 0x00, 0x00, 0x00, 0x14, 0x04, 0x00, 0x00, 0x00, 0x00, 0x00, 0x01, 0x00
    , 0x00, 0x00, 0x00, 0x14, 0x01, 0x00, 0x00, 0x00, 0x00, 0xd2, 0x09, 0x00
    , 0x00, 0x00, 0x00, 0xff, 0x01, 0x00, 0x00, 0x00, 0x00, 0xfa, 0x01, 0x00
    , 0x00, 0x00, 0x00, 0x52, 0x13, 0x00, 0x00, 0x00, 0x00, 0x00, 0x01, 0x00
    , 0x00, 0x00, 0x00, 0x52, 0x01, 0x00, 0x00, 0x00, 0x00, 0xfa, 0x09, 0x00
    , 0x00, 0x00, 0x00, 0xff, 0x01, 0x00, 0x00, 0x00, 0x00, 0xd1, 0x01, 0x00
    , 0x00, 0x00, 0x00, 0x14, 0x02, 0x00, 0x00, 0x00, 0x00, 0x00, 0x01, 0x00
    , 0x00, 0x00, 0x00, 0x14, 0x01, 0x00, 0x00, 0x00, 0x00, 0xd2, 0x09, 0x00
    , 0x00, 0x00, 0x00, 0xff, 0x01, 0x00, 0x00, 0x00, 0x00, 0xfa, 0x01, 0x00
    , 0x00, 0x00, 0x00, 0x52, 0x15, 0x00, 0x00, 0x00, 0x00, 0x00, 0x01, 0x00
    , 0x00, 0x00, 0x00, 0x52, 0x01, 0x00, 0x00, 0x00, 0x00, 0xfa, 0x09, 0x00
    , 0x00, 0x00, 0x00, 0xff, 0x01, 0x00, 0x00, 0x00, 0x00, 0xd1, 0x02, 0x00
    , 0x00, 0x00, 0x00, 0x14, 0x01, 0x00, 0x00, 0x00, 0x00, 0xd2, 0x09, 0x00
    , 0x00, 0x00, 0x00, 0xff, 0x01, 0x00, 0x00, 0x00, 0x00, 0xfa, 0x01, 0x00
    , 0x00, 0x00, 0x00, 0x52, 0x17, 0x00, 0x00, 0x00, 0x00, 0x00, 0x01, 0x00
    , 0x00, 0x00, 0x00, 0x52, 0x01, 0x00, 0x00, 0x00, 0x00, 0xfa, 0x09, 0x00
    , 0x00, 0x00, 0x00, 0xff, 0x02, 0x00, 0x00, 0x00, 0x00, 0xd1, 0x09, 0x00
    , 0x00, 0x00, 0x00, 0xff, 0x01, 0x00, 0x00, 0x00, 0x00, 0xfa, 0x01, 0x00
    , 0x00, 0x00, 0x00, 0x52, 0x19, 0x00, 0x00, 0x00, 0x00, 0x00, 0x01, 0x00
    , 0x00, 0x00, 0x00, 0x52, 0x01, 0x00, 0x00, 0x00, 0x00, 0xfa, 0x12, 0x00
    , 0x00, 0x00, 0x00, 0xff, 0x01, 0x00, 0x00, 0x00, 0x00, 0xfa, 0x01, 0x00
    , 0x00, 0x00, 0x00, 0x52, 0x1b, 0x00, 0x00, 0x00, 0x00, 0x00, 0x01, 0x00
    , 0x00, 0x00, 0x00, 0x52, 0x01, 0x00, 0x00, 0x00, 0x00, 0xfa, 0x10, 0x00
    , 0x00, 0x00, 0x00, 0xff, 0x01, 0x00, 0x00, 0x00, 0x00, 0xfa, 0x01, 0x00
    , 0x00, 0x00, 0x00, 0x52, 0x1d, 0x00, 0x00, 0x00, 0x00, 0x00, 0x01, 0x00
    , 0x00, 0x00, 0x00, 0x52, 0x01, 0x00, 0x00, 0x00, 0x00, 0xfa, 0x0e, 0x00
    , 0x00, 0x00, 0x00, 0xff, 0x01, 0x00, 0x00, 0x00, 0x00, 0xfa, 0x01, 0x00
    , 0x00, 0x00, 0x00, 0x52, 0x1f, 0x00, 0x00, 0x00, 0x00, 0x00, 0x01, 0x00
    , 0x00, 0x00, 0x00, 0x52, 0x01, 0x00, 0x00, 0x00, 0x00, 0xfa, 0x0c, 0x00
    , 0x00, 0x00, 0x00, 0xff, 0x01, 0x00, 0x00, 0x00, 0x00, 0xfa, 0x01, 0x00
    , 0x00, 0x00, 0x00, 0x52, 0x21, 0x00, 0x00, 0x00, 0x00, 0x00, 0x01, 0x00
    , 0x00, 0x00, 0x00, 0x52, 0x01, 0x00, 0x00, 0x00, 0x00, 0xfa, 0x0a, 0x00
    , 0x00, 0x00, 0x00, 0xff, 0x01, 0x00, 0x00, 0x00, 0x00, 0xfa, 0x01, 0x00
    , 0x00, 0x00, 0x00, 0x52, 0x23, 0x00, 0x00, 0x00, 0x00, 0x00, 0x01, 0x00
    , 0x00, 0x00, 0x00, 0x52, 0x01, 0x00, 0x00, 0x00, 0x00, 0xfa, 0x08, 0x00
    , 0x00, 0x00, 0x00, 0xff, 0x01, 0x00, 0x00, 0x00, 0x00, 0xfa, 0x01, 0x00
    , 0x00, 0x00, 0x00, 0x52, 0x25, 0x00, 0x00, 0x00, 0x00, 0x00, 0x01, 0x00
    , 0x00, 0x00, 0x00, 0x52, 0x01, 0x00, 0x00, 0x00, 0x00, 0xfa, 0x06, 0x00
    , 0x00, 0x00, 0x00, 0xff, 0x01, 0x00, 0x00, 0x00, 0x00, 0xfa, 0x01, 0x00
    , 0x00, 0x00, 0x00, 0x52, 0x27, 0x00, 0x00, 0x00, 0x00, 0x00, 0x01, 0x00
    , 0x00, 0x00, 0x00, 0x52, 0x01, 0x00, 0x00, 0x00, 0x00, 0xfa, 0x04, 0x00
    , 0x00, 0x00, 0x00, 0xff, 0x01, 0x00, 0x00, 0x00, 0x00, 0xfa, 0x01, 0x00
    , 0x00, 0x00, 0x00, 0x52, 0x29, 0x00, 0x00, 0x00, 0x00, 0x00, 0x01, 0x00
    , 0x00, 0x00, 0x00, 0x52, 0x01, 0x00, 0x00, 0x00, 0x00, 0xfa, 0x02, 0x00
    , 0x00, 0x00, 0x00, 0xff, 0x01, 0x00, 0x00, 0x00, 0x00, 0xfa, 0x01, 0x00
    , 0x00, 0x00, 0x00, 0x52, 0x2b, 0x00, 0x00, 0x00, 0x00, 0x00, 0x01, 0x00
    , 0x00, 0x00, 0x00, 0x52, 0x02, 0x00, 0x00, 0x00, 0x00, 0xfa, 0x01, 0x00
    , 0x00, 0x00, 0x00, 0x52, 0x2d, 0x00, 0x00, 0x00, 0x00, 0x00, 0x02, 0x00
    , 0x00, 0x00, 0x00, 0x52, 0x0f, 0x01, 0x00, 0x00, 0x00, 0x00
};

inline Upp::Image ICON_DESIGN_CHECK_SMALL_48()
{
    return Upp::UiMakeIcon(DATA_DESIGN_CHECK_SMALL_48);
}

static const unsigned char DATA_DESIGN_DELETE_48[] = {
    0x30, 0x80, 0x30, 0x00, 0x10, 0x00, 0x00, 0x00, 0x00, 0x00, 0x10, 0x00
    , 0x00, 0x00, 0x00, 0xff, 0x20, 0x00, 0x00, 0x00, 0x00, 0x00, 0x10, 0x00
    , 0x00, 0x00, 0x00, 0xff, 0x12, 0x00, 0x00, 0x00, 0x00, 0x00, 0x01, 0x00
    , 0x00, 0x00, 0x00, 0x1c, 0x0d, 0x00, 0x00, 0x00, 0x00, 0x54, 0x10, 0x00
    , 0x00, 0x00, 0x00, 0xff, 0x0d, 0x00, 0x00, 0x00, 0x00, 0x54, 0x01, 0x00
    , 0x00, 0x00, 0x00, 0x1c, 0x04, 0x00, 0x00, 0x00, 0x00, 0x00, 0x01, 0x00
    , 0x00, 0x00, 0x00, 0x54, 0x2a, 0x00, 0x00, 0x00, 0x00, 0xff, 0x01, 0x00
    , 0x00, 0x00, 0x00, 0x54, 0x04, 0x00, 0x00, 0x00, 0x00, 0x00, 0x01, 0x00
    , 0x00, 0x00, 0x00, 0x54, 0x2a, 0x00, 0x00, 0x00, 0x00, 0xff, 0x01, 0x00
    , 0x00, 0x00, 0x00, 0x54, 0x04, 0x00, 0x00, 0x00, 0x00, 0x00, 0x01, 0x00
    , 0x00, 0x00, 0x00, 0x54, 0x2a, 0x00, 0x00, 0x00, 0x00, 0xff, 0x01, 0x00
    , 0x00, 0x00, 0x00, 0x54, 0x04, 0x00, 0x00, 0x00, 0x00, 0x00, 0x01, 0x00
    , 0x00, 0x00, 0x00, 0x54, 0x2a, 0x00, 0x00, 0x00, 0x00, 0xff, 0x01, 0x00
    , 0x00, 0x00, 0x00, 0x54, 0x04, 0x00, 0x00, 0x00, 0x00, 0x00, 0x01, 0x00
    , 0x00, 0x00, 0x00, 0x54, 0x2a, 0x00, 0x00, 0x00, 0x00, 0xff, 0x01, 0x00
    , 0x00, 0x00, 0x00, 0x54, 0x07, 0x00, 0x00, 0x00, 0x00, 0x00, 0x01, 0x00
    , 0x00, 0x00, 0x00, 0xaa, 0x04, 0x00, 0x00, 0x00, 0x00, 0xff, 0x01, 0x00
    , 0x00, 0x00, 0x00, 0xaa, 0x1a, 0x00, 0x00, 0x00, 0x00, 0x00, 0x01, 0x00
    , 0x00, 0x00, 0x00, 0xaa, 0x04, 0x00, 0x00, 0x00, 0x00, 0xff, 0x01, 0x00
    , 0x00, 0x00, 0x00, 0xaa, 0x0a, 0x00, 0x00, 0x00, 0x00, 0x00, 0x01, 0x00
    , 0x00, 0x00, 0x00, 0xaa, 0x04, 0x00, 0x00, 0x00, 0x00, 0xff, 0x01, 0x00
    , 0x00, 0x00, 0x00, 0xaa, 0x1a, 0x00, 0x00, 0x00, 0x00, 0x00, 0x01, 0x00
    , 0x00, 0x00, 0x00, 0xaa, 0x04, 0x00, 0x00, 0x00, 0x00, 0xff, 0x01, 0x00
    , 0x00, 0x00, 0x00, 0xaa, 0x0a, 0x00, 0x00, 0x00, 0x00, 0x00, 0x01, 0x00
    , 0x00, 0x00, 0x00, 0xaa, 0x04, 0x00, 0x00, 0x00, 0x00, 0xff, 0x01, 0x00
    , 0x00, 0x00, 0x00, 0xaa, 0x1a, 0x00, 0x00, 0x00, 0x00, 0x00, 0x01, 0x00
    , 0x00, 0x00, 0x00, 0xaa, 0x04, 0x00, 0x00, 0x00, 0x00, 0xff, 0x01, 0x00
    , 0x00, 0x00, 0x00, 0xaa, 0x0a, 0x00, 0x00, 0x00, 0x00, 0x00, 0x01, 0x00
    , 0x00, 0x00, 0x00, 0xaa, 0x04, 0x00, 0x00, 0x00, 0x00, 0xff, 0x01, 0x00
    , 0x00, 0x00, 0x00, 0xaa, 0x1a, 0x00, 0x00, 0x00, 0x00, 0x00, 0x01, 0x00
    , 0x00, 0x00, 0x00, 0xaa, 0x04, 0x00, 0x00, 0x00, 0x00, 0xff, 0x01, 0x00
    , 0x00, 0x00, 0x00, 0xaa, 0x0a, 0x00, 0x00, 0x00, 0x00, 0x00, 0x01, 0x00
    , 0x00, 0x00, 0x00, 0xaa, 0x04, 0x00, 0x00, 0x00, 0x00, 0xff, 0x01, 0x00
    , 0x00, 0x00, 0x00, 0xaa, 0x1a, 0x00, 0x00, 0x00, 0x00, 0x00, 0x01, 0x00
    , 0x00, 0x00, 0x00, 0xaa, 0x04, 0x00, 0x00, 0x00, 0x00, 0xff, 0x01, 0x00
    , 0x00, 0x00, 0x00, 0xaa, 0x0a, 0x00, 0x00, 0x00, 0x00, 0x00, 0x01, 0x00
    , 0x00, 0x00, 0x00, 0xaa, 0x04, 0x00, 0x00, 0x00, 0x00, 0xff, 0x01, 0x00
    , 0x00, 0x00, 0x00, 0xaa, 0x05, 0x00, 0x00, 0x00, 0x00, 0x00, 0x05, 0x00
    , 0x00, 0x00, 0x00, 0xaa, 0x01, 0x00, 0x00, 0x00, 0x00, 0x37, 0x04, 0x00
    , 0x00, 0x00, 0x00, 0x00, 0x01, 0x00, 0x00, 0x00, 0x00, 0x37, 0x05, 0x00
    , 0x00, 0x00, 0x00, 0xaa, 0x05, 0x00, 0x00, 0x00, 0x00, 0x00, 0x01, 0x00
    , 0x00, 0x00, 0x00, 0xaa, 0x04, 0x00, 0x00, 0x00, 0x00, 0xff, 0x01, 0x00
    , 0x00, 0x00, 0x00, 0xaa, 0x0a, 0x00, 0x00, 0x00, 0x00, 0x00, 0x01, 0x00
    , 0x00, 0x00, 0x00, 0xaa, 0x04, 0x00, 0x00, 0x00, 0x00, 0xff, 0x01, 0x00
    , 0x00, 0x00, 0x00, 0xaa, 0x05, 0x00, 0x00, 0x00, 0x00, 0x00, 0x05, 0x00
    , 0x00, 0x00, 0x00, 0xff, 0x01, 0x00, 0x00, 0x00, 0x00, 0x54, 0x04, 0x00
    , 0x00, 0x00, 0x00, 0x00, 0x01, 0x00, 0x00, 0x00, 0x00, 0x54, 0x05, 0x00
    , 0x00, 0x00, 0x00, 0xff, 0x05, 0x00, 0x00, 0x00, 0x00, 0x00, 0x01, 0x00
    , 0x00, 0x00, 0x00, 0xaa, 0x04, 0x00, 0x00, 0x00, 0x00, 0xff, 0x01, 0x00
    , 0x00, 0x00, 0x00, 0xaa, 0x0a, 0x00, 0x00, 0x00, 0x00, 0x00, 0x01, 0x00
    , 0x00, 0x00, 0x00, 0xaa, 0x04, 0x00, 0x00, 0x00, 0x00, 0xff, 0x01, 0x00
    , 0x00, 0x00, 0x00, 0xaa, 0x05, 0x00, 0x00, 0x00, 0x00, 0x00, 0x05, 0x00
    , 0x00, 0x00, 0x00, 0xff, 0x01, 0x00, 0x00, 0x00, 0x00, 0x54, 0x04, 0x00
    , 0x00, 0x00, 0x00, 0x00, 0x01, 0x00, 0x00, 0x00, 0x00, 0x54, 0x05, 0x00
    , 0x00, 0x00, 0x00, 0xff, 0x05, 0x00, 0x00, 0x00, 0x00, 0x00, 0x01, 0x00
    , 0x00, 0x00, 0x00, 0xaa, 0x04, 0x00, 0x00, 0x00, 0x00, 0xff, 0x01, 0x00
    , 0x00, 0x00, 0x00, 0xaa, 0x0a, 0x00, 0x00, 0x00, 0x00, 0x00, 0x01, 0x00
    , 0x00, 0x00, 0x00, 0xaa, 0x04, 0x00, 0x00, 0x00, 0x00, 0xff, 0x01, 0x00
    , 0x00, 0x00, 0x00, 0xaa, 0x05, 0x00, 0x00, 0x00, 0x00, 0x00, 0x05, 0x00
    , 0x00, 0x00, 0x00, 0xff, 0x01, 0x00, 0x00, 0x00, 0x00, 0x54, 0x04, 0x00
    , 0x00, 0x00, 0x00, 0x00, 0x01, 0x00, 0x00, 0x00, 0x00, 0x54, 0x05, 0x00
    , 0x00, 0x00, 0x00, 0xff, 0x05, 0x00, 0x00, 0x00, 0x00, 0x00, 0x01, 0x00
    , 0x00, 0x00, 0x00, 0xaa, 0x04, 0x00, 0x00, 0x00, 0x00, 0xff, 0x01, 0x00
    , 0x00, 0x00, 0x00, 0xaa, 0x0a, 0x00, 0x00, 0x00, 0x00, 0x00, 0x01, 0x00
    , 0x00, 0x00, 0x00, 0xaa, 0x04, 0x00, 0x00, 0x00, 0x00, 0xff, 0x01, 0x00
    , 0x00, 0x00, 0x00, 0xaa, 0x05, 0x00, 0x00, 0x00, 0x00, 0x00, 0x05, 0x00
    , 0x00, 0x00, 0x00, 0xff, 0x01, 0x00, 0x00, 0x00, 0x00, 0x54, 0x04, 0x00
    , 0x00, 0x00, 0x00, 0x00, 0x01, 0x00, 0x00, 0x00, 0x00, 0x54, 0x05, 0x00
    , 0x00, 0x00, 0x00, 0xff, 0x05, 0x00, 0x00, 0x00, 0x00, 0x00, 0x01, 0x00
    , 0x00, 0x00, 0x00, 0xaa, 0x04, 0x00, 0x00, 0x00, 0x00, 0xff, 0x01, 0x00
    , 0x00, 0x00, 0x00, 0xaa, 0x0a, 0x00, 0x00, 0x00, 0x00, 0x00, 0x01, 0x00
    , 0x00, 0x00, 0x00, 0xaa, 0x04, 0x00, 0x00, 0x00, 0x00, 0xff, 0x01, 0x00
    , 0x00, 0x00, 0x00, 0xaa, 0x05, 0x00, 0x00, 0x00, 0x00, 0x00, 0x05, 0x00
    , 0x00, 0x00, 0x00, 0xff, 0x01, 0x00, 0x00, 0x00, 0x00, 0x54, 0x04, 0x00
    , 0x00, 0x00, 0x00, 0x00, 0x01, 0x00, 0x00, 0x00, 0x00, 0x54, 0x05, 0x00
    , 0x00, 0x00, 0x00, 0xff, 0x05, 0x00, 0x00, 0x00, 0x00, 0x00, 0x01, 0x00
    , 0x00, 0x00, 0x00, 0xaa, 0x04, 0x00, 0x00, 0x00, 0x00, 0xff, 0x01, 0x00
    , 0x00, 0x00, 0x00, 0xaa, 0x0a, 0x00, 0x00, 0x00, 0x00, 0x00, 0x01, 0x00
    , 0x00, 0x00, 0x00, 0xaa, 0x04, 0x00, 0x00, 0x00, 0x00, 0xff, 0x01, 0x00
    , 0x00, 0x00, 0x00, 0xaa, 0x05, 0x00, 0x00, 0x00, 0x00, 0x00, 0x05, 0x00
    , 0x00, 0x00, 0x00, 0xff, 0x01, 0x00, 0x00, 0x00, 0x00, 0x54, 0x04, 0x00
    , 0x00, 0x00, 0x00, 0x00, 0x01, 0x00, 0x00, 0x00, 0x00, 0x54, 0x05, 0x00
    , 0x00, 0x00, 0x00, 0xff, 0x05, 0x00, 0x00, 0x00, 0x00, 0x00, 0x01, 0x00
    , 0x00, 0x00, 0x00, 0xaa, 0x04, 0x00, 0x00, 0x00, 0x00, 0xff, 0x01, 0x00
    , 0x00, 0x00, 0x00, 0xaa, 0x0a, 0x00, 0x00, 0x00, 0x00, 0x00, 0x01, 0x00
    , 0x00, 0x00, 0x00, 0xaa, 0x04, 0x00, 0x00, 0x00, 0x00, 0xff, 0x01, 0x00
    , 0x00, 0x00, 0x00, 0xaa, 0x05, 0x00, 0x00, 0x00, 0x00, 0x00, 0x05, 0x00
    , 0x00, 0x00, 0x00, 0xff, 0x01, 0x00, 0x00, 0x00, 0x00, 0x54, 0x04, 0x00
    , 0x00, 0x00, 0x00, 0x00, 0x01, 0x00, 0x00, 0x00, 0x00, 0x54, 0x05, 0x00
    , 0x00, 0x00, 0x00, 0xff, 0x05, 0x00, 0x00, 0x00, 0x00, 0x00, 0x01, 0x00
    , 0x00, 0x00, 0x00, 0xaa, 0x04, 0x00, 0x00, 0x00, 0x00, 0xff, 0x01, 0x00
    , 0x00, 0x00, 0x00, 0xaa, 0x0a, 0x00, 0x00, 0x00, 0x00, 0x00, 0x01, 0x00
    , 0x00, 0x00, 0x00, 0xaa, 0x04, 0x00, 0x00, 0x00, 0x00, 0xff, 0x01, 0x00
    , 0x00, 0x00, 0x00, 0xaa, 0x05, 0x00, 0x00, 0x00, 0x00, 0x00, 0x05, 0x00
    , 0x00, 0x00, 0x00, 0xff, 0x01, 0x00, 0x00, 0x00, 0x00, 0x54, 0x04, 0x00
    , 0x00, 0x00, 0x00, 0x00, 0x01, 0x00, 0x00, 0x00, 0x00, 0x54, 0x05, 0x00
    , 0x00, 0x00, 0x00, 0xff, 0x05, 0x00, 0x00, 0x00, 0x00, 0x00, 0x01, 0x00
    , 0x00, 0x00, 0x00, 0xaa, 0x04, 0x00, 0x00, 0x00, 0x00, 0xff, 0x01, 0x00
    , 0x00, 0x00, 0x00, 0xaa, 0x0a, 0x00, 0x00, 0x00, 0x00, 0x00, 0x01, 0x00
    , 0x00, 0x00, 0x00, 0xaa, 0x04, 0x00, 0x00, 0x00, 0x00, 0xff, 0x01, 0x00
    , 0x00, 0x00, 0x00, 0xaa, 0x05, 0x00, 0x00, 0x00, 0x00, 0x00, 0x05, 0x00
    , 0x00, 0x00, 0x00, 0xff, 0x01, 0x00, 0x00, 0x00, 0x00, 0x54, 0x04, 0x00
    , 0x00, 0x00, 0x00, 0x00, 0x01, 0x00, 0x00, 0x00, 0x00, 0x54, 0x05, 0x00
    , 0x00, 0x00, 0x00, 0xff, 0x05, 0x00, 0x00, 0x00, 0x00, 0x00, 0x01, 0x00
    , 0x00, 0x00, 0x00, 0xaa, 0x04, 0x00, 0x00, 0x00, 0x00, 0xff, 0x01, 0x00
    , 0x00, 0x00, 0x00, 0xaa, 0x0a, 0x00, 0x00, 0x00, 0x00, 0x00, 0x01, 0x00
    , 0x00, 0x00, 0x00, 0xaa, 0x04, 0x00, 0x00, 0x00, 0x00, 0xff, 0x01, 0x00
    , 0x00, 0x00, 0x00, 0xaa, 0x05, 0x00, 0x00, 0x00, 0x00, 0x00, 0x05, 0x00
    , 0x00, 0x00, 0x00, 0xff, 0x01, 0x00, 0x00, 0x00, 0x00, 0x54, 0x04, 0x00
    , 0x00, 0x00, 0x00, 0x00, 0x01, 0x00, 0x00, 0x00, 0x00, 0x54, 0x05, 0x00
    , 0x00, 0x00, 0x00, 0xff, 0x05, 0x00, 0x00, 0x00, 0x00, 0x00, 0x01, 0x00
    , 0x00, 0x00, 0x00, 0xaa, 0x04, 0x00, 0x00, 0x00, 0x00, 0xff, 0x01, 0x00
    , 0x00, 0x00, 0x00, 0xaa, 0x0a, 0x00, 0x00, 0x00, 0x00, 0x00, 0x01, 0x00
    , 0x00, 0x00, 0x00, 0xaa, 0x04, 0x00, 0x00, 0x00, 0x00, 0xff, 0x01, 0x00
    , 0x00, 0x00, 0x00, 0xaa, 0x05, 0x00, 0x00, 0x00, 0x00, 0x00, 0x05, 0x00
    , 0x00, 0x00, 0x00, 0xff, 0x01, 0x00, 0x00, 0x00, 0x00, 0x54, 0x04, 0x00
    , 0x00, 0x00, 0x00, 0x00, 0x01, 0x00, 0x00, 0x00, 0x00, 0x54, 0x05, 0x00
    , 0x00, 0x00, 0x00, 0xff, 0x05, 0x00, 0x00, 0x00, 0x00, 0x00, 0x01, 0x00
    , 0x00, 0x00, 0x00, 0xaa, 0x04, 0x00, 0x00, 0x00, 0x00, 0xff, 0x01, 0x00
    , 0x00, 0x00, 0x00, 0xaa, 0x0a, 0x00, 0x00, 0x00, 0x00, 0x00, 0x01, 0x00
    , 0x00, 0x00, 0x00, 0xaa, 0x04, 0x00, 0x00, 0x00, 0x00, 0xff, 0x01, 0x00
    , 0x00, 0x00, 0x00, 0xaa, 0x05, 0x00, 0x00, 0x00, 0x00, 0x00, 0x05, 0x00
    , 0x00, 0x00, 0x00, 0xff, 0x01, 0x00, 0x00, 0x00, 0x00, 0x54, 0x04, 0x00
    , 0x00, 0x00, 0x00, 0x00, 0x01, 0x00, 0x00, 0x00, 0x00, 0x54, 0x05, 0x00
    , 0x00, 0x00, 0x00, 0xff, 0x05, 0x00, 0x00, 0x00, 0x00, 0x00, 0x01, 0x00
    , 0x00, 0x00, 0x00, 0xaa, 0x04, 0x00, 0x00, 0x00, 0x00, 0xff, 0x01, 0x00
    , 0x00, 0x00, 0x00, 0xaa, 0x0a, 0x00, 0x00, 0x00, 0x00, 0x00, 0x01, 0x00
    , 0x00, 0x00, 0x00, 0xaa, 0x04, 0x00, 0x00, 0x00, 0x00, 0xff, 0x01, 0x00
    , 0x00, 0x00, 0x00, 0xaa, 0x05, 0x00, 0x00, 0x00, 0x00, 0x00, 0x05, 0x00
    , 0x00, 0x00, 0x00, 0xff, 0x01, 0x00, 0x00, 0x00, 0x00, 0x54, 0x04, 0x00
    , 0x00, 0x00, 0x00, 0x00, 0x01, 0x00, 0x00, 0x00, 0x00, 0x54, 0x05, 0x00
    , 0x00, 0x00, 0x00, 0xff, 0x05, 0x00, 0x00, 0x00, 0x00, 0x00, 0x01, 0x00
    , 0x00, 0x00, 0x00, 0xaa, 0x04, 0x00, 0x00, 0x00, 0x00, 0xff, 0x01, 0x00
    , 0x00, 0x00, 0x00, 0xaa, 0x0a, 0x00, 0x00, 0x00, 0x00, 0x00, 0x01, 0x00
    , 0x00, 0x00, 0x00, 0xaa, 0x04, 0x00, 0x00, 0x00, 0x00, 0xff, 0x01, 0x00
    , 0x00, 0x00, 0x00, 0xaa, 0x05, 0x00, 0x00, 0x00, 0x00, 0x00, 0x05, 0x00
    , 0x00, 0x00, 0x00, 0xff, 0x01, 0x00, 0x00, 0x00, 0x00, 0x54, 0x04, 0x00
    , 0x00, 0x00, 0x00, 0x00, 0x01, 0x00, 0x00, 0x00, 0x00, 0x54, 0x05, 0x00
    , 0x00, 0x00, 0x00, 0xff, 0x05, 0x00, 0x00, 0x00, 0x00, 0x00, 0x01, 0x00
    , 0x00, 0x00, 0x00, 0xaa, 0x04, 0x00, 0x00, 0x00, 0x00, 0xff, 0x01, 0x00
    , 0x00, 0x00, 0x00, 0xaa, 0x0a, 0x00, 0x00, 0x00, 0x00, 0x00, 0x01, 0x00
    , 0x00, 0x00, 0x00, 0xaa, 0x04, 0x00, 0x00, 0x00, 0x00, 0xff, 0x01, 0x00
    , 0x00, 0x00, 0x00, 0xaa, 0x05, 0x00, 0x00, 0x00, 0x00, 0x00, 0x05, 0x00
    , 0x00, 0x00, 0x00, 0xff, 0x01, 0x00, 0x00, 0x00, 0x00, 0x54, 0x04, 0x00
    , 0x00, 0x00, 0x00, 0x00, 0x01, 0x00, 0x00, 0x00, 0x00, 0x54, 0x05, 0x00
    , 0x00, 0x00, 0x00, 0xff, 0x05, 0x00, 0x00, 0x00, 0x00, 0x00, 0x01, 0x00
    , 0x00, 0x00, 0x00, 0xaa, 0x04, 0x00, 0x00, 0x00, 0x00, 0xff, 0x01, 0x00
    , 0x00, 0x00, 0x00, 0xaa, 0x0a, 0x00, 0x00, 0x00, 0x00, 0x00, 0x01, 0x00
    , 0x00, 0x00, 0x00, 0xaa, 0x04, 0x00, 0x00, 0x00, 0x00, 0xff, 0x01, 0x00
    , 0x00, 0x00, 0x00, 0xaa, 0x05, 0x00, 0x00, 0x00, 0x00, 0x00, 0x05, 0x00
    , 0x00, 0x00, 0x00, 0xff, 0x01, 0x00, 0x00, 0x00, 0x00, 0x54, 0x04, 0x00
    , 0x00, 0x00, 0x00, 0x00, 0x01, 0x00, 0x00, 0x00, 0x00, 0x54, 0x05, 0x00
    , 0x00, 0x00, 0x00, 0xff, 0x05, 0x00, 0x00, 0x00, 0x00, 0x00, 0x01, 0x00
    , 0x00, 0x00, 0x00, 0xaa, 0x04, 0x00, 0x00, 0x00, 0x00, 0xff, 0x01, 0x00
    , 0x00, 0x00, 0x00, 0xaa, 0x0a, 0x00, 0x00, 0x00, 0x00, 0x00, 0x01, 0x00
    , 0x00, 0x00, 0x00, 0xaa, 0x04, 0x00, 0x00, 0x00, 0x00, 0xff, 0x01, 0x00
    , 0x00, 0x00, 0x00, 0xaa, 0x05, 0x00, 0x00, 0x00, 0x00, 0x00, 0x05, 0x00
    , 0x00, 0x00, 0x00, 0xff, 0x01, 0x00, 0x00, 0x00, 0x00, 0x54, 0x04, 0x00
    , 0x00, 0x00, 0x00, 0x00, 0x01, 0x00, 0x00, 0x00, 0x00, 0x54, 0x05, 0x00
    , 0x00, 0x00, 0x00, 0xff, 0x05, 0x00, 0x00, 0x00, 0x00, 0x00, 0x01, 0x00
    , 0x00, 0x00, 0x00, 0xaa, 0x04, 0x00, 0x00, 0x00, 0x00, 0xff, 0x01, 0x00
    , 0x00, 0x00, 0x00, 0xaa, 0x0a, 0x00, 0x00, 0x00, 0x00, 0x00, 0x01, 0x00
    , 0x00, 0x00, 0x00, 0xaa, 0x04, 0x00, 0x00, 0x00, 0x00, 0xff, 0x01, 0x00
    , 0x00, 0x00, 0x00, 0xaa, 0x05, 0x00, 0x00, 0x00, 0x00, 0x00, 0x05, 0x00
    , 0x00, 0x00, 0x00, 0xff, 0x01, 0x00, 0x00, 0x00, 0x00, 0x54, 0x04, 0x00
    , 0x00, 0x00, 0x00, 0x00, 0x01, 0x00, 0x00, 0x00, 0x00, 0x54, 0x05, 0x00
    , 0x00, 0x00, 0x00, 0xff, 0x05, 0x00, 0x00, 0x00, 0x00, 0x00, 0x01, 0x00
    , 0x00, 0x00, 0x00, 0xaa, 0x04, 0x00, 0x00, 0x00, 0x00, 0xff, 0x01, 0x00
    , 0x00, 0x00, 0x00, 0xaa, 0x0a, 0x00, 0x00, 0x00, 0x00, 0x00, 0x01, 0x00
    , 0x00, 0x00, 0x00, 0xaa, 0x04, 0x00, 0x00, 0x00, 0x00, 0xff, 0x01, 0x00
    , 0x00, 0x00, 0x00, 0xaa, 0x05, 0x00, 0x00, 0x00, 0x00, 0x00, 0x05, 0x00
    , 0x00, 0x00, 0x00, 0xff, 0x01, 0x00, 0x00, 0x00, 0x00, 0x54, 0x04, 0x00
    , 0x00, 0x00, 0x00, 0x00, 0x01, 0x00, 0x00, 0x00, 0x00, 0x54, 0x05, 0x00
    , 0x00, 0x00, 0x00, 0xff, 0x05, 0x00, 0x00, 0x00, 0x00, 0x00, 0x01, 0x00
    , 0x00, 0x00, 0x00, 0xaa, 0x04, 0x00, 0x00, 0x00, 0x00, 0xff, 0x01, 0x00
    , 0x00, 0x00, 0x00, 0xaa, 0x0a, 0x00, 0x00, 0x00, 0x00, 0x00, 0x01, 0x00
    , 0x00, 0x00, 0x00, 0xaa, 0x04, 0x00, 0x00, 0x00, 0x00, 0xff, 0x01, 0x00
    , 0x00, 0x00, 0x00, 0xaa, 0x05, 0x00, 0x00, 0x00, 0x00, 0x00, 0x05, 0x00
    , 0x00, 0x00, 0x00, 0xff, 0x01, 0x00, 0x00, 0x00, 0x00, 0x54, 0x04, 0x00
    , 0x00, 0x00, 0x00, 0x00, 0x01, 0x00, 0x00, 0x00, 0x00, 0x54, 0x05, 0x00
    , 0x00, 0x00, 0x00, 0xff, 0x05, 0x00, 0x00, 0x00, 0x00, 0x00, 0x01, 0x00
    , 0x00, 0x00, 0x00, 0xaa, 0x04, 0x00, 0x00, 0x00, 0x00, 0xff, 0x01, 0x00
    , 0x00, 0x00, 0x00, 0xaa, 0x0a, 0x00, 0x00, 0x00, 0x00, 0x00, 0x01, 0x00
    , 0x00, 0x00, 0x00, 0xaa, 0x04, 0x00, 0x00, 0x00, 0x00, 0xff, 0x01, 0x00
    , 0x00, 0x00, 0x00, 0xaa, 0x05, 0x00, 0x00, 0x00, 0x00, 0x00, 0x05, 0x00
    , 0x00, 0x00, 0x00, 0xff, 0x01, 0x00, 0x00, 0x00, 0x00, 0x54, 0x04, 0x00
    , 0x00, 0x00, 0x00, 0x00, 0x01, 0x00, 0x00, 0x00, 0x00, 0x54, 0x05, 0x00
    , 0x00, 0x00, 0x00, 0xff, 0x05, 0x00, 0x00, 0x00, 0x00, 0x00, 0x01, 0x00
    , 0x00, 0x00, 0x00, 0xaa, 0x04, 0x00, 0x00, 0x00, 0x00, 0xff, 0x01, 0x00
    , 0x00, 0x00, 0x00, 0xaa, 0x0a, 0x00, 0x00, 0x00, 0x00, 0x00, 0x01, 0x00
    , 0x00, 0x00, 0x00, 0xaa, 0x04, 0x00, 0x00, 0x00, 0x00, 0xff, 0x01, 0x00
    , 0x00, 0x00, 0x00, 0xaa, 0x05, 0x00, 0x00, 0x00, 0x00, 0x00, 0x05, 0x00
    , 0x00, 0x00, 0x00, 0xff, 0x01, 0x00, 0x00, 0x00, 0x00, 0x54, 0x04, 0x00
    , 0x00, 0x00, 0x00, 0x00, 0x01, 0x00, 0x00, 0x00, 0x00, 0x54, 0x05, 0x00
    , 0x00, 0x00, 0x00, 0xff, 0x05, 0x00, 0x00, 0x00, 0x00, 0x00, 0x01, 0x00
    , 0x00, 0x00, 0x00, 0xaa, 0x04, 0x00, 0x00, 0x00, 0x00, 0xff, 0x01, 0x00
    , 0x00, 0x00, 0x00, 0xaa, 0x0a, 0x00, 0x00, 0x00, 0x00, 0x00, 0x01, 0x00
    , 0x00, 0x00, 0x00, 0xaa, 0x04, 0x00, 0x00, 0x00, 0x00, 0xff, 0x01, 0x00
    , 0x00, 0x00, 0x00, 0xaa, 0x05, 0x00, 0x00, 0x00, 0x00, 0x00, 0x05, 0x00
    , 0x00, 0x00, 0x00, 0xff, 0x01, 0x00, 0x00, 0x00, 0x00, 0x54, 0x04, 0x00
    , 0x00, 0x00, 0x00, 0x00, 0x01, 0x00, 0x00, 0x00, 0x00, 0x54, 0x05, 0x00
    , 0x00, 0x00, 0x00, 0xff, 0x05, 0x00, 0x00, 0x00, 0x00, 0x00, 0x01, 0x00
    , 0x00, 0x00, 0x00, 0xaa, 0x04, 0x00, 0x00, 0x00, 0x00, 0xff, 0x01, 0x00
    , 0x00, 0x00, 0x00, 0xaa, 0x0a, 0x00, 0x00, 0x00, 0x00, 0x00, 0x01, 0x00
    , 0x00, 0x00, 0x00, 0xaa, 0x04, 0x00, 0x00, 0x00, 0x00, 0xff, 0x01, 0x00
    , 0x00, 0x00, 0x00, 0xaa, 0x05, 0x00, 0x00, 0x00, 0x00, 0x00, 0x05, 0x00
    , 0x00, 0x00, 0x00, 0x54, 0x01, 0x00, 0x00, 0x00, 0x00, 0x1b, 0x04, 0x00
    , 0x00, 0x00, 0x00, 0x00, 0x01, 0x00, 0x00, 0x00, 0x00, 0x1b, 0x05, 0x00
    , 0x00, 0x00, 0x00, 0x54, 0x05, 0x00, 0x00, 0x00, 0x00, 0x00, 0x01, 0x00
    , 0x00, 0x00, 0x00, 0xaa, 0x04, 0x00, 0x00, 0x00, 0x00, 0xff, 0x01, 0x00
    , 0x00, 0x00, 0x00, 0xaa, 0x0a, 0x00, 0x00, 0x00, 0x00, 0x00, 0x01, 0x00
    , 0x00, 0x00, 0x00, 0xaa, 0x04, 0x00, 0x00, 0x00, 0x00, 0xff, 0x01, 0x00
    , 0x00, 0x00, 0x00, 0xaa, 0x1a, 0x00, 0x00, 0x00, 0x00, 0x00, 0x01, 0x00
    , 0x00, 0x00, 0x00, 0xaa, 0x04, 0x00, 0x00, 0x00, 0x00, 0xff, 0x01, 0x00
    , 0x00, 0x00, 0x00, 0xaa, 0x0a, 0x00, 0x00, 0x00, 0x00, 0x00, 0x01, 0x00
    , 0x00, 0x00, 0x00, 0xaa, 0x04, 0x00, 0x00, 0x00, 0x00, 0xff, 0x01, 0x00
    , 0x00, 0x00, 0x00, 0xaa, 0x1a, 0x00, 0x00, 0x00, 0x00, 0x00, 0x01, 0x00
    , 0x00, 0x00, 0x00, 0xaa, 0x04, 0x00, 0x00, 0x00, 0x00, 0xff, 0x01, 0x00
    , 0x00, 0x00, 0x00, 0xaa, 0x0a, 0x00, 0x00, 0x00, 0x00, 0x00, 0x01, 0x00
    , 0x00, 0x00, 0x00, 0xaa, 0x04, 0x00, 0x00, 0x00, 0x00, 0xff, 0x01, 0x00
    , 0x00, 0x00, 0x00, 0xaa, 0x1a, 0x00, 0x00, 0x00, 0x00, 0x00, 0x01, 0x00
    , 0x00, 0x00, 0x00, 0xaa, 0x04, 0x00, 0x00, 0x00, 0x00, 0xff, 0x01, 0x00
    , 0x00, 0x00, 0x00, 0xaa, 0x0a, 0x00, 0x00, 0x00, 0x00, 0x00, 0x01, 0x00
    , 0x00, 0x00, 0x00, 0xaa, 0x04, 0x00, 0x00, 0x00, 0x00, 0xff, 0x01, 0x00
    , 0x00, 0x00, 0x00, 0xaa, 0x1a, 0x00, 0x00, 0x00, 0x00, 0x00, 0x01, 0x00
    , 0x00, 0x00, 0x00, 0xaa, 0x04, 0x00, 0x00, 0x00, 0x00, 0xff, 0x01, 0x00
    , 0x00, 0x00, 0x00, 0xaa, 0x0a, 0x00, 0x00, 0x00, 0x00, 0x00, 0x01, 0x00
    , 0x00, 0x00, 0x00, 0xa8, 0x04, 0x00, 0x00, 0x00, 0x00, 0xff, 0x01, 0x00
    , 0x00, 0x00, 0x00, 0xc7, 0x1a, 0x00, 0x00, 0x00, 0x00, 0x54, 0x01, 0x00
    , 0x00, 0x00, 0x00, 0xc7, 0x04, 0x00, 0x00, 0x00, 0x00, 0xff, 0x01, 0x00
    , 0x00, 0x00, 0x00, 0xa8, 0x0a, 0x00, 0x00, 0x00, 0x00, 0x00, 0x01, 0x00
    , 0x00, 0x00, 0x00, 0x82, 0x24, 0x00, 0x00, 0x00, 0x00, 0xff, 0x01, 0x00
    , 0x00, 0x00, 0x00, 0x81, 0x0a, 0x00, 0x00, 0x00, 0x00, 0x00, 0x01, 0x00
    , 0x00, 0x00, 0x00, 0x4b, 0x24, 0x00, 0x00, 0x00, 0x00, 0xff, 0x01, 0x00
    , 0x00, 0x00, 0x00, 0x4a, 0x0a, 0x00, 0x00, 0x00, 0x00, 0x00, 0x01, 0x00
    , 0x00, 0x00, 0x00, 0x01, 0x01, 0x00, 0x00, 0x00, 0x00, 0xbb, 0x22, 0x00
    , 0x00, 0x00, 0x00, 0xff, 0x01, 0x00, 0x00, 0x00, 0x00, 0xba, 0x01, 0x00
    , 0x00, 0x00, 0x00, 0x01, 0x0b, 0x00, 0x00, 0x00, 0x00, 0x00, 0x01, 0x00
    , 0x00, 0x00, 0x00, 0x1c, 0x01, 0x00, 0x00, 0x00, 0x00, 0xd1, 0x20, 0x00
    , 0x00, 0x00, 0x00, 0xff, 0x01, 0x00, 0x00, 0x00, 0x00, 0xd1, 0x01, 0x00
    , 0x00, 0x00, 0x00, 0x1c, 0x0d, 0x00, 0x00, 0x00, 0x00, 0x00, 0x01, 0x00
    , 0x00, 0x00, 0x00, 0x06, 0x01, 0x00, 0x00, 0x00, 0x00, 0x7d, 0x01, 0x00
    , 0x00, 0x00, 0x00, 0xc6, 0x01, 0x00, 0x00, 0x00, 0x00, 0xf4, 0x1a, 0x00
    , 0x00, 0x00, 0x00, 0xff, 0x01, 0x00, 0x00, 0x00, 0x00, 0xf4, 0x01, 0x00
    , 0x00, 0x00, 0x00, 0xc6, 0x01, 0x00, 0x00, 0x00, 0x00, 0x7d, 0x01, 0x00
    , 0x00, 0x00, 0x00, 0x06, 0x07, 0x00, 0x00, 0x00, 0x00, 0x00
};

inline Upp::Image ICON_DESIGN_DELETE_48()
{
    return Upp::UiMakeIcon(DATA_DESIGN_DELETE_48);
}

static const unsigned char DATA_DESIGN_DRAG_INDICATOR_48[] = {
    0x30, 0x80, 0x30, 0x00, 0x0b, 0x00, 0x00, 0x00, 0x00, 0x00, 0x01, 0x00
    , 0x00, 0x00, 0x00, 0x01, 0x01, 0x00, 0x00, 0x00, 0x00, 0x66, 0x01, 0x00
    , 0x00, 0x00, 0x00, 0xb6, 0x02, 0x00, 0x00, 0x00, 0x00, 0xe7, 0x01, 0x00
    , 0x00, 0x00, 0x00, 0xb6, 0x01, 0x00, 0x00, 0x00, 0x00, 0x66, 0x01, 0x00
    , 0x00, 0x00, 0x00, 0x01, 0x0a, 0x00, 0x00, 0x00, 0x00, 0x00, 0x01, 0x00
    , 0x00, 0x00, 0x00, 0x01, 0x01, 0x00, 0x00, 0x00, 0x00, 0x66, 0x01, 0x00
    , 0x00, 0x00, 0x00, 0xb6, 0x02, 0x00, 0x00, 0x00, 0x00, 0xe7, 0x01, 0x00
    , 0x00, 0x00, 0x00, 0xb6, 0x01, 0x00, 0x00, 0x00, 0x00, 0x66, 0x01, 0x00
    , 0x00, 0x00, 0x00, 0x01, 0x15, 0x00, 0x00, 0x00, 0x00, 0x00, 0x01, 0x00
    , 0x00, 0x00, 0x00, 0x18, 0x01, 0x00, 0x00, 0x00, 0x00, 0xbc, 0x06, 0x00
    , 0x00, 0x00, 0x00, 0xff, 0x01, 0x00, 0x00, 0x00, 0x00, 0xbc, 0x01, 0x00
    , 0x00, 0x00, 0x00, 0x18, 0x08, 0x00, 0x00, 0x00, 0x00, 0x00, 0x01, 0x00
    , 0x00, 0x00, 0x00, 0x18, 0x01, 0x00, 0x00, 0x00, 0x00, 0xbc, 0x06, 0x00
    , 0x00, 0x00, 0x00, 0xff, 0x01, 0x00, 0x00, 0x00, 0x00, 0xbc, 0x01, 0x00
    , 0x00, 0x00, 0x00, 0x18, 0x13, 0x00, 0x00, 0x00, 0x00, 0x00, 0x01, 0x00
    , 0x00, 0x00, 0x00, 0x01, 0x01, 0x00, 0x00, 0x00, 0x00, 0xbc, 0x08, 0x00
    , 0x00, 0x00, 0x00, 0xff, 0x01, 0x00, 0x00, 0x00, 0x00, 0xbc, 0x01, 0x00
    , 0x00, 0x00, 0x00, 0x01, 0x06, 0x00, 0x00, 0x00, 0x00, 0x00, 0x01, 0x00
    , 0x00, 0x00, 0x00, 0x01, 0x01, 0x00, 0x00, 0x00, 0x00, 0xbc, 0x08, 0x00
    , 0x00, 0x00, 0x00, 0xff, 0x01, 0x00, 0x00, 0x00, 0x00, 0xbc, 0x01, 0x00
    , 0x00, 0x00, 0x00, 0x01, 0x12, 0x00, 0x00, 0x00, 0x00, 0x00, 0x01, 0x00
    , 0x00, 0x00, 0x00, 0x66, 0x0a, 0x00, 0x00, 0x00, 0x00, 0xff, 0x01, 0x00
    , 0x00, 0x00, 0x00, 0x65, 0x06, 0x00, 0x00, 0x00, 0x00, 0x00, 0x01, 0x00
    , 0x00, 0x00, 0x00, 0x66, 0x0a, 0x00, 0x00, 0x00, 0x00, 0xff, 0x01, 0x00
    , 0x00, 0x00, 0x00, 0x65, 0x12, 0x00, 0x00, 0x00, 0x00, 0x00, 0x01, 0x00
    , 0x00, 0x00, 0x00, 0xb6, 0x0a, 0x00, 0x00, 0x00, 0x00, 0xff, 0x01, 0x00
    , 0x00, 0x00, 0x00, 0xb5, 0x06, 0x00, 0x00, 0x00, 0x00, 0x00, 0x01, 0x00
    , 0x00, 0x00, 0x00, 0xb6, 0x0a, 0x00, 0x00, 0x00, 0x00, 0xff, 0x01, 0x00
    , 0x00, 0x00, 0x00, 0xb5, 0x12, 0x00, 0x00, 0x00, 0x00, 0x00, 0x01, 0x00
    , 0x00, 0x00, 0x00, 0xe7, 0x0a, 0x00, 0x00, 0x00, 0x00, 0xff, 0x01, 0x00
    , 0x00, 0x00, 0x00, 0xe6, 0x06, 0x00, 0x00, 0x00, 0x00, 0x00, 0x01, 0x00
    , 0x00, 0x00, 0x00, 0xe7, 0x0a, 0x00, 0x00, 0x00, 0x00, 0xff, 0x01, 0x00
    , 0x00, 0x00, 0x00, 0xe6, 0x12, 0x00, 0x00, 0x00, 0x00, 0x00, 0x01, 0x00
    , 0x00, 0x00, 0x00, 0xe7, 0x0a, 0x00, 0x00, 0x00, 0x00, 0xff, 0x01, 0x00
    , 0x00, 0x00, 0x00, 0xe6, 0x06, 0x00, 0x00, 0x00, 0x00, 0x00, 0x01, 0x00
    , 0x00, 0x00, 0x00, 0xe7, 0x0a, 0x00, 0x00, 0x00, 0x00, 0xff, 0x01, 0x00
    , 0x00, 0x00, 0x00, 0xe6, 0x12, 0x00, 0x00, 0x00, 0x00, 0x00, 0x01, 0x00
    , 0x00, 0x00, 0x00, 0xb6, 0x0a, 0x00, 0x00, 0x00, 0x00, 0xff, 0x01, 0x00
    , 0x00, 0x00, 0x00, 0xb5, 0x06, 0x00, 0x00, 0x00, 0x00, 0x00, 0x01, 0x00
    , 0x00, 0x00, 0x00, 0xb6, 0x0a, 0x00, 0x00, 0x00, 0x00, 0xff, 0x01, 0x00
    , 0x00, 0x00, 0x00, 0xb5, 0x12, 0x00, 0x00, 0x00, 0x00, 0x00, 0x01, 0x00
    , 0x00, 0x00, 0x00, 0x66, 0x0a, 0x00, 0x00, 0x00, 0x00, 0xff, 0x01, 0x00
    , 0x00, 0x00, 0x00, 0x65, 0x06, 0x00, 0x00, 0x00, 0x00, 0x00, 0x01, 0x00
    , 0x00, 0x00, 0x00, 0x66, 0x0a, 0x00, 0x00, 0x00, 0x00, 0xff, 0x01, 0x00
    , 0x00, 0x00, 0x00, 0x65, 0x12, 0x00, 0x00, 0x00, 0x00, 0x00, 0x01, 0x00
    , 0x00, 0x00, 0x00, 0x01, 0x01, 0x00, 0x00, 0x00, 0x00, 0xbc, 0x08, 0x00
    , 0x00, 0x00, 0x00, 0xff, 0x01, 0x00, 0x00, 0x00, 0x00, 0xbb, 0x01, 0x00
    , 0x00, 0x00, 0x00, 0x01, 0x06, 0x00, 0x00, 0x00, 0x00, 0x00, 0x01, 0x00
    , 0x00, 0x00, 0x00, 0x01, 0x01, 0x00, 0x00, 0x00, 0x00, 0xbc, 0x08, 0x00
    , 0x00, 0x00, 0x00, 0xff, 0x01, 0x00, 0x00, 0x00, 0x00, 0xbb, 0x01, 0x00
    , 0x00, 0x00, 0x00, 0x01, 0x13, 0x00, 0x00, 0x00, 0x00, 0x00, 0x01, 0x00
    , 0x00, 0x00, 0x00, 0x18, 0x01, 0x00, 0x00, 0x00, 0x00, 0xbc, 0x06, 0x00
    , 0x00, 0x00, 0x00, 0xff, 0x01, 0x00, 0x00, 0x00, 0x00, 0xbc, 0x01, 0x00
    , 0x00, 0x00, 0x00, 0x18, 0x08, 0x00, 0x00, 0x00, 0x00, 0x00, 0x01, 0x00
    , 0x00, 0x00, 0x00, 0x18, 0x01, 0x00, 0x00, 0x00, 0x00, 0xbc, 0x06, 0x00
    , 0x00, 0x00, 0x00, 0xff, 0x01, 0x00, 0x00, 0x00, 0x00, 0xbc, 0x01, 0x00
    , 0x00, 0x00, 0x00, 0x18, 0x15, 0x00, 0x00, 0x00, 0x00, 0x00, 0x01, 0x00
    , 0x00, 0x00, 0x00, 0x01, 0x01, 0x00, 0x00, 0x00, 0x00, 0x66, 0x01, 0x00
    , 0x00, 0x00, 0x00, 0xb5, 0x02, 0x00, 0x00, 0x00, 0x00, 0xe6, 0x01, 0x00
    , 0x00, 0x00, 0x00, 0xb5, 0x01, 0x00, 0x00, 0x00, 0x00, 0x65, 0x01, 0x00
    , 0x00, 0x00, 0x00, 0x01, 0x0a, 0x00, 0x00, 0x00, 0x00, 0x00, 0x01, 0x00
    , 0x00, 0x00, 0x00, 0x01, 0x01, 0x00, 0x00, 0x00, 0x00, 0x66, 0x01, 0x00
    , 0x00, 0x00, 0x00, 0xb5, 0x02, 0x00, 0x00, 0x00, 0x00, 0xe6, 0x01, 0x00
    , 0x00, 0x00, 0x00, 0xb5, 0x01, 0x00, 0x00, 0x00, 0x00, 0x65, 0x01, 0x00
    , 0x00, 0x00, 0x00, 0x01, 0x36, 0x01, 0x00, 0x00, 0x00, 0x00, 0x01, 0x00
    , 0x00, 0x00, 0x00, 0x01, 0x01, 0x00, 0x00, 0x00, 0x00, 0x66, 0x01, 0x00
    , 0x00, 0x00, 0x00, 0xb6, 0x02, 0x00, 0x00, 0x00, 0x00, 0xe7, 0x01, 0x00
    , 0x00, 0x00, 0x00, 0xb6, 0x01, 0x00, 0x00, 0x00, 0x00, 0x66, 0x01, 0x00
    , 0x00, 0x00, 0x00, 0x01, 0x0a, 0x00, 0x00, 0x00, 0x00, 0x00, 0x01, 0x00
    , 0x00, 0x00, 0x00, 0x01, 0x01, 0x00, 0x00, 0x00, 0x00, 0x66, 0x01, 0x00
    , 0x00, 0x00, 0x00, 0xb6, 0x02, 0x00, 0x00, 0x00, 0x00, 0xe7, 0x01, 0x00
    , 0x00, 0x00, 0x00, 0xb6, 0x01, 0x00, 0x00, 0x00, 0x00, 0x66, 0x01, 0x00
    , 0x00, 0x00, 0x00, 0x01, 0x15, 0x00, 0x00, 0x00, 0x00, 0x00, 0x01, 0x00
    , 0x00, 0x00, 0x00, 0x18, 0x01, 0x00, 0x00, 0x00, 0x00, 0xbc, 0x06, 0x00
    , 0x00, 0x00, 0x00, 0xff, 0x01, 0x00, 0x00, 0x00, 0x00, 0xbc, 0x01, 0x00
    , 0x00, 0x00, 0x00, 0x18, 0x08, 0x00, 0x00, 0x00, 0x00, 0x00, 0x01, 0x00
    , 0x00, 0x00, 0x00, 0x18, 0x01, 0x00, 0x00, 0x00, 0x00, 0xbc, 0x06, 0x00
    , 0x00, 0x00, 0x00, 0xff, 0x01, 0x00, 0x00, 0x00, 0x00, 0xbc, 0x01, 0x00
    , 0x00, 0x00, 0x00, 0x18, 0x13, 0x00, 0x00, 0x00, 0x00, 0x00, 0x01, 0x00
    , 0x00, 0x00, 0x00, 0x01, 0x01, 0x00, 0x00, 0x00, 0x00, 0xbc, 0x08, 0x00
    , 0x00, 0x00, 0x00, 0xff, 0x01, 0x00, 0x00, 0x00, 0x00, 0xbc, 0x01, 0x00
    , 0x00, 0x00, 0x00, 0x01, 0x06, 0x00, 0x00, 0x00, 0x00, 0x00, 0x01, 0x00
    , 0x00, 0x00, 0x00, 0x01, 0x01, 0x00, 0x00, 0x00, 0x00, 0xbc, 0x08, 0x00
    , 0x00, 0x00, 0x00, 0xff, 0x01, 0x00, 0x00, 0x00, 0x00, 0xbc, 0x01, 0x00
    , 0x00, 0x00, 0x00, 0x01, 0x12, 0x00, 0x00, 0x00, 0x00, 0x00, 0x01, 0x00
    , 0x00, 0x00, 0x00, 0x66, 0x0a, 0x00, 0x00, 0x00, 0x00, 0xff, 0x01, 0x00
    , 0x00, 0x00, 0x00, 0x65, 0x06, 0x00, 0x00, 0x00, 0x00, 0x00, 0x01, 0x00
    , 0x00, 0x00, 0x00, 0x66, 0x0a, 0x00, 0x00, 0x00, 0x00, 0xff, 0x01, 0x00
    , 0x00, 0x00, 0x00, 0x65, 0x12, 0x00, 0x00, 0x00, 0x00, 0x00, 0x01, 0x00
    , 0x00, 0x00, 0x00, 0xb6, 0x0a, 0x00, 0x00, 0x00, 0x00, 0xff, 0x01, 0x00
    , 0x00, 0x00, 0x00, 0xb5, 0x06, 0x00, 0x00, 0x00, 0x00, 0x00, 0x01, 0x00
    , 0x00, 0x00, 0x00, 0xb6, 0x0a, 0x00, 0x00, 0x00, 0x00, 0xff, 0x01, 0x00
    , 0x00, 0x00, 0x00, 0xb5, 0x12, 0x00, 0x00, 0x00, 0x00, 0x00, 0x01, 0x00
    , 0x00, 0x00, 0x00, 0xe7, 0x0a, 0x00, 0x00, 0x00, 0x00, 0xff, 0x01, 0x00
    , 0x00, 0x00, 0x00, 0xe6, 0x06, 0x00, 0x00, 0x00, 0x00, 0x00, 0x01, 0x00
    , 0x00, 0x00, 0x00, 0xe7, 0x0a, 0x00, 0x00, 0x00, 0x00, 0xff, 0x01, 0x00
    , 0x00, 0x00, 0x00, 0xe6, 0x12, 0x00, 0x00, 0x00, 0x00, 0x00, 0x01, 0x00
    , 0x00, 0x00, 0x00, 0xe7, 0x0a, 0x00, 0x00, 0x00, 0x00, 0xff, 0x01, 0x00
    , 0x00, 0x00, 0x00, 0xe6, 0x06, 0x00, 0x00, 0x00, 0x00, 0x00, 0x01, 0x00
    , 0x00, 0x00, 0x00, 0xe7, 0x0a, 0x00, 0x00, 0x00, 0x00, 0xff, 0x01, 0x00
    , 0x00, 0x00, 0x00, 0xe6, 0x12, 0x00, 0x00, 0x00, 0x00, 0x00, 0x01, 0x00
    , 0x00, 0x00, 0x00, 0xb6, 0x0a, 0x00, 0x00, 0x00, 0x00, 0xff, 0x01, 0x00
    , 0x00, 0x00, 0x00, 0xb5, 0x06, 0x00, 0x00, 0x00, 0x00, 0x00, 0x01, 0x00
    , 0x00, 0x00, 0x00, 0xb6, 0x0a, 0x00, 0x00, 0x00, 0x00, 0xff, 0x01, 0x00
    , 0x00, 0x00, 0x00, 0xb5, 0x12, 0x00, 0x00, 0x00, 0x00, 0x00, 0x01, 0x00
    , 0x00, 0x00, 0x00, 0x66, 0x0a, 0x00, 0x00, 0x00, 0x00, 0xff, 0x01, 0x00
    , 0x00, 0x00, 0x00, 0x65, 0x06, 0x00, 0x00, 0x00, 0x00, 0x00, 0x01, 0x00
    , 0x00, 0x00, 0x00, 0x66, 0x0a, 0x00, 0x00, 0x00, 0x00, 0xff, 0x01, 0x00
    , 0x00, 0x00, 0x00, 0x65, 0x12, 0x00, 0x00, 0x00, 0x00, 0x00, 0x01, 0x00
    , 0x00, 0x00, 0x00, 0x01, 0x01, 0x00, 0x00, 0x00, 0x00, 0xbc, 0x08, 0x00
    , 0x00, 0x00, 0x00, 0xff, 0x01, 0x00, 0x00, 0x00, 0x00, 0xbb, 0x01, 0x00
    , 0x00, 0x00, 0x00, 0x01, 0x06, 0x00, 0x00, 0x00, 0x00, 0x00, 0x01, 0x00
    , 0x00, 0x00, 0x00, 0x01, 0x01, 0x00, 0x00, 0x00, 0x00, 0xbc, 0x08, 0x00
    , 0x00, 0x00, 0x00, 0xff, 0x01, 0x00, 0x00, 0x00, 0x00, 0xbb, 0x01, 0x00
    , 0x00, 0x00, 0x00, 0x01, 0x13, 0x00, 0x00, 0x00, 0x00, 0x00, 0x01, 0x00
    , 0x00, 0x00, 0x00, 0x18, 0x01, 0x00, 0x00, 0x00, 0x00, 0xbc, 0x06, 0x00
    , 0x00, 0x00, 0x00, 0xff, 0x01, 0x00, 0x00, 0x00, 0x00, 0xbc, 0x01, 0x00
    , 0x00, 0x00, 0x00, 0x18, 0x08, 0x00, 0x00, 0x00, 0x00, 0x00, 0x01, 0x00
    , 0x00, 0x00, 0x00, 0x18, 0x01, 0x00, 0x00, 0x00, 0x00, 0xbc, 0x06, 0x00
    , 0x00, 0x00, 0x00, 0xff, 0x01, 0x00, 0x00, 0x00, 0x00, 0xbc, 0x01, 0x00
    , 0x00, 0x00, 0x00, 0x18, 0x15, 0x00, 0x00, 0x00, 0x00, 0x00, 0x01, 0x00
    , 0x00, 0x00, 0x00, 0x01, 0x01, 0x00, 0x00, 0x00, 0x00, 0x66, 0x01, 0x00
    , 0x00, 0x00, 0x00, 0xb5, 0x02, 0x00, 0x00, 0x00, 0x00, 0xe6, 0x01, 0x00
    , 0x00, 0x00, 0x00, 0xb5, 0x01, 0x00, 0x00, 0x00, 0x00, 0x65, 0x01, 0x00
    , 0x00, 0x00, 0x00, 0x01, 0x0a, 0x00, 0x00, 0x00, 0x00, 0x00, 0x01, 0x00
    , 0x00, 0x00, 0x00, 0x01, 0x01, 0x00, 0x00, 0x00, 0x00, 0x66, 0x01, 0x00
    , 0x00, 0x00, 0x00, 0xb5, 0x02, 0x00, 0x00, 0x00, 0x00, 0xe6, 0x01, 0x00
    , 0x00, 0x00, 0x00, 0xb5, 0x01, 0x00, 0x00, 0x00, 0x00, 0x65, 0x01, 0x00
    , 0x00, 0x00, 0x00, 0x01, 0x36, 0x01, 0x00, 0x00, 0x00, 0x00, 0x01, 0x00
    , 0x00, 0x00, 0x00, 0x01, 0x01, 0x00, 0x00, 0x00, 0x00, 0x66, 0x01, 0x00
    , 0x00, 0x00, 0x00, 0xb6, 0x02, 0x00, 0x00, 0x00, 0x00, 0xe7, 0x01, 0x00
    , 0x00, 0x00, 0x00, 0xb6, 0x01, 0x00, 0x00, 0x00, 0x00, 0x66, 0x01, 0x00
    , 0x00, 0x00, 0x00, 0x01, 0x0a, 0x00, 0x00, 0x00, 0x00, 0x00, 0x01, 0x00
    , 0x00, 0x00, 0x00, 0x01, 0x01, 0x00, 0x00, 0x00, 0x00, 0x66, 0x01, 0x00
    , 0x00, 0x00, 0x00, 0xb6, 0x02, 0x00, 0x00, 0x00, 0x00, 0xe7, 0x01, 0x00
    , 0x00, 0x00, 0x00, 0xb6, 0x01, 0x00, 0x00, 0x00, 0x00, 0x66, 0x01, 0x00
    , 0x00, 0x00, 0x00, 0x01, 0x15, 0x00, 0x00, 0x00, 0x00, 0x00, 0x01, 0x00
    , 0x00, 0x00, 0x00, 0x18, 0x01, 0x00, 0x00, 0x00, 0x00, 0xbc, 0x06, 0x00
    , 0x00, 0x00, 0x00, 0xff, 0x01, 0x00, 0x00, 0x00, 0x00, 0xbc, 0x01, 0x00
    , 0x00, 0x00, 0x00, 0x18, 0x08, 0x00, 0x00, 0x00, 0x00, 0x00, 0x01, 0x00
    , 0x00, 0x00, 0x00, 0x18, 0x01, 0x00, 0x00, 0x00, 0x00, 0xbc, 0x06, 0x00
    , 0x00, 0x00, 0x00, 0xff, 0x01, 0x00, 0x00, 0x00, 0x00, 0xbc, 0x01, 0x00
    , 0x00, 0x00, 0x00, 0x18, 0x13, 0x00, 0x00, 0x00, 0x00, 0x00, 0x01, 0x00
    , 0x00, 0x00, 0x00, 0x01, 0x01, 0x00, 0x00, 0x00, 0x00, 0xbc, 0x08, 0x00
    , 0x00, 0x00, 0x00, 0xff, 0x01, 0x00, 0x00, 0x00, 0x00, 0xbc, 0x01, 0x00
    , 0x00, 0x00, 0x00, 0x01, 0x06, 0x00, 0x00, 0x00, 0x00, 0x00, 0x01, 0x00
    , 0x00, 0x00, 0x00, 0x01, 0x01, 0x00, 0x00, 0x00, 0x00, 0xbc, 0x08, 0x00
    , 0x00, 0x00, 0x00, 0xff, 0x01, 0x00, 0x00, 0x00, 0x00, 0xbc, 0x01, 0x00
    , 0x00, 0x00, 0x00, 0x01, 0x12, 0x00, 0x00, 0x00, 0x00, 0x00, 0x01, 0x00
    , 0x00, 0x00, 0x00, 0x66, 0x0a, 0x00, 0x00, 0x00, 0x00, 0xff, 0x01, 0x00
    , 0x00, 0x00, 0x00, 0x65, 0x06, 0x00, 0x00, 0x00, 0x00, 0x00, 0x01, 0x00
    , 0x00, 0x00, 0x00, 0x66, 0x0a, 0x00, 0x00, 0x00, 0x00, 0xff, 0x01, 0x00
    , 0x00, 0x00, 0x00, 0x65, 0x12, 0x00, 0x00, 0x00, 0x00, 0x00, 0x01, 0x00
    , 0x00, 0x00, 0x00, 0xb6, 0x0a, 0x00, 0x00, 0x00, 0x00, 0xff, 0x01, 0x00
    , 0x00, 0x00, 0x00, 0xb5, 0x06, 0x00, 0x00, 0x00, 0x00, 0x00, 0x01, 0x00
    , 0x00, 0x00, 0x00, 0xb6, 0x0a, 0x00, 0x00, 0x00, 0x00, 0xff, 0x01, 0x00
    , 0x00, 0x00, 0x00, 0xb5, 0x12, 0x00, 0x00, 0x00, 0x00, 0x00, 0x01, 0x00
    , 0x00, 0x00, 0x00, 0xe7, 0x0a, 0x00, 0x00, 0x00, 0x00, 0xff, 0x01, 0x00
    , 0x00, 0x00, 0x00, 0xe6, 0x06, 0x00, 0x00, 0x00, 0x00, 0x00, 0x01, 0x00
    , 0x00, 0x00, 0x00, 0xe7, 0x0a, 0x00, 0x00, 0x00, 0x00, 0xff, 0x01, 0x00
    , 0x00, 0x00, 0x00, 0xe6, 0x12, 0x00, 0x00, 0x00, 0x00, 0x00, 0x01, 0x00
    , 0x00, 0x00, 0x00, 0xe7, 0x0a, 0x00, 0x00, 0x00, 0x00, 0xff, 0x01, 0x00
    , 0x00, 0x00, 0x00, 0xe6, 0x06, 0x00, 0x00, 0x00, 0x00, 0x00, 0x01, 0x00
    , 0x00, 0x00, 0x00, 0xe7, 0x0a, 0x00, 0x00, 0x00, 0x00, 0xff, 0x01, 0x00
    , 0x00, 0x00, 0x00, 0xe6, 0x12, 0x00, 0x00, 0x00, 0x00, 0x00, 0x01, 0x00
    , 0x00, 0x00, 0x00, 0xb6, 0x0a, 0x00, 0x00, 0x00, 0x00, 0xff, 0x01, 0x00
    , 0x00, 0x00, 0x00, 0xb5, 0x06, 0x00, 0x00, 0x00, 0x00, 0x00, 0x01, 0x00
    , 0x00, 0x00, 0x00, 0xb6, 0x0a, 0x00, 0x00, 0x00, 0x00, 0xff, 0x01, 0x00
    , 0x00, 0x00, 0x00, 0xb5, 0x12, 0x00, 0x00, 0x00, 0x00, 0x00, 0x01, 0x00
    , 0x00, 0x00, 0x00, 0x66, 0x0a, 0x00, 0x00, 0x00, 0x00, 0xff, 0x01, 0x00
    , 0x00, 0x00, 0x00, 0x65, 0x06, 0x00, 0x00, 0x00, 0x00, 0x00, 0x01, 0x00
    , 0x00, 0x00, 0x00, 0x66, 0x0a, 0x00, 0x00, 0x00, 0x00, 0xff, 0x01, 0x00
    , 0x00, 0x00, 0x00, 0x65, 0x12, 0x00, 0x00, 0x00, 0x00, 0x00, 0x01, 0x00
    , 0x00, 0x00, 0x00, 0x01, 0x01, 0x00, 0x00, 0x00, 0x00, 0xbc, 0x08, 0x00
    , 0x00, 0x00, 0x00, 0xff, 0x01, 0x00, 0x00, 0x00, 0x00, 0xbb, 0x01, 0x00
    , 0x00, 0x00, 0x00, 0x01, 0x06, 0x00, 0x00, 0x00, 0x00, 0x00, 0x01, 0x00
    , 0x00, 0x00, 0x00, 0x01, 0x01, 0x00, 0x00, 0x00, 0x00, 0xbc, 0x08, 0x00
    , 0x00, 0x00, 0x00, 0xff, 0x01, 0x00, 0x00, 0x00, 0x00, 0xbb, 0x01, 0x00
    , 0x00, 0x00, 0x00, 0x01, 0x13, 0x00, 0x00, 0x00, 0x00, 0x00, 0x01, 0x00
    , 0x00, 0x00, 0x00, 0x18, 0x01, 0x00, 0x00, 0x00, 0x00, 0xbc, 0x06, 0x00
    , 0x00, 0x00, 0x00, 0xff, 0x01, 0x00, 0x00, 0x00, 0x00, 0xbc, 0x01, 0x00
    , 0x00, 0x00, 0x00, 0x18, 0x08, 0x00, 0x00, 0x00, 0x00, 0x00, 0x01, 0x00
    , 0x00, 0x00, 0x00, 0x18, 0x01, 0x00, 0x00, 0x00, 0x00, 0xbc, 0x06, 0x00
    , 0x00, 0x00, 0x00, 0xff, 0x01, 0x00, 0x00, 0x00, 0x00, 0xbc, 0x01, 0x00
    , 0x00, 0x00, 0x00, 0x18, 0x15, 0x00, 0x00, 0x00, 0x00, 0x00, 0x01, 0x00
    , 0x00, 0x00, 0x00, 0x01, 0x01, 0x00, 0x00, 0x00, 0x00, 0x66, 0x01, 0x00
    , 0x00, 0x00, 0x00, 0xb5, 0x02, 0x00, 0x00, 0x00, 0x00, 0xe6, 0x01, 0x00
    , 0x00, 0x00, 0x00, 0xb5, 0x01, 0x00, 0x00, 0x00, 0x00, 0x65, 0x01, 0x00
    , 0x00, 0x00, 0x00, 0x01, 0x0a, 0x00, 0x00, 0x00, 0x00, 0x00, 0x01, 0x00
    , 0x00, 0x00, 0x00, 0x01, 0x01, 0x00, 0x00, 0x00, 0x00, 0x66, 0x01, 0x00
    , 0x00, 0x00, 0x00, 0xb5, 0x02, 0x00, 0x00, 0x00, 0x00, 0xe6, 0x01, 0x00
    , 0x00, 0x00, 0x00, 0xb5, 0x01, 0x00, 0x00, 0x00, 0x00, 0x65, 0x01, 0x00
    , 0x00, 0x00, 0x00, 0x01, 0x0b, 0x00, 0x00, 0x00, 0x00, 0x00
};

inline Upp::Image ICON_DESIGN_DRAG_INDICATOR_48()
{
    return Upp::UiMakeIcon(DATA_DESIGN_DRAG_INDICATOR_48);
}

static const unsigned char DATA_DESIGN_FOLDER_48[] = {
    0x30, 0x80, 0x30, 0x00, 0xc3, 0x00, 0x00, 0x00, 0x00, 0x00, 0x01, 0x00
    , 0x00, 0x00, 0x00, 0x01, 0x01, 0x00, 0x00, 0x00, 0x00, 0x23, 0x0c, 0x00
    , 0x00, 0x00, 0x00, 0x32, 0x01, 0x00, 0x00, 0x00, 0x00, 0x23, 0x01, 0x00
    , 0x00, 0x00, 0x00, 0x01, 0x1e, 0x00, 0x00, 0x00, 0x00, 0x00, 0x01, 0x00
    , 0x00, 0x00, 0x00, 0x07, 0x01, 0x00, 0x00, 0x00, 0x00, 0x88, 0x01, 0x00
    , 0x00, 0x00, 0x00, 0xf1, 0x0e, 0x00, 0x00, 0x00, 0x00, 0xff, 0x01, 0x00
    , 0x00, 0x00, 0x00, 0xf1, 0x01, 0x00, 0x00, 0x00, 0x00, 0x8a, 0x01, 0x00
    , 0x00, 0x00, 0x00, 0x08, 0x1b, 0x00, 0x00, 0x00, 0x00, 0x00, 0x01, 0x00
    , 0x00, 0x00, 0x00, 0x03, 0x01, 0x00, 0x00, 0x00, 0x00, 0xc2, 0x12, 0x00
    , 0x00, 0x00, 0x00, 0xff, 0x01, 0x00, 0x00, 0x00, 0x00, 0xcf, 0x01, 0x00
    , 0x00, 0x00, 0x00, 0x14, 0x1a, 0x00, 0x00, 0x00, 0x00, 0x00, 0x01, 0x00
    , 0x00, 0x00, 0x00, 0x74, 0x14, 0x00, 0x00, 0x00, 0x00, 0xff, 0x01, 0x00
    , 0x00, 0x00, 0x00, 0xd1, 0x01, 0x00, 0x00, 0x00, 0x00, 0x14, 0x19, 0x00
    , 0x00, 0x00, 0x00, 0x00, 0x01, 0x00, 0x00, 0x00, 0x00, 0xca, 0x15, 0x00
    , 0x00, 0x00, 0x00, 0xff, 0x01, 0x00, 0x00, 0x00, 0x00, 0xd1, 0x01, 0x00
    , 0x00, 0x00, 0x00, 0x14, 0x18, 0x00, 0x00, 0x00, 0x00, 0x00, 0x01, 0x00
    , 0x00, 0x00, 0x00, 0xf7, 0x03, 0x00, 0x00, 0x00, 0x00, 0xff, 0x01, 0x00
    , 0x00, 0x00, 0x00, 0xeb, 0x0c, 0x00, 0x00, 0x00, 0x00, 0x99, 0x01, 0x00
    , 0x00, 0x00, 0x00, 0xd5, 0x05, 0x00, 0x00, 0x00, 0x00, 0xff, 0x01, 0x00
    , 0x00, 0x00, 0x00, 0xd1, 0x13, 0x00, 0x00, 0x00, 0x00, 0x65, 0x01, 0x00
    , 0x00, 0x00, 0x00, 0x56, 0x01, 0x00, 0x00, 0x00, 0x00, 0x26, 0x03, 0x00
    , 0x00, 0x00, 0x00, 0x00, 0x04, 0x00, 0x00, 0x00, 0x00, 0xff, 0x01, 0x00
    , 0x00, 0x00, 0x00, 0xcc, 0x0c, 0x00, 0x00, 0x00, 0x00, 0x00, 0x01, 0x00
    , 0x00, 0x00, 0x00, 0x12, 0x01, 0x00, 0x00, 0x00, 0x00, 0xcf, 0x1a, 0x00
    , 0x00, 0x00, 0x00, 0xff, 0x01, 0x00, 0x00, 0x00, 0x00, 0xba, 0x01, 0x00
    , 0x00, 0x00, 0x00, 0x1c, 0x01, 0x00, 0x00, 0x00, 0x00, 0x00, 0x04, 0x00
    , 0x00, 0x00, 0x00, 0xff, 0x01, 0x00, 0x00, 0x00, 0x00, 0xcc, 0x0d, 0x00
    , 0x00, 0x00, 0x00, 0x00, 0x01, 0x00, 0x00, 0x00, 0x00, 0x12, 0x01, 0x00
    , 0x00, 0x00, 0x00, 0xcf, 0x1a, 0x00, 0x00, 0x00, 0x00, 0xff, 0x01, 0x00
    , 0x00, 0x00, 0x00, 0xdf, 0x01, 0x00, 0x00, 0x00, 0x00, 0x0c, 0x04, 0x00
    , 0x00, 0x00, 0x00, 0xff, 0x01, 0x00, 0x00, 0x00, 0x00, 0xcc, 0x0e, 0x00
    , 0x00, 0x00, 0x00, 0x00, 0x01, 0x00, 0x00, 0x00, 0x00, 0x12, 0x01, 0x00
    , 0x00, 0x00, 0x00, 0xcf, 0x1a, 0x00, 0x00, 0x00, 0x00, 0xff, 0x01, 0x00
    , 0x00, 0x00, 0x00, 0x8e, 0x04, 0x00, 0x00, 0x00, 0x00, 0xff, 0x01, 0x00
    , 0x00, 0x00, 0x00, 0xcc, 0x0f, 0x00, 0x00, 0x00, 0x00, 0x00, 0x01, 0x00
    , 0x00, 0x00, 0x00, 0x12, 0x01, 0x00, 0x00, 0x00, 0x00, 0xcf, 0x19, 0x00
    , 0x00, 0x00, 0x00, 0xff, 0x01, 0x00, 0x00, 0x00, 0x00, 0xd3, 0x04, 0x00
    , 0x00, 0x00, 0x00, 0xff, 0x01, 0x00, 0x00, 0x00, 0x00, 0xcc, 0x10, 0x00
    , 0x00, 0x00, 0x00, 0x00, 0x01, 0x00, 0x00, 0x00, 0x00, 0x12, 0x15, 0x00
    , 0x00, 0x00, 0x00, 0x65, 0x01, 0x00, 0x00, 0x00, 0x00, 0xe1, 0x03, 0x00
    , 0x00, 0x00, 0x00, 0xff, 0x01, 0x00, 0x00, 0x00, 0x00, 0xfc, 0x04, 0x00
    , 0x00, 0x00, 0x00, 0xff, 0x01, 0x00, 0x00, 0x00, 0x00, 0xcc, 0x26, 0x00
    , 0x00, 0x00, 0x00, 0x00, 0x01, 0x00, 0x00, 0x00, 0x00, 0xcc, 0x08, 0x00
    , 0x00, 0x00, 0x00, 0xff, 0x01, 0x00, 0x00, 0x00, 0x00, 0xcc, 0x26, 0x00
    , 0x00, 0x00, 0x00, 0x00, 0x01, 0x00, 0x00, 0x00, 0x00, 0xcc, 0x08, 0x00
    , 0x00, 0x00, 0x00, 0xff, 0x01, 0x00, 0x00, 0x00, 0x00, 0xcc, 0x26, 0x00
    , 0x00, 0x00, 0x00, 0x00, 0x01, 0x00, 0x00, 0x00, 0x00, 0xcc, 0x08, 0x00
    , 0x00, 0x00, 0x00, 0xff, 0x01, 0x00, 0x00, 0x00, 0x00, 0xcc, 0x26, 0x00
    , 0x00, 0x00, 0x00, 0x00, 0x01, 0x00, 0x00, 0x00, 0x00, 0xcc, 0x08, 0x00
    , 0x00, 0x00, 0x00, 0xff, 0x01, 0x00, 0x00, 0x00, 0x00, 0xcc, 0x26, 0x00
    , 0x00, 0x00, 0x00, 0x00, 0x01, 0x00, 0x00, 0x00, 0x00, 0xcc, 0x08, 0x00
    , 0x00, 0x00, 0x00, 0xff, 0x01, 0x00, 0x00, 0x00, 0x00, 0xcc, 0x26, 0x00
    , 0x00, 0x00, 0x00, 0x00, 0x01, 0x00, 0x00, 0x00, 0x00, 0xcc, 0x08, 0x00
    , 0x00, 0x00, 0x00, 0xff, 0x01, 0x00, 0x00, 0x00, 0x00, 0xcc, 0x26, 0x00
    , 0x00, 0x00, 0x00, 0x00, 0x01, 0x00, 0x00, 0x00, 0x00, 0xcc, 0x08, 0x00
    , 0x00, 0x00, 0x00, 0xff, 0x01, 0x00, 0x00, 0x00, 0x00, 0xcc, 0x26, 0x00
    , 0x00, 0x00, 0x00, 0x00, 0x01, 0x00, 0x00, 0x00, 0x00, 0xcc, 0x08, 0x00
    , 0x00, 0x00, 0x00, 0xff, 0x01, 0x00, 0x00, 0x00, 0x00, 0xcc, 0x26, 0x00
    , 0x00, 0x00, 0x00, 0x00, 0x01, 0x00, 0x00, 0x00, 0x00, 0xcc, 0x08, 0x00
    , 0x00, 0x00, 0x00, 0xff, 0x01, 0x00, 0x00, 0x00, 0x00, 0xcc, 0x26, 0x00
    , 0x00, 0x00, 0x00, 0x00, 0x01, 0x00, 0x00, 0x00, 0x00, 0xcc, 0x08, 0x00
    , 0x00, 0x00, 0x00, 0xff, 0x01, 0x00, 0x00, 0x00, 0x00, 0xcc, 0x26, 0x00
    , 0x00, 0x00, 0x00, 0x00, 0x01, 0x00, 0x00, 0x00, 0x00, 0xcc, 0x08, 0x00
    , 0x00, 0x00, 0x00, 0xff, 0x01, 0x00, 0x00, 0x00, 0x00, 0xcc, 0x26, 0x00
    , 0x00, 0x00, 0x00, 0x00, 0x01, 0x00, 0x00, 0x00, 0x00, 0xcc, 0x08, 0x00
    , 0x00, 0x00, 0x00, 0xff, 0x01, 0x00, 0x00, 0x00, 0x00, 0xcc, 0x26, 0x00
    , 0x00, 0x00, 0x00, 0x00, 0x01, 0x00, 0x00, 0x00, 0x00, 0xcc, 0x08, 0x00
    , 0x00, 0x00, 0x00, 0xff, 0x01, 0x00, 0x00, 0x00, 0x00, 0xcc, 0x26, 0x00
    , 0x00, 0x00, 0x00, 0x00, 0x01, 0x00, 0x00, 0x00, 0x00, 0xcc, 0x08, 0x00
    , 0x00, 0x00, 0x00, 0xff, 0x01, 0x00, 0x00, 0x00, 0x00, 0xcc, 0x26, 0x00
    , 0x00, 0x00, 0x00, 0x00, 0x01, 0x00, 0x00, 0x00, 0x00, 0xcc, 0x08, 0x00
    , 0x00, 0x00, 0x00, 0xff, 0x01, 0x00, 0x00, 0x00, 0x00, 0xcc, 0x26, 0x00
    , 0x00, 0x00, 0x00, 0x00, 0x01, 0x00, 0x00, 0x00, 0x00, 0xcc, 0x08, 0x00
    , 0x00, 0x00, 0x00, 0xff, 0x01, 0x00, 0x00, 0x00, 0x00, 0xcc, 0x26, 0x00
    , 0x00, 0x00, 0x00, 0x00, 0x01, 0x00, 0x00, 0x00, 0x00, 0xcc, 0x08, 0x00
    , 0x00, 0x00, 0x00, 0xff, 0x01, 0x00, 0x00, 0x00, 0x00, 0xcc, 0x26, 0x00
    , 0x00, 0x00, 0x00, 0x00, 0x01, 0x00, 0x00, 0x00, 0x00, 0xcc, 0x08, 0x00
    , 0x00, 0x00, 0x00, 0xff, 0x01, 0x00, 0x00, 0x00, 0x00, 0xcc, 0x26, 0x00
    , 0x00, 0x00, 0x00, 0x00, 0x01, 0x00, 0x00, 0x00, 0x00, 0xcc, 0x08, 0x00
    , 0x00, 0x00, 0x00, 0xff, 0x01, 0x00, 0x00, 0x00, 0x00, 0xcc, 0x26, 0x00
    , 0x00, 0x00, 0x00, 0x00, 0x01, 0x00, 0x00, 0x00, 0x00, 0xcc, 0x08, 0x00
    , 0x00, 0x00, 0x00, 0xff, 0x01, 0x00, 0x00, 0x00, 0x00, 0xcc, 0x26, 0x00
    , 0x00, 0x00, 0x00, 0x00, 0x01, 0x00, 0x00, 0x00, 0x00, 0xcc, 0x08, 0x00
    , 0x00, 0x00, 0x00, 0xff, 0x01, 0x00, 0x00, 0x00, 0x00, 0xcc, 0x26, 0x00
    , 0x00, 0x00, 0x00, 0x00, 0x01, 0x00, 0x00, 0x00, 0x00, 0xcc, 0x08, 0x00
    , 0x00, 0x00, 0x00, 0xff, 0x01, 0x00, 0x00, 0x00, 0x00, 0xcc, 0x26, 0x00
    , 0x00, 0x00, 0x00, 0x00, 0x01, 0x00, 0x00, 0x00, 0x00, 0xcc, 0x04, 0x00
    , 0x00, 0x00, 0x00, 0xff, 0x01, 0x00, 0x00, 0x00, 0x00, 0xf7, 0x03, 0x00
    , 0x00, 0x00, 0x00, 0xff, 0x01, 0x00, 0x00, 0x00, 0x00, 0xeb, 0x26, 0x00
    , 0x00, 0x00, 0x00, 0x99, 0x01, 0x00, 0x00, 0x00, 0x00, 0xeb, 0x03, 0x00
    , 0x00, 0x00, 0x00, 0xff, 0x01, 0x00, 0x00, 0x00, 0x00, 0xf6, 0x01, 0x00
    , 0x00, 0x00, 0x00, 0xca, 0x2e, 0x00, 0x00, 0x00, 0x00, 0xff, 0x01, 0x00
    , 0x00, 0x00, 0x00, 0xc9, 0x01, 0x00, 0x00, 0x00, 0x00, 0x74, 0x2e, 0x00
    , 0x00, 0x00, 0x00, 0xff, 0x01, 0x00, 0x00, 0x00, 0x00, 0x74, 0x01, 0x00
    , 0x00, 0x00, 0x00, 0x03, 0x01, 0x00, 0x00, 0x00, 0x00, 0xc1, 0x2c, 0x00
    , 0x00, 0x00, 0x00, 0xff, 0x01, 0x00, 0x00, 0x00, 0x00, 0xc1, 0x01, 0x00
    , 0x00, 0x00, 0x00, 0x02, 0x01, 0x00, 0x00, 0x00, 0x00, 0x00, 0x01, 0x00
    , 0x00, 0x00, 0x00, 0x06, 0x01, 0x00, 0x00, 0x00, 0x00, 0x88, 0x01, 0x00
    , 0x00, 0x00, 0x00, 0xf1, 0x28, 0x00, 0x00, 0x00, 0x00, 0xff, 0x01, 0x00
    , 0x00, 0x00, 0x00, 0xf1, 0x01, 0x00, 0x00, 0x00, 0x00, 0x87, 0x01, 0x00
    , 0x00, 0x00, 0x00, 0x06, 0x04, 0x00, 0x00, 0x00, 0x00, 0x00, 0x01, 0x00
    , 0x00, 0x00, 0x00, 0x01, 0x01, 0x00, 0x00, 0x00, 0x00, 0x22, 0x26, 0x00
    , 0x00, 0x00, 0x00, 0x32, 0x01, 0x00, 0x00, 0x00, 0x00, 0x22, 0x01, 0x00
    , 0x00, 0x00, 0x00, 0x01, 0xc3, 0x00, 0x00, 0x00, 0x00, 0x00
};

inline Upp::Image ICON_DESIGN_FOLDER_48()
{
    return Upp::UiMakeIcon(DATA_DESIGN_FOLDER_48);
}

static const unsigned char DATA_DESIGN_HOME_48[] = {
    0x30, 0x80, 0x30, 0x00, 0x15, 0x00, 0x00, 0x00, 0x00, 0x00, 0x01, 0x00
    , 0x00, 0x00, 0x00, 0x53, 0x01, 0x00, 0x00, 0x00, 0x00, 0xc0, 0x02, 0x00
    , 0x00, 0x00, 0x00, 0xeb, 0x01, 0x00, 0x00, 0x00, 0x00, 0xc0, 0x01, 0x00
    , 0x00, 0x00, 0x00, 0x53, 0x28, 0x00, 0x00, 0x00, 0x00, 0x00, 0x01, 0x00
    , 0x00, 0x00, 0x00, 0x17, 0x01, 0x00, 0x00, 0x00, 0x00, 0xbc, 0x06, 0x00
    , 0x00, 0x00, 0x00, 0xff, 0x01, 0x00, 0x00, 0x00, 0x00, 0xbb, 0x01, 0x00
    , 0x00, 0x00, 0x00, 0x17, 0x25, 0x00, 0x00, 0x00, 0x00, 0x00, 0x01, 0x00
    , 0x00, 0x00, 0x00, 0x42, 0x01, 0x00, 0x00, 0x00, 0x00, 0xe7, 0x08, 0x00
    , 0x00, 0x00, 0x00, 0xff, 0x01, 0x00, 0x00, 0x00, 0x00, 0xe7, 0x01, 0x00
    , 0x00, 0x00, 0x00, 0x41, 0x22, 0x00, 0x00, 0x00, 0x00, 0x00, 0x01, 0x00
    , 0x00, 0x00, 0x00, 0x02, 0x01, 0x00, 0x00, 0x00, 0x00, 0x7f, 0x01, 0x00
    , 0x00, 0x00, 0x00, 0xfd, 0x0a, 0x00, 0x00, 0x00, 0x00, 0xff, 0x01, 0x00
    , 0x00, 0x00, 0x00, 0xfd, 0x01, 0x00, 0x00, 0x00, 0x00, 0x7e, 0x01, 0x00
    , 0x00, 0x00, 0x00, 0x02, 0x1f, 0x00, 0x00, 0x00, 0x00, 0x00, 0x01, 0x00
    , 0x00, 0x00, 0x00, 0x17, 0x01, 0x00, 0x00, 0x00, 0x00, 0xbd, 0x0e, 0x00
    , 0x00, 0x00, 0x00, 0xff, 0x01, 0x00, 0x00, 0x00, 0x00, 0xbc, 0x01, 0x00
    , 0x00, 0x00, 0x00, 0x17, 0x1d, 0x00, 0x00, 0x00, 0x00, 0x00, 0x01, 0x00
    , 0x00, 0x00, 0x00, 0x42, 0x01, 0x00, 0x00, 0x00, 0x00, 0xe7, 0x07, 0x00
    , 0x00, 0x00, 0x00, 0xff, 0x02, 0x00, 0x00, 0x00, 0x00, 0xd2, 0x07, 0x00
    , 0x00, 0x00, 0x00, 0xff, 0x01, 0x00, 0x00, 0x00, 0x00, 0xe7, 0x01, 0x00
    , 0x00, 0x00, 0x00, 0x41, 0x1a, 0x00, 0x00, 0x00, 0x00, 0x00, 0x01, 0x00
    , 0x00, 0x00, 0x00, 0x02, 0x01, 0x00, 0x00, 0x00, 0x00, 0x7f, 0x01, 0x00
    , 0x00, 0x00, 0x00, 0xfd, 0x07, 0x00, 0x00, 0x00, 0x00, 0xff, 0x01, 0x00
    , 0x00, 0x00, 0x00, 0x9a, 0x02, 0x00, 0x00, 0x00, 0x00, 0x09, 0x01, 0x00
    , 0x00, 0x00, 0x00, 0x9b, 0x07, 0x00, 0x00, 0x00, 0x00, 0xff, 0x01, 0x00
    , 0x00, 0x00, 0x00, 0xfd, 0x01, 0x00, 0x00, 0x00, 0x00, 0x7e, 0x01, 0x00
    , 0x00, 0x00, 0x00, 0x02, 0x17, 0x00, 0x00, 0x00, 0x00, 0x00, 0x01, 0x00
    , 0x00, 0x00, 0x00, 0x17, 0x01, 0x00, 0x00, 0x00, 0x00, 0xbd, 0x07, 0x00
    , 0x00, 0x00, 0x00, 0xff, 0x01, 0x00, 0x00, 0x00, 0x00, 0xf3, 0x01, 0x00
    , 0x00, 0x00, 0x00, 0x5b, 0x04, 0x00, 0x00, 0x00, 0x00, 0x00, 0x01, 0x00
    , 0x00, 0x00, 0x00, 0x5c, 0x01, 0x00, 0x00, 0x00, 0x00, 0xf4, 0x07, 0x00
    , 0x00, 0x00, 0x00, 0xff, 0x01, 0x00, 0x00, 0x00, 0x00, 0xbc, 0x01, 0x00
    , 0x00, 0x00, 0x00, 0x17, 0x15, 0x00, 0x00, 0x00, 0x00, 0x00, 0x01, 0x00
    , 0x00, 0x00, 0x00, 0x42, 0x01, 0x00, 0x00, 0x00, 0x00, 0xe7, 0x07, 0x00
    , 0x00, 0x00, 0x00, 0xff, 0x01, 0x00, 0x00, 0x00, 0x00, 0xd2, 0x01, 0x00
    , 0x00, 0x00, 0x00, 0x27, 0x06, 0x00, 0x00, 0x00, 0x00, 0x00, 0x01, 0x00
    , 0x00, 0x00, 0x00, 0x28, 0x01, 0x00, 0x00, 0x00, 0x00, 0xd2, 0x07, 0x00
    , 0x00, 0x00, 0x00, 0xff, 0x01, 0x00, 0x00, 0x00, 0x00, 0xe7, 0x01, 0x00
    , 0x00, 0x00, 0x00, 0x41, 0x12, 0x00, 0x00, 0x00, 0x00, 0x00, 0x01, 0x00
    , 0x00, 0x00, 0x00, 0x02, 0x01, 0x00, 0x00, 0x00, 0x00, 0x7f, 0x01, 0x00
    , 0x00, 0x00, 0x00, 0xfd, 0x07, 0x00, 0x00, 0x00, 0x00, 0xff, 0x01, 0x00
    , 0x00, 0x00, 0x00, 0x9a, 0x01, 0x00, 0x00, 0x00, 0x00, 0x09, 0x08, 0x00
    , 0x00, 0x00, 0x00, 0x00, 0x01, 0x00, 0x00, 0x00, 0x00, 0x09, 0x01, 0x00
    , 0x00, 0x00, 0x00, 0x9b, 0x07, 0x00, 0x00, 0x00, 0x00, 0xff, 0x01, 0x00
    , 0x00, 0x00, 0x00, 0xfd, 0x01, 0x00, 0x00, 0x00, 0x00, 0x7e, 0x01, 0x00
    , 0x00, 0x00, 0x00, 0x02, 0x0f, 0x00, 0x00, 0x00, 0x00, 0x00, 0x01, 0x00
    , 0x00, 0x00, 0x00, 0x17, 0x01, 0x00, 0x00, 0x00, 0x00, 0xbd, 0x07, 0x00
    , 0x00, 0x00, 0x00, 0xff, 0x01, 0x00, 0x00, 0x00, 0x00, 0xf3, 0x01, 0x00
    , 0x00, 0x00, 0x00, 0x5b, 0x0c, 0x00, 0x00, 0x00, 0x00, 0x00, 0x01, 0x00
    , 0x00, 0x00, 0x00, 0x5c, 0x01, 0x00, 0x00, 0x00, 0x00, 0xf4, 0x07, 0x00
    , 0x00, 0x00, 0x00, 0xff, 0x01, 0x00, 0x00, 0x00, 0x00, 0xbc, 0x01, 0x00
    , 0x00, 0x00, 0x00, 0x17, 0x0d, 0x00, 0x00, 0x00, 0x00, 0x00, 0x01, 0x00
    , 0x00, 0x00, 0x00, 0x42, 0x01, 0x00, 0x00, 0x00, 0x00, 0xe7, 0x07, 0x00
    , 0x00, 0x00, 0x00, 0xff, 0x01, 0x00, 0x00, 0x00, 0x00, 0xd2, 0x01, 0x00
    , 0x00, 0x00, 0x00, 0x27, 0x0e, 0x00, 0x00, 0x00, 0x00, 0x00, 0x01, 0x00
    , 0x00, 0x00, 0x00, 0x28, 0x01, 0x00, 0x00, 0x00, 0x00, 0xd2, 0x07, 0x00
    , 0x00, 0x00, 0x00, 0xff, 0x01, 0x00, 0x00, 0x00, 0x00, 0xe7, 0x01, 0x00
    , 0x00, 0x00, 0x00, 0x41, 0x0a, 0x00, 0x00, 0x00, 0x00, 0x00, 0x01, 0x00
    , 0x00, 0x00, 0x00, 0x02, 0x01, 0x00, 0x00, 0x00, 0x00, 0x7f, 0x01, 0x00
    , 0x00, 0x00, 0x00, 0xfd, 0x07, 0x00, 0x00, 0x00, 0x00, 0xff, 0x01, 0x00
    , 0x00, 0x00, 0x00, 0x9a, 0x01, 0x00, 0x00, 0x00, 0x00, 0x09, 0x10, 0x00
    , 0x00, 0x00, 0x00, 0x00, 0x01, 0x00, 0x00, 0x00, 0x00, 0x09, 0x01, 0x00
    , 0x00, 0x00, 0x00, 0x9b, 0x07, 0x00, 0x00, 0x00, 0x00, 0xff, 0x01, 0x00
    , 0x00, 0x00, 0x00, 0xfd, 0x01, 0x00, 0x00, 0x00, 0x00, 0x7e, 0x01, 0x00
    , 0x00, 0x00, 0x00, 0x02, 0x07, 0x00, 0x00, 0x00, 0x00, 0x00, 0x01, 0x00
    , 0x00, 0x00, 0x00, 0x0e, 0x01, 0x00, 0x00, 0x00, 0x00, 0xbb, 0x07, 0x00
    , 0x00, 0x00, 0x00, 0xff, 0x01, 0x00, 0x00, 0x00, 0x00, 0xf3, 0x01, 0x00
    , 0x00, 0x00, 0x00, 0x5b, 0x14, 0x00, 0x00, 0x00, 0x00, 0x00, 0x01, 0x00
    , 0x00, 0x00, 0x00, 0x5c, 0x01, 0x00, 0x00, 0x00, 0x00, 0xf4, 0x07, 0x00
    , 0x00, 0x00, 0x00, 0xff, 0x01, 0x00, 0x00, 0x00, 0x00, 0xba, 0x01, 0x00
    , 0x00, 0x00, 0x00, 0x0e, 0x05, 0x00, 0x00, 0x00, 0x00, 0x00, 0x01, 0x00
    , 0x00, 0x00, 0x00, 0x03, 0x01, 0x00, 0x00, 0x00, 0x00, 0xc4, 0x07, 0x00
    , 0x00, 0x00, 0x00, 0xff, 0x01, 0x00, 0x00, 0x00, 0x00, 0xd2, 0x01, 0x00
    , 0x00, 0x00, 0x00, 0x27, 0x16, 0x00, 0x00, 0x00, 0x00, 0x00, 0x01, 0x00
    , 0x00, 0x00, 0x00, 0x28, 0x01, 0x00, 0x00, 0x00, 0x00, 0xd2, 0x07, 0x00
    , 0x00, 0x00, 0x00, 0xff, 0x01, 0x00, 0x00, 0x00, 0x00, 0xc4, 0x01, 0x00
    , 0x00, 0x00, 0x00, 0x02, 0x04, 0x00, 0x00, 0x00, 0x00, 0x00, 0x01, 0x00
    , 0x00, 0x00, 0x00, 0x5d, 0x07, 0x00, 0x00, 0x00, 0x00, 0xff, 0x01, 0x00
    , 0x00, 0x00, 0x00, 0x9a, 0x01, 0x00, 0x00, 0x00, 0x00, 0x09, 0x18, 0x00
    , 0x00, 0x00, 0x00, 0x00, 0x01, 0x00, 0x00, 0x00, 0x00, 0x09, 0x01, 0x00
    , 0x00, 0x00, 0x00, 0x9b, 0x07, 0x00, 0x00, 0x00, 0x00, 0xff, 0x01, 0x00
    , 0x00, 0x00, 0x00, 0x5d, 0x04, 0x00, 0x00, 0x00, 0x00, 0x00, 0x01, 0x00
    , 0x00, 0x00, 0x00, 0xa1, 0x05, 0x00, 0x00, 0x00, 0x00, 0xff, 0x01, 0x00
    , 0x00, 0x00, 0x00, 0xf3, 0x01, 0x00, 0x00, 0x00, 0x00, 0x5b, 0x1c, 0x00
    , 0x00, 0x00, 0x00, 0x00, 0x01, 0x00, 0x00, 0x00, 0x00, 0x5c, 0x01, 0x00
    , 0x00, 0x00, 0x00, 0xf4, 0x05, 0x00, 0x00, 0x00, 0x00, 0xff, 0x01, 0x00
    , 0x00, 0x00, 0x00, 0xa0, 0x04, 0x00, 0x00, 0x00, 0x00, 0x00, 0x01, 0x00
    , 0x00, 0x00, 0x00, 0xdc, 0x04, 0x00, 0x00, 0x00, 0x00, 0xff, 0x01, 0x00
    , 0x00, 0x00, 0x00, 0xd7, 0x01, 0x00, 0x00, 0x00, 0x00, 0x27, 0x1e, 0x00
    , 0x00, 0x00, 0x00, 0x00, 0x01, 0x00, 0x00, 0x00, 0x00, 0x28, 0x01, 0x00
    , 0x00, 0x00, 0x00, 0xd7, 0x04, 0x00, 0x00, 0x00, 0x00, 0xff, 0x01, 0x00
    , 0x00, 0x00, 0x00, 0xdc, 0x04, 0x00, 0x00, 0x00, 0x00, 0x00, 0x01, 0x00
    , 0x00, 0x00, 0x00, 0xf0, 0x04, 0x00, 0x00, 0x00, 0x00, 0xff, 0x01, 0x00
    , 0x00, 0x00, 0x00, 0x8a, 0x20, 0x00, 0x00, 0x00, 0x00, 0x00, 0x01, 0x00
    , 0x00, 0x00, 0x00, 0x8a, 0x04, 0x00, 0x00, 0x00, 0x00, 0xff, 0x01, 0x00
    , 0x00, 0x00, 0x00, 0xf0, 0x04, 0x00, 0x00, 0x00, 0x00, 0x00, 0x01, 0x00
    , 0x00, 0x00, 0x00, 0xf0, 0x04, 0x00, 0x00, 0x00, 0x00, 0xff, 0x01, 0x00
    , 0x00, 0x00, 0x00, 0x8a, 0x20, 0x00, 0x00, 0x00, 0x00, 0x00, 0x01, 0x00
    , 0x00, 0x00, 0x00, 0x8a, 0x04, 0x00, 0x00, 0x00, 0x00, 0xff, 0x01, 0x00
    , 0x00, 0x00, 0x00, 0xf0, 0x04, 0x00, 0x00, 0x00, 0x00, 0x00, 0x01, 0x00
    , 0x00, 0x00, 0x00, 0xf0, 0x04, 0x00, 0x00, 0x00, 0x00, 0xff, 0x01, 0x00
    , 0x00, 0x00, 0x00, 0x8a, 0x20, 0x00, 0x00, 0x00, 0x00, 0x00, 0x01, 0x00
    , 0x00, 0x00, 0x00, 0x8a, 0x04, 0x00, 0x00, 0x00, 0x00, 0xff, 0x01, 0x00
    , 0x00, 0x00, 0x00, 0xf0, 0x04, 0x00, 0x00, 0x00, 0x00, 0x00, 0x01, 0x00
    , 0x00, 0x00, 0x00, 0xf0, 0x04, 0x00, 0x00, 0x00, 0x00, 0xff, 0x01, 0x00
    , 0x00, 0x00, 0x00, 0x8a, 0x20, 0x00, 0x00, 0x00, 0x00, 0x00, 0x01, 0x00
    , 0x00, 0x00, 0x00, 0x8a, 0x04, 0x00, 0x00, 0x00, 0x00, 0xff, 0x01, 0x00
    , 0x00, 0x00, 0x00, 0xf0, 0x04, 0x00, 0x00, 0x00, 0x00, 0x00, 0x01, 0x00
    , 0x00, 0x00, 0x00, 0xf0, 0x04, 0x00, 0x00, 0x00, 0x00, 0xff, 0x01, 0x00
    , 0x00, 0x00, 0x00, 0x8a, 0x20, 0x00, 0x00, 0x00, 0x00, 0x00, 0x01, 0x00
    , 0x00, 0x00, 0x00, 0x8a, 0x04, 0x00, 0x00, 0x00, 0x00, 0xff, 0x01, 0x00
    , 0x00, 0x00, 0x00, 0xf0, 0x04, 0x00, 0x00, 0x00, 0x00, 0x00, 0x01, 0x00
    , 0x00, 0x00, 0x00, 0xf0, 0x04, 0x00, 0x00, 0x00, 0x00, 0xff, 0x01, 0x00
    , 0x00, 0x00, 0x00, 0x8a, 0x20, 0x00, 0x00, 0x00, 0x00, 0x00, 0x01, 0x00
    , 0x00, 0x00, 0x00, 0x8a, 0x04, 0x00, 0x00, 0x00, 0x00, 0xff, 0x01, 0x00
    , 0x00, 0x00, 0x00, 0xf0, 0x04, 0x00, 0x00, 0x00, 0x00, 0x00, 0x01, 0x00
    , 0x00, 0x00, 0x00, 0xf0, 0x04, 0x00, 0x00, 0x00, 0x00, 0xff, 0x01, 0x00
    , 0x00, 0x00, 0x00, 0x8a, 0x20, 0x00, 0x00, 0x00, 0x00, 0x00, 0x01, 0x00
    , 0x00, 0x00, 0x00, 0x8a, 0x04, 0x00, 0x00, 0x00, 0x00, 0xff, 0x01, 0x00
    , 0x00, 0x00, 0x00, 0xf0, 0x04, 0x00, 0x00, 0x00, 0x00, 0x00, 0x01, 0x00
    , 0x00, 0x00, 0x00, 0xf0, 0x04, 0x00, 0x00, 0x00, 0x00, 0xff, 0x01, 0x00
    , 0x00, 0x00, 0x00, 0x8a, 0x20, 0x00, 0x00, 0x00, 0x00, 0x00, 0x01, 0x00
    , 0x00, 0x00, 0x00, 0x8a, 0x04, 0x00, 0x00, 0x00, 0x00, 0xff, 0x01, 0x00
    , 0x00, 0x00, 0x00, 0xf0, 0x04, 0x00, 0x00, 0x00, 0x00, 0x00, 0x01, 0x00
    , 0x00, 0x00, 0x00, 0xf0, 0x04, 0x00, 0x00, 0x00, 0x00, 0xff, 0x01, 0x00
    , 0x00, 0x00, 0x00, 0x8a, 0x08, 0x00, 0x00, 0x00, 0x00, 0x00, 0x01, 0x00
    , 0x00, 0x00, 0x00, 0x24, 0x01, 0x00, 0x00, 0x00, 0x00, 0xb5, 0x01, 0x00
    , 0x00, 0x00, 0x00, 0xea, 0x0a, 0x00, 0x00, 0x00, 0x00, 0xf0, 0x01, 0x00
    , 0x00, 0x00, 0x00, 0xea, 0x01, 0x00, 0x00, 0x00, 0x00, 0xb5, 0x01, 0x00
    , 0x00, 0x00, 0x00, 0x23, 0x08, 0x00, 0x00, 0x00, 0x00, 0x00, 0x01, 0x00
    , 0x00, 0x00, 0x00, 0x8a, 0x04, 0x00, 0x00, 0x00, 0x00, 0xff, 0x01, 0x00
    , 0x00, 0x00, 0x00, 0xf0, 0x04, 0x00, 0x00, 0x00, 0x00, 0x00, 0x01, 0x00
    , 0x00, 0x00, 0x00, 0xf0, 0x04, 0x00, 0x00, 0x00, 0x00, 0xff, 0x01, 0x00
    , 0x00, 0x00, 0x00, 0x8a, 0x07, 0x00, 0x00, 0x00, 0x00, 0x00, 0x01, 0x00
    , 0x00, 0x00, 0x00, 0x04, 0x01, 0x00, 0x00, 0x00, 0x00, 0xd8, 0x0e, 0x00
    , 0x00, 0x00, 0x00, 0xff, 0x01, 0x00, 0x00, 0x00, 0x00, 0xd8, 0x01, 0x00
    , 0x00, 0x00, 0x00, 0x03, 0x07, 0x00, 0x00, 0x00, 0x00, 0x00, 0x01, 0x00
    , 0x00, 0x00, 0x00, 0x8a, 0x04, 0x00, 0x00, 0x00, 0x00, 0xff, 0x01, 0x00
    , 0x00, 0x00, 0x00, 0xf0, 0x04, 0x00, 0x00, 0x00, 0x00, 0x00, 0x01, 0x00
    , 0x00, 0x00, 0x00, 0xf0, 0x04, 0x00, 0x00, 0x00, 0x00, 0xff, 0x01, 0x00
    , 0x00, 0x00, 0x00, 0x8a, 0x07, 0x00, 0x00, 0x00, 0x00, 0x00, 0x01, 0x00
    , 0x00, 0x00, 0x00, 0x2b, 0x10, 0x00, 0x00, 0x00, 0x00, 0xff, 0x01, 0x00
    , 0x00, 0x00, 0x00, 0x2b, 0x07, 0x00, 0x00, 0x00, 0x00, 0x00, 0x01, 0x00
    , 0x00, 0x00, 0x00, 0x8a, 0x04, 0x00, 0x00, 0x00, 0x00, 0xff, 0x01, 0x00
    , 0x00, 0x00, 0x00, 0xf0, 0x04, 0x00, 0x00, 0x00, 0x00, 0x00, 0x01, 0x00
    , 0x00, 0x00, 0x00, 0xf0, 0x04, 0x00, 0x00, 0x00, 0x00, 0xff, 0x01, 0x00
    , 0x00, 0x00, 0x00, 0x8a, 0x07, 0x00, 0x00, 0x00, 0x00, 0x00, 0x01, 0x00
    , 0x00, 0x00, 0x00, 0x3a, 0x10, 0x00, 0x00, 0x00, 0x00, 0xff, 0x01, 0x00
    , 0x00, 0x00, 0x00, 0x3a, 0x07, 0x00, 0x00, 0x00, 0x00, 0x00, 0x01, 0x00
    , 0x00, 0x00, 0x00, 0x8a, 0x04, 0x00, 0x00, 0x00, 0x00, 0xff, 0x01, 0x00
    , 0x00, 0x00, 0x00, 0xf0, 0x04, 0x00, 0x00, 0x00, 0x00, 0x00, 0x01, 0x00
    , 0x00, 0x00, 0x00, 0xf0, 0x04, 0x00, 0x00, 0x00, 0x00, 0xff, 0x01, 0x00
    , 0x00, 0x00, 0x00, 0x8a, 0x07, 0x00, 0x00, 0x00, 0x00, 0x00, 0x01, 0x00
    , 0x00, 0x00, 0x00, 0x3a, 0x10, 0x00, 0x00, 0x00, 0x00, 0xff, 0x01, 0x00
    , 0x00, 0x00, 0x00, 0x3a, 0x07, 0x00, 0x00, 0x00, 0x00, 0x00, 0x01, 0x00
    , 0x00, 0x00, 0x00, 0x8a, 0x04, 0x00, 0x00, 0x00, 0x00, 0xff, 0x01, 0x00
    , 0x00, 0x00, 0x00, 0xf0, 0x04, 0x00, 0x00, 0x00, 0x00, 0x00, 0x01, 0x00
    , 0x00, 0x00, 0x00, 0xf0, 0x04, 0x00, 0x00, 0x00, 0x00, 0xff, 0x01, 0x00
    , 0x00, 0x00, 0x00, 0x8a, 0x07, 0x00, 0x00, 0x00, 0x00, 0x00, 0x01, 0x00
    , 0x00, 0x00, 0x00, 0x3a, 0x05, 0x00, 0x00, 0x00, 0x00, 0xff, 0x01, 0x00
    , 0x00, 0x00, 0x00, 0xa9, 0x04, 0x00, 0x00, 0x00, 0x00, 0x8a, 0x01, 0x00
    , 0x00, 0x00, 0x00, 0xa9, 0x05, 0x00, 0x00, 0x00, 0x00, 0xff, 0x01, 0x00
    , 0x00, 0x00, 0x00, 0x3a, 0x07, 0x00, 0x00, 0x00, 0x00, 0x00, 0x01, 0x00
    , 0x00, 0x00, 0x00, 0x8a, 0x04, 0x00, 0x00, 0x00, 0x00, 0xff, 0x01, 0x00
    , 0x00, 0x00, 0x00, 0xf0, 0x04, 0x00, 0x00, 0x00, 0x00, 0x00, 0x01, 0x00
    , 0x00, 0x00, 0x00, 0xf0, 0x04, 0x00, 0x00, 0x00, 0x00, 0xff, 0x01, 0x00
    , 0x00, 0x00, 0x00, 0x8a, 0x07, 0x00, 0x00, 0x00, 0x00, 0x00, 0x01, 0x00
    , 0x00, 0x00, 0x00, 0x3a, 0x05, 0x00, 0x00, 0x00, 0x00, 0xff, 0x01, 0x00
    , 0x00, 0x00, 0x00, 0x41, 0x04, 0x00, 0x00, 0x00, 0x00, 0x00, 0x01, 0x00
    , 0x00, 0x00, 0x00, 0x41, 0x05, 0x00, 0x00, 0x00, 0x00, 0xff, 0x01, 0x00
    , 0x00, 0x00, 0x00, 0x3a, 0x07, 0x00, 0x00, 0x00, 0x00, 0x00, 0x01, 0x00
    , 0x00, 0x00, 0x00, 0x8a, 0x04, 0x00, 0x00, 0x00, 0x00, 0xff, 0x01, 0x00
    , 0x00, 0x00, 0x00, 0xf0, 0x04, 0x00, 0x00, 0x00, 0x00, 0x00, 0x01, 0x00
    , 0x00, 0x00, 0x00, 0xf0, 0x04, 0x00, 0x00, 0x00, 0x00, 0xff, 0x01, 0x00
    , 0x00, 0x00, 0x00, 0x8a, 0x07, 0x00, 0x00, 0x00, 0x00, 0x00, 0x01, 0x00
    , 0x00, 0x00, 0x00, 0x3a, 0x05, 0x00, 0x00, 0x00, 0x00, 0xff, 0x01, 0x00
    , 0x00, 0x00, 0x00, 0x41, 0x04, 0x00, 0x00, 0x00, 0x00, 0x00, 0x01, 0x00
    , 0x00, 0x00, 0x00, 0x41, 0x05, 0x00, 0x00, 0x00, 0x00, 0xff, 0x01, 0x00
    , 0x00, 0x00, 0x00, 0x3a, 0x07, 0x00, 0x00, 0x00, 0x00, 0x00, 0x01, 0x00
    , 0x00, 0x00, 0x00, 0x8a, 0x04, 0x00, 0x00, 0x00, 0x00, 0xff, 0x01, 0x00
    , 0x00, 0x00, 0x00, 0xf0, 0x04, 0x00, 0x00, 0x00, 0x00, 0x00, 0x01, 0x00
    , 0x00, 0x00, 0x00, 0xf0, 0x04, 0x00, 0x00, 0x00, 0x00, 0xff, 0x01, 0x00
    , 0x00, 0x00, 0x00, 0x8a, 0x07, 0x00, 0x00, 0x00, 0x00, 0x00, 0x01, 0x00
    , 0x00, 0x00, 0x00, 0x3a, 0x05, 0x00, 0x00, 0x00, 0x00, 0xff, 0x01, 0x00
    , 0x00, 0x00, 0x00, 0x41, 0x04, 0x00, 0x00, 0x00, 0x00, 0x00, 0x01, 0x00
    , 0x00, 0x00, 0x00, 0x41, 0x05, 0x00, 0x00, 0x00, 0x00, 0xff, 0x01, 0x00
    , 0x00, 0x00, 0x00, 0x3a, 0x07, 0x00, 0x00, 0x00, 0x00, 0x00, 0x01, 0x00
    , 0x00, 0x00, 0x00, 0x8a, 0x04, 0x00, 0x00, 0x00, 0x00, 0xff, 0x01, 0x00
    , 0x00, 0x00, 0x00, 0xf0, 0x04, 0x00, 0x00, 0x00, 0x00, 0x00, 0x01, 0x00
    , 0x00, 0x00, 0x00, 0xf0, 0x04, 0x00, 0x00, 0x00, 0x00, 0xff, 0x01, 0x00
    , 0x00, 0x00, 0x00, 0x8a, 0x07, 0x00, 0x00, 0x00, 0x00, 0x00, 0x01, 0x00
    , 0x00, 0x00, 0x00, 0x3a, 0x05, 0x00, 0x00, 0x00, 0x00, 0xff, 0x01, 0x00
    , 0x00, 0x00, 0x00, 0x41, 0x04, 0x00, 0x00, 0x00, 0x00, 0x00, 0x01, 0x00
    , 0x00, 0x00, 0x00, 0x41, 0x05, 0x00, 0x00, 0x00, 0x00, 0xff, 0x01, 0x00
    , 0x00, 0x00, 0x00, 0x3a, 0x07, 0x00, 0x00, 0x00, 0x00, 0x00, 0x01, 0x00
    , 0x00, 0x00, 0x00, 0x8a, 0x04, 0x00, 0x00, 0x00, 0x00, 0xff, 0x01, 0x00
    , 0x00, 0x00, 0x00, 0xf0, 0x04, 0x00, 0x00, 0x00, 0x00, 0x00, 0x01, 0x00
    , 0x00, 0x00, 0x00, 0xf0, 0x04, 0x00, 0x00, 0x00, 0x00, 0xff, 0x01, 0x00
    , 0x00, 0x00, 0x00, 0x8a, 0x07, 0x00, 0x00, 0x00, 0x00, 0x00, 0x01, 0x00
    , 0x00, 0x00, 0x00, 0x3a, 0x05, 0x00, 0x00, 0x00, 0x00, 0xff, 0x01, 0x00
    , 0x00, 0x00, 0x00, 0x41, 0x04, 0x00, 0x00, 0x00, 0x00, 0x00, 0x01, 0x00
    , 0x00, 0x00, 0x00, 0x41, 0x05, 0x00, 0x00, 0x00, 0x00, 0xff, 0x01, 0x00
    , 0x00, 0x00, 0x00, 0x3a, 0x07, 0x00, 0x00, 0x00, 0x00, 0x00, 0x01, 0x00
    , 0x00, 0x00, 0x00, 0x8a, 0x04, 0x00, 0x00, 0x00, 0x00, 0xff, 0x01, 0x00
    , 0x00, 0x00, 0x00, 0xf0, 0x04, 0x00, 0x00, 0x00, 0x00, 0x00, 0x01, 0x00
    , 0x00, 0x00, 0x00, 0xf0, 0x04, 0x00, 0x00, 0x00, 0x00, 0xff, 0x01, 0x00
    , 0x00, 0x00, 0x00, 0x8a, 0x07, 0x00, 0x00, 0x00, 0x00, 0x00, 0x01, 0x00
    , 0x00, 0x00, 0x00, 0x3a, 0x05, 0x00, 0x00, 0x00, 0x00, 0xff, 0x01, 0x00
    , 0x00, 0x00, 0x00, 0x41, 0x04, 0x00, 0x00, 0x00, 0x00, 0x00, 0x01, 0x00
    , 0x00, 0x00, 0x00, 0x41, 0x05, 0x00, 0x00, 0x00, 0x00, 0xff, 0x01, 0x00
    , 0x00, 0x00, 0x00, 0x3a, 0x07, 0x00, 0x00, 0x00, 0x00, 0x00, 0x01, 0x00
    , 0x00, 0x00, 0x00, 0x8a, 0x04, 0x00, 0x00, 0x00, 0x00, 0xff, 0x01, 0x00
    , 0x00, 0x00, 0x00, 0xf0, 0x04, 0x00, 0x00, 0x00, 0x00, 0x00, 0x01, 0x00
    , 0x00, 0x00, 0x00, 0xf0, 0x04, 0x00, 0x00, 0x00, 0x00, 0xff, 0x01, 0x00
    , 0x00, 0x00, 0x00, 0x8a, 0x07, 0x00, 0x00, 0x00, 0x00, 0x00, 0x01, 0x00
    , 0x00, 0x00, 0x00, 0x3a, 0x05, 0x00, 0x00, 0x00, 0x00, 0xff, 0x01, 0x00
    , 0x00, 0x00, 0x00, 0x41, 0x04, 0x00, 0x00, 0x00, 0x00, 0x00, 0x01, 0x00
    , 0x00, 0x00, 0x00, 0x41, 0x05, 0x00, 0x00, 0x00, 0x00, 0xff, 0x01, 0x00
    , 0x00, 0x00, 0x00, 0x3a, 0x07, 0x00, 0x00, 0x00, 0x00, 0x00, 0x01, 0x00
    , 0x00, 0x00, 0x00, 0x8a, 0x04, 0x00, 0x00, 0x00, 0x00, 0xff, 0x01, 0x00
    , 0x00, 0x00, 0x00, 0xf0, 0x04, 0x00, 0x00, 0x00, 0x00, 0x00, 0x01, 0x00
    , 0x00, 0x00, 0x00, 0xf0, 0x04, 0x00, 0x00, 0x00, 0x00, 0xff, 0x01, 0x00
    , 0x00, 0x00, 0x00, 0x8a, 0x07, 0x00, 0x00, 0x00, 0x00, 0x00, 0x01, 0x00
    , 0x00, 0x00, 0x00, 0x3a, 0x05, 0x00, 0x00, 0x00, 0x00, 0xff, 0x01, 0x00
    , 0x00, 0x00, 0x00, 0x41, 0x04, 0x00, 0x00, 0x00, 0x00, 0x00, 0x01, 0x00
    , 0x00, 0x00, 0x00, 0x41, 0x05, 0x00, 0x00, 0x00, 0x00, 0xff, 0x01, 0x00
    , 0x00, 0x00, 0x00, 0x3a, 0x07, 0x00, 0x00, 0x00, 0x00, 0x00, 0x01, 0x00
    , 0x00, 0x00, 0x00, 0x8a, 0x04, 0x00, 0x00, 0x00, 0x00, 0xff, 0x01, 0x00
    , 0x00, 0x00, 0x00, 0xf0, 0x04, 0x00, 0x00, 0x00, 0x00, 0x00, 0x01, 0x00
    , 0x00, 0x00, 0x00, 0xf0, 0x04, 0x00, 0x00, 0x00, 0x00, 0xff, 0x01, 0x00
    , 0x00, 0x00, 0x00, 0x8a, 0x07, 0x00, 0x00, 0x00, 0x00, 0x00, 0x01, 0x00
    , 0x00, 0x00, 0x00, 0x3a, 0x05, 0x00, 0x00, 0x00, 0x00, 0xff, 0x01, 0x00
    , 0x00, 0x00, 0x00, 0x41, 0x04, 0x00, 0x00, 0x00, 0x00, 0x00, 0x01, 0x00
    , 0x00, 0x00, 0x00, 0x41, 0x05, 0x00, 0x00, 0x00, 0x00, 0xff, 0x01, 0x00
    , 0x00, 0x00, 0x00, 0x3a, 0x07, 0x00, 0x00, 0x00, 0x00, 0x00, 0x01, 0x00
    , 0x00, 0x00, 0x00, 0x8a, 0x04, 0x00, 0x00, 0x00, 0x00, 0xff, 0x01, 0x00
    , 0x00, 0x00, 0x00, 0xf0, 0x04, 0x00, 0x00, 0x00, 0x00, 0x00, 0x01, 0x00
    , 0x00, 0x00, 0x00, 0xf0, 0x04, 0x00, 0x00, 0x00, 0x00, 0xff, 0x01, 0x00
    , 0x00, 0x00, 0x00, 0x8a, 0x07, 0x00, 0x00, 0x00, 0x00, 0x00, 0x01, 0x00
    , 0x00, 0x00, 0x00, 0x3a, 0x05, 0x00, 0x00, 0x00, 0x00, 0xff, 0x01, 0x00
    , 0x00, 0x00, 0x00, 0x41, 0x04, 0x00, 0x00, 0x00, 0x00, 0x00, 0x01, 0x00
    , 0x00, 0x00, 0x00, 0x41, 0x05, 0x00, 0x00, 0x00, 0x00, 0xff, 0x01, 0x00
    , 0x00, 0x00, 0x00, 0x3a, 0x07, 0x00, 0x00, 0x00, 0x00, 0x00, 0x01, 0x00
    , 0x00, 0x00, 0x00, 0x8a, 0x04, 0x00, 0x00, 0x00, 0x00, 0xff, 0x01, 0x00
    , 0x00, 0x00, 0x00, 0xf0, 0x04, 0x00, 0x00, 0x00, 0x00, 0x00, 0x01, 0x00
    , 0x00, 0x00, 0x00, 0xeb, 0x04, 0x00, 0x00, 0x00, 0x00, 0xff, 0x01, 0x00
    , 0x00, 0x00, 0x00, 0xc3, 0x07, 0x00, 0x00, 0x00, 0x00, 0x7b, 0x01, 0x00
    , 0x00, 0x00, 0x00, 0x9a, 0x05, 0x00, 0x00, 0x00, 0x00, 0xff, 0x01, 0x00
    , 0x00, 0x00, 0x00, 0x41, 0x04, 0x00, 0x00, 0x00, 0x00, 0x00, 0x01, 0x00
    , 0x00, 0x00, 0x00, 0x41, 0x05, 0x00, 0x00, 0x00, 0x00, 0xff, 0x01, 0x00
    , 0x00, 0x00, 0x00, 0x9a, 0x07, 0x00, 0x00, 0x00, 0x00, 0x7b, 0x01, 0x00
    , 0x00, 0x00, 0x00, 0xc3, 0x04, 0x00, 0x00, 0x00, 0x00, 0xff, 0x01, 0x00
    , 0x00, 0x00, 0x00, 0xeb, 0x04, 0x00, 0x00, 0x00, 0x00, 0x00, 0x01, 0x00
    , 0x00, 0x00, 0x00, 0xc1, 0x12, 0x00, 0x00, 0x00, 0x00, 0xff, 0x01, 0x00
    , 0x00, 0x00, 0x00, 0x41, 0x04, 0x00, 0x00, 0x00, 0x00, 0x00, 0x01, 0x00
    , 0x00, 0x00, 0x00, 0x41, 0x12, 0x00, 0x00, 0x00, 0x00, 0xff, 0x01, 0x00
    , 0x00, 0x00, 0x00, 0xc0, 0x04, 0x00, 0x00, 0x00, 0x00, 0x00, 0x01, 0x00
    , 0x00, 0x00, 0x00, 0x86, 0x12, 0x00, 0x00, 0x00, 0x00, 0xff, 0x01, 0x00
    , 0x00, 0x00, 0x00, 0x41, 0x04, 0x00, 0x00, 0x00, 0x00, 0x00, 0x01, 0x00
    , 0x00, 0x00, 0x00, 0x41, 0x12, 0x00, 0x00, 0x00, 0x00, 0xff, 0x01, 0x00
    , 0x00, 0x00, 0x00, 0x86, 0x04, 0x00, 0x00, 0x00, 0x00, 0x00, 0x01, 0x00
    , 0x00, 0x00, 0x00, 0x0e, 0x01, 0x00, 0x00, 0x00, 0x00, 0xe1, 0x11, 0x00
    , 0x00, 0x00, 0x00, 0xff, 0x01, 0x00, 0x00, 0x00, 0x00, 0x34, 0x04, 0x00
    , 0x00, 0x00, 0x00, 0x00, 0x01, 0x00, 0x00, 0x00, 0x00, 0x35, 0x11, 0x00
    , 0x00, 0x00, 0x00, 0xff, 0x01, 0x00, 0x00, 0x00, 0x00, 0xe0, 0x01, 0x00
    , 0x00, 0x00, 0x00, 0x0d, 0x05, 0x00, 0x00, 0x00, 0x00, 0x00, 0x01, 0x00
    , 0x00, 0x00, 0x00, 0x37, 0x01, 0x00, 0x00, 0x00, 0x00, 0xe4, 0x0f, 0x00
    , 0x00, 0x00, 0x00, 0xff, 0x01, 0x00, 0x00, 0x00, 0x00, 0xe2, 0x01, 0x00
    , 0x00, 0x00, 0x00, 0x08, 0x04, 0x00, 0x00, 0x00, 0x00, 0x00, 0x01, 0x00
    , 0x00, 0x00, 0x00, 0x08, 0x01, 0x00, 0x00, 0x00, 0x00, 0xe2, 0x0f, 0x00
    , 0x00, 0x00, 0x00, 0xff, 0x01, 0x00, 0x00, 0x00, 0x00, 0xe3, 0x01, 0x00
    , 0x00, 0x00, 0x00, 0x37, 0x07, 0x00, 0x00, 0x00, 0x00, 0x00, 0x01, 0x00
    , 0x00, 0x00, 0x00, 0x10, 0x01, 0x00, 0x00, 0x00, 0x00, 0x8f, 0x01, 0x00
    , 0x00, 0x00, 0x00, 0xcc, 0x01, 0x00, 0x00, 0x00, 0x00, 0xf8, 0x0a, 0x00
    , 0x00, 0x00, 0x00, 0xff, 0x01, 0x00, 0x00, 0x00, 0x00, 0xfa, 0x01, 0x00
    , 0x00, 0x00, 0x00, 0xc7, 0x01, 0x00, 0x00, 0x00, 0x00, 0x2f, 0x06, 0x00
    , 0x00, 0x00, 0x00, 0x00, 0x01, 0x00, 0x00, 0x00, 0x00, 0x2f, 0x01, 0x00
    , 0x00, 0x00, 0x00, 0xc7, 0x01, 0x00, 0x00, 0x00, 0x00, 0xfa, 0x0a, 0x00
    , 0x00, 0x00, 0x00, 0xff, 0x01, 0x00, 0x00, 0x00, 0x00, 0xf8, 0x01, 0x00
    , 0x00, 0x00, 0x00, 0xcc, 0x01, 0x00, 0x00, 0x00, 0x00, 0x8f, 0x01, 0x00
    , 0x00, 0x00, 0x00, 0x10, 0x04, 0x00, 0x00, 0x00, 0x00, 0x00
};

inline Upp::Image ICON_DESIGN_HOME_48()
{
    return Upp::UiMakeIcon(DATA_DESIGN_HOME_48);
}

static const unsigned char DATA_DESIGN_IMAGE_48[] = {
    0x30, 0x80, 0x30, 0x00, 0x02, 0x00, 0x00, 0x00, 0x00, 0x00, 0x01, 0x00
    , 0x00, 0x00, 0x00, 0x20, 0x01, 0x00, 0x00, 0x00, 0x00, 0xa1, 0x01, 0x00
    , 0x00, 0x00, 0x00, 0xd7, 0x01, 0x00, 0x00, 0x00, 0x00, 0xfd, 0x24, 0x00
    , 0x00, 0x00, 0x00, 0xff, 0x01, 0x00, 0x00, 0x00, 0x00, 0xfd, 0x01, 0x00
    , 0x00, 0x00, 0x00, 0xd7, 0x01, 0x00, 0x00, 0x00, 0x00, 0xa0, 0x01, 0x00
    , 0x00, 0x00, 0x00, 0x1f, 0x03, 0x00, 0x00, 0x00, 0x00, 0x00, 0x01, 0x00
    , 0x00, 0x00, 0x00, 0x51, 0x01, 0x00, 0x00, 0x00, 0x00, 0xf2, 0x2a, 0x00
    , 0x00, 0x00, 0x00, 0xff, 0x01, 0x00, 0x00, 0x00, 0x00, 0xf2, 0x01, 0x00
    , 0x00, 0x00, 0x00, 0x50, 0x01, 0x00, 0x00, 0x00, 0x00, 0x00, 0x01, 0x00
    , 0x00, 0x00, 0x00, 0x1f, 0x01, 0x00, 0x00, 0x00, 0x00, 0xf2, 0x2c, 0x00
    , 0x00, 0x00, 0x00, 0xff, 0x01, 0x00, 0x00, 0x00, 0x00, 0xf2, 0x01, 0x00
    , 0x00, 0x00, 0x00, 0x1f, 0x01, 0x00, 0x00, 0x00, 0x00, 0xa0, 0x2e, 0x00
    , 0x00, 0x00, 0x00, 0xff, 0x01, 0x00, 0x00, 0x00, 0x00, 0xa0, 0x01, 0x00
    , 0x00, 0x00, 0x00, 0xd7, 0x2e, 0x00, 0x00, 0x00, 0x00, 0xff, 0x01, 0x00
    , 0x00, 0x00, 0x00, 0xd6, 0x01, 0x00, 0x00, 0x00, 0x00, 0xfd, 0x04, 0x00
    , 0x00, 0x00, 0x00, 0xff, 0x01, 0x00, 0x00, 0x00, 0x00, 0x8d, 0x24, 0x00
    , 0x00, 0x00, 0x00, 0x54, 0x01, 0x00, 0x00, 0x00, 0x00, 0x8d, 0x04, 0x00
    , 0x00, 0x00, 0x00, 0xff, 0x01, 0x00, 0x00, 0x00, 0x00, 0xfd, 0x05, 0x00
    , 0x00, 0x00, 0x00, 0xff, 0x01, 0x00, 0x00, 0x00, 0x00, 0x54, 0x24, 0x00
    , 0x00, 0x00, 0x00, 0x00, 0x01, 0x00, 0x00, 0x00, 0x00, 0x54, 0x0a, 0x00
    , 0x00, 0x00, 0x00, 0xff, 0x01, 0x00, 0x00, 0x00, 0x00, 0x54, 0x24, 0x00
    , 0x00, 0x00, 0x00, 0x00, 0x01, 0x00, 0x00, 0x00, 0x00, 0x54, 0x0a, 0x00
    , 0x00, 0x00, 0x00, 0xff, 0x01, 0x00, 0x00, 0x00, 0x00, 0x54, 0x24, 0x00
    , 0x00, 0x00, 0x00, 0x00, 0x01, 0x00, 0x00, 0x00, 0x00, 0x54, 0x0a, 0x00
    , 0x00, 0x00, 0x00, 0xff, 0x01, 0x00, 0x00, 0x00, 0x00, 0x54, 0x24, 0x00
    , 0x00, 0x00, 0x00, 0x00, 0x01, 0x00, 0x00, 0x00, 0x00, 0x54, 0x0a, 0x00
    , 0x00, 0x00, 0x00, 0xff, 0x01, 0x00, 0x00, 0x00, 0x00, 0x54, 0x24, 0x00
    , 0x00, 0x00, 0x00, 0x00, 0x01, 0x00, 0x00, 0x00, 0x00, 0x54, 0x0a, 0x00
    , 0x00, 0x00, 0x00, 0xff, 0x01, 0x00, 0x00, 0x00, 0x00, 0x54, 0x24, 0x00
    , 0x00, 0x00, 0x00, 0x00, 0x01, 0x00, 0x00, 0x00, 0x00, 0x54, 0x0a, 0x00
    , 0x00, 0x00, 0x00, 0xff, 0x01, 0x00, 0x00, 0x00, 0x00, 0x54, 0x24, 0x00
    , 0x00, 0x00, 0x00, 0x00, 0x01, 0x00, 0x00, 0x00, 0x00, 0x54, 0x0a, 0x00
    , 0x00, 0x00, 0x00, 0xff, 0x01, 0x00, 0x00, 0x00, 0x00, 0x54, 0x24, 0x00
    , 0x00, 0x00, 0x00, 0x00, 0x01, 0x00, 0x00, 0x00, 0x00, 0x54, 0x0a, 0x00
    , 0x00, 0x00, 0x00, 0xff, 0x01, 0x00, 0x00, 0x00, 0x00, 0x54, 0x24, 0x00
    , 0x00, 0x00, 0x00, 0x00, 0x01, 0x00, 0x00, 0x00, 0x00, 0x54, 0x0a, 0x00
    , 0x00, 0x00, 0x00, 0xff, 0x01, 0x00, 0x00, 0x00, 0x00, 0x54, 0x24, 0x00
    , 0x00, 0x00, 0x00, 0x00, 0x01, 0x00, 0x00, 0x00, 0x00, 0x54, 0x0a, 0x00
    , 0x00, 0x00, 0x00, 0xff, 0x01, 0x00, 0x00, 0x00, 0x00, 0x54, 0x24, 0x00
    , 0x00, 0x00, 0x00, 0x00, 0x01, 0x00, 0x00, 0x00, 0x00, 0x54, 0x0a, 0x00
    , 0x00, 0x00, 0x00, 0xff, 0x01, 0x00, 0x00, 0x00, 0x00, 0x54, 0x24, 0x00
    , 0x00, 0x00, 0x00, 0x00, 0x01, 0x00, 0x00, 0x00, 0x00, 0x54, 0x0a, 0x00
    , 0x00, 0x00, 0x00, 0xff, 0x01, 0x00, 0x00, 0x00, 0x00, 0x54, 0x24, 0x00
    , 0x00, 0x00, 0x00, 0x00, 0x01, 0x00, 0x00, 0x00, 0x00, 0x54, 0x0a, 0x00
    , 0x00, 0x00, 0x00, 0xff, 0x01, 0x00, 0x00, 0x00, 0x00, 0x54, 0x24, 0x00
    , 0x00, 0x00, 0x00, 0x00, 0x01, 0x00, 0x00, 0x00, 0x00, 0x54, 0x0a, 0x00
    , 0x00, 0x00, 0x00, 0xff, 0x01, 0x00, 0x00, 0x00, 0x00, 0x54, 0x24, 0x00
    , 0x00, 0x00, 0x00, 0x00, 0x01, 0x00, 0x00, 0x00, 0x00, 0x54, 0x0a, 0x00
    , 0x00, 0x00, 0x00, 0xff, 0x01, 0x00, 0x00, 0x00, 0x00, 0x54, 0x24, 0x00
    , 0x00, 0x00, 0x00, 0x00, 0x01, 0x00, 0x00, 0x00, 0x00, 0x54, 0x0a, 0x00
    , 0x00, 0x00, 0x00, 0xff, 0x01, 0x00, 0x00, 0x00, 0x00, 0x54, 0x24, 0x00
    , 0x00, 0x00, 0x00, 0x00, 0x01, 0x00, 0x00, 0x00, 0x00, 0x54, 0x0a, 0x00
    , 0x00, 0x00, 0x00, 0xff, 0x01, 0x00, 0x00, 0x00, 0x00, 0x54, 0x24, 0x00
    , 0x00, 0x00, 0x00, 0x00, 0x01, 0x00, 0x00, 0x00, 0x00, 0x54, 0x0a, 0x00
    , 0x00, 0x00, 0x00, 0xff, 0x01, 0x00, 0x00, 0x00, 0x00, 0x54, 0x17, 0x00
    , 0x00, 0x00, 0x00, 0x00, 0x02, 0x00, 0x00, 0x00, 0x00, 0x03, 0x0b, 0x00
    , 0x00, 0x00, 0x00, 0x00, 0x01, 0x00, 0x00, 0x00, 0x00, 0x54, 0x0a, 0x00
    , 0x00, 0x00, 0x00, 0xff, 0x01, 0x00, 0x00, 0x00, 0x00, 0x54, 0x16, 0x00
    , 0x00, 0x00, 0x00, 0x00, 0x01, 0x00, 0x00, 0x00, 0x00, 0x2c, 0x01, 0x00
    , 0x00, 0x00, 0x00, 0xdd, 0x01, 0x00, 0x00, 0x00, 0x00, 0xdc, 0x01, 0x00
    , 0x00, 0x00, 0x00, 0x2c, 0x0a, 0x00, 0x00, 0x00, 0x00, 0x00, 0x01, 0x00
    , 0x00, 0x00, 0x00, 0x54, 0x0a, 0x00, 0x00, 0x00, 0x00, 0xff, 0x01, 0x00
    , 0x00, 0x00, 0x00, 0x54, 0x15, 0x00, 0x00, 0x00, 0x00, 0x00, 0x01, 0x00
    , 0x00, 0x00, 0x00, 0x0b, 0x01, 0x00, 0x00, 0x00, 0x00, 0xd7, 0x02, 0x00
    , 0x00, 0x00, 0x00, 0xff, 0x01, 0x00, 0x00, 0x00, 0x00, 0xd6, 0x01, 0x00
    , 0x00, 0x00, 0x00, 0x0a, 0x09, 0x00, 0x00, 0x00, 0x00, 0x00, 0x01, 0x00
    , 0x00, 0x00, 0x00, 0x54, 0x0a, 0x00, 0x00, 0x00, 0x00, 0xff, 0x01, 0x00
    , 0x00, 0x00, 0x00, 0x54, 0x09, 0x00, 0x00, 0x00, 0x00, 0x00, 0x02, 0x00
    , 0x00, 0x00, 0x00, 0x36, 0x0a, 0x00, 0x00, 0x00, 0x00, 0x00, 0x01, 0x00
    , 0x00, 0x00, 0x00, 0xa3, 0x04, 0x00, 0x00, 0x00, 0x00, 0xff, 0x01, 0x00
    , 0x00, 0x00, 0x00, 0xa1, 0x09, 0x00, 0x00, 0x00, 0x00, 0x00, 0x01, 0x00
    , 0x00, 0x00, 0x00, 0x54, 0x0a, 0x00, 0x00, 0x00, 0x00, 0xff, 0x01, 0x00
    , 0x00, 0x00, 0x00, 0x54, 0x08, 0x00, 0x00, 0x00, 0x00, 0x00, 0x01, 0x00
    , 0x00, 0x00, 0x00, 0x62, 0x02, 0x00, 0x00, 0x00, 0x00, 0xfe, 0x01, 0x00
    , 0x00, 0x00, 0x00, 0x62, 0x08, 0x00, 0x00, 0x00, 0x00, 0x00, 0x01, 0x00
    , 0x00, 0x00, 0x00, 0x62, 0x06, 0x00, 0x00, 0x00, 0x00, 0xff, 0x01, 0x00
    , 0x00, 0x00, 0x00, 0x61, 0x08, 0x00, 0x00, 0x00, 0x00, 0x00, 0x01, 0x00
    , 0x00, 0x00, 0x00, 0x54, 0x0a, 0x00, 0x00, 0x00, 0x00, 0xff, 0x01, 0x00
    , 0x00, 0x00, 0x00, 0x54, 0x07, 0x00, 0x00, 0x00, 0x00, 0x00, 0x01, 0x00
    , 0x00, 0x00, 0x00, 0x2c, 0x01, 0x00, 0x00, 0x00, 0x00, 0xf5, 0x02, 0x00
    , 0x00, 0x00, 0x00, 0xff, 0x01, 0x00, 0x00, 0x00, 0x00, 0xf5, 0x01, 0x00
    , 0x00, 0x00, 0x00, 0x2b, 0x06, 0x00, 0x00, 0x00, 0x00, 0x00, 0x01, 0x00
    , 0x00, 0x00, 0x00, 0x2b, 0x01, 0x00, 0x00, 0x00, 0x00, 0xf5, 0x06, 0x00
    , 0x00, 0x00, 0x00, 0xff, 0x01, 0x00, 0x00, 0x00, 0x00, 0xf5, 0x01, 0x00
    , 0x00, 0x00, 0x00, 0x2b, 0x07, 0x00, 0x00, 0x00, 0x00, 0x00, 0x01, 0x00
    , 0x00, 0x00, 0x00, 0x54, 0x0a, 0x00, 0x00, 0x00, 0x00, 0xff, 0x01, 0x00
    , 0x00, 0x00, 0x00, 0x54, 0x06, 0x00, 0x00, 0x00, 0x00, 0x00, 0x01, 0x00
    , 0x00, 0x00, 0x00, 0x0a, 0x01, 0x00, 0x00, 0x00, 0x00, 0xd6, 0x04, 0x00
    , 0x00, 0x00, 0x00, 0xff, 0x01, 0x00, 0x00, 0x00, 0x00, 0xd5, 0x01, 0x00
    , 0x00, 0x00, 0x00, 0x0a, 0x04, 0x00, 0x00, 0x00, 0x00, 0x00, 0x01, 0x00
    , 0x00, 0x00, 0x00, 0x0a, 0x01, 0x00, 0x00, 0x00, 0x00, 0xd6, 0x08, 0x00
    , 0x00, 0x00, 0x00, 0xff, 0x01, 0x00, 0x00, 0x00, 0x00, 0xd5, 0x01, 0x00
    , 0x00, 0x00, 0x00, 0x0a, 0x06, 0x00, 0x00, 0x00, 0x00, 0x00, 0x01, 0x00
    , 0x00, 0x00, 0x00, 0x54, 0x0a, 0x00, 0x00, 0x00, 0x00, 0xff, 0x01, 0x00
    , 0x00, 0x00, 0x00, 0x54, 0x06, 0x00, 0x00, 0x00, 0x00, 0x00, 0x01, 0x00
    , 0x00, 0x00, 0x00, 0xa1, 0x06, 0x00, 0x00, 0x00, 0x00, 0xff, 0x01, 0x00
    , 0x00, 0x00, 0x00, 0xa0, 0x04, 0x00, 0x00, 0x00, 0x00, 0x00, 0x01, 0x00
    , 0x00, 0x00, 0x00, 0xa1, 0x0a, 0x00, 0x00, 0x00, 0x00, 0xff, 0x01, 0x00
    , 0x00, 0x00, 0x00, 0xa0, 0x06, 0x00, 0x00, 0x00, 0x00, 0x00, 0x01, 0x00
    , 0x00, 0x00, 0x00, 0x54, 0x0a, 0x00, 0x00, 0x00, 0x00, 0xff, 0x01, 0x00
    , 0x00, 0x00, 0x00, 0x54, 0x05, 0x00, 0x00, 0x00, 0x00, 0x00, 0x01, 0x00
    , 0x00, 0x00, 0x00, 0x61, 0x08, 0x00, 0x00, 0x00, 0x00, 0xff, 0x01, 0x00
    , 0x00, 0x00, 0x00, 0x5f, 0x02, 0x00, 0x00, 0x00, 0x00, 0x00, 0x01, 0x00
    , 0x00, 0x00, 0x00, 0x60, 0x0c, 0x00, 0x00, 0x00, 0x00, 0xff, 0x01, 0x00
    , 0x00, 0x00, 0x00, 0x5f, 0x05, 0x00, 0x00, 0x00, 0x00, 0x00, 0x01, 0x00
    , 0x00, 0x00, 0x00, 0x54, 0x0a, 0x00, 0x00, 0x00, 0x00, 0xff, 0x01, 0x00
    , 0x00, 0x00, 0x00, 0x54, 0x04, 0x00, 0x00, 0x00, 0x00, 0x00, 0x01, 0x00
    , 0x00, 0x00, 0x00, 0x2a, 0x01, 0x00, 0x00, 0x00, 0x00, 0xf4, 0x08, 0x00
    , 0x00, 0x00, 0x00, 0xff, 0x01, 0x00, 0x00, 0x00, 0x00, 0xf4, 0x01, 0x00
    , 0x00, 0x00, 0x00, 0x29, 0x01, 0x00, 0x00, 0x00, 0x00, 0x2a, 0x01, 0x00
    , 0x00, 0x00, 0x00, 0xf4, 0x0c, 0x00, 0x00, 0x00, 0x00, 0xff, 0x01, 0x00
    , 0x00, 0x00, 0x00, 0xf4, 0x01, 0x00, 0x00, 0x00, 0x00, 0x29, 0x04, 0x00
    , 0x00, 0x00, 0x00, 0x00, 0x01, 0x00, 0x00, 0x00, 0x00, 0x54, 0x0a, 0x00
    , 0x00, 0x00, 0x00, 0xff, 0x01, 0x00, 0x00, 0x00, 0x00, 0x54, 0x03, 0x00
    , 0x00, 0x00, 0x00, 0x00, 0x01, 0x00, 0x00, 0x00, 0x00, 0x09, 0x01, 0x00
    , 0x00, 0x00, 0x00, 0xd4, 0x0a, 0x00, 0x00, 0x00, 0x00, 0xff, 0x02, 0x00
    , 0x00, 0x00, 0x00, 0xd4, 0x0e, 0x00, 0x00, 0x00, 0x00, 0xff, 0x01, 0x00
    , 0x00, 0x00, 0x00, 0xd4, 0x01, 0x00, 0x00, 0x00, 0x00, 0x09, 0x03, 0x00
    , 0x00, 0x00, 0x00, 0x00, 0x01, 0x00, 0x00, 0x00, 0x00, 0x54, 0x0a, 0x00
    , 0x00, 0x00, 0x00, 0xff, 0x01, 0x00, 0x00, 0x00, 0x00, 0x54, 0x03, 0x00
    , 0x00, 0x00, 0x00, 0x00, 0x01, 0x00, 0x00, 0x00, 0x00, 0x84, 0x1c, 0x00
    , 0x00, 0x00, 0x00, 0xff, 0x01, 0x00, 0x00, 0x00, 0x00, 0x84, 0x03, 0x00
    , 0x00, 0x00, 0x00, 0x00, 0x01, 0x00, 0x00, 0x00, 0x00, 0x54, 0x0a, 0x00
    , 0x00, 0x00, 0x00, 0xff, 0x01, 0x00, 0x00, 0x00, 0x00, 0x54, 0x03, 0x00
    , 0x00, 0x00, 0x00, 0x00, 0x01, 0x00, 0x00, 0x00, 0x00, 0x80, 0x1c, 0x00
    , 0x00, 0x00, 0x00, 0xff, 0x01, 0x00, 0x00, 0x00, 0x00, 0x7f, 0x03, 0x00
    , 0x00, 0x00, 0x00, 0x00, 0x01, 0x00, 0x00, 0x00, 0x00, 0x54, 0x0a, 0x00
    , 0x00, 0x00, 0x00, 0xff, 0x01, 0x00, 0x00, 0x00, 0x00, 0x54, 0x03, 0x00
    , 0x00, 0x00, 0x00, 0x00, 0x01, 0x00, 0x00, 0x00, 0x00, 0x02, 0x01, 0x00
    , 0x00, 0x00, 0x00, 0x44, 0x1a, 0x00, 0x00, 0x00, 0x00, 0x54, 0x01, 0x00
    , 0x00, 0x00, 0x00, 0x44, 0x01, 0x00, 0x00, 0x00, 0x00, 0x02, 0x03, 0x00
    , 0x00, 0x00, 0x00, 0x00, 0x01, 0x00, 0x00, 0x00, 0x00, 0x54, 0x0a, 0x00
    , 0x00, 0x00, 0x00, 0xff, 0x01, 0x00, 0x00, 0x00, 0x00, 0x54, 0x24, 0x00
    , 0x00, 0x00, 0x00, 0x00, 0x01, 0x00, 0x00, 0x00, 0x00, 0x54, 0x0a, 0x00
    , 0x00, 0x00, 0x00, 0xff, 0x01, 0x00, 0x00, 0x00, 0x00, 0x54, 0x24, 0x00
    , 0x00, 0x00, 0x00, 0x00, 0x01, 0x00, 0x00, 0x00, 0x00, 0x54, 0x0a, 0x00
    , 0x00, 0x00, 0x00, 0xff, 0x01, 0x00, 0x00, 0x00, 0x00, 0x54, 0x24, 0x00
    , 0x00, 0x00, 0x00, 0x00, 0x01, 0x00, 0x00, 0x00, 0x00, 0x54, 0x0a, 0x00
    , 0x00, 0x00, 0x00, 0xff, 0x01, 0x00, 0x00, 0x00, 0x00, 0x54, 0x24, 0x00
    , 0x00, 0x00, 0x00, 0x00, 0x01, 0x00, 0x00, 0x00, 0x00, 0x54, 0x05, 0x00
    , 0x00, 0x00, 0x00, 0xff, 0x01, 0x00, 0x00, 0x00, 0x00, 0xfd, 0x04, 0x00
    , 0x00, 0x00, 0x00, 0xff, 0x01, 0x00, 0x00, 0x00, 0x00, 0x8d, 0x24, 0x00
    , 0x00, 0x00, 0x00, 0x54, 0x01, 0x00, 0x00, 0x00, 0x00, 0x8d, 0x04, 0x00
    , 0x00, 0x00, 0x00, 0xff, 0x01, 0x00, 0x00, 0x00, 0x00, 0xfd, 0x01, 0x00
    , 0x00, 0x00, 0x00, 0xd7, 0x2e, 0x00, 0x00, 0x00, 0x00, 0xff, 0x01, 0x00
    , 0x00, 0x00, 0x00, 0xd6, 0x01, 0x00, 0x00, 0x00, 0x00, 0xa0, 0x2e, 0x00
    , 0x00, 0x00, 0x00, 0xff, 0x01, 0x00, 0x00, 0x00, 0x00, 0xa0, 0x01, 0x00
    , 0x00, 0x00, 0x00, 0x1f, 0x01, 0x00, 0x00, 0x00, 0x00, 0xf2, 0x2c, 0x00
    , 0x00, 0x00, 0x00, 0xff, 0x01, 0x00, 0x00, 0x00, 0x00, 0xf1, 0x01, 0x00
    , 0x00, 0x00, 0x00, 0x1f, 0x01, 0x00, 0x00, 0x00, 0x00, 0x00, 0x01, 0x00
    , 0x00, 0x00, 0x00, 0x50, 0x01, 0x00, 0x00, 0x00, 0x00, 0xf2, 0x2a, 0x00
    , 0x00, 0x00, 0x00, 0xff, 0x01, 0x00, 0x00, 0x00, 0x00, 0xf2, 0x01, 0x00
    , 0x00, 0x00, 0x00, 0x50, 0x03, 0x00, 0x00, 0x00, 0x00, 0x00, 0x01, 0x00
    , 0x00, 0x00, 0x00, 0x1f, 0x01, 0x00, 0x00, 0x00, 0x00, 0xa0, 0x01, 0x00
    , 0x00, 0x00, 0x00, 0xd6, 0x01, 0x00, 0x00, 0x00, 0x00, 0xfd, 0x24, 0x00
    , 0x00, 0x00, 0x00, 0xff, 0x01, 0x00, 0x00, 0x00, 0x00, 0xfd, 0x01, 0x00
    , 0x00, 0x00, 0x00, 0xd6, 0x01, 0x00, 0x00, 0x00, 0x00, 0xa0, 0x01, 0x00
    , 0x00, 0x00, 0x00, 0x1f, 0x02, 0x00, 0x00, 0x00, 0x00, 0x00
};

inline Upp::Image ICON_DESIGN_IMAGE_48()
{
    return Upp::UiMakeIcon(DATA_DESIGN_IMAGE_48);
}

static const unsigned char DATA_DESIGN_LEFT_PANEL_CLOSE_48[] = {
    0x30, 0x80, 0x30, 0x00, 0x02, 0x00, 0x00, 0x00, 0x00, 0x00, 0x01, 0x00
    , 0x00, 0x00, 0x00, 0x20, 0x01, 0x00, 0x00, 0x00, 0x00, 0xa1, 0x01, 0x00
    , 0x00, 0x00, 0x00, 0xd7, 0x01, 0x00, 0x00, 0x00, 0x00, 0xfd, 0x24, 0x00
    , 0x00, 0x00, 0x00, 0xff, 0x01, 0x00, 0x00, 0x00, 0x00, 0xfd, 0x01, 0x00
    , 0x00, 0x00, 0x00, 0xd7, 0x01, 0x00, 0x00, 0x00, 0x00, 0xa0, 0x01, 0x00
    , 0x00, 0x00, 0x00, 0x1f, 0x03, 0x00, 0x00, 0x00, 0x00, 0x00, 0x01, 0x00
    , 0x00, 0x00, 0x00, 0x51, 0x01, 0x00, 0x00, 0x00, 0x00, 0xf2, 0x2a, 0x00
    , 0x00, 0x00, 0x00, 0xff, 0x01, 0x00, 0x00, 0x00, 0x00, 0xf2, 0x01, 0x00
    , 0x00, 0x00, 0x00, 0x50, 0x01, 0x00, 0x00, 0x00, 0x00, 0x00, 0x01, 0x00
    , 0x00, 0x00, 0x00, 0x1f, 0x01, 0x00, 0x00, 0x00, 0x00, 0xf2, 0x2c, 0x00
    , 0x00, 0x00, 0x00, 0xff, 0x01, 0x00, 0x00, 0x00, 0x00, 0xf2, 0x01, 0x00
    , 0x00, 0x00, 0x00, 0x1f, 0x01, 0x00, 0x00, 0x00, 0x00, 0xa0, 0x2e, 0x00
    , 0x00, 0x00, 0x00, 0xff, 0x01, 0x00, 0x00, 0x00, 0x00, 0xa0, 0x01, 0x00
    , 0x00, 0x00, 0x00, 0xd7, 0x2e, 0x00, 0x00, 0x00, 0x00, 0xff, 0x01, 0x00
    , 0x00, 0x00, 0x00, 0xd6, 0x01, 0x00, 0x00, 0x00, 0x00, 0xfd, 0x04, 0x00
    , 0x00, 0x00, 0x00, 0xff, 0x01, 0x00, 0x00, 0x00, 0x00, 0x8d, 0x07, 0x00
    , 0x00, 0x00, 0x00, 0x54, 0x01, 0x00, 0x00, 0x00, 0x00, 0xc7, 0x04, 0x00
    , 0x00, 0x00, 0x00, 0xff, 0x01, 0x00, 0x00, 0x00, 0x00, 0xc7, 0x17, 0x00
    , 0x00, 0x00, 0x00, 0x54, 0x01, 0x00, 0x00, 0x00, 0x00, 0x8d, 0x04, 0x00
    , 0x00, 0x00, 0x00, 0xff, 0x01, 0x00, 0x00, 0x00, 0x00, 0xfd, 0x05, 0x00
    , 0x00, 0x00, 0x00, 0xff, 0x01, 0x00, 0x00, 0x00, 0x00, 0x54, 0x07, 0x00
    , 0x00, 0x00, 0x00, 0x00, 0x01, 0x00, 0x00, 0x00, 0x00, 0xaa, 0x04, 0x00
    , 0x00, 0x00, 0x00, 0xff, 0x01, 0x00, 0x00, 0x00, 0x00, 0xaa, 0x17, 0x00
    , 0x00, 0x00, 0x00, 0x00, 0x01, 0x00, 0x00, 0x00, 0x00, 0x54, 0x0a, 0x00
    , 0x00, 0x00, 0x00, 0xff, 0x01, 0x00, 0x00, 0x00, 0x00, 0x54, 0x07, 0x00
    , 0x00, 0x00, 0x00, 0x00, 0x01, 0x00, 0x00, 0x00, 0x00, 0xaa, 0x04, 0x00
    , 0x00, 0x00, 0x00, 0xff, 0x01, 0x00, 0x00, 0x00, 0x00, 0xaa, 0x17, 0x00
    , 0x00, 0x00, 0x00, 0x00, 0x01, 0x00, 0x00, 0x00, 0x00, 0x54, 0x0a, 0x00
    , 0x00, 0x00, 0x00, 0xff, 0x01, 0x00, 0x00, 0x00, 0x00, 0x54, 0x07, 0x00
    , 0x00, 0x00, 0x00, 0x00, 0x01, 0x00, 0x00, 0x00, 0x00, 0xaa, 0x04, 0x00
    , 0x00, 0x00, 0x00, 0xff, 0x01, 0x00, 0x00, 0x00, 0x00, 0xaa, 0x17, 0x00
    , 0x00, 0x00, 0x00, 0x00, 0x01, 0x00, 0x00, 0x00, 0x00, 0x54, 0x0a, 0x00
    , 0x00, 0x00, 0x00, 0xff, 0x01, 0x00, 0x00, 0x00, 0x00, 0x54, 0x07, 0x00
    , 0x00, 0x00, 0x00, 0x00, 0x01, 0x00, 0x00, 0x00, 0x00, 0xaa, 0x04, 0x00
    , 0x00, 0x00, 0x00, 0xff, 0x01, 0x00, 0x00, 0x00, 0x00, 0xaa, 0x17, 0x00
    , 0x00, 0x00, 0x00, 0x00, 0x01, 0x00, 0x00, 0x00, 0x00, 0x54, 0x0a, 0x00
    , 0x00, 0x00, 0x00, 0xff, 0x01, 0x00, 0x00, 0x00, 0x00, 0x54, 0x07, 0x00
    , 0x00, 0x00, 0x00, 0x00, 0x01, 0x00, 0x00, 0x00, 0x00, 0xaa, 0x04, 0x00
    , 0x00, 0x00, 0x00, 0xff, 0x01, 0x00, 0x00, 0x00, 0x00, 0xaa, 0x17, 0x00
    , 0x00, 0x00, 0x00, 0x00, 0x01, 0x00, 0x00, 0x00, 0x00, 0x54, 0x0a, 0x00
    , 0x00, 0x00, 0x00, 0xff, 0x01, 0x00, 0x00, 0x00, 0x00, 0x54, 0x07, 0x00
    , 0x00, 0x00, 0x00, 0x00, 0x01, 0x00, 0x00, 0x00, 0x00, 0xaa, 0x04, 0x00
    , 0x00, 0x00, 0x00, 0xff, 0x01, 0x00, 0x00, 0x00, 0x00, 0xaa, 0x17, 0x00
    , 0x00, 0x00, 0x00, 0x00, 0x01, 0x00, 0x00, 0x00, 0x00, 0x54, 0x0a, 0x00
    , 0x00, 0x00, 0x00, 0xff, 0x01, 0x00, 0x00, 0x00, 0x00, 0x54, 0x07, 0x00
    , 0x00, 0x00, 0x00, 0x00, 0x01, 0x00, 0x00, 0x00, 0x00, 0xaa, 0x04, 0x00
    , 0x00, 0x00, 0x00, 0xff, 0x01, 0x00, 0x00, 0x00, 0x00, 0xaa, 0x17, 0x00
    , 0x00, 0x00, 0x00, 0x00, 0x01, 0x00, 0x00, 0x00, 0x00, 0x54, 0x0a, 0x00
    , 0x00, 0x00, 0x00, 0xff, 0x01, 0x00, 0x00, 0x00, 0x00, 0x54, 0x07, 0x00
    , 0x00, 0x00, 0x00, 0x00, 0x01, 0x00, 0x00, 0x00, 0x00, 0xaa, 0x04, 0x00
    , 0x00, 0x00, 0x00, 0xff, 0x01, 0x00, 0x00, 0x00, 0x00, 0xaa, 0x17, 0x00
    , 0x00, 0x00, 0x00, 0x00, 0x01, 0x00, 0x00, 0x00, 0x00, 0x54, 0x0a, 0x00
    , 0x00, 0x00, 0x00, 0xff, 0x01, 0x00, 0x00, 0x00, 0x00, 0x54, 0x07, 0x00
    , 0x00, 0x00, 0x00, 0x00, 0x01, 0x00, 0x00, 0x00, 0x00, 0xaa, 0x04, 0x00
    , 0x00, 0x00, 0x00, 0xff, 0x01, 0x00, 0x00, 0x00, 0x00, 0xaa, 0x17, 0x00
    , 0x00, 0x00, 0x00, 0x00, 0x01, 0x00, 0x00, 0x00, 0x00, 0x54, 0x0a, 0x00
    , 0x00, 0x00, 0x00, 0xff, 0x01, 0x00, 0x00, 0x00, 0x00, 0x54, 0x07, 0x00
    , 0x00, 0x00, 0x00, 0x00, 0x01, 0x00, 0x00, 0x00, 0x00, 0xaa, 0x04, 0x00
    , 0x00, 0x00, 0x00, 0xff, 0x01, 0x00, 0x00, 0x00, 0x00, 0xaa, 0x0e, 0x00
    , 0x00, 0x00, 0x00, 0x00, 0x01, 0x00, 0x00, 0x00, 0x00, 0x34, 0x01, 0x00
    , 0x00, 0x00, 0x00, 0xbd, 0x01, 0x00, 0x00, 0x00, 0x00, 0x72, 0x06, 0x00
    , 0x00, 0x00, 0x00, 0x00, 0x01, 0x00, 0x00, 0x00, 0x00, 0x54, 0x0a, 0x00
    , 0x00, 0x00, 0x00, 0xff, 0x01, 0x00, 0x00, 0x00, 0x00, 0x54, 0x07, 0x00
    , 0x00, 0x00, 0x00, 0x00, 0x01, 0x00, 0x00, 0x00, 0x00, 0xaa, 0x04, 0x00
    , 0x00, 0x00, 0x00, 0xff, 0x01, 0x00, 0x00, 0x00, 0x00, 0xaa, 0x0d, 0x00
    , 0x00, 0x00, 0x00, 0x00, 0x01, 0x00, 0x00, 0x00, 0x00, 0x38, 0x01, 0x00
    , 0x00, 0x00, 0x00, 0xf0, 0x01, 0x00, 0x00, 0x00, 0x00, 0xff, 0x01, 0x00
    , 0x00, 0x00, 0x00, 0xf5, 0x06, 0x00, 0x00, 0x00, 0x00, 0x00, 0x01, 0x00
    , 0x00, 0x00, 0x00, 0x54, 0x0a, 0x00, 0x00, 0x00, 0x00, 0xff, 0x01, 0x00
    , 0x00, 0x00, 0x00, 0x54, 0x07, 0x00, 0x00, 0x00, 0x00, 0x00, 0x01, 0x00
    , 0x00, 0x00, 0x00, 0xaa, 0x04, 0x00, 0x00, 0x00, 0x00, 0xff, 0x01, 0x00
    , 0x00, 0x00, 0x00, 0xaa, 0x0c, 0x00, 0x00, 0x00, 0x00, 0x00, 0x01, 0x00
    , 0x00, 0x00, 0x00, 0x38, 0x01, 0x00, 0x00, 0x00, 0x00, 0xf0, 0x03, 0x00
    , 0x00, 0x00, 0x00, 0xff, 0x06, 0x00, 0x00, 0x00, 0x00, 0x00, 0x01, 0x00
    , 0x00, 0x00, 0x00, 0x54, 0x0a, 0x00, 0x00, 0x00, 0x00, 0xff, 0x01, 0x00
    , 0x00, 0x00, 0x00, 0x54, 0x07, 0x00, 0x00, 0x00, 0x00, 0x00, 0x01, 0x00
    , 0x00, 0x00, 0x00, 0xaa, 0x04, 0x00, 0x00, 0x00, 0x00, 0xff, 0x01, 0x00
    , 0x00, 0x00, 0x00, 0xaa, 0x0b, 0x00, 0x00, 0x00, 0x00, 0x00, 0x01, 0x00
    , 0x00, 0x00, 0x00, 0x38, 0x01, 0x00, 0x00, 0x00, 0x00, 0xf0, 0x04, 0x00
    , 0x00, 0x00, 0x00, 0xff, 0x06, 0x00, 0x00, 0x00, 0x00, 0x00, 0x01, 0x00
    , 0x00, 0x00, 0x00, 0x54, 0x0a, 0x00, 0x00, 0x00, 0x00, 0xff, 0x01, 0x00
    , 0x00, 0x00, 0x00, 0x54, 0x07, 0x00, 0x00, 0x00, 0x00, 0x00, 0x01, 0x00
    , 0x00, 0x00, 0x00, 0xaa, 0x04, 0x00, 0x00, 0x00, 0x00, 0xff, 0x01, 0x00
    , 0x00, 0x00, 0x00, 0xaa, 0x0a, 0x00, 0x00, 0x00, 0x00, 0x00, 0x01, 0x00
    , 0x00, 0x00, 0x00, 0x38, 0x01, 0x00, 0x00, 0x00, 0x00, 0xf0, 0x05, 0x00
    , 0x00, 0x00, 0x00, 0xff, 0x06, 0x00, 0x00, 0x00, 0x00, 0x00, 0x01, 0x00
    , 0x00, 0x00, 0x00, 0x54, 0x0a, 0x00, 0x00, 0x00, 0x00, 0xff, 0x01, 0x00
    , 0x00, 0x00, 0x00, 0x54, 0x07, 0x00, 0x00, 0x00, 0x00, 0x00, 0x01, 0x00
    , 0x00, 0x00, 0x00, 0xaa, 0x04, 0x00, 0x00, 0x00, 0x00, 0xff, 0x01, 0x00
    , 0x00, 0x00, 0x00, 0xaa, 0x09, 0x00, 0x00, 0x00, 0x00, 0x00, 0x01, 0x00
    , 0x00, 0x00, 0x00, 0x38, 0x01, 0x00, 0x00, 0x00, 0x00, 0xf0, 0x06, 0x00
    , 0x00, 0x00, 0x00, 0xff, 0x06, 0x00, 0x00, 0x00, 0x00, 0x00, 0x01, 0x00
    , 0x00, 0x00, 0x00, 0x54, 0x0a, 0x00, 0x00, 0x00, 0x00, 0xff, 0x01, 0x00
    , 0x00, 0x00, 0x00, 0x54, 0x07, 0x00, 0x00, 0x00, 0x00, 0x00, 0x01, 0x00
    , 0x00, 0x00, 0x00, 0xaa, 0x04, 0x00, 0x00, 0x00, 0x00, 0xff, 0x01, 0x00
    , 0x00, 0x00, 0x00, 0xaa, 0x08, 0x00, 0x00, 0x00, 0x00, 0x00, 0x01, 0x00
    , 0x00, 0x00, 0x00, 0x38, 0x01, 0x00, 0x00, 0x00, 0x00, 0xf0, 0x07, 0x00
    , 0x00, 0x00, 0x00, 0xff, 0x06, 0x00, 0x00, 0x00, 0x00, 0x00, 0x01, 0x00
    , 0x00, 0x00, 0x00, 0x54, 0x0a, 0x00, 0x00, 0x00, 0x00, 0xff, 0x01, 0x00
    , 0x00, 0x00, 0x00, 0x54, 0x07, 0x00, 0x00, 0x00, 0x00, 0x00, 0x01, 0x00
    , 0x00, 0x00, 0x00, 0xaa, 0x04, 0x00, 0x00, 0x00, 0x00, 0xff, 0x01, 0x00
    , 0x00, 0x00, 0x00, 0xaa, 0x07, 0x00, 0x00, 0x00, 0x00, 0x00, 0x01, 0x00
    , 0x00, 0x00, 0x00, 0x1c, 0x01, 0x00, 0x00, 0x00, 0x00, 0xee, 0x08, 0x00
    , 0x00, 0x00, 0x00, 0xff, 0x06, 0x00, 0x00, 0x00, 0x00, 0x00, 0x01, 0x00
    , 0x00, 0x00, 0x00, 0x54, 0x0a, 0x00, 0x00, 0x00, 0x00, 0xff, 0x01, 0x00
    , 0x00, 0x00, 0x00, 0x54, 0x07, 0x00, 0x00, 0x00, 0x00, 0x00, 0x01, 0x00
    , 0x00, 0x00, 0x00, 0xaa, 0x04, 0x00, 0x00, 0x00, 0x00, 0xff, 0x01, 0x00
    , 0x00, 0x00, 0x00, 0xaa, 0x07, 0x00, 0x00, 0x00, 0x00, 0x00, 0x01, 0x00
    , 0x00, 0x00, 0x00, 0x7f, 0x09, 0x00, 0x00, 0x00, 0x00, 0xff, 0x06, 0x00
    , 0x00, 0x00, 0x00, 0x00, 0x01, 0x00, 0x00, 0x00, 0x00, 0x54, 0x0a, 0x00
    , 0x00, 0x00, 0x00, 0xff, 0x01, 0x00, 0x00, 0x00, 0x00, 0x54, 0x07, 0x00
    , 0x00, 0x00, 0x00, 0x00, 0x01, 0x00, 0x00, 0x00, 0x00, 0xaa, 0x04, 0x00
    , 0x00, 0x00, 0x00, 0xff, 0x01, 0x00, 0x00, 0x00, 0x00, 0xaa, 0x07, 0x00
    , 0x00, 0x00, 0x00, 0x00, 0x01, 0x00, 0x00, 0x00, 0x00, 0x7f, 0x09, 0x00
    , 0x00, 0x00, 0x00, 0xff, 0x06, 0x00, 0x00, 0x00, 0x00, 0x00, 0x01, 0x00
    , 0x00, 0x00, 0x00, 0x54, 0x0a, 0x00, 0x00, 0x00, 0x00, 0xff, 0x01, 0x00
    , 0x00, 0x00, 0x00, 0x54, 0x07, 0x00, 0x00, 0x00, 0x00, 0x00, 0x01, 0x00
    , 0x00, 0x00, 0x00, 0xaa, 0x04, 0x00, 0x00, 0x00, 0x00, 0xff, 0x01, 0x00
    , 0x00, 0x00, 0x00, 0xaa, 0x07, 0x00, 0x00, 0x00, 0x00, 0x00, 0x01, 0x00
    , 0x00, 0x00, 0x00, 0x1c, 0x01, 0x00, 0x00, 0x00, 0x00, 0xee, 0x08, 0x00
    , 0x00, 0x00, 0x00, 0xff, 0x06, 0x00, 0x00, 0x00, 0x00, 0x00, 0x01, 0x00
    , 0x00, 0x00, 0x00, 0x54, 0x0a, 0x00, 0x00, 0x00, 0x00, 0xff, 0x01, 0x00
    , 0x00, 0x00, 0x00, 0x54, 0x07, 0x00, 0x00, 0x00, 0x00, 0x00, 0x01, 0x00
    , 0x00, 0x00, 0x00, 0xaa, 0x04, 0x00, 0x00, 0x00, 0x00, 0xff, 0x01, 0x00
    , 0x00, 0x00, 0x00, 0xaa, 0x08, 0x00, 0x00, 0x00, 0x00, 0x00, 0x01, 0x00
    , 0x00, 0x00, 0x00, 0x38, 0x01, 0x00, 0x00, 0x00, 0x00, 0xf0, 0x07, 0x00
    , 0x00, 0x00, 0x00, 0xff, 0x06, 0x00, 0x00, 0x00, 0x00, 0x00, 0x01, 0x00
    , 0x00, 0x00, 0x00, 0x54, 0x0a, 0x00, 0x00, 0x00, 0x00, 0xff, 0x01, 0x00
    , 0x00, 0x00, 0x00, 0x54, 0x07, 0x00, 0x00, 0x00, 0x00, 0x00, 0x01, 0x00
    , 0x00, 0x00, 0x00, 0xaa, 0x04, 0x00, 0x00, 0x00, 0x00, 0xff, 0x01, 0x00
    , 0x00, 0x00, 0x00, 0xaa, 0x09, 0x00, 0x00, 0x00, 0x00, 0x00, 0x01, 0x00
    , 0x00, 0x00, 0x00, 0x38, 0x01, 0x00, 0x00, 0x00, 0x00, 0xf0, 0x06, 0x00
    , 0x00, 0x00, 0x00, 0xff, 0x06, 0x00, 0x00, 0x00, 0x00, 0x00, 0x01, 0x00
    , 0x00, 0x00, 0x00, 0x54, 0x0a, 0x00, 0x00, 0x00, 0x00, 0xff, 0x01, 0x00
    , 0x00, 0x00, 0x00, 0x54, 0x07, 0x00, 0x00, 0x00, 0x00, 0x00, 0x01, 0x00
    , 0x00, 0x00, 0x00, 0xaa, 0x04, 0x00, 0x00, 0x00, 0x00, 0xff, 0x01, 0x00
    , 0x00, 0x00, 0x00, 0xaa, 0x0a, 0x00, 0x00, 0x00, 0x00, 0x00, 0x01, 0x00
    , 0x00, 0x00, 0x00, 0x38, 0x01, 0x00, 0x00, 0x00, 0x00, 0xf0, 0x05, 0x00
    , 0x00, 0x00, 0x00, 0xff, 0x06, 0x00, 0x00, 0x00, 0x00, 0x00, 0x01, 0x00
    , 0x00, 0x00, 0x00, 0x54, 0x0a, 0x00, 0x00, 0x00, 0x00, 0xff, 0x01, 0x00
    , 0x00, 0x00, 0x00, 0x54, 0x07, 0x00, 0x00, 0x00, 0x00, 0x00, 0x01, 0x00
    , 0x00, 0x00, 0x00, 0xaa, 0x04, 0x00, 0x00, 0x00, 0x00, 0xff, 0x01, 0x00
    , 0x00, 0x00, 0x00, 0xaa, 0x0b, 0x00, 0x00, 0x00, 0x00, 0x00, 0x01, 0x00
    , 0x00, 0x00, 0x00, 0x38, 0x01, 0x00, 0x00, 0x00, 0x00, 0xf0, 0x04, 0x00
    , 0x00, 0x00, 0x00, 0xff, 0x06, 0x00, 0x00, 0x00, 0x00, 0x00, 0x01, 0x00
    , 0x00, 0x00, 0x00, 0x54, 0x0a, 0x00, 0x00, 0x00, 0x00, 0xff, 0x01, 0x00
    , 0x00, 0x00, 0x00, 0x54, 0x07, 0x00, 0x00, 0x00, 0x00, 0x00, 0x01, 0x00
    , 0x00, 0x00, 0x00, 0xaa, 0x04, 0x00, 0x00, 0x00, 0x00, 0xff, 0x01, 0x00
    , 0x00, 0x00, 0x00, 0xaa, 0x0c, 0x00, 0x00, 0x00, 0x00, 0x00, 0x01, 0x00
    , 0x00, 0x00, 0x00, 0x38, 0x01, 0x00, 0x00, 0x00, 0x00, 0xf0, 0x03, 0x00
    , 0x00, 0x00, 0x00, 0xff, 0x06, 0x00, 0x00, 0x00, 0x00, 0x00, 0x01, 0x00
    , 0x00, 0x00, 0x00, 0x54, 0x0a, 0x00, 0x00, 0x00, 0x00, 0xff, 0x01, 0x00
    , 0x00, 0x00, 0x00, 0x54, 0x07, 0x00, 0x00, 0x00, 0x00, 0x00, 0x01, 0x00
    , 0x00, 0x00, 0x00, 0xaa, 0x04, 0x00, 0x00, 0x00, 0x00, 0xff, 0x01, 0x00
    , 0x00, 0x00, 0x00, 0xaa, 0x0d, 0x00, 0x00, 0x00, 0x00, 0x00, 0x01, 0x00
    , 0x00, 0x00, 0x00, 0x38, 0x01, 0x00, 0x00, 0x00, 0x00, 0xf0, 0x01, 0x00
    , 0x00, 0x00, 0x00, 0xff, 0x01, 0x00, 0x00, 0x00, 0x00, 0xf5, 0x06, 0x00
    , 0x00, 0x00, 0x00, 0x00, 0x01, 0x00, 0x00, 0x00, 0x00, 0x54, 0x0a, 0x00
    , 0x00, 0x00, 0x00, 0xff, 0x01, 0x00, 0x00, 0x00, 0x00, 0x54, 0x07, 0x00
    , 0x00, 0x00, 0x00, 0x00, 0x01, 0x00, 0x00, 0x00, 0x00, 0xaa, 0x04, 0x00
    , 0x00, 0x00, 0x00, 0xff, 0x01, 0x00, 0x00, 0x00, 0x00, 0xaa, 0x0e, 0x00
    , 0x00, 0x00, 0x00, 0x00, 0x01, 0x00, 0x00, 0x00, 0x00, 0x33, 0x01, 0x00
    , 0x00, 0x00, 0x00, 0xbc, 0x01, 0x00, 0x00, 0x00, 0x00, 0x72, 0x06, 0x00
    , 0x00, 0x00, 0x00, 0x00, 0x01, 0x00, 0x00, 0x00, 0x00, 0x54, 0x0a, 0x00
    , 0x00, 0x00, 0x00, 0xff, 0x01, 0x00, 0x00, 0x00, 0x00, 0x54, 0x07, 0x00
    , 0x00, 0x00, 0x00, 0x00, 0x01, 0x00, 0x00, 0x00, 0x00, 0xaa, 0x04, 0x00
    , 0x00, 0x00, 0x00, 0xff, 0x01, 0x00, 0x00, 0x00, 0x00, 0xaa, 0x17, 0x00
    , 0x00, 0x00, 0x00, 0x00, 0x01, 0x00, 0x00, 0x00, 0x00, 0x54, 0x0a, 0x00
    , 0x00, 0x00, 0x00, 0xff, 0x01, 0x00, 0x00, 0x00, 0x00, 0x54, 0x07, 0x00
    , 0x00, 0x00, 0x00, 0x00, 0x01, 0x00, 0x00, 0x00, 0x00, 0xaa, 0x04, 0x00
    , 0x00, 0x00, 0x00, 0xff, 0x01, 0x00, 0x00, 0x00, 0x00, 0xaa, 0x17, 0x00
    , 0x00, 0x00, 0x00, 0x00, 0x01, 0x00, 0x00, 0x00, 0x00, 0x54, 0x0a, 0x00
    , 0x00, 0x00, 0x00, 0xff, 0x01, 0x00, 0x00, 0x00, 0x00, 0x54, 0x07, 0x00
    , 0x00, 0x00, 0x00, 0x00, 0x01, 0x00, 0x00, 0x00, 0x00, 0xaa, 0x04, 0x00
    , 0x00, 0x00, 0x00, 0xff, 0x01, 0x00, 0x00, 0x00, 0x00, 0xaa, 0x17, 0x00
    , 0x00, 0x00, 0x00, 0x00, 0x01, 0x00, 0x00, 0x00, 0x00, 0x54, 0x0a, 0x00
    , 0x00, 0x00, 0x00, 0xff, 0x01, 0x00, 0x00, 0x00, 0x00, 0x54, 0x07, 0x00
    , 0x00, 0x00, 0x00, 0x00, 0x01, 0x00, 0x00, 0x00, 0x00, 0xaa, 0x04, 0x00
    , 0x00, 0x00, 0x00, 0xff, 0x01, 0x00, 0x00, 0x00, 0x00, 0xaa, 0x17, 0x00
    , 0x00, 0x00, 0x00, 0x00, 0x01, 0x00, 0x00, 0x00, 0x00, 0x54, 0x0a, 0x00
    , 0x00, 0x00, 0x00, 0xff, 0x01, 0x00, 0x00, 0x00, 0x00, 0x54, 0x07, 0x00
    , 0x00, 0x00, 0x00, 0x00, 0x01, 0x00, 0x00, 0x00, 0x00, 0xaa, 0x04, 0x00
    , 0x00, 0x00, 0x00, 0xff, 0x01, 0x00, 0x00, 0x00, 0x00, 0xaa, 0x17, 0x00
    , 0x00, 0x00, 0x00, 0x00, 0x01, 0x00, 0x00, 0x00, 0x00, 0x54, 0x0a, 0x00
    , 0x00, 0x00, 0x00, 0xff, 0x01, 0x00, 0x00, 0x00, 0x00, 0x54, 0x07, 0x00
    , 0x00, 0x00, 0x00, 0x00, 0x01, 0x00, 0x00, 0x00, 0x00, 0xaa, 0x04, 0x00
    , 0x00, 0x00, 0x00, 0xff, 0x01, 0x00, 0x00, 0x00, 0x00, 0xaa, 0x17, 0x00
    , 0x00, 0x00, 0x00, 0x00, 0x01, 0x00, 0x00, 0x00, 0x00, 0x54, 0x0a, 0x00
    , 0x00, 0x00, 0x00, 0xff, 0x01, 0x00, 0x00, 0x00, 0x00, 0x54, 0x07, 0x00
    , 0x00, 0x00, 0x00, 0x00, 0x01, 0x00, 0x00, 0x00, 0x00, 0xaa, 0x04, 0x00
    , 0x00, 0x00, 0x00, 0xff, 0x01, 0x00, 0x00, 0x00, 0x00, 0xaa, 0x17, 0x00
    , 0x00, 0x00, 0x00, 0x00, 0x01, 0x00, 0x00, 0x00, 0x00, 0x54, 0x0a, 0x00
    , 0x00, 0x00, 0x00, 0xff, 0x01, 0x00, 0x00, 0x00, 0x00, 0x54, 0x07, 0x00
    , 0x00, 0x00, 0x00, 0x00, 0x01, 0x00, 0x00, 0x00, 0x00, 0xaa, 0x04, 0x00
    , 0x00, 0x00, 0x00, 0xff, 0x01, 0x00, 0x00, 0x00, 0x00, 0xaa, 0x17, 0x00
    , 0x00, 0x00, 0x00, 0x00, 0x01, 0x00, 0x00, 0x00, 0x00, 0x54, 0x0a, 0x00
    , 0x00, 0x00, 0x00, 0xff, 0x01, 0x00, 0x00, 0x00, 0x00, 0x54, 0x07, 0x00
    , 0x00, 0x00, 0x00, 0x00, 0x01, 0x00, 0x00, 0x00, 0x00, 0xaa, 0x04, 0x00
    , 0x00, 0x00, 0x00, 0xff, 0x01, 0x00, 0x00, 0x00, 0x00, 0xaa, 0x17, 0x00
    , 0x00, 0x00, 0x00, 0x00, 0x01, 0x00, 0x00, 0x00, 0x00, 0x54, 0x05, 0x00
    , 0x00, 0x00, 0x00, 0xff, 0x01, 0x00, 0x00, 0x00, 0x00, 0xfd, 0x04, 0x00
    , 0x00, 0x00, 0x00, 0xff, 0x01, 0x00, 0x00, 0x00, 0x00, 0x8d, 0x07, 0x00
    , 0x00, 0x00, 0x00, 0x54, 0x01, 0x00, 0x00, 0x00, 0x00, 0xc7, 0x04, 0x00
    , 0x00, 0x00, 0x00, 0xff, 0x01, 0x00, 0x00, 0x00, 0x00, 0xc7, 0x17, 0x00
    , 0x00, 0x00, 0x00, 0x54, 0x01, 0x00, 0x00, 0x00, 0x00, 0x8d, 0x04, 0x00
    , 0x00, 0x00, 0x00, 0xff, 0x01, 0x00, 0x00, 0x00, 0x00, 0xfd, 0x01, 0x00
    , 0x00, 0x00, 0x00, 0xd7, 0x2e, 0x00, 0x00, 0x00, 0x00, 0xff, 0x01, 0x00
    , 0x00, 0x00, 0x00, 0xd6, 0x01, 0x00, 0x00, 0x00, 0x00, 0xa0, 0x2e, 0x00
    , 0x00, 0x00, 0x00, 0xff, 0x01, 0x00, 0x00, 0x00, 0x00, 0xa0, 0x01, 0x00
    , 0x00, 0x00, 0x00, 0x1f, 0x01, 0x00, 0x00, 0x00, 0x00, 0xf2, 0x2c, 0x00
    , 0x00, 0x00, 0x00, 0xff, 0x01, 0x00, 0x00, 0x00, 0x00, 0xf1, 0x01, 0x00
    , 0x00, 0x00, 0x00, 0x1f, 0x01, 0x00, 0x00, 0x00, 0x00, 0x00, 0x01, 0x00
    , 0x00, 0x00, 0x00, 0x50, 0x01, 0x00, 0x00, 0x00, 0x00, 0xf2, 0x2a, 0x00
    , 0x00, 0x00, 0x00, 0xff, 0x01, 0x00, 0x00, 0x00, 0x00, 0xf2, 0x01, 0x00
    , 0x00, 0x00, 0x00, 0x50, 0x03, 0x00, 0x00, 0x00, 0x00, 0x00, 0x01, 0x00
    , 0x00, 0x00, 0x00, 0x1f, 0x01, 0x00, 0x00, 0x00, 0x00, 0xa0, 0x01, 0x00
    , 0x00, 0x00, 0x00, 0xd6, 0x01, 0x00, 0x00, 0x00, 0x00, 0xfd, 0x24, 0x00
    , 0x00, 0x00, 0x00, 0xff, 0x01, 0x00, 0x00, 0x00, 0x00, 0xfd, 0x01, 0x00
    , 0x00, 0x00, 0x00, 0xd6, 0x01, 0x00, 0x00, 0x00, 0x00, 0xa0, 0x01, 0x00
    , 0x00, 0x00, 0x00, 0x1f, 0x02, 0x00, 0x00, 0x00, 0x00, 0x00
};

inline Upp::Image ICON_DESIGN_LEFT_PANEL_CLOSE_48()
{
    return Upp::UiMakeIcon(DATA_DESIGN_LEFT_PANEL_CLOSE_48);
}

static const unsigned char DATA_DESIGN_LEFT_PANEL_OPEN_48[] = {
    0x30, 0x80, 0x30, 0x00, 0x02, 0x00, 0x00, 0x00, 0x00, 0x00, 0x01, 0x00
    , 0x00, 0x00, 0x00, 0x20, 0x01, 0x00, 0x00, 0x00, 0x00, 0xa1, 0x01, 0x00
    , 0x00, 0x00, 0x00, 0xd7, 0x01, 0x00, 0x00, 0x00, 0x00, 0xfd, 0x24, 0x00
    , 0x00, 0x00, 0x00, 0xff, 0x01, 0x00, 0x00, 0x00, 0x00, 0xfd, 0x01, 0x00
    , 0x00, 0x00, 0x00, 0xd7, 0x01, 0x00, 0x00, 0x00, 0x00, 0xa0, 0x01, 0x00
    , 0x00, 0x00, 0x00, 0x1f, 0x03, 0x00, 0x00, 0x00, 0x00, 0x00, 0x01, 0x00
    , 0x00, 0x00, 0x00, 0x51, 0x01, 0x00, 0x00, 0x00, 0x00, 0xf2, 0x2a, 0x00
    , 0x00, 0x00, 0x00, 0xff, 0x01, 0x00, 0x00, 0x00, 0x00, 0xf2, 0x01, 0x00
    , 0x00, 0x00, 0x00, 0x50, 0x01, 0x00, 0x00, 0x00, 0x00, 0x00, 0x01, 0x00
    , 0x00, 0x00, 0x00, 0x1f, 0x01, 0x00, 0x00, 0x00, 0x00, 0xf2, 0x2c, 0x00
    , 0x00, 0x00, 0x00, 0xff, 0x01, 0x00, 0x00, 0x00, 0x00, 0xf2, 0x01, 0x00
    , 0x00, 0x00, 0x00, 0x1f, 0x01, 0x00, 0x00, 0x00, 0x00, 0xa0, 0x2e, 0x00
    , 0x00, 0x00, 0x00, 0xff, 0x01, 0x00, 0x00, 0x00, 0x00, 0xa0, 0x01, 0x00
    , 0x00, 0x00, 0x00, 0xd7, 0x2e, 0x00, 0x00, 0x00, 0x00, 0xff, 0x01, 0x00
    , 0x00, 0x00, 0x00, 0xd6, 0x01, 0x00, 0x00, 0x00, 0x00, 0xfd, 0x04, 0x00
    , 0x00, 0x00, 0x00, 0xff, 0x01, 0x00, 0x00, 0x00, 0x00, 0x8d, 0x07, 0x00
    , 0x00, 0x00, 0x00, 0x54, 0x01, 0x00, 0x00, 0x00, 0x00, 0xc7, 0x04, 0x00
    , 0x00, 0x00, 0x00, 0xff, 0x01, 0x00, 0x00, 0x00, 0x00, 0xc7, 0x17, 0x00
    , 0x00, 0x00, 0x00, 0x54, 0x01, 0x00, 0x00, 0x00, 0x00, 0x8d, 0x04, 0x00
    , 0x00, 0x00, 0x00, 0xff, 0x01, 0x00, 0x00, 0x00, 0x00, 0xfd, 0x05, 0x00
    , 0x00, 0x00, 0x00, 0xff, 0x01, 0x00, 0x00, 0x00, 0x00, 0x54, 0x07, 0x00
    , 0x00, 0x00, 0x00, 0x00, 0x01, 0x00, 0x00, 0x00, 0x00, 0xaa, 0x04, 0x00
    , 0x00, 0x00, 0x00, 0xff, 0x01, 0x00, 0x00, 0x00, 0x00, 0xaa, 0x17, 0x00
    , 0x00, 0x00, 0x00, 0x00, 0x01, 0x00, 0x00, 0x00, 0x00, 0x54, 0x0a, 0x00
    , 0x00, 0x00, 0x00, 0xff, 0x01, 0x00, 0x00, 0x00, 0x00, 0x54, 0x07, 0x00
    , 0x00, 0x00, 0x00, 0x00, 0x01, 0x00, 0x00, 0x00, 0x00, 0xaa, 0x04, 0x00
    , 0x00, 0x00, 0x00, 0xff, 0x01, 0x00, 0x00, 0x00, 0x00, 0xaa, 0x17, 0x00
    , 0x00, 0x00, 0x00, 0x00, 0x01, 0x00, 0x00, 0x00, 0x00, 0x54, 0x0a, 0x00
    , 0x00, 0x00, 0x00, 0xff, 0x01, 0x00, 0x00, 0x00, 0x00, 0x54, 0x07, 0x00
    , 0x00, 0x00, 0x00, 0x00, 0x01, 0x00, 0x00, 0x00, 0x00, 0xaa, 0x04, 0x00
    , 0x00, 0x00, 0x00, 0xff, 0x01, 0x00, 0x00, 0x00, 0x00, 0xaa, 0x17, 0x00
    , 0x00, 0x00, 0x00, 0x00, 0x01, 0x00, 0x00, 0x00, 0x00, 0x54, 0x0a, 0x00
    , 0x00, 0x00, 0x00, 0xff, 0x01, 0x00, 0x00, 0x00, 0x00, 0x54, 0x07, 0x00
    , 0x00, 0x00, 0x00, 0x00, 0x01, 0x00, 0x00, 0x00, 0x00, 0xaa, 0x04, 0x00
    , 0x00, 0x00, 0x00, 0xff, 0x01, 0x00, 0x00, 0x00, 0x00, 0xaa, 0x17, 0x00
    , 0x00, 0x00, 0x00, 0x00, 0x01, 0x00, 0x00, 0x00, 0x00, 0x54, 0x0a, 0x00
    , 0x00, 0x00, 0x00, 0xff, 0x01, 0x00, 0x00, 0x00, 0x00, 0x54, 0x07, 0x00
    , 0x00, 0x00, 0x00, 0x00, 0x01, 0x00, 0x00, 0x00, 0x00, 0xaa, 0x04, 0x00
    , 0x00, 0x00, 0x00, 0xff, 0x01, 0x00, 0x00, 0x00, 0x00, 0xaa, 0x17, 0x00
    , 0x00, 0x00, 0x00, 0x00, 0x01, 0x00, 0x00, 0x00, 0x00, 0x54, 0x0a, 0x00
    , 0x00, 0x00, 0x00, 0xff, 0x01, 0x00, 0x00, 0x00, 0x00, 0x54, 0x07, 0x00
    , 0x00, 0x00, 0x00, 0x00, 0x01, 0x00, 0x00, 0x00, 0x00, 0xaa, 0x04, 0x00
    , 0x00, 0x00, 0x00, 0xff, 0x01, 0x00, 0x00, 0x00, 0x00, 0xaa, 0x17, 0x00
    , 0x00, 0x00, 0x00, 0x00, 0x01, 0x00, 0x00, 0x00, 0x00, 0x54, 0x0a, 0x00
    , 0x00, 0x00, 0x00, 0xff, 0x01, 0x00, 0x00, 0x00, 0x00, 0x54, 0x07, 0x00
    , 0x00, 0x00, 0x00, 0x00, 0x01, 0x00, 0x00, 0x00, 0x00, 0xaa, 0x04, 0x00
    , 0x00, 0x00, 0x00, 0xff, 0x01, 0x00, 0x00, 0x00, 0x00, 0xaa, 0x17, 0x00
    , 0x00, 0x00, 0x00, 0x00, 0x01, 0x00, 0x00, 0x00, 0x00, 0x54, 0x0a, 0x00
    , 0x00, 0x00, 0x00, 0xff, 0x01, 0x00, 0x00, 0x00, 0x00, 0x54, 0x07, 0x00
    , 0x00, 0x00, 0x00, 0x00, 0x01, 0x00, 0x00, 0x00, 0x00, 0xaa, 0x04, 0x00
    , 0x00, 0x00, 0x00, 0xff, 0x01, 0x00, 0x00, 0x00, 0x00, 0xaa, 0x17, 0x00
    , 0x00, 0x00, 0x00, 0x00, 0x01, 0x00, 0x00, 0x00, 0x00, 0x54, 0x0a, 0x00
    , 0x00, 0x00, 0x00, 0xff, 0x01, 0x00, 0x00, 0x00, 0x00, 0x54, 0x07, 0x00
    , 0x00, 0x00, 0x00, 0x00, 0x01, 0x00, 0x00, 0x00, 0x00, 0xaa, 0x04, 0x00
    , 0x00, 0x00, 0x00, 0xff, 0x01, 0x00, 0x00, 0x00, 0x00, 0xaa, 0x17, 0x00
    , 0x00, 0x00, 0x00, 0x00, 0x01, 0x00, 0x00, 0x00, 0x00, 0x54, 0x0a, 0x00
    , 0x00, 0x00, 0x00, 0xff, 0x01, 0x00, 0x00, 0x00, 0x00, 0x54, 0x07, 0x00
    , 0x00, 0x00, 0x00, 0x00, 0x01, 0x00, 0x00, 0x00, 0x00, 0xaa, 0x04, 0x00
    , 0x00, 0x00, 0x00, 0xff, 0x01, 0x00, 0x00, 0x00, 0x00, 0xaa, 0x06, 0x00
    , 0x00, 0x00, 0x00, 0x00, 0x01, 0x00, 0x00, 0x00, 0x00, 0x35, 0x01, 0x00
    , 0x00, 0x00, 0x00, 0xc2, 0x01, 0x00, 0x00, 0x00, 0x00, 0x6c, 0x0e, 0x00
    , 0x00, 0x00, 0x00, 0x00, 0x01, 0x00, 0x00, 0x00, 0x00, 0x54, 0x0a, 0x00
    , 0x00, 0x00, 0x00, 0xff, 0x01, 0x00, 0x00, 0x00, 0x00, 0x54, 0x07, 0x00
    , 0x00, 0x00, 0x00, 0x00, 0x01, 0x00, 0x00, 0x00, 0x00, 0xaa, 0x04, 0x00
    , 0x00, 0x00, 0x00, 0xff, 0x01, 0x00, 0x00, 0x00, 0x00, 0xaa, 0x06, 0x00
    , 0x00, 0x00, 0x00, 0x00, 0x01, 0x00, 0x00, 0x00, 0x00, 0xa0, 0x02, 0x00
    , 0x00, 0x00, 0x00, 0xff, 0x01, 0x00, 0x00, 0x00, 0x00, 0x7f, 0x0d, 0x00
    , 0x00, 0x00, 0x00, 0x00, 0x01, 0x00, 0x00, 0x00, 0x00, 0x54, 0x0a, 0x00
    , 0x00, 0x00, 0x00, 0xff, 0x01, 0x00, 0x00, 0x00, 0x00, 0x54, 0x07, 0x00
    , 0x00, 0x00, 0x00, 0x00, 0x01, 0x00, 0x00, 0x00, 0x00, 0xaa, 0x04, 0x00
    , 0x00, 0x00, 0x00, 0xff, 0x01, 0x00, 0x00, 0x00, 0x00, 0xaa, 0x06, 0x00
    , 0x00, 0x00, 0x00, 0x00, 0x01, 0x00, 0x00, 0x00, 0x00, 0xaa, 0x03, 0x00
    , 0x00, 0x00, 0x00, 0xff, 0x01, 0x00, 0x00, 0x00, 0x00, 0x7f, 0x0c, 0x00
    , 0x00, 0x00, 0x00, 0x00, 0x01, 0x00, 0x00, 0x00, 0x00, 0x54, 0x0a, 0x00
    , 0x00, 0x00, 0x00, 0xff, 0x01, 0x00, 0x00, 0x00, 0x00, 0x54, 0x07, 0x00
    , 0x00, 0x00, 0x00, 0x00, 0x01, 0x00, 0x00, 0x00, 0x00, 0xaa, 0x04, 0x00
    , 0x00, 0x00, 0x00, 0xff, 0x01, 0x00, 0x00, 0x00, 0x00, 0xaa, 0x06, 0x00
    , 0x00, 0x00, 0x00, 0x00, 0x01, 0x00, 0x00, 0x00, 0x00, 0xaa, 0x04, 0x00
    , 0x00, 0x00, 0x00, 0xff, 0x01, 0x00, 0x00, 0x00, 0x00, 0x7f, 0x0b, 0x00
    , 0x00, 0x00, 0x00, 0x00, 0x01, 0x00, 0x00, 0x00, 0x00, 0x54, 0x0a, 0x00
    , 0x00, 0x00, 0x00, 0xff, 0x01, 0x00, 0x00, 0x00, 0x00, 0x54, 0x07, 0x00
    , 0x00, 0x00, 0x00, 0x00, 0x01, 0x00, 0x00, 0x00, 0x00, 0xaa, 0x04, 0x00
    , 0x00, 0x00, 0x00, 0xff, 0x01, 0x00, 0x00, 0x00, 0x00, 0xaa, 0x06, 0x00
    , 0x00, 0x00, 0x00, 0x00, 0x01, 0x00, 0x00, 0x00, 0x00, 0xaa, 0x05, 0x00
    , 0x00, 0x00, 0x00, 0xff, 0x01, 0x00, 0x00, 0x00, 0x00, 0x7f, 0x0a, 0x00
    , 0x00, 0x00, 0x00, 0x00, 0x01, 0x00, 0x00, 0x00, 0x00, 0x54, 0x0a, 0x00
    , 0x00, 0x00, 0x00, 0xff, 0x01, 0x00, 0x00, 0x00, 0x00, 0x54, 0x07, 0x00
    , 0x00, 0x00, 0x00, 0x00, 0x01, 0x00, 0x00, 0x00, 0x00, 0xaa, 0x04, 0x00
    , 0x00, 0x00, 0x00, 0xff, 0x01, 0x00, 0x00, 0x00, 0x00, 0xaa, 0x06, 0x00
    , 0x00, 0x00, 0x00, 0x00, 0x01, 0x00, 0x00, 0x00, 0x00, 0xaa, 0x06, 0x00
    , 0x00, 0x00, 0x00, 0xff, 0x01, 0x00, 0x00, 0x00, 0x00, 0x7f, 0x09, 0x00
    , 0x00, 0x00, 0x00, 0x00, 0x01, 0x00, 0x00, 0x00, 0x00, 0x54, 0x0a, 0x00
    , 0x00, 0x00, 0x00, 0xff, 0x01, 0x00, 0x00, 0x00, 0x00, 0x54, 0x07, 0x00
    , 0x00, 0x00, 0x00, 0x00, 0x01, 0x00, 0x00, 0x00, 0x00, 0xaa, 0x04, 0x00
    , 0x00, 0x00, 0x00, 0xff, 0x01, 0x00, 0x00, 0x00, 0x00, 0xaa, 0x06, 0x00
    , 0x00, 0x00, 0x00, 0x00, 0x01, 0x00, 0x00, 0x00, 0x00, 0xaa, 0x07, 0x00
    , 0x00, 0x00, 0x00, 0xff, 0x01, 0x00, 0x00, 0x00, 0x00, 0x7f, 0x08, 0x00
    , 0x00, 0x00, 0x00, 0x00, 0x01, 0x00, 0x00, 0x00, 0x00, 0x54, 0x0a, 0x00
    , 0x00, 0x00, 0x00, 0xff, 0x01, 0x00, 0x00, 0x00, 0x00, 0x54, 0x07, 0x00
    , 0x00, 0x00, 0x00, 0x00, 0x01, 0x00, 0x00, 0x00, 0x00, 0xaa, 0x04, 0x00
    , 0x00, 0x00, 0x00, 0xff, 0x01, 0x00, 0x00, 0x00, 0x00, 0xaa, 0x06, 0x00
    , 0x00, 0x00, 0x00, 0x00, 0x01, 0x00, 0x00, 0x00, 0x00, 0xaa, 0x08, 0x00
    , 0x00, 0x00, 0x00, 0xff, 0x01, 0x00, 0x00, 0x00, 0x00, 0x61, 0x07, 0x00
    , 0x00, 0x00, 0x00, 0x00, 0x01, 0x00, 0x00, 0x00, 0x00, 0x54, 0x0a, 0x00
    , 0x00, 0x00, 0x00, 0xff, 0x01, 0x00, 0x00, 0x00, 0x00, 0x54, 0x07, 0x00
    , 0x00, 0x00, 0x00, 0x00, 0x01, 0x00, 0x00, 0x00, 0x00, 0xaa, 0x04, 0x00
    , 0x00, 0x00, 0x00, 0xff, 0x01, 0x00, 0x00, 0x00, 0x00, 0xaa, 0x06, 0x00
    , 0x00, 0x00, 0x00, 0x00, 0x01, 0x00, 0x00, 0x00, 0x00, 0xaa, 0x08, 0x00
    , 0x00, 0x00, 0x00, 0xff, 0x01, 0x00, 0x00, 0x00, 0x00, 0xd4, 0x07, 0x00
    , 0x00, 0x00, 0x00, 0x00, 0x01, 0x00, 0x00, 0x00, 0x00, 0x54, 0x0a, 0x00
    , 0x00, 0x00, 0x00, 0xff, 0x01, 0x00, 0x00, 0x00, 0x00, 0x54, 0x07, 0x00
    , 0x00, 0x00, 0x00, 0x00, 0x01, 0x00, 0x00, 0x00, 0x00, 0xaa, 0x04, 0x00
    , 0x00, 0x00, 0x00, 0xff, 0x01, 0x00, 0x00, 0x00, 0x00, 0xaa, 0x06, 0x00
    , 0x00, 0x00, 0x00, 0x00, 0x01, 0x00, 0x00, 0x00, 0x00, 0xaa, 0x08, 0x00
    , 0x00, 0x00, 0x00, 0xff, 0x01, 0x00, 0x00, 0x00, 0x00, 0xd4, 0x07, 0x00
    , 0x00, 0x00, 0x00, 0x00, 0x01, 0x00, 0x00, 0x00, 0x00, 0x54, 0x0a, 0x00
    , 0x00, 0x00, 0x00, 0xff, 0x01, 0x00, 0x00, 0x00, 0x00, 0x54, 0x07, 0x00
    , 0x00, 0x00, 0x00, 0x00, 0x01, 0x00, 0x00, 0x00, 0x00, 0xaa, 0x04, 0x00
    , 0x00, 0x00, 0x00, 0xff, 0x01, 0x00, 0x00, 0x00, 0x00, 0xaa, 0x06, 0x00
    , 0x00, 0x00, 0x00, 0x00, 0x01, 0x00, 0x00, 0x00, 0x00, 0xaa, 0x08, 0x00
    , 0x00, 0x00, 0x00, 0xff, 0x01, 0x00, 0x00, 0x00, 0x00, 0x61, 0x07, 0x00
    , 0x00, 0x00, 0x00, 0x00, 0x01, 0x00, 0x00, 0x00, 0x00, 0x54, 0x0a, 0x00
    , 0x00, 0x00, 0x00, 0xff, 0x01, 0x00, 0x00, 0x00, 0x00, 0x54, 0x07, 0x00
    , 0x00, 0x00, 0x00, 0x00, 0x01, 0x00, 0x00, 0x00, 0x00, 0xaa, 0x04, 0x00
    , 0x00, 0x00, 0x00, 0xff, 0x01, 0x00, 0x00, 0x00, 0x00, 0xaa, 0x06, 0x00
    , 0x00, 0x00, 0x00, 0x00, 0x01, 0x00, 0x00, 0x00, 0x00, 0xaa, 0x07, 0x00
    , 0x00, 0x00, 0x00, 0xff, 0x01, 0x00, 0x00, 0x00, 0x00, 0x7f, 0x08, 0x00
    , 0x00, 0x00, 0x00, 0x00, 0x01, 0x00, 0x00, 0x00, 0x00, 0x54, 0x0a, 0x00
    , 0x00, 0x00, 0x00, 0xff, 0x01, 0x00, 0x00, 0x00, 0x00, 0x54, 0x07, 0x00
    , 0x00, 0x00, 0x00, 0x00, 0x01, 0x00, 0x00, 0x00, 0x00, 0xaa, 0x04, 0x00
    , 0x00, 0x00, 0x00, 0xff, 0x01, 0x00, 0x00, 0x00, 0x00, 0xaa, 0x06, 0x00
    , 0x00, 0x00, 0x00, 0x00, 0x01, 0x00, 0x00, 0x00, 0x00, 0xaa, 0x06, 0x00
    , 0x00, 0x00, 0x00, 0xff, 0x01, 0x00, 0x00, 0x00, 0x00, 0x7f, 0x09, 0x00
    , 0x00, 0x00, 0x00, 0x00, 0x01, 0x00, 0x00, 0x00, 0x00, 0x54, 0x0a, 0x00
    , 0x00, 0x00, 0x00, 0xff, 0x01, 0x00, 0x00, 0x00, 0x00, 0x54, 0x07, 0x00
    , 0x00, 0x00, 0x00, 0x00, 0x01, 0x00, 0x00, 0x00, 0x00, 0xaa, 0x04, 0x00
    , 0x00, 0x00, 0x00, 0xff, 0x01, 0x00, 0x00, 0x00, 0x00, 0xaa, 0x06, 0x00
    , 0x00, 0x00, 0x00, 0x00, 0x01, 0x00, 0x00, 0x00, 0x00, 0xaa, 0x05, 0x00
    , 0x00, 0x00, 0x00, 0xff, 0x01, 0x00, 0x00, 0x00, 0x00, 0x7f, 0x0a, 0x00
    , 0x00, 0x00, 0x00, 0x00, 0x01, 0x00, 0x00, 0x00, 0x00, 0x54, 0x0a, 0x00
    , 0x00, 0x00, 0x00, 0xff, 0x01, 0x00, 0x00, 0x00, 0x00, 0x54, 0x07, 0x00
    , 0x00, 0x00, 0x00, 0x00, 0x01, 0x00, 0x00, 0x00, 0x00, 0xaa, 0x04, 0x00
    , 0x00, 0x00, 0x00, 0xff, 0x01, 0x00, 0x00, 0x00, 0x00, 0xaa, 0x06, 0x00
    , 0x00, 0x00, 0x00, 0x00, 0x01, 0x00, 0x00, 0x00, 0x00, 0xaa, 0x04, 0x00
    , 0x00, 0x00, 0x00, 0xff, 0x01, 0x00, 0x00, 0x00, 0x00, 0x7f, 0x0b, 0x00
    , 0x00, 0x00, 0x00, 0x00, 0x01, 0x00, 0x00, 0x00, 0x00, 0x54, 0x0a, 0x00
    , 0x00, 0x00, 0x00, 0xff, 0x01, 0x00, 0x00, 0x00, 0x00, 0x54, 0x07, 0x00
    , 0x00, 0x00, 0x00, 0x00, 0x01, 0x00, 0x00, 0x00, 0x00, 0xaa, 0x04, 0x00
    , 0x00, 0x00, 0x00, 0xff, 0x01, 0x00, 0x00, 0x00, 0x00, 0xaa, 0x06, 0x00
    , 0x00, 0x00, 0x00, 0x00, 0x01, 0x00, 0x00, 0x00, 0x00, 0xaa, 0x03, 0x00
    , 0x00, 0x00, 0x00, 0xff, 0x01, 0x00, 0x00, 0x00, 0x00, 0x7f, 0x0c, 0x00
    , 0x00, 0x00, 0x00, 0x00, 0x01, 0x00, 0x00, 0x00, 0x00, 0x54, 0x0a, 0x00
    , 0x00, 0x00, 0x00, 0xff, 0x01, 0x00, 0x00, 0x00, 0x00, 0x54, 0x07, 0x00
    , 0x00, 0x00, 0x00, 0x00, 0x01, 0x00, 0x00, 0x00, 0x00, 0xaa, 0x04, 0x00
    , 0x00, 0x00, 0x00, 0xff, 0x01, 0x00, 0x00, 0x00, 0x00, 0xaa, 0x06, 0x00
    , 0x00, 0x00, 0x00, 0x00, 0x01, 0x00, 0x00, 0x00, 0x00, 0xa0, 0x02, 0x00
    , 0x00, 0x00, 0x00, 0xff, 0x01, 0x00, 0x00, 0x00, 0x00, 0x7f, 0x0d, 0x00
    , 0x00, 0x00, 0x00, 0x00, 0x01, 0x00, 0x00, 0x00, 0x00, 0x54, 0x0a, 0x00
    , 0x00, 0x00, 0x00, 0xff, 0x01, 0x00, 0x00, 0x00, 0x00, 0x54, 0x07, 0x00
    , 0x00, 0x00, 0x00, 0x00, 0x01, 0x00, 0x00, 0x00, 0x00, 0xaa, 0x04, 0x00
    , 0x00, 0x00, 0x00, 0xff, 0x01, 0x00, 0x00, 0x00, 0x00, 0xaa, 0x06, 0x00
    , 0x00, 0x00, 0x00, 0x00, 0x01, 0x00, 0x00, 0x00, 0x00, 0x35, 0x01, 0x00
    , 0x00, 0x00, 0x00, 0xc2, 0x01, 0x00, 0x00, 0x00, 0x00, 0x6c, 0x0e, 0x00
    , 0x00, 0x00, 0x00, 0x00, 0x01, 0x00, 0x00, 0x00, 0x00, 0x54, 0x0a, 0x00
    , 0x00, 0x00, 0x00, 0xff, 0x01, 0x00, 0x00, 0x00, 0x00, 0x54, 0x07, 0x00
    , 0x00, 0x00, 0x00, 0x00, 0x01, 0x00, 0x00, 0x00, 0x00, 0xaa, 0x04, 0x00
    , 0x00, 0x00, 0x00, 0xff, 0x01, 0x00, 0x00, 0x00, 0x00, 0xaa, 0x17, 0x00
    , 0x00, 0x00, 0x00, 0x00, 0x01, 0x00, 0x00, 0x00, 0x00, 0x54, 0x0a, 0x00
    , 0x00, 0x00, 0x00, 0xff, 0x01, 0x00, 0x00, 0x00, 0x00, 0x54, 0x07, 0x00
    , 0x00, 0x00, 0x00, 0x00, 0x01, 0x00, 0x00, 0x00, 0x00, 0xaa, 0x04, 0x00
    , 0x00, 0x00, 0x00, 0xff, 0x01, 0x00, 0x00, 0x00, 0x00, 0xaa, 0x17, 0x00
    , 0x00, 0x00, 0x00, 0x00, 0x01, 0x00, 0x00, 0x00, 0x00, 0x54, 0x0a, 0x00
    , 0x00, 0x00, 0x00, 0xff, 0x01, 0x00, 0x00, 0x00, 0x00, 0x54, 0x07, 0x00
    , 0x00, 0x00, 0x00, 0x00, 0x01, 0x00, 0x00, 0x00, 0x00, 0xaa, 0x04, 0x00
    , 0x00, 0x00, 0x00, 0xff, 0x01, 0x00, 0x00, 0x00, 0x00, 0xaa, 0x17, 0x00
    , 0x00, 0x00, 0x00, 0x00, 0x01, 0x00, 0x00, 0x00, 0x00, 0x54, 0x0a, 0x00
    , 0x00, 0x00, 0x00, 0xff, 0x01, 0x00, 0x00, 0x00, 0x00, 0x54, 0x07, 0x00
    , 0x00, 0x00, 0x00, 0x00, 0x01, 0x00, 0x00, 0x00, 0x00, 0xaa, 0x04, 0x00
    , 0x00, 0x00, 0x00, 0xff, 0x01, 0x00, 0x00, 0x00, 0x00, 0xaa, 0x17, 0x00
    , 0x00, 0x00, 0x00, 0x00, 0x01, 0x00, 0x00, 0x00, 0x00, 0x54, 0x0a, 0x00
    , 0x00, 0x00, 0x00, 0xff, 0x01, 0x00, 0x00, 0x00, 0x00, 0x54, 0x07, 0x00
    , 0x00, 0x00, 0x00, 0x00, 0x01, 0x00, 0x00, 0x00, 0x00, 0xaa, 0x04, 0x00
    , 0x00, 0x00, 0x00, 0xff, 0x01, 0x00, 0x00, 0x00, 0x00, 0xaa, 0x17, 0x00
    , 0x00, 0x00, 0x00, 0x00, 0x01, 0x00, 0x00, 0x00, 0x00, 0x54, 0x0a, 0x00
    , 0x00, 0x00, 0x00, 0xff, 0x01, 0x00, 0x00, 0x00, 0x00, 0x54, 0x07, 0x00
    , 0x00, 0x00, 0x00, 0x00, 0x01, 0x00, 0x00, 0x00, 0x00, 0xaa, 0x04, 0x00
    , 0x00, 0x00, 0x00, 0xff, 0x01, 0x00, 0x00, 0x00, 0x00, 0xaa, 0x17, 0x00
    , 0x00, 0x00, 0x00, 0x00, 0x01, 0x00, 0x00, 0x00, 0x00, 0x54, 0x0a, 0x00
    , 0x00, 0x00, 0x00, 0xff, 0x01, 0x00, 0x00, 0x00, 0x00, 0x54, 0x07, 0x00
    , 0x00, 0x00, 0x00, 0x00, 0x01, 0x00, 0x00, 0x00, 0x00, 0xaa, 0x04, 0x00
    , 0x00, 0x00, 0x00, 0xff, 0x01, 0x00, 0x00, 0x00, 0x00, 0xaa, 0x17, 0x00
    , 0x00, 0x00, 0x00, 0x00, 0x01, 0x00, 0x00, 0x00, 0x00, 0x54, 0x0a, 0x00
    , 0x00, 0x00, 0x00, 0xff, 0x01, 0x00, 0x00, 0x00, 0x00, 0x54, 0x07, 0x00
    , 0x00, 0x00, 0x00, 0x00, 0x01, 0x00, 0x00, 0x00, 0x00, 0xaa, 0x04, 0x00
    , 0x00, 0x00, 0x00, 0xff, 0x01, 0x00, 0x00, 0x00, 0x00, 0xaa, 0x17, 0x00
    , 0x00, 0x00, 0x00, 0x00, 0x01, 0x00, 0x00, 0x00, 0x00, 0x54, 0x0a, 0x00
    , 0x00, 0x00, 0x00, 0xff, 0x01, 0x00, 0x00, 0x00, 0x00, 0x54, 0x07, 0x00
    , 0x00, 0x00, 0x00, 0x00, 0x01, 0x00, 0x00, 0x00, 0x00, 0xaa, 0x04, 0x00
    , 0x00, 0x00, 0x00, 0xff, 0x01, 0x00, 0x00, 0x00, 0x00, 0xaa, 0x17, 0x00
    , 0x00, 0x00, 0x00, 0x00, 0x01, 0x00, 0x00, 0x00, 0x00, 0x54, 0x05, 0x00
    , 0x00, 0x00, 0x00, 0xff, 0x01, 0x00, 0x00, 0x00, 0x00, 0xfd, 0x04, 0x00
    , 0x00, 0x00, 0x00, 0xff, 0x01, 0x00, 0x00, 0x00, 0x00, 0x8d, 0x07, 0x00
    , 0x00, 0x00, 0x00, 0x54, 0x01, 0x00, 0x00, 0x00, 0x00, 0xc7, 0x04, 0x00
    , 0x00, 0x00, 0x00, 0xff, 0x01, 0x00, 0x00, 0x00, 0x00, 0xc7, 0x17, 0x00
    , 0x00, 0x00, 0x00, 0x54, 0x01, 0x00, 0x00, 0x00, 0x00, 0x8d, 0x04, 0x00
    , 0x00, 0x00, 0x00, 0xff, 0x01, 0x00, 0x00, 0x00, 0x00, 0xfd, 0x01, 0x00
    , 0x00, 0x00, 0x00, 0xd7, 0x2e, 0x00, 0x00, 0x00, 0x00, 0xff, 0x01, 0x00
    , 0x00, 0x00, 0x00, 0xd6, 0x01, 0x00, 0x00, 0x00, 0x00, 0xa0, 0x2e, 0x00
    , 0x00, 0x00, 0x00, 0xff, 0x01, 0x00, 0x00, 0x00, 0x00, 0xa0, 0x01, 0x00
    , 0x00, 0x00, 0x00, 0x1f, 0x01, 0x00, 0x00, 0x00, 0x00, 0xf2, 0x2c, 0x00
    , 0x00, 0x00, 0x00, 0xff, 0x01, 0x00, 0x00, 0x00, 0x00, 0xf1, 0x01, 0x00
    , 0x00, 0x00, 0x00, 0x1f, 0x01, 0x00, 0x00, 0x00, 0x00, 0x00, 0x01, 0x00
    , 0x00, 0x00, 0x00, 0x50, 0x01, 0x00, 0x00, 0x00, 0x00, 0xf2, 0x2a, 0x00
    , 0x00, 0x00, 0x00, 0xff, 0x01, 0x00, 0x00, 0x00, 0x00, 0xf2, 0x01, 0x00
    , 0x00, 0x00, 0x00, 0x50, 0x03, 0x00, 0x00, 0x00, 0x00, 0x00, 0x01, 0x00
    , 0x00, 0x00, 0x00, 0x1f, 0x01, 0x00, 0x00, 0x00, 0x00, 0xa0, 0x01, 0x00
    , 0x00, 0x00, 0x00, 0xd6, 0x01, 0x00, 0x00, 0x00, 0x00, 0xfd, 0x24, 0x00
    , 0x00, 0x00, 0x00, 0xff, 0x01, 0x00, 0x00, 0x00, 0x00, 0xfd, 0x01, 0x00
    , 0x00, 0x00, 0x00, 0xd6, 0x01, 0x00, 0x00, 0x00, 0x00, 0xa0, 0x01, 0x00
    , 0x00, 0x00, 0x00, 0x1f, 0x02, 0x00, 0x00, 0x00, 0x00, 0x00
};

inline Upp::Image ICON_DESIGN_LEFT_PANEL_OPEN_48()
{
    return Upp::UiMakeIcon(DATA_DESIGN_LEFT_PANEL_OPEN_48);
}

static const unsigned char DATA_DESIGN_LOWERCASE_48[] = {
    0x30, 0x80, 0x30, 0x00, 0xd3, 0x01, 0x00, 0x00, 0x00, 0x00, 0x01, 0x00
    , 0x00, 0x00, 0x00, 0x0a, 0x01, 0x00, 0x00, 0x00, 0x00, 0x76, 0x01, 0x00
    , 0x00, 0x00, 0x00, 0xa2, 0x01, 0x00, 0x00, 0x00, 0x00, 0x77, 0x01, 0x00
    , 0x00, 0x00, 0x00, 0x0a, 0x2a, 0x00, 0x00, 0x00, 0x00, 0x00, 0x01, 0x00
    , 0x00, 0x00, 0x00, 0x04, 0x01, 0x00, 0x00, 0x00, 0x00, 0xc9, 0x03, 0x00
    , 0x00, 0x00, 0x00, 0xff, 0x01, 0x00, 0x00, 0x00, 0x00, 0xca, 0x01, 0x00
    , 0x00, 0x00, 0x00, 0x04, 0x29, 0x00, 0x00, 0x00, 0x00, 0x00, 0x01, 0x00
    , 0x00, 0x00, 0x00, 0x49, 0x05, 0x00, 0x00, 0x00, 0x00, 0xff, 0x01, 0x00
    , 0x00, 0x00, 0x00, 0x4c, 0x29, 0x00, 0x00, 0x00, 0x00, 0x00, 0x01, 0x00
    , 0x00, 0x00, 0x00, 0x6c, 0x05, 0x00, 0x00, 0x00, 0x00, 0xff, 0x01, 0x00
    , 0x00, 0x00, 0x00, 0x6f, 0x29, 0x00, 0x00, 0x00, 0x00, 0x00, 0x01, 0x00
    , 0x00, 0x00, 0x00, 0x6d, 0x05, 0x00, 0x00, 0x00, 0x00, 0xff, 0x01, 0x00
    , 0x00, 0x00, 0x00, 0x70, 0x29, 0x00, 0x00, 0x00, 0x00, 0x00, 0x01, 0x00
    , 0x00, 0x00, 0x00, 0x6d, 0x05, 0x00, 0x00, 0x00, 0x00, 0xff, 0x01, 0x00
    , 0x00, 0x00, 0x00, 0x70, 0x0c, 0x00, 0x00, 0x00, 0x00, 0x00, 0x01, 0x00
    , 0x00, 0x00, 0x00, 0x05, 0x01, 0x00, 0x00, 0x00, 0x00, 0x31, 0x01, 0x00
    , 0x00, 0x00, 0x00, 0x56, 0x01, 0x00, 0x00, 0x00, 0x00, 0x7c, 0x01, 0x00
    , 0x00, 0x00, 0x00, 0x9f, 0x01, 0x00, 0x00, 0x00, 0x00, 0x9b, 0x01, 0x00
    , 0x00, 0x00, 0x00, 0x8b, 0x01, 0x00, 0x00, 0x00, 0x00, 0x6a, 0x01, 0x00
    , 0x00, 0x00, 0x00, 0x32, 0x01, 0x00, 0x00, 0x00, 0x00, 0x03, 0x13, 0x00
    , 0x00, 0x00, 0x00, 0x00, 0x01, 0x00, 0x00, 0x00, 0x00, 0x6d, 0x05, 0x00
    , 0x00, 0x00, 0x00, 0xff, 0x01, 0x00, 0x00, 0x00, 0x00, 0x70, 0x0a, 0x00
    , 0x00, 0x00, 0x00, 0x00, 0x01, 0x00, 0x00, 0x00, 0x00, 0x0e, 0x01, 0x00
    , 0x00, 0x00, 0x00, 0x84, 0x01, 0x00, 0x00, 0x00, 0x00, 0xe8, 0x08, 0x00
    , 0x00, 0x00, 0x00, 0xff, 0x01, 0x00, 0x00, 0x00, 0x00, 0xe1, 0x01, 0x00
    , 0x00, 0x00, 0x00, 0x76, 0x01, 0x00, 0x00, 0x00, 0x00, 0x07, 0x11, 0x00
    , 0x00, 0x00, 0x00, 0x00, 0x01, 0x00, 0x00, 0x00, 0x00, 0x6d, 0x05, 0x00
    , 0x00, 0x00, 0x00, 0xff, 0x01, 0x00, 0x00, 0x00, 0x00, 0x70, 0x09, 0x00
    , 0x00, 0x00, 0x00, 0x00, 0x01, 0x00, 0x00, 0x00, 0x00, 0x40, 0x01, 0x00
    , 0x00, 0x00, 0x00, 0xe3, 0x0c, 0x00, 0x00, 0x00, 0x00, 0xff, 0x01, 0x00
    , 0x00, 0x00, 0x00, 0xcd, 0x01, 0x00, 0x00, 0x00, 0x00, 0x1e, 0x10, 0x00
    , 0x00, 0x00, 0x00, 0x00, 0x01, 0x00, 0x00, 0x00, 0x00, 0x6d, 0x05, 0x00
    , 0x00, 0x00, 0x00, 0xff, 0x01, 0x00, 0x00, 0x00, 0x00, 0x70, 0x08, 0x00
    , 0x00, 0x00, 0x00, 0x00, 0x01, 0x00, 0x00, 0x00, 0x00, 0x0c, 0x01, 0x00
    , 0x00, 0x00, 0x00, 0xf5, 0x0e, 0x00, 0x00, 0x00, 0x00, 0xff, 0x01, 0x00
    , 0x00, 0x00, 0x00, 0xd3, 0x01, 0x00, 0x00, 0x00, 0x00, 0x0c, 0x0f, 0x00
    , 0x00, 0x00, 0x00, 0x00, 0x01, 0x00, 0x00, 0x00, 0x00, 0x6d, 0x05, 0x00
    , 0x00, 0x00, 0x00, 0xff, 0x01, 0x00, 0x00, 0x00, 0x00, 0x70, 0x08, 0x00
    , 0x00, 0x00, 0x00, 0x00, 0x01, 0x00, 0x00, 0x00, 0x00, 0x09, 0x01, 0x00
    , 0x00, 0x00, 0x00, 0xf2, 0x03, 0x00, 0x00, 0x00, 0x00, 0xff, 0x01, 0x00
    , 0x00, 0x00, 0x00, 0xfe, 0x01, 0x00, 0x00, 0x00, 0x00, 0xbb, 0x01, 0x00
    , 0x00, 0x00, 0x00, 0x8b, 0x01, 0x00, 0x00, 0x00, 0x00, 0x6a, 0x01, 0x00
    , 0x00, 0x00, 0x00, 0x80, 0x01, 0x00, 0x00, 0x00, 0x00, 0xa8, 0x01, 0x00
    , 0x00, 0x00, 0x00, 0xf5, 0x05, 0x00, 0x00, 0x00, 0x00, 0xff, 0x01, 0x00
    , 0x00, 0x00, 0x00, 0x8b, 0x0f, 0x00, 0x00, 0x00, 0x00, 0x00, 0x01, 0x00
    , 0x00, 0x00, 0x00, 0x6d, 0x05, 0x00, 0x00, 0x00, 0x00, 0xff, 0x01, 0x00
    , 0x00, 0x00, 0x00, 0x70, 0x09, 0x00, 0x00, 0x00, 0x00, 0x00, 0x01, 0x00
    , 0x00, 0x00, 0x00, 0x6b, 0x01, 0x00, 0x00, 0x00, 0x00, 0xf6, 0x01, 0x00
    , 0x00, 0x00, 0x00, 0xff, 0x01, 0x00, 0x00, 0x00, 0x00, 0xb3, 0x01, 0x00
    , 0x00, 0x00, 0x00, 0x31, 0x05, 0x00, 0x00, 0x00, 0x00, 0x00, 0x01, 0x00
    , 0x00, 0x00, 0x00, 0x1b, 0x01, 0x00, 0x00, 0x00, 0x00, 0xac, 0x04, 0x00
    , 0x00, 0x00, 0x00, 0xff, 0x01, 0x00, 0x00, 0x00, 0x00, 0xf3, 0x01, 0x00
    , 0x00, 0x00, 0x00, 0x0f, 0x0e, 0x00, 0x00, 0x00, 0x00, 0x00, 0x01, 0x00
    , 0x00, 0x00, 0x00, 0x6d, 0x05, 0x00, 0x00, 0x00, 0x00, 0xff, 0x01, 0x00
    , 0x00, 0x00, 0x00, 0x70, 0x0a, 0x00, 0x00, 0x00, 0x00, 0x00, 0x01, 0x00
    , 0x00, 0x00, 0x00, 0x19, 0x01, 0x00, 0x00, 0x00, 0x00, 0x25, 0x08, 0x00
    , 0x00, 0x00, 0x00, 0x00, 0x01, 0x00, 0x00, 0x00, 0x00, 0x04, 0x01, 0x00
    , 0x00, 0x00, 0x00, 0xc6, 0x04, 0x00, 0x00, 0x00, 0x00, 0xff, 0x01, 0x00
    , 0x00, 0x00, 0x00, 0x4e, 0x0e, 0x00, 0x00, 0x00, 0x00, 0x00, 0x01, 0x00
    , 0x00, 0x00, 0x00, 0x6d, 0x05, 0x00, 0x00, 0x00, 0x00, 0xff, 0x01, 0x00
    , 0x00, 0x00, 0x00, 0x70, 0x15, 0x00, 0x00, 0x00, 0x00, 0x00, 0x01, 0x00
    , 0x00, 0x00, 0x00, 0x37, 0x04, 0x00, 0x00, 0x00, 0x00, 0xff, 0x01, 0x00
    , 0x00, 0x00, 0x00, 0x8a, 0x0e, 0x00, 0x00, 0x00, 0x00, 0x00, 0x01, 0x00
    , 0x00, 0x00, 0x00, 0x6d, 0x05, 0x00, 0x00, 0x00, 0x00, 0xff, 0x01, 0x00
    , 0x00, 0x00, 0x00, 0x70, 0x0f, 0x00, 0x00, 0x00, 0x00, 0x00, 0x01, 0x00
    , 0x00, 0x00, 0x00, 0x04, 0x01, 0x00, 0x00, 0x00, 0x00, 0x08, 0x04, 0x00
    , 0x00, 0x00, 0x00, 0x00, 0x01, 0x00, 0x00, 0x00, 0x00, 0x07, 0x01, 0x00
    , 0x00, 0x00, 0x00, 0xfa, 0x03, 0x00, 0x00, 0x00, 0x00, 0xff, 0x01, 0x00
    , 0x00, 0x00, 0x00, 0xa4, 0x0e, 0x00, 0x00, 0x00, 0x00, 0x00, 0x01, 0x00
    , 0x00, 0x00, 0x00, 0x6d, 0x05, 0x00, 0x00, 0x00, 0x00, 0xff, 0x01, 0x00
    , 0x00, 0x00, 0x00, 0x70, 0x0b, 0x00, 0x00, 0x00, 0x00, 0x00, 0x01, 0x00
    , 0x00, 0x00, 0x00, 0x29, 0x01, 0x00, 0x00, 0x00, 0x00, 0x89, 0x01, 0x00
    , 0x00, 0x00, 0x00, 0xb5, 0x01, 0x00, 0x00, 0x00, 0x00, 0xda, 0x01, 0x00
    , 0x00, 0x00, 0x00, 0xfb, 0x01, 0x00, 0x00, 0x00, 0x00, 0xff, 0x01, 0x00
    , 0x00, 0x00, 0x00, 0xf1, 0x01, 0x00, 0x00, 0x00, 0x00, 0xdb, 0x01, 0x00
    , 0x00, 0x00, 0x00, 0xb8, 0x01, 0x00, 0x00, 0x00, 0x00, 0x71, 0x01, 0x00
    , 0x00, 0x00, 0x00, 0x27, 0x01, 0x00, 0x00, 0x00, 0x00, 0xe1, 0x03, 0x00
    , 0x00, 0x00, 0x00, 0xff, 0x01, 0x00, 0x00, 0x00, 0x00, 0xb6, 0x07, 0x00
    , 0x00, 0x00, 0x00, 0x00, 0x01, 0x00, 0x00, 0x00, 0x00, 0x09, 0x01, 0x00
    , 0x00, 0x00, 0x00, 0x8e, 0x01, 0x00, 0x00, 0x00, 0x00, 0xdb, 0x01, 0x00
    , 0x00, 0x00, 0x00, 0xd1, 0x01, 0x00, 0x00, 0x00, 0x00, 0x66, 0x02, 0x00
    , 0x00, 0x00, 0x00, 0x00, 0x01, 0x00, 0x00, 0x00, 0x00, 0x6d, 0x05, 0x00
    , 0x00, 0x00, 0x00, 0xff, 0x01, 0x00, 0x00, 0x00, 0x00, 0x70, 0x02, 0x00
    , 0x00, 0x00, 0x00, 0x00, 0x01, 0x00, 0x00, 0x00, 0x00, 0x65, 0x01, 0x00
    , 0x00, 0x00, 0x00, 0xd0, 0x01, 0x00, 0x00, 0x00, 0x00, 0xdc, 0x01, 0x00
    , 0x00, 0x00, 0x00, 0x8f, 0x01, 0x00, 0x00, 0x00, 0x00, 0x0a, 0x02, 0x00
    , 0x00, 0x00, 0x00, 0x00, 0x01, 0x00, 0x00, 0x00, 0x00, 0x10, 0x01, 0x00
    , 0x00, 0x00, 0x00, 0xa2, 0x0f, 0x00, 0x00, 0x00, 0x00, 0xff, 0x01, 0x00
    , 0x00, 0x00, 0x00, 0xbd, 0x07, 0x00, 0x00, 0x00, 0x00, 0x00, 0x01, 0x00
    , 0x00, 0x00, 0x00, 0x95, 0x04, 0x00, 0x00, 0x00, 0x00, 0xff, 0x01, 0x00
    , 0x00, 0x00, 0x00, 0x8b, 0x01, 0x00, 0x00, 0x00, 0x00, 0x00, 0x01, 0x00
    , 0x00, 0x00, 0x00, 0x6d, 0x05, 0x00, 0x00, 0x00, 0x00, 0xff, 0x01, 0x00
    , 0x00, 0x00, 0x00, 0x70, 0x01, 0x00, 0x00, 0x00, 0x00, 0x00, 0x01, 0x00
    , 0x00, 0x00, 0x00, 0x89, 0x04, 0x00, 0x00, 0x00, 0x00, 0xff, 0x01, 0x00
    , 0x00, 0x00, 0x00, 0x97, 0x01, 0x00, 0x00, 0x00, 0x00, 0x00, 0x01, 0x00
    , 0x00, 0x00, 0x00, 0x19, 0x01, 0x00, 0x00, 0x00, 0x00, 0xd8, 0x10, 0x00
    , 0x00, 0x00, 0x00, 0xff, 0x01, 0x00, 0x00, 0x00, 0x00, 0xbd, 0x07, 0x00
    , 0x00, 0x00, 0x00, 0x00, 0x01, 0x00, 0x00, 0x00, 0x00, 0xea, 0x05, 0x00
    , 0x00, 0x00, 0x00, 0xff, 0x01, 0x00, 0x00, 0x00, 0x00, 0x8b, 0x01, 0x00
    , 0x00, 0x00, 0x00, 0x6e, 0x05, 0x00, 0x00, 0x00, 0x00, 0xff, 0x01, 0x00
    , 0x00, 0x00, 0x00, 0x71, 0x01, 0x00, 0x00, 0x00, 0x00, 0x89, 0x05, 0x00
    , 0x00, 0x00, 0x00, 0xff, 0x01, 0x00, 0x00, 0x00, 0x00, 0xeb, 0x01, 0x00
    , 0x00, 0x00, 0x00, 0x02, 0x01, 0x00, 0x00, 0x00, 0x00, 0xca, 0x05, 0x00
    , 0x00, 0x00, 0x00, 0xff, 0x01, 0x00, 0x00, 0x00, 0x00, 0xf2, 0x01, 0x00
    , 0x00, 0x00, 0x00, 0xc4, 0x01, 0x00, 0x00, 0x00, 0x00, 0xa5, 0x01, 0x00
    , 0x00, 0x00, 0x00, 0xa9, 0x01, 0x00, 0x00, 0x00, 0x00, 0xc7, 0x01, 0x00
    , 0x00, 0x00, 0x00, 0xe8, 0x06, 0x00, 0x00, 0x00, 0x00, 0xff, 0x01, 0x00
    , 0x00, 0x00, 0x00, 0xbd, 0x07, 0x00, 0x00, 0x00, 0x00, 0x00, 0x01, 0x00
    , 0x00, 0x00, 0x00, 0xe4, 0x06, 0x00, 0x00, 0x00, 0x00, 0xff, 0x01, 0x00
    , 0x00, 0x00, 0x00, 0xdc, 0x05, 0x00, 0x00, 0x00, 0x00, 0xff, 0x01, 0x00
    , 0x00, 0x00, 0x00, 0xdd, 0x06, 0x00, 0x00, 0x00, 0x00, 0xff, 0x01, 0x00
    , 0x00, 0x00, 0x00, 0xe5, 0x01, 0x00, 0x00, 0x00, 0x00, 0x61, 0x05, 0x00
    , 0x00, 0x00, 0x00, 0xff, 0x01, 0x00, 0x00, 0x00, 0x00, 0x84, 0x01, 0x00
    , 0x00, 0x00, 0x00, 0x10, 0x05, 0x00, 0x00, 0x00, 0x00, 0x00, 0x01, 0x00
    , 0x00, 0x00, 0x00, 0x35, 0x01, 0x00, 0x00, 0x00, 0x00, 0x95, 0x01, 0x00
    , 0x00, 0x00, 0x00, 0xf7, 0x03, 0x00, 0x00, 0x00, 0x00, 0xff, 0x01, 0x00
    , 0x00, 0x00, 0x00, 0xbd, 0x07, 0x00, 0x00, 0x00, 0x00, 0x00, 0x01, 0x00
    , 0x00, 0x00, 0x00, 0x81, 0x13, 0x00, 0x00, 0x00, 0x00, 0xff, 0x01, 0x00
    , 0x00, 0x00, 0x00, 0x83, 0x01, 0x00, 0x00, 0x00, 0x00, 0xbc, 0x04, 0x00
    , 0x00, 0x00, 0x00, 0xff, 0x01, 0x00, 0x00, 0x00, 0x00, 0x85, 0x08, 0x00
    , 0x00, 0x00, 0x00, 0x00, 0x01, 0x00, 0x00, 0x00, 0x00, 0x01, 0x01, 0x00
    , 0x00, 0x00, 0x00, 0xf0, 0x03, 0x00, 0x00, 0x00, 0x00, 0xff, 0x01, 0x00
    , 0x00, 0x00, 0x00, 0xbd, 0x07, 0x00, 0x00, 0x00, 0x00, 0x00, 0x01, 0x00
    , 0x00, 0x00, 0x00, 0x03, 0x01, 0x00, 0x00, 0x00, 0x00, 0xa9, 0x11, 0x00
    , 0x00, 0x00, 0x00, 0xff, 0x01, 0x00, 0x00, 0x00, 0x00, 0xaa, 0x01, 0x00
    , 0x00, 0x00, 0x00, 0x04, 0x01, 0x00, 0x00, 0x00, 0x00, 0xe9, 0x04, 0x00
    , 0x00, 0x00, 0x00, 0xff, 0x01, 0x00, 0x00, 0x00, 0x00, 0x18, 0x08, 0x00
    , 0x00, 0x00, 0x00, 0x00, 0x01, 0x00, 0x00, 0x00, 0x00, 0x25, 0x04, 0x00
    , 0x00, 0x00, 0x00, 0xff, 0x01, 0x00, 0x00, 0x00, 0x00, 0xbd, 0x08, 0x00
    , 0x00, 0x00, 0x00, 0x00, 0x01, 0x00, 0x00, 0x00, 0x00, 0x03, 0x01, 0x00
    , 0x00, 0x00, 0x00, 0xa9, 0x0f, 0x00, 0x00, 0x00, 0x00, 0xff, 0x01, 0x00
    , 0x00, 0x00, 0x00, 0xaa, 0x01, 0x00, 0x00, 0x00, 0x00, 0x04, 0x01, 0x00
    , 0x00, 0x00, 0x00, 0x00, 0x01, 0x00, 0x00, 0x00, 0x00, 0xf4, 0x03, 0x00
    , 0x00, 0x00, 0x00, 0xff, 0x01, 0x00, 0x00, 0x00, 0x00, 0xf7, 0x01, 0x00
    , 0x00, 0x00, 0x00, 0x02, 0x08, 0x00, 0x00, 0x00, 0x00, 0x00, 0x01, 0x00
    , 0x00, 0x00, 0x00, 0x94, 0x04, 0x00, 0x00, 0x00, 0x00, 0xff, 0x01, 0x00
    , 0x00, 0x00, 0x00, 0xbd, 0x09, 0x00, 0x00, 0x00, 0x00, 0x00, 0x01, 0x00
    , 0x00, 0x00, 0x00, 0x03, 0x01, 0x00, 0x00, 0x00, 0x00, 0xa9, 0x0d, 0x00
    , 0x00, 0x00, 0x00, 0xff, 0x01, 0x00, 0x00, 0x00, 0x00, 0xaa, 0x01, 0x00
    , 0x00, 0x00, 0x00, 0x04, 0x02, 0x00, 0x00, 0x00, 0x00, 0x00, 0x01, 0x00
    , 0x00, 0x00, 0x00, 0xc9, 0x04, 0x00, 0x00, 0x00, 0x00, 0xff, 0x01, 0x00
    , 0x00, 0x00, 0x00, 0x33, 0x07, 0x00, 0x00, 0x00, 0x00, 0x00, 0x01, 0x00
    , 0x00, 0x00, 0x00, 0x4a, 0x05, 0x00, 0x00, 0x00, 0x00, 0xff, 0x01, 0x00
    , 0x00, 0x00, 0x00, 0xbd, 0x0a, 0x00, 0x00, 0x00, 0x00, 0x00, 0x01, 0x00
    , 0x00, 0x00, 0x00, 0x03, 0x01, 0x00, 0x00, 0x00, 0x00, 0xa9, 0x0b, 0x00
    , 0x00, 0x00, 0x00, 0xff, 0x01, 0x00, 0x00, 0x00, 0x00, 0xaa, 0x01, 0x00
    , 0x00, 0x00, 0x00, 0x04, 0x03, 0x00, 0x00, 0x00, 0x00, 0x00, 0x01, 0x00
    , 0x00, 0x00, 0x00, 0x9a, 0x04, 0x00, 0x00, 0x00, 0x00, 0xff, 0x01, 0x00
    , 0x00, 0x00, 0x00, 0xd3, 0x01, 0x00, 0x00, 0x00, 0x00, 0x14, 0x04, 0x00
    , 0x00, 0x00, 0x00, 0x00, 0x01, 0x00, 0x00, 0x00, 0x00, 0x02, 0x01, 0x00
    , 0x00, 0x00, 0x00, 0x74, 0x01, 0x00, 0x00, 0x00, 0x00, 0xf7, 0x05, 0x00
    , 0x00, 0x00, 0x00, 0xff, 0x01, 0x00, 0x00, 0x00, 0x00, 0xbd, 0x0b, 0x00
    , 0x00, 0x00, 0x00, 0x00, 0x01, 0x00, 0x00, 0x00, 0x00, 0x03, 0x01, 0x00
    , 0x00, 0x00, 0x00, 0xa9, 0x09, 0x00, 0x00, 0x00, 0x00, 0xff, 0x01, 0x00
    , 0x00, 0x00, 0x00, 0xaa, 0x01, 0x00, 0x00, 0x00, 0x00, 0x04, 0x04, 0x00
    , 0x00, 0x00, 0x00, 0x00, 0x01, 0x00, 0x00, 0x00, 0x00, 0x55, 0x05, 0x00
    , 0x00, 0x00, 0x00, 0xff, 0x01, 0x00, 0x00, 0x00, 0x00, 0xf0, 0x01, 0x00
    , 0x00, 0x00, 0x00, 0x8b, 0x01, 0x00, 0x00, 0x00, 0x00, 0x5d, 0x01, 0x00
    , 0x00, 0x00, 0x00, 0x5f, 0x01, 0x00, 0x00, 0x00, 0x00, 0x8f, 0x01, 0x00
    , 0x00, 0x00, 0x00, 0xd1, 0x07, 0x00, 0x00, 0x00, 0x00, 0xff, 0x01, 0x00
    , 0x00, 0x00, 0x00, 0xbd, 0x0c, 0x00, 0x00, 0x00, 0x00, 0x00, 0x01, 0x00
    , 0x00, 0x00, 0x00, 0x03, 0x01, 0x00, 0x00, 0x00, 0x00, 0xa9, 0x07, 0x00
    , 0x00, 0x00, 0x00, 0xff, 0x01, 0x00, 0x00, 0x00, 0x00, 0xaa, 0x01, 0x00
    , 0x00, 0x00, 0x00, 0x04, 0x05, 0x00, 0x00, 0x00, 0x00, 0x00, 0x01, 0x00
    , 0x00, 0x00, 0x00, 0x01, 0x01, 0x00, 0x00, 0x00, 0x00, 0xc3, 0x0c, 0x00
    , 0x00, 0x00, 0x00, 0xff, 0x01, 0x00, 0x00, 0x00, 0x00, 0x9f, 0x01, 0x00
    , 0x00, 0x00, 0x00, 0xe4, 0x03, 0x00, 0x00, 0x00, 0x00, 0xff, 0x01, 0x00
    , 0x00, 0x00, 0x00, 0xbb, 0x0d, 0x00, 0x00, 0x00, 0x00, 0x00, 0x01, 0x00
    , 0x00, 0x00, 0x00, 0x03, 0x01, 0x00, 0x00, 0x00, 0x00, 0xa9, 0x05, 0x00
    , 0x00, 0x00, 0x00, 0xff, 0x01, 0x00, 0x00, 0x00, 0x00, 0xaa, 0x01, 0x00
    , 0x00, 0x00, 0x00, 0x04, 0x07, 0x00, 0x00, 0x00, 0x00, 0x00, 0x01, 0x00
    , 0x00, 0x00, 0x00, 0x15, 0x01, 0x00, 0x00, 0x00, 0x00, 0xd4, 0x0a, 0x00
    , 0x00, 0x00, 0x00, 0xff, 0x01, 0x00, 0x00, 0x00, 0x00, 0xbc, 0x01, 0x00
    , 0x00, 0x00, 0x00, 0x05, 0x01, 0x00, 0x00, 0x00, 0x00, 0xa6, 0x03, 0x00
    , 0x00, 0x00, 0x00, 0xff, 0x01, 0x00, 0x00, 0x00, 0x00, 0x87, 0x0e, 0x00
    , 0x00, 0x00, 0x00, 0x00, 0x01, 0x00, 0x00, 0x00, 0x00, 0x03, 0x01, 0x00
    , 0x00, 0x00, 0x00, 0xa1, 0x03, 0x00, 0x00, 0x00, 0x00, 0xff, 0x01, 0x00
    , 0x00, 0x00, 0x00, 0xa2, 0x01, 0x00, 0x00, 0x00, 0x00, 0x04, 0x09, 0x00
    , 0x00, 0x00, 0x00, 0x00, 0x01, 0x00, 0x00, 0x00, 0x00, 0x0a, 0x01, 0x00
    , 0x00, 0x00, 0x00, 0x90, 0x01, 0x00, 0x00, 0x00, 0x00, 0xf6, 0x06, 0x00
    , 0x00, 0x00, 0x00, 0xff, 0x01, 0x00, 0x00, 0x00, 0x00, 0xf2, 0x01, 0x00
    , 0x00, 0x00, 0x00, 0x7a, 0x01, 0x00, 0x00, 0x00, 0x00, 0x03, 0x01, 0x00
    , 0x00, 0x00, 0x00, 0x00, 0x01, 0x00, 0x00, 0x00, 0x00, 0x17, 0x01, 0x00
    , 0x00, 0x00, 0x00, 0xb2, 0x01, 0x00, 0x00, 0x00, 0x00, 0xe5, 0x01, 0x00
    , 0x00, 0x00, 0x00, 0x9e, 0x01, 0x00, 0x00, 0x00, 0x00, 0x0a, 0x10, 0x00
    , 0x00, 0x00, 0x00, 0x00, 0x01, 0x00, 0x00, 0x00, 0x00, 0x43, 0x01, 0x00
    , 0x00, 0x00, 0x00, 0x73, 0x01, 0x00, 0x00, 0x00, 0x00, 0x44, 0x0d, 0x00
    , 0x00, 0x00, 0x00, 0x00, 0x01, 0x00, 0x00, 0x00, 0x00, 0x13, 0x01, 0x00
    , 0x00, 0x00, 0x00, 0x47, 0x01, 0x00, 0x00, 0x00, 0x00, 0x6d, 0x01, 0x00
    , 0x00, 0x00, 0x00, 0x94, 0x01, 0x00, 0x00, 0x00, 0x00, 0xa3, 0x01, 0x00
    , 0x00, 0x00, 0x00, 0x87, 0x01, 0x00, 0x00, 0x00, 0x00, 0x56, 0x01, 0x00
    , 0x00, 0x00, 0x00, 0x09, 0xd4, 0x01, 0x00, 0x00, 0x00, 0x00
};

inline Upp::Image ICON_DESIGN_LOWERCASE_48()
{
    return Upp::UiMakeIcon(DATA_DESIGN_LOWERCASE_48);
}

static const unsigned char DATA_DESIGN_MENU_48[] = {
    0x30, 0x80, 0x30, 0x00, 0x80, 0x01, 0x00, 0x00, 0x00, 0x00, 0x01, 0x00
    , 0x00, 0x00, 0x00, 0x17, 0x01, 0x00, 0x00, 0x00, 0x00, 0xb1, 0x01, 0x00
    , 0x00, 0x00, 0x00, 0xf5, 0x2a, 0x00, 0x00, 0x00, 0x00, 0xff, 0x01, 0x00
    , 0x00, 0x00, 0x00, 0xf5, 0x01, 0x00, 0x00, 0x00, 0x00, 0xb1, 0x01, 0x00
    , 0x00, 0x00, 0x00, 0x17, 0x01, 0x00, 0x00, 0x00, 0x00, 0xb1, 0x2e, 0x00
    , 0x00, 0x00, 0x00, 0xff, 0x01, 0x00, 0x00, 0x00, 0x00, 0xb0, 0x01, 0x00
    , 0x00, 0x00, 0x00, 0xf3, 0x2e, 0x00, 0x00, 0x00, 0x00, 0xff, 0x01, 0x00
    , 0x00, 0x00, 0x00, 0xf2, 0x01, 0x00, 0x00, 0x00, 0x00, 0xd3, 0x2e, 0x00
    , 0x00, 0x00, 0x00, 0xff, 0x01, 0x00, 0x00, 0x00, 0x00, 0xd3, 0x01, 0x00
    , 0x00, 0x00, 0x00, 0x42, 0x01, 0x00, 0x00, 0x00, 0x00, 0xf1, 0x2c, 0x00
    , 0x00, 0x00, 0x00, 0xff, 0x01, 0x00, 0x00, 0x00, 0x00, 0xf0, 0x01, 0x00
    , 0x00, 0x00, 0x00, 0x41, 0x01, 0x00, 0x00, 0x00, 0x00, 0x00, 0x01, 0x00
    , 0x00, 0x00, 0x00, 0x14, 0x01, 0x00, 0x00, 0x00, 0x00, 0x4a, 0x2a, 0x00
    , 0x00, 0x00, 0x00, 0x54, 0x01, 0x00, 0x00, 0x00, 0x00, 0x4a, 0x01, 0x00
    , 0x00, 0x00, 0x00, 0x14, 0x52, 0x01, 0x00, 0x00, 0x00, 0x00, 0x01, 0x00
    , 0x00, 0x00, 0x00, 0x5b, 0x01, 0x00, 0x00, 0x00, 0x00, 0xa0, 0x2a, 0x00
    , 0x00, 0x00, 0x00, 0xaa, 0x01, 0x00, 0x00, 0x00, 0x00, 0xa0, 0x01, 0x00
    , 0x00, 0x00, 0x00, 0x5b, 0x01, 0x00, 0x00, 0x00, 0x00, 0x00, 0x01, 0x00
    , 0x00, 0x00, 0x00, 0x7f, 0x2e, 0x00, 0x00, 0x00, 0x00, 0xff, 0x01, 0x00
    , 0x00, 0x00, 0x00, 0x7f, 0x01, 0x00, 0x00, 0x00, 0x00, 0xe8, 0x2e, 0x00
    , 0x00, 0x00, 0x00, 0xff, 0x02, 0x00, 0x00, 0x00, 0x00, 0xe8, 0x2e, 0x00
    , 0x00, 0x00, 0x00, 0xff, 0x01, 0x00, 0x00, 0x00, 0x00, 0xe8, 0x01, 0x00
    , 0x00, 0x00, 0x00, 0x7f, 0x2e, 0x00, 0x00, 0x00, 0x00, 0xff, 0x01, 0x00
    , 0x00, 0x00, 0x00, 0x7f, 0x01, 0x00, 0x00, 0x00, 0x00, 0x00, 0x01, 0x00
    , 0x00, 0x00, 0x00, 0x5b, 0x01, 0x00, 0x00, 0x00, 0x00, 0xa0, 0x2a, 0x00
    , 0x00, 0x00, 0x00, 0xaa, 0x01, 0x00, 0x00, 0x00, 0x00, 0xa0, 0x01, 0x00
    , 0x00, 0x00, 0x00, 0x5b, 0x52, 0x01, 0x00, 0x00, 0x00, 0x00, 0x01, 0x00
    , 0x00, 0x00, 0x00, 0x14, 0x01, 0x00, 0x00, 0x00, 0x00, 0x4a, 0x2a, 0x00
    , 0x00, 0x00, 0x00, 0x54, 0x01, 0x00, 0x00, 0x00, 0x00, 0x4a, 0x01, 0x00
    , 0x00, 0x00, 0x00, 0x14, 0x01, 0x00, 0x00, 0x00, 0x00, 0x00, 0x01, 0x00
    , 0x00, 0x00, 0x00, 0x42, 0x01, 0x00, 0x00, 0x00, 0x00, 0xf1, 0x2c, 0x00
    , 0x00, 0x00, 0x00, 0xff, 0x01, 0x00, 0x00, 0x00, 0x00, 0xf1, 0x01, 0x00
    , 0x00, 0x00, 0x00, 0x41, 0x01, 0x00, 0x00, 0x00, 0x00, 0xd3, 0x2e, 0x00
    , 0x00, 0x00, 0x00, 0xff, 0x01, 0x00, 0x00, 0x00, 0x00, 0xd3, 0x01, 0x00
    , 0x00, 0x00, 0x00, 0xf3, 0x2e, 0x00, 0x00, 0x00, 0x00, 0xff, 0x01, 0x00
    , 0x00, 0x00, 0x00, 0xf2, 0x01, 0x00, 0x00, 0x00, 0x00, 0xb1, 0x2e, 0x00
    , 0x00, 0x00, 0x00, 0xff, 0x01, 0x00, 0x00, 0x00, 0x00, 0xb0, 0x01, 0x00
    , 0x00, 0x00, 0x00, 0x17, 0x01, 0x00, 0x00, 0x00, 0x00, 0xb0, 0x01, 0x00
    , 0x00, 0x00, 0x00, 0xf5, 0x2a, 0x00, 0x00, 0x00, 0x00, 0xff, 0x01, 0x00
    , 0x00, 0x00, 0x00, 0xf5, 0x01, 0x00, 0x00, 0x00, 0x00, 0xb0, 0x01, 0x00
    , 0x00, 0x00, 0x00, 0x17, 0x80, 0x01, 0x00, 0x00, 0x00, 0x00
};

inline Upp::Image ICON_DESIGN_MENU_48()
{
    return Upp::UiMakeIcon(DATA_DESIGN_MENU_48);
}

static const unsigned char DATA_DESIGN_RIGHT_PANEL_CLOSE_48[] = {
    0x30, 0x80, 0x30, 0x00, 0x02, 0x00, 0x00, 0x00, 0x00, 0x00, 0x01, 0x00
    , 0x00, 0x00, 0x00, 0x20, 0x01, 0x00, 0x00, 0x00, 0x00, 0xa1, 0x01, 0x00
    , 0x00, 0x00, 0x00, 0xd7, 0x01, 0x00, 0x00, 0x00, 0x00, 0xfd, 0x24, 0x00
    , 0x00, 0x00, 0x00, 0xff, 0x01, 0x00, 0x00, 0x00, 0x00, 0xfd, 0x01, 0x00
    , 0x00, 0x00, 0x00, 0xd7, 0x01, 0x00, 0x00, 0x00, 0x00, 0xa0, 0x01, 0x00
    , 0x00, 0x00, 0x00, 0x1f, 0x03, 0x00, 0x00, 0x00, 0x00, 0x00, 0x01, 0x00
    , 0x00, 0x00, 0x00, 0x51, 0x01, 0x00, 0x00, 0x00, 0x00, 0xf2, 0x2a, 0x00
    , 0x00, 0x00, 0x00, 0xff, 0x01, 0x00, 0x00, 0x00, 0x00, 0xf2, 0x01, 0x00
    , 0x00, 0x00, 0x00, 0x50, 0x01, 0x00, 0x00, 0x00, 0x00, 0x00, 0x01, 0x00
    , 0x00, 0x00, 0x00, 0x1f, 0x01, 0x00, 0x00, 0x00, 0x00, 0xf2, 0x2c, 0x00
    , 0x00, 0x00, 0x00, 0xff, 0x01, 0x00, 0x00, 0x00, 0x00, 0xf2, 0x01, 0x00
    , 0x00, 0x00, 0x00, 0x1f, 0x01, 0x00, 0x00, 0x00, 0x00, 0xa0, 0x2e, 0x00
    , 0x00, 0x00, 0x00, 0xff, 0x01, 0x00, 0x00, 0x00, 0x00, 0xa0, 0x01, 0x00
    , 0x00, 0x00, 0x00, 0xd7, 0x2e, 0x00, 0x00, 0x00, 0x00, 0xff, 0x01, 0x00
    , 0x00, 0x00, 0x00, 0xd6, 0x01, 0x00, 0x00, 0x00, 0x00, 0xfd, 0x04, 0x00
    , 0x00, 0x00, 0x00, 0xff, 0x01, 0x00, 0x00, 0x00, 0x00, 0x8d, 0x17, 0x00
    , 0x00, 0x00, 0x00, 0x54, 0x01, 0x00, 0x00, 0x00, 0x00, 0xc7, 0x04, 0x00
    , 0x00, 0x00, 0x00, 0xff, 0x01, 0x00, 0x00, 0x00, 0x00, 0xc7, 0x07, 0x00
    , 0x00, 0x00, 0x00, 0x54, 0x01, 0x00, 0x00, 0x00, 0x00, 0x8d, 0x04, 0x00
    , 0x00, 0x00, 0x00, 0xff, 0x01, 0x00, 0x00, 0x00, 0x00, 0xfd, 0x05, 0x00
    , 0x00, 0x00, 0x00, 0xff, 0x01, 0x00, 0x00, 0x00, 0x00, 0x54, 0x17, 0x00
    , 0x00, 0x00, 0x00, 0x00, 0x01, 0x00, 0x00, 0x00, 0x00, 0xaa, 0x04, 0x00
    , 0x00, 0x00, 0x00, 0xff, 0x01, 0x00, 0x00, 0x00, 0x00, 0xaa, 0x07, 0x00
    , 0x00, 0x00, 0x00, 0x00, 0x01, 0x00, 0x00, 0x00, 0x00, 0x54, 0x0a, 0x00
    , 0x00, 0x00, 0x00, 0xff, 0x01, 0x00, 0x00, 0x00, 0x00, 0x54, 0x17, 0x00
    , 0x00, 0x00, 0x00, 0x00, 0x01, 0x00, 0x00, 0x00, 0x00, 0xaa, 0x04, 0x00
    , 0x00, 0x00, 0x00, 0xff, 0x01, 0x00, 0x00, 0x00, 0x00, 0xaa, 0x07, 0x00
    , 0x00, 0x00, 0x00, 0x00, 0x01, 0x00, 0x00, 0x00, 0x00, 0x54, 0x0a, 0x00
    , 0x00, 0x00, 0x00, 0xff, 0x01, 0x00, 0x00, 0x00, 0x00, 0x54, 0x17, 0x00
    , 0x00, 0x00, 0x00, 0x00, 0x01, 0x00, 0x00, 0x00, 0x00, 0xaa, 0x04, 0x00
    , 0x00, 0x00, 0x00, 0xff, 0x01, 0x00, 0x00, 0x00, 0x00, 0xaa, 0x07, 0x00
    , 0x00, 0x00, 0x00, 0x00, 0x01, 0x00, 0x00, 0x00, 0x00, 0x54, 0x0a, 0x00
    , 0x00, 0x00, 0x00, 0xff, 0x01, 0x00, 0x00, 0x00, 0x00, 0x54, 0x17, 0x00
    , 0x00, 0x00, 0x00, 0x00, 0x01, 0x00, 0x00, 0x00, 0x00, 0xaa, 0x04, 0x00
    , 0x00, 0x00, 0x00, 0xff, 0x01, 0x00, 0x00, 0x00, 0x00, 0xaa, 0x07, 0x00
    , 0x00, 0x00, 0x00, 0x00, 0x01, 0x00, 0x00, 0x00, 0x00, 0x54, 0x0a, 0x00
    , 0x00, 0x00, 0x00, 0xff, 0x01, 0x00, 0x00, 0x00, 0x00, 0x54, 0x17, 0x00
    , 0x00, 0x00, 0x00, 0x00, 0x01, 0x00, 0x00, 0x00, 0x00, 0xaa, 0x04, 0x00
    , 0x00, 0x00, 0x00, 0xff, 0x01, 0x00, 0x00, 0x00, 0x00, 0xaa, 0x07, 0x00
    , 0x00, 0x00, 0x00, 0x00, 0x01, 0x00, 0x00, 0x00, 0x00, 0x54, 0x0a, 0x00
    , 0x00, 0x00, 0x00, 0xff, 0x01, 0x00, 0x00, 0x00, 0x00, 0x54, 0x17, 0x00
    , 0x00, 0x00, 0x00, 0x00, 0x01, 0x00, 0x00, 0x00, 0x00, 0xaa, 0x04, 0x00
    , 0x00, 0x00, 0x00, 0xff, 0x01, 0x00, 0x00, 0x00, 0x00, 0xaa, 0x07, 0x00
    , 0x00, 0x00, 0x00, 0x00, 0x01, 0x00, 0x00, 0x00, 0x00, 0x54, 0x0a, 0x00
    , 0x00, 0x00, 0x00, 0xff, 0x01, 0x00, 0x00, 0x00, 0x00, 0x54, 0x17, 0x00
    , 0x00, 0x00, 0x00, 0x00, 0x01, 0x00, 0x00, 0x00, 0x00, 0xaa, 0x04, 0x00
    , 0x00, 0x00, 0x00, 0xff, 0x01, 0x00, 0x00, 0x00, 0x00, 0xaa, 0x07, 0x00
    , 0x00, 0x00, 0x00, 0x00, 0x01, 0x00, 0x00, 0x00, 0x00, 0x54, 0x0a, 0x00
    , 0x00, 0x00, 0x00, 0xff, 0x01, 0x00, 0x00, 0x00, 0x00, 0x54, 0x17, 0x00
    , 0x00, 0x00, 0x00, 0x00, 0x01, 0x00, 0x00, 0x00, 0x00, 0xaa, 0x04, 0x00
    , 0x00, 0x00, 0x00, 0xff, 0x01, 0x00, 0x00, 0x00, 0x00, 0xaa, 0x07, 0x00
    , 0x00, 0x00, 0x00, 0x00, 0x01, 0x00, 0x00, 0x00, 0x00, 0x54, 0x0a, 0x00
    , 0x00, 0x00, 0x00, 0xff, 0x01, 0x00, 0x00, 0x00, 0x00, 0x54, 0x17, 0x00
    , 0x00, 0x00, 0x00, 0x00, 0x01, 0x00, 0x00, 0x00, 0x00, 0xaa, 0x04, 0x00
    , 0x00, 0x00, 0x00, 0xff, 0x01, 0x00, 0x00, 0x00, 0x00, 0xaa, 0x07, 0x00
    , 0x00, 0x00, 0x00, 0x00, 0x01, 0x00, 0x00, 0x00, 0x00, 0x54, 0x0a, 0x00
    , 0x00, 0x00, 0x00, 0xff, 0x01, 0x00, 0x00, 0x00, 0x00, 0x54, 0x06, 0x00
    , 0x00, 0x00, 0x00, 0x00, 0x01, 0x00, 0x00, 0x00, 0x00, 0x72, 0x01, 0x00
    , 0x00, 0x00, 0x00, 0xbd, 0x01, 0x00, 0x00, 0x00, 0x00, 0x33, 0x0e, 0x00
    , 0x00, 0x00, 0x00, 0x00, 0x01, 0x00, 0x00, 0x00, 0x00, 0xaa, 0x04, 0x00
    , 0x00, 0x00, 0x00, 0xff, 0x01, 0x00, 0x00, 0x00, 0x00, 0xaa, 0x07, 0x00
    , 0x00, 0x00, 0x00, 0x00, 0x01, 0x00, 0x00, 0x00, 0x00, 0x54, 0x0a, 0x00
    , 0x00, 0x00, 0x00, 0xff, 0x01, 0x00, 0x00, 0x00, 0x00, 0x54, 0x06, 0x00
    , 0x00, 0x00, 0x00, 0x00, 0x01, 0x00, 0x00, 0x00, 0x00, 0xf5, 0x01, 0x00
    , 0x00, 0x00, 0x00, 0xff, 0x01, 0x00, 0x00, 0x00, 0x00, 0xf0, 0x01, 0x00
    , 0x00, 0x00, 0x00, 0x37, 0x0d, 0x00, 0x00, 0x00, 0x00, 0x00, 0x01, 0x00
    , 0x00, 0x00, 0x00, 0xaa, 0x04, 0x00, 0x00, 0x00, 0x00, 0xff, 0x01, 0x00
    , 0x00, 0x00, 0x00, 0xaa, 0x07, 0x00, 0x00, 0x00, 0x00, 0x00, 0x01, 0x00
    , 0x00, 0x00, 0x00, 0x54, 0x0a, 0x00, 0x00, 0x00, 0x00, 0xff, 0x01, 0x00
    , 0x00, 0x00, 0x00, 0x54, 0x06, 0x00, 0x00, 0x00, 0x00, 0x00, 0x03, 0x00
    , 0x00, 0x00, 0x00, 0xff, 0x01, 0x00, 0x00, 0x00, 0x00, 0xf0, 0x01, 0x00
    , 0x00, 0x00, 0x00, 0x37, 0x0c, 0x00, 0x00, 0x00, 0x00, 0x00, 0x01, 0x00
    , 0x00, 0x00, 0x00, 0xaa, 0x04, 0x00, 0x00, 0x00, 0x00, 0xff, 0x01, 0x00
    , 0x00, 0x00, 0x00, 0xaa, 0x07, 0x00, 0x00, 0x00, 0x00, 0x00, 0x01, 0x00
    , 0x00, 0x00, 0x00, 0x54, 0x0a, 0x00, 0x00, 0x00, 0x00, 0xff, 0x01, 0x00
    , 0x00, 0x00, 0x00, 0x54, 0x06, 0x00, 0x00, 0x00, 0x00, 0x00, 0x04, 0x00
    , 0x00, 0x00, 0x00, 0xff, 0x01, 0x00, 0x00, 0x00, 0x00, 0xf0, 0x01, 0x00
    , 0x00, 0x00, 0x00, 0x37, 0x0b, 0x00, 0x00, 0x00, 0x00, 0x00, 0x01, 0x00
    , 0x00, 0x00, 0x00, 0xaa, 0x04, 0x00, 0x00, 0x00, 0x00, 0xff, 0x01, 0x00
    , 0x00, 0x00, 0x00, 0xaa, 0x07, 0x00, 0x00, 0x00, 0x00, 0x00, 0x01, 0x00
    , 0x00, 0x00, 0x00, 0x54, 0x0a, 0x00, 0x00, 0x00, 0x00, 0xff, 0x01, 0x00
    , 0x00, 0x00, 0x00, 0x54, 0x06, 0x00, 0x00, 0x00, 0x00, 0x00, 0x05, 0x00
    , 0x00, 0x00, 0x00, 0xff, 0x01, 0x00, 0x00, 0x00, 0x00, 0xf0, 0x01, 0x00
    , 0x00, 0x00, 0x00, 0x37, 0x0a, 0x00, 0x00, 0x00, 0x00, 0x00, 0x01, 0x00
    , 0x00, 0x00, 0x00, 0xaa, 0x04, 0x00, 0x00, 0x00, 0x00, 0xff, 0x01, 0x00
    , 0x00, 0x00, 0x00, 0xaa, 0x07, 0x00, 0x00, 0x00, 0x00, 0x00, 0x01, 0x00
    , 0x00, 0x00, 0x00, 0x54, 0x0a, 0x00, 0x00, 0x00, 0x00, 0xff, 0x01, 0x00
    , 0x00, 0x00, 0x00, 0x54, 0x06, 0x00, 0x00, 0x00, 0x00, 0x00, 0x06, 0x00
    , 0x00, 0x00, 0x00, 0xff, 0x01, 0x00, 0x00, 0x00, 0x00, 0xf0, 0x01, 0x00
    , 0x00, 0x00, 0x00, 0x37, 0x09, 0x00, 0x00, 0x00, 0x00, 0x00, 0x01, 0x00
    , 0x00, 0x00, 0x00, 0xaa, 0x04, 0x00, 0x00, 0x00, 0x00, 0xff, 0x01, 0x00
    , 0x00, 0x00, 0x00, 0xaa, 0x07, 0x00, 0x00, 0x00, 0x00, 0x00, 0x01, 0x00
    , 0x00, 0x00, 0x00, 0x54, 0x0a, 0x00, 0x00, 0x00, 0x00, 0xff, 0x01, 0x00
    , 0x00, 0x00, 0x00, 0x54, 0x06, 0x00, 0x00, 0x00, 0x00, 0x00, 0x07, 0x00
    , 0x00, 0x00, 0x00, 0xff, 0x01, 0x00, 0x00, 0x00, 0x00, 0xf0, 0x01, 0x00
    , 0x00, 0x00, 0x00, 0x37, 0x08, 0x00, 0x00, 0x00, 0x00, 0x00, 0x01, 0x00
    , 0x00, 0x00, 0x00, 0xaa, 0x04, 0x00, 0x00, 0x00, 0x00, 0xff, 0x01, 0x00
    , 0x00, 0x00, 0x00, 0xaa, 0x07, 0x00, 0x00, 0x00, 0x00, 0x00, 0x01, 0x00
    , 0x00, 0x00, 0x00, 0x54, 0x0a, 0x00, 0x00, 0x00, 0x00, 0xff, 0x01, 0x00
    , 0x00, 0x00, 0x00, 0x54, 0x06, 0x00, 0x00, 0x00, 0x00, 0x00, 0x08, 0x00
    , 0x00, 0x00, 0x00, 0xff, 0x01, 0x00, 0x00, 0x00, 0x00, 0xee, 0x01, 0x00
    , 0x00, 0x00, 0x00, 0x1c, 0x07, 0x00, 0x00, 0x00, 0x00, 0x00, 0x01, 0x00
    , 0x00, 0x00, 0x00, 0xaa, 0x04, 0x00, 0x00, 0x00, 0x00, 0xff, 0x01, 0x00
    , 0x00, 0x00, 0x00, 0xaa, 0x07, 0x00, 0x00, 0x00, 0x00, 0x00, 0x01, 0x00
    , 0x00, 0x00, 0x00, 0x54, 0x0a, 0x00, 0x00, 0x00, 0x00, 0xff, 0x01, 0x00
    , 0x00, 0x00, 0x00, 0x54, 0x06, 0x00, 0x00, 0x00, 0x00, 0x00, 0x09, 0x00
    , 0x00, 0x00, 0x00, 0xff, 0x01, 0x00, 0x00, 0x00, 0x00, 0x7f, 0x07, 0x00
    , 0x00, 0x00, 0x00, 0x00, 0x01, 0x00, 0x00, 0x00, 0x00, 0xaa, 0x04, 0x00
    , 0x00, 0x00, 0x00, 0xff, 0x01, 0x00, 0x00, 0x00, 0x00, 0xaa, 0x07, 0x00
    , 0x00, 0x00, 0x00, 0x00, 0x01, 0x00, 0x00, 0x00, 0x00, 0x54, 0x0a, 0x00
    , 0x00, 0x00, 0x00, 0xff, 0x01, 0x00, 0x00, 0x00, 0x00, 0x54, 0x06, 0x00
    , 0x00, 0x00, 0x00, 0x00, 0x09, 0x00, 0x00, 0x00, 0x00, 0xff, 0x01, 0x00
    , 0x00, 0x00, 0x00, 0x7f, 0x07, 0x00, 0x00, 0x00, 0x00, 0x00, 0x01, 0x00
    , 0x00, 0x00, 0x00, 0xaa, 0x04, 0x00, 0x00, 0x00, 0x00, 0xff, 0x01, 0x00
    , 0x00, 0x00, 0x00, 0xaa, 0x07, 0x00, 0x00, 0x00, 0x00, 0x00, 0x01, 0x00
    , 0x00, 0x00, 0x00, 0x54, 0x0a, 0x00, 0x00, 0x00, 0x00, 0xff, 0x01, 0x00
    , 0x00, 0x00, 0x00, 0x54, 0x06, 0x00, 0x00, 0x00, 0x00, 0x00, 0x08, 0x00
    , 0x00, 0x00, 0x00, 0xff, 0x01, 0x00, 0x00, 0x00, 0x00, 0xee, 0x01, 0x00
    , 0x00, 0x00, 0x00, 0x1c, 0x07, 0x00, 0x00, 0x00, 0x00, 0x00, 0x01, 0x00
    , 0x00, 0x00, 0x00, 0xaa, 0x04, 0x00, 0x00, 0x00, 0x00, 0xff, 0x01, 0x00
    , 0x00, 0x00, 0x00, 0xaa, 0x07, 0x00, 0x00, 0x00, 0x00, 0x00, 0x01, 0x00
    , 0x00, 0x00, 0x00, 0x54, 0x0a, 0x00, 0x00, 0x00, 0x00, 0xff, 0x01, 0x00
    , 0x00, 0x00, 0x00, 0x54, 0x06, 0x00, 0x00, 0x00, 0x00, 0x00, 0x07, 0x00
    , 0x00, 0x00, 0x00, 0xff, 0x01, 0x00, 0x00, 0x00, 0x00, 0xf0, 0x01, 0x00
    , 0x00, 0x00, 0x00, 0x37, 0x08, 0x00, 0x00, 0x00, 0x00, 0x00, 0x01, 0x00
    , 0x00, 0x00, 0x00, 0xaa, 0x04, 0x00, 0x00, 0x00, 0x00, 0xff, 0x01, 0x00
    , 0x00, 0x00, 0x00, 0xaa, 0x07, 0x00, 0x00, 0x00, 0x00, 0x00, 0x01, 0x00
    , 0x00, 0x00, 0x00, 0x54, 0x0a, 0x00, 0x00, 0x00, 0x00, 0xff, 0x01, 0x00
    , 0x00, 0x00, 0x00, 0x54, 0x06, 0x00, 0x00, 0x00, 0x00, 0x00, 0x06, 0x00
    , 0x00, 0x00, 0x00, 0xff, 0x01, 0x00, 0x00, 0x00, 0x00, 0xf0, 0x01, 0x00
    , 0x00, 0x00, 0x00, 0x37, 0x09, 0x00, 0x00, 0x00, 0x00, 0x00, 0x01, 0x00
    , 0x00, 0x00, 0x00, 0xaa, 0x04, 0x00, 0x00, 0x00, 0x00, 0xff, 0x01, 0x00
    , 0x00, 0x00, 0x00, 0xaa, 0x07, 0x00, 0x00, 0x00, 0x00, 0x00, 0x01, 0x00
    , 0x00, 0x00, 0x00, 0x54, 0x0a, 0x00, 0x00, 0x00, 0x00, 0xff, 0x01, 0x00
    , 0x00, 0x00, 0x00, 0x54, 0x06, 0x00, 0x00, 0x00, 0x00, 0x00, 0x05, 0x00
    , 0x00, 0x00, 0x00, 0xff, 0x01, 0x00, 0x00, 0x00, 0x00, 0xf0, 0x01, 0x00
    , 0x00, 0x00, 0x00, 0x37, 0x0a, 0x00, 0x00, 0x00, 0x00, 0x00, 0x01, 0x00
    , 0x00, 0x00, 0x00, 0xaa, 0x04, 0x00, 0x00, 0x00, 0x00, 0xff, 0x01, 0x00
    , 0x00, 0x00, 0x00, 0xaa, 0x07, 0x00, 0x00, 0x00, 0x00, 0x00, 0x01, 0x00
    , 0x00, 0x00, 0x00, 0x54, 0x0a, 0x00, 0x00, 0x00, 0x00, 0xff, 0x01, 0x00
    , 0x00, 0x00, 0x00, 0x54, 0x06, 0x00, 0x00, 0x00, 0x00, 0x00, 0x04, 0x00
    , 0x00, 0x00, 0x00, 0xff, 0x01, 0x00, 0x00, 0x00, 0x00, 0xf0, 0x01, 0x00
    , 0x00, 0x00, 0x00, 0x37, 0x0b, 0x00, 0x00, 0x00, 0x00, 0x00, 0x01, 0x00
    , 0x00, 0x00, 0x00, 0xaa, 0x04, 0x00, 0x00, 0x00, 0x00, 0xff, 0x01, 0x00
    , 0x00, 0x00, 0x00, 0xaa, 0x07, 0x00, 0x00, 0x00, 0x00, 0x00, 0x01, 0x00
    , 0x00, 0x00, 0x00, 0x54, 0x0a, 0x00, 0x00, 0x00, 0x00, 0xff, 0x01, 0x00
    , 0x00, 0x00, 0x00, 0x54, 0x06, 0x00, 0x00, 0x00, 0x00, 0x00, 0x03, 0x00
    , 0x00, 0x00, 0x00, 0xff, 0x01, 0x00, 0x00, 0x00, 0x00, 0xf0, 0x01, 0x00
    , 0x00, 0x00, 0x00, 0x37, 0x0c, 0x00, 0x00, 0x00, 0x00, 0x00, 0x01, 0x00
    , 0x00, 0x00, 0x00, 0xaa, 0x04, 0x00, 0x00, 0x00, 0x00, 0xff, 0x01, 0x00
    , 0x00, 0x00, 0x00, 0xaa, 0x07, 0x00, 0x00, 0x00, 0x00, 0x00, 0x01, 0x00
    , 0x00, 0x00, 0x00, 0x54, 0x0a, 0x00, 0x00, 0x00, 0x00, 0xff, 0x01, 0x00
    , 0x00, 0x00, 0x00, 0x54, 0x06, 0x00, 0x00, 0x00, 0x00, 0x00, 0x01, 0x00
    , 0x00, 0x00, 0x00, 0xf5, 0x01, 0x00, 0x00, 0x00, 0x00, 0xff, 0x01, 0x00
    , 0x00, 0x00, 0x00, 0xf0, 0x01, 0x00, 0x00, 0x00, 0x00, 0x37, 0x0d, 0x00
    , 0x00, 0x00, 0x00, 0x00, 0x01, 0x00, 0x00, 0x00, 0x00, 0xaa, 0x04, 0x00
    , 0x00, 0x00, 0x00, 0xff, 0x01, 0x00, 0x00, 0x00, 0x00, 0xaa, 0x07, 0x00
    , 0x00, 0x00, 0x00, 0x00, 0x01, 0x00, 0x00, 0x00, 0x00, 0x54, 0x0a, 0x00
    , 0x00, 0x00, 0x00, 0xff, 0x01, 0x00, 0x00, 0x00, 0x00, 0x54, 0x06, 0x00
    , 0x00, 0x00, 0x00, 0x00, 0x01, 0x00, 0x00, 0x00, 0x00, 0x72, 0x01, 0x00
    , 0x00, 0x00, 0x00, 0xbc, 0x01, 0x00, 0x00, 0x00, 0x00, 0x33, 0x0e, 0x00
    , 0x00, 0x00, 0x00, 0x00, 0x01, 0x00, 0x00, 0x00, 0x00, 0xaa, 0x04, 0x00
    , 0x00, 0x00, 0x00, 0xff, 0x01, 0x00, 0x00, 0x00, 0x00, 0xaa, 0x07, 0x00
    , 0x00, 0x00, 0x00, 0x00, 0x01, 0x00, 0x00, 0x00, 0x00, 0x54, 0x0a, 0x00
    , 0x00, 0x00, 0x00, 0xff, 0x01, 0x00, 0x00, 0x00, 0x00, 0x54, 0x17, 0x00
    , 0x00, 0x00, 0x00, 0x00, 0x01, 0x00, 0x00, 0x00, 0x00, 0xaa, 0x04, 0x00
    , 0x00, 0x00, 0x00, 0xff, 0x01, 0x00, 0x00, 0x00, 0x00, 0xaa, 0x07, 0x00
    , 0x00, 0x00, 0x00, 0x00, 0x01, 0x00, 0x00, 0x00, 0x00, 0x54, 0x0a, 0x00
    , 0x00, 0x00, 0x00, 0xff, 0x01, 0x00, 0x00, 0x00, 0x00, 0x54, 0x17, 0x00
    , 0x00, 0x00, 0x00, 0x00, 0x01, 0x00, 0x00, 0x00, 0x00, 0xaa, 0x04, 0x00
    , 0x00, 0x00, 0x00, 0xff, 0x01, 0x00, 0x00, 0x00, 0x00, 0xaa, 0x07, 0x00
    , 0x00, 0x00, 0x00, 0x00, 0x01, 0x00, 0x00, 0x00, 0x00, 0x54, 0x0a, 0x00
    , 0x00, 0x00, 0x00, 0xff, 0x01, 0x00, 0x00, 0x00, 0x00, 0x54, 0x17, 0x00
    , 0x00, 0x00, 0x00, 0x00, 0x01, 0x00, 0x00, 0x00, 0x00, 0xaa, 0x04, 0x00
    , 0x00, 0x00, 0x00, 0xff, 0x01, 0x00, 0x00, 0x00, 0x00, 0xaa, 0x07, 0x00
    , 0x00, 0x00, 0x00, 0x00, 0x01, 0x00, 0x00, 0x00, 0x00, 0x54, 0x0a, 0x00
    , 0x00, 0x00, 0x00, 0xff, 0x01, 0x00, 0x00, 0x00, 0x00, 0x54, 0x17, 0x00
    , 0x00, 0x00, 0x00, 0x00, 0x01, 0x00, 0x00, 0x00, 0x00, 0xaa, 0x04, 0x00
    , 0x00, 0x00, 0x00, 0xff, 0x01, 0x00, 0x00, 0x00, 0x00, 0xaa, 0x07, 0x00
    , 0x00, 0x00, 0x00, 0x00, 0x01, 0x00, 0x00, 0x00, 0x00, 0x54, 0x0a, 0x00
    , 0x00, 0x00, 0x00, 0xff, 0x01, 0x00, 0x00, 0x00, 0x00, 0x54, 0x17, 0x00
    , 0x00, 0x00, 0x00, 0x00, 0x01, 0x00, 0x00, 0x00, 0x00, 0xaa, 0x04, 0x00
    , 0x00, 0x00, 0x00, 0xff, 0x01, 0x00, 0x00, 0x00, 0x00, 0xaa, 0x07, 0x00
    , 0x00, 0x00, 0x00, 0x00, 0x01, 0x00, 0x00, 0x00, 0x00, 0x54, 0x0a, 0x00
    , 0x00, 0x00, 0x00, 0xff, 0x01, 0x00, 0x00, 0x00, 0x00, 0x54, 0x17, 0x00
    , 0x00, 0x00, 0x00, 0x00, 0x01, 0x00, 0x00, 0x00, 0x00, 0xaa, 0x04, 0x00
    , 0x00, 0x00, 0x00, 0xff, 0x01, 0x00, 0x00, 0x00, 0x00, 0xaa, 0x07, 0x00
    , 0x00, 0x00, 0x00, 0x00, 0x01, 0x00, 0x00, 0x00, 0x00, 0x54, 0x0a, 0x00
    , 0x00, 0x00, 0x00, 0xff, 0x01, 0x00, 0x00, 0x00, 0x00, 0x54, 0x17, 0x00
    , 0x00, 0x00, 0x00, 0x00, 0x01, 0x00, 0x00, 0x00, 0x00, 0xaa, 0x04, 0x00
    , 0x00, 0x00, 0x00, 0xff, 0x01, 0x00, 0x00, 0x00, 0x00, 0xaa, 0x07, 0x00
    , 0x00, 0x00, 0x00, 0x00, 0x01, 0x00, 0x00, 0x00, 0x00, 0x54, 0x0a, 0x00
    , 0x00, 0x00, 0x00, 0xff, 0x01, 0x00, 0x00, 0x00, 0x00, 0x54, 0x17, 0x00
    , 0x00, 0x00, 0x00, 0x00, 0x01, 0x00, 0x00, 0x00, 0x00, 0xaa, 0x04, 0x00
    , 0x00, 0x00, 0x00, 0xff, 0x01, 0x00, 0x00, 0x00, 0x00, 0xaa, 0x07, 0x00
    , 0x00, 0x00, 0x00, 0x00, 0x01, 0x00, 0x00, 0x00, 0x00, 0x54, 0x0a, 0x00
    , 0x00, 0x00, 0x00, 0xff, 0x01, 0x00, 0x00, 0x00, 0x00, 0x54, 0x17, 0x00
    , 0x00, 0x00, 0x00, 0x00, 0x01, 0x00, 0x00, 0x00, 0x00, 0xaa, 0x04, 0x00
    , 0x00, 0x00, 0x00, 0xff, 0x01, 0x00, 0x00, 0x00, 0x00, 0xaa, 0x07, 0x00
    , 0x00, 0x00, 0x00, 0x00, 0x01, 0x00, 0x00, 0x00, 0x00, 0x54, 0x05, 0x00
    , 0x00, 0x00, 0x00, 0xff, 0x01, 0x00, 0x00, 0x00, 0x00, 0xfd, 0x04, 0x00
    , 0x00, 0x00, 0x00, 0xff, 0x01, 0x00, 0x00, 0x00, 0x00, 0x8d, 0x17, 0x00
    , 0x00, 0x00, 0x00, 0x54, 0x01, 0x00, 0x00, 0x00, 0x00, 0xc7, 0x04, 0x00
    , 0x00, 0x00, 0x00, 0xff, 0x01, 0x00, 0x00, 0x00, 0x00, 0xc7, 0x07, 0x00
    , 0x00, 0x00, 0x00, 0x54, 0x01, 0x00, 0x00, 0x00, 0x00, 0x8d, 0x04, 0x00
    , 0x00, 0x00, 0x00, 0xff, 0x01, 0x00, 0x00, 0x00, 0x00, 0xfd, 0x01, 0x00
    , 0x00, 0x00, 0x00, 0xd7, 0x2e, 0x00, 0x00, 0x00, 0x00, 0xff, 0x01, 0x00
    , 0x00, 0x00, 0x00, 0xd6, 0x01, 0x00, 0x00, 0x00, 0x00, 0xa0, 0x2e, 0x00
    , 0x00, 0x00, 0x00, 0xff, 0x01, 0x00, 0x00, 0x00, 0x00, 0xa0, 0x01, 0x00
    , 0x00, 0x00, 0x00, 0x1f, 0x01, 0x00, 0x00, 0x00, 0x00, 0xf2, 0x2c, 0x00
    , 0x00, 0x00, 0x00, 0xff, 0x01, 0x00, 0x00, 0x00, 0x00, 0xf1, 0x01, 0x00
    , 0x00, 0x00, 0x00, 0x1f, 0x01, 0x00, 0x00, 0x00, 0x00, 0x00, 0x01, 0x00
    , 0x00, 0x00, 0x00, 0x50, 0x01, 0x00, 0x00, 0x00, 0x00, 0xf2, 0x2a, 0x00
    , 0x00, 0x00, 0x00, 0xff, 0x01, 0x00, 0x00, 0x00, 0x00, 0xf2, 0x01, 0x00
    , 0x00, 0x00, 0x00, 0x50, 0x03, 0x00, 0x00, 0x00, 0x00, 0x00, 0x01, 0x00
    , 0x00, 0x00, 0x00, 0x1f, 0x01, 0x00, 0x00, 0x00, 0x00, 0xa0, 0x01, 0x00
    , 0x00, 0x00, 0x00, 0xd6, 0x01, 0x00, 0x00, 0x00, 0x00, 0xfd, 0x24, 0x00
    , 0x00, 0x00, 0x00, 0xff, 0x01, 0x00, 0x00, 0x00, 0x00, 0xfd, 0x01, 0x00
    , 0x00, 0x00, 0x00, 0xd6, 0x01, 0x00, 0x00, 0x00, 0x00, 0xa0, 0x01, 0x00
    , 0x00, 0x00, 0x00, 0x1f, 0x02, 0x00, 0x00, 0x00, 0x00, 0x00
};

inline Upp::Image ICON_DESIGN_RIGHT_PANEL_CLOSE_48()
{
    return Upp::UiMakeIcon(DATA_DESIGN_RIGHT_PANEL_CLOSE_48);
}

static const unsigned char DATA_DESIGN_RIGHT_PANEL_OPEN_48[] = {
    0x30, 0x80, 0x30, 0x00, 0x02, 0x00, 0x00, 0x00, 0x00, 0x00, 0x01, 0x00
    , 0x00, 0x00, 0x00, 0x20, 0x01, 0x00, 0x00, 0x00, 0x00, 0xa1, 0x01, 0x00
    , 0x00, 0x00, 0x00, 0xd7, 0x01, 0x00, 0x00, 0x00, 0x00, 0xfd, 0x24, 0x00
    , 0x00, 0x00, 0x00, 0xff, 0x01, 0x00, 0x00, 0x00, 0x00, 0xfd, 0x01, 0x00
    , 0x00, 0x00, 0x00, 0xd7, 0x01, 0x00, 0x00, 0x00, 0x00, 0xa0, 0x01, 0x00
    , 0x00, 0x00, 0x00, 0x1f, 0x03, 0x00, 0x00, 0x00, 0x00, 0x00, 0x01, 0x00
    , 0x00, 0x00, 0x00, 0x51, 0x01, 0x00, 0x00, 0x00, 0x00, 0xf2, 0x2a, 0x00
    , 0x00, 0x00, 0x00, 0xff, 0x01, 0x00, 0x00, 0x00, 0x00, 0xf2, 0x01, 0x00
    , 0x00, 0x00, 0x00, 0x50, 0x01, 0x00, 0x00, 0x00, 0x00, 0x00, 0x01, 0x00
    , 0x00, 0x00, 0x00, 0x1f, 0x01, 0x00, 0x00, 0x00, 0x00, 0xf2, 0x2c, 0x00
    , 0x00, 0x00, 0x00, 0xff, 0x01, 0x00, 0x00, 0x00, 0x00, 0xf2, 0x01, 0x00
    , 0x00, 0x00, 0x00, 0x1f, 0x01, 0x00, 0x00, 0x00, 0x00, 0xa0, 0x2e, 0x00
    , 0x00, 0x00, 0x00, 0xff, 0x01, 0x00, 0x00, 0x00, 0x00, 0xa0, 0x01, 0x00
    , 0x00, 0x00, 0x00, 0xd7, 0x2e, 0x00, 0x00, 0x00, 0x00, 0xff, 0x01, 0x00
    , 0x00, 0x00, 0x00, 0xd6, 0x01, 0x00, 0x00, 0x00, 0x00, 0xfd, 0x04, 0x00
    , 0x00, 0x00, 0x00, 0xff, 0x01, 0x00, 0x00, 0x00, 0x00, 0x8d, 0x17, 0x00
    , 0x00, 0x00, 0x00, 0x54, 0x01, 0x00, 0x00, 0x00, 0x00, 0xc7, 0x04, 0x00
    , 0x00, 0x00, 0x00, 0xff, 0x01, 0x00, 0x00, 0x00, 0x00, 0xc7, 0x07, 0x00
    , 0x00, 0x00, 0x00, 0x54, 0x01, 0x00, 0x00, 0x00, 0x00, 0x8d, 0x04, 0x00
    , 0x00, 0x00, 0x00, 0xff, 0x01, 0x00, 0x00, 0x00, 0x00, 0xfd, 0x05, 0x00
    , 0x00, 0x00, 0x00, 0xff, 0x01, 0x00, 0x00, 0x00, 0x00, 0x54, 0x17, 0x00
    , 0x00, 0x00, 0x00, 0x00, 0x01, 0x00, 0x00, 0x00, 0x00, 0xaa, 0x04, 0x00
    , 0x00, 0x00, 0x00, 0xff, 0x01, 0x00, 0x00, 0x00, 0x00, 0xaa, 0x07, 0x00
    , 0x00, 0x00, 0x00, 0x00, 0x01, 0x00, 0x00, 0x00, 0x00, 0x54, 0x0a, 0x00
    , 0x00, 0x00, 0x00, 0xff, 0x01, 0x00, 0x00, 0x00, 0x00, 0x54, 0x17, 0x00
    , 0x00, 0x00, 0x00, 0x00, 0x01, 0x00, 0x00, 0x00, 0x00, 0xaa, 0x04, 0x00
    , 0x00, 0x00, 0x00, 0xff, 0x01, 0x00, 0x00, 0x00, 0x00, 0xaa, 0x07, 0x00
    , 0x00, 0x00, 0x00, 0x00, 0x01, 0x00, 0x00, 0x00, 0x00, 0x54, 0x0a, 0x00
    , 0x00, 0x00, 0x00, 0xff, 0x01, 0x00, 0x00, 0x00, 0x00, 0x54, 0x17, 0x00
    , 0x00, 0x00, 0x00, 0x00, 0x01, 0x00, 0x00, 0x00, 0x00, 0xaa, 0x04, 0x00
    , 0x00, 0x00, 0x00, 0xff, 0x01, 0x00, 0x00, 0x00, 0x00, 0xaa, 0x07, 0x00
    , 0x00, 0x00, 0x00, 0x00, 0x01, 0x00, 0x00, 0x00, 0x00, 0x54, 0x0a, 0x00
    , 0x00, 0x00, 0x00, 0xff, 0x01, 0x00, 0x00, 0x00, 0x00, 0x54, 0x17, 0x00
    , 0x00, 0x00, 0x00, 0x00, 0x01, 0x00, 0x00, 0x00, 0x00, 0xaa, 0x04, 0x00
    , 0x00, 0x00, 0x00, 0xff, 0x01, 0x00, 0x00, 0x00, 0x00, 0xaa, 0x07, 0x00
    , 0x00, 0x00, 0x00, 0x00, 0x01, 0x00, 0x00, 0x00, 0x00, 0x54, 0x0a, 0x00
    , 0x00, 0x00, 0x00, 0xff, 0x01, 0x00, 0x00, 0x00, 0x00, 0x54, 0x17, 0x00
    , 0x00, 0x00, 0x00, 0x00, 0x01, 0x00, 0x00, 0x00, 0x00, 0xaa, 0x04, 0x00
    , 0x00, 0x00, 0x00, 0xff, 0x01, 0x00, 0x00, 0x00, 0x00, 0xaa, 0x07, 0x00
    , 0x00, 0x00, 0x00, 0x00, 0x01, 0x00, 0x00, 0x00, 0x00, 0x54, 0x0a, 0x00
    , 0x00, 0x00, 0x00, 0xff, 0x01, 0x00, 0x00, 0x00, 0x00, 0x54, 0x17, 0x00
    , 0x00, 0x00, 0x00, 0x00, 0x01, 0x00, 0x00, 0x00, 0x00, 0xaa, 0x04, 0x00
    , 0x00, 0x00, 0x00, 0xff, 0x01, 0x00, 0x00, 0x00, 0x00, 0xaa, 0x07, 0x00
    , 0x00, 0x00, 0x00, 0x00, 0x01, 0x00, 0x00, 0x00, 0x00, 0x54, 0x0a, 0x00
    , 0x00, 0x00, 0x00, 0xff, 0x01, 0x00, 0x00, 0x00, 0x00, 0x54, 0x17, 0x00
    , 0x00, 0x00, 0x00, 0x00, 0x01, 0x00, 0x00, 0x00, 0x00, 0xaa, 0x04, 0x00
    , 0x00, 0x00, 0x00, 0xff, 0x01, 0x00, 0x00, 0x00, 0x00, 0xaa, 0x07, 0x00
    , 0x00, 0x00, 0x00, 0x00, 0x01, 0x00, 0x00, 0x00, 0x00, 0x54, 0x0a, 0x00
    , 0x00, 0x00, 0x00, 0xff, 0x01, 0x00, 0x00, 0x00, 0x00, 0x54, 0x17, 0x00
    , 0x00, 0x00, 0x00, 0x00, 0x01, 0x00, 0x00, 0x00, 0x00, 0xaa, 0x04, 0x00
    , 0x00, 0x00, 0x00, 0xff, 0x01, 0x00, 0x00, 0x00, 0x00, 0xaa, 0x07, 0x00
    , 0x00, 0x00, 0x00, 0x00, 0x01, 0x00, 0x00, 0x00, 0x00, 0x54, 0x0a, 0x00
    , 0x00, 0x00, 0x00, 0xff, 0x01, 0x00, 0x00, 0x00, 0x00, 0x54, 0x17, 0x00
    , 0x00, 0x00, 0x00, 0x00, 0x01, 0x00, 0x00, 0x00, 0x00, 0xaa, 0x04, 0x00
    , 0x00, 0x00, 0x00, 0xff, 0x01, 0x00, 0x00, 0x00, 0x00, 0xaa, 0x07, 0x00
    , 0x00, 0x00, 0x00, 0x00, 0x01, 0x00, 0x00, 0x00, 0x00, 0x54, 0x0a, 0x00
    , 0x00, 0x00, 0x00, 0xff, 0x01, 0x00, 0x00, 0x00, 0x00, 0x54, 0x0e, 0x00
    , 0x00, 0x00, 0x00, 0x00, 0x01, 0x00, 0x00, 0x00, 0x00, 0x6c, 0x01, 0x00
    , 0x00, 0x00, 0x00, 0xc2, 0x01, 0x00, 0x00, 0x00, 0x00, 0x35, 0x06, 0x00
    , 0x00, 0x00, 0x00, 0x00, 0x01, 0x00, 0x00, 0x00, 0x00, 0xaa, 0x04, 0x00
    , 0x00, 0x00, 0x00, 0xff, 0x01, 0x00, 0x00, 0x00, 0x00, 0xaa, 0x07, 0x00
    , 0x00, 0x00, 0x00, 0x00, 0x01, 0x00, 0x00, 0x00, 0x00, 0x54, 0x0a, 0x00
    , 0x00, 0x00, 0x00, 0xff, 0x01, 0x00, 0x00, 0x00, 0x00, 0x54, 0x0d, 0x00
    , 0x00, 0x00, 0x00, 0x00, 0x01, 0x00, 0x00, 0x00, 0x00, 0x7f, 0x02, 0x00
    , 0x00, 0x00, 0x00, 0xff, 0x01, 0x00, 0x00, 0x00, 0x00, 0xa0, 0x06, 0x00
    , 0x00, 0x00, 0x00, 0x00, 0x01, 0x00, 0x00, 0x00, 0x00, 0xaa, 0x04, 0x00
    , 0x00, 0x00, 0x00, 0xff, 0x01, 0x00, 0x00, 0x00, 0x00, 0xaa, 0x07, 0x00
    , 0x00, 0x00, 0x00, 0x00, 0x01, 0x00, 0x00, 0x00, 0x00, 0x54, 0x0a, 0x00
    , 0x00, 0x00, 0x00, 0xff, 0x01, 0x00, 0x00, 0x00, 0x00, 0x54, 0x0c, 0x00
    , 0x00, 0x00, 0x00, 0x00, 0x01, 0x00, 0x00, 0x00, 0x00, 0x7f, 0x03, 0x00
    , 0x00, 0x00, 0x00, 0xff, 0x01, 0x00, 0x00, 0x00, 0x00, 0xaa, 0x06, 0x00
    , 0x00, 0x00, 0x00, 0x00, 0x01, 0x00, 0x00, 0x00, 0x00, 0xaa, 0x04, 0x00
    , 0x00, 0x00, 0x00, 0xff, 0x01, 0x00, 0x00, 0x00, 0x00, 0xaa, 0x07, 0x00
    , 0x00, 0x00, 0x00, 0x00, 0x01, 0x00, 0x00, 0x00, 0x00, 0x54, 0x0a, 0x00
    , 0x00, 0x00, 0x00, 0xff, 0x01, 0x00, 0x00, 0x00, 0x00, 0x54, 0x0b, 0x00
    , 0x00, 0x00, 0x00, 0x00, 0x01, 0x00, 0x00, 0x00, 0x00, 0x7f, 0x04, 0x00
    , 0x00, 0x00, 0x00, 0xff, 0x01, 0x00, 0x00, 0x00, 0x00, 0xaa, 0x06, 0x00
    , 0x00, 0x00, 0x00, 0x00, 0x01, 0x00, 0x00, 0x00, 0x00, 0xaa, 0x04, 0x00
    , 0x00, 0x00, 0x00, 0xff, 0x01, 0x00, 0x00, 0x00, 0x00, 0xaa, 0x07, 0x00
    , 0x00, 0x00, 0x00, 0x00, 0x01, 0x00, 0x00, 0x00, 0x00, 0x54, 0x0a, 0x00
    , 0x00, 0x00, 0x00, 0xff, 0x01, 0x00, 0x00, 0x00, 0x00, 0x54, 0x0a, 0x00
    , 0x00, 0x00, 0x00, 0x00, 0x01, 0x00, 0x00, 0x00, 0x00, 0x7f, 0x05, 0x00
    , 0x00, 0x00, 0x00, 0xff, 0x01, 0x00, 0x00, 0x00, 0x00, 0xaa, 0x06, 0x00
    , 0x00, 0x00, 0x00, 0x00, 0x01, 0x00, 0x00, 0x00, 0x00, 0xaa, 0x04, 0x00
    , 0x00, 0x00, 0x00, 0xff, 0x01, 0x00, 0x00, 0x00, 0x00, 0xaa, 0x07, 0x00
    , 0x00, 0x00, 0x00, 0x00, 0x01, 0x00, 0x00, 0x00, 0x00, 0x54, 0x0a, 0x00
    , 0x00, 0x00, 0x00, 0xff, 0x01, 0x00, 0x00, 0x00, 0x00, 0x54, 0x09, 0x00
    , 0x00, 0x00, 0x00, 0x00, 0x01, 0x00, 0x00, 0x00, 0x00, 0x7f, 0x06, 0x00
    , 0x00, 0x00, 0x00, 0xff, 0x01, 0x00, 0x00, 0x00, 0x00, 0xaa, 0x06, 0x00
    , 0x00, 0x00, 0x00, 0x00, 0x01, 0x00, 0x00, 0x00, 0x00, 0xaa, 0x04, 0x00
    , 0x00, 0x00, 0x00, 0xff, 0x01, 0x00, 0x00, 0x00, 0x00, 0xaa, 0x07, 0x00
    , 0x00, 0x00, 0x00, 0x00, 0x01, 0x00, 0x00, 0x00, 0x00, 0x54, 0x0a, 0x00
    , 0x00, 0x00, 0x00, 0xff, 0x01, 0x00, 0x00, 0x00, 0x00, 0x54, 0x08, 0x00
    , 0x00, 0x00, 0x00, 0x00, 0x01, 0x00, 0x00, 0x00, 0x00, 0x7f, 0x07, 0x00
    , 0x00, 0x00, 0x00, 0xff, 0x01, 0x00, 0x00, 0x00, 0x00, 0xaa, 0x06, 0x00
    , 0x00, 0x00, 0x00, 0x00, 0x01, 0x00, 0x00, 0x00, 0x00, 0xaa, 0x04, 0x00
    , 0x00, 0x00, 0x00, 0xff, 0x01, 0x00, 0x00, 0x00, 0x00, 0xaa, 0x07, 0x00
    , 0x00, 0x00, 0x00, 0x00, 0x01, 0x00, 0x00, 0x00, 0x00, 0x54, 0x0a, 0x00
    , 0x00, 0x00, 0x00, 0xff, 0x01, 0x00, 0x00, 0x00, 0x00, 0x54, 0x07, 0x00
    , 0x00, 0x00, 0x00, 0x00, 0x01, 0x00, 0x00, 0x00, 0x00, 0x61, 0x08, 0x00
    , 0x00, 0x00, 0x00, 0xff, 0x01, 0x00, 0x00, 0x00, 0x00, 0xaa, 0x06, 0x00
    , 0x00, 0x00, 0x00, 0x00, 0x01, 0x00, 0x00, 0x00, 0x00, 0xaa, 0x04, 0x00
    , 0x00, 0x00, 0x00, 0xff, 0x01, 0x00, 0x00, 0x00, 0x00, 0xaa, 0x07, 0x00
    , 0x00, 0x00, 0x00, 0x00, 0x01, 0x00, 0x00, 0x00, 0x00, 0x54, 0x0a, 0x00
    , 0x00, 0x00, 0x00, 0xff, 0x01, 0x00, 0x00, 0x00, 0x00, 0x54, 0x07, 0x00
    , 0x00, 0x00, 0x00, 0x00, 0x01, 0x00, 0x00, 0x00, 0x00, 0xd4, 0x08, 0x00
    , 0x00, 0x00, 0x00, 0xff, 0x01, 0x00, 0x00, 0x00, 0x00, 0xaa, 0x06, 0x00
    , 0x00, 0x00, 0x00, 0x00, 0x01, 0x00, 0x00, 0x00, 0x00, 0xaa, 0x04, 0x00
    , 0x00, 0x00, 0x00, 0xff, 0x01, 0x00, 0x00, 0x00, 0x00, 0xaa, 0x07, 0x00
    , 0x00, 0x00, 0x00, 0x00, 0x01, 0x00, 0x00, 0x00, 0x00, 0x54, 0x0a, 0x00
    , 0x00, 0x00, 0x00, 0xff, 0x01, 0x00, 0x00, 0x00, 0x00, 0x54, 0x07, 0x00
    , 0x00, 0x00, 0x00, 0x00, 0x01, 0x00, 0x00, 0x00, 0x00, 0xd4, 0x08, 0x00
    , 0x00, 0x00, 0x00, 0xff, 0x01, 0x00, 0x00, 0x00, 0x00, 0xaa, 0x06, 0x00
    , 0x00, 0x00, 0x00, 0x00, 0x01, 0x00, 0x00, 0x00, 0x00, 0xaa, 0x04, 0x00
    , 0x00, 0x00, 0x00, 0xff, 0x01, 0x00, 0x00, 0x00, 0x00, 0xaa, 0x07, 0x00
    , 0x00, 0x00, 0x00, 0x00, 0x01, 0x00, 0x00, 0x00, 0x00, 0x54, 0x0a, 0x00
    , 0x00, 0x00, 0x00, 0xff, 0x01, 0x00, 0x00, 0x00, 0x00, 0x54, 0x07, 0x00
    , 0x00, 0x00, 0x00, 0x00, 0x01, 0x00, 0x00, 0x00, 0x00, 0x61, 0x08, 0x00
    , 0x00, 0x00, 0x00, 0xff, 0x01, 0x00, 0x00, 0x00, 0x00, 0xaa, 0x06, 0x00
    , 0x00, 0x00, 0x00, 0x00, 0x01, 0x00, 0x00, 0x00, 0x00, 0xaa, 0x04, 0x00
    , 0x00, 0x00, 0x00, 0xff, 0x01, 0x00, 0x00, 0x00, 0x00, 0xaa, 0x07, 0x00
    , 0x00, 0x00, 0x00, 0x00, 0x01, 0x00, 0x00, 0x00, 0x00, 0x54, 0x0a, 0x00
    , 0x00, 0x00, 0x00, 0xff, 0x01, 0x00, 0x00, 0x00, 0x00, 0x54, 0x08, 0x00
    , 0x00, 0x00, 0x00, 0x00, 0x01, 0x00, 0x00, 0x00, 0x00, 0x7f, 0x07, 0x00
    , 0x00, 0x00, 0x00, 0xff, 0x01, 0x00, 0x00, 0x00, 0x00, 0xaa, 0x06, 0x00
    , 0x00, 0x00, 0x00, 0x00, 0x01, 0x00, 0x00, 0x00, 0x00, 0xaa, 0x04, 0x00
    , 0x00, 0x00, 0x00, 0xff, 0x01, 0x00, 0x00, 0x00, 0x00, 0xaa, 0x07, 0x00
    , 0x00, 0x00, 0x00, 0x00, 0x01, 0x00, 0x00, 0x00, 0x00, 0x54, 0x0a, 0x00
    , 0x00, 0x00, 0x00, 0xff, 0x01, 0x00, 0x00, 0x00, 0x00, 0x54, 0x09, 0x00
    , 0x00, 0x00, 0x00, 0x00, 0x01, 0x00, 0x00, 0x00, 0x00, 0x7f, 0x06, 0x00
    , 0x00, 0x00, 0x00, 0xff, 0x01, 0x00, 0x00, 0x00, 0x00, 0xaa, 0x06, 0x00
    , 0x00, 0x00, 0x00, 0x00, 0x01, 0x00, 0x00, 0x00, 0x00, 0xaa, 0x04, 0x00
    , 0x00, 0x00, 0x00, 0xff, 0x01, 0x00, 0x00, 0x00, 0x00, 0xaa, 0x07, 0x00
    , 0x00, 0x00, 0x00, 0x00, 0x01, 0x00, 0x00, 0x00, 0x00, 0x54, 0x0a, 0x00
    , 0x00, 0x00, 0x00, 0xff, 0x01, 0x00, 0x00, 0x00, 0x00, 0x54, 0x0a, 0x00
    , 0x00, 0x00, 0x00, 0x00, 0x01, 0x00, 0x00, 0x00, 0x00, 0x7f, 0x05, 0x00
    , 0x00, 0x00, 0x00, 0xff, 0x01, 0x00, 0x00, 0x00, 0x00, 0xaa, 0x06, 0x00
    , 0x00, 0x00, 0x00, 0x00, 0x01, 0x00, 0x00, 0x00, 0x00, 0xaa, 0x04, 0x00
    , 0x00, 0x00, 0x00, 0xff, 0x01, 0x00, 0x00, 0x00, 0x00, 0xaa, 0x07, 0x00
    , 0x00, 0x00, 0x00, 0x00, 0x01, 0x00, 0x00, 0x00, 0x00, 0x54, 0x0a, 0x00
    , 0x00, 0x00, 0x00, 0xff, 0x01, 0x00, 0x00, 0x00, 0x00, 0x54, 0x0b, 0x00
    , 0x00, 0x00, 0x00, 0x00, 0x01, 0x00, 0x00, 0x00, 0x00, 0x7f, 0x04, 0x00
    , 0x00, 0x00, 0x00, 0xff, 0x01, 0x00, 0x00, 0x00, 0x00, 0xaa, 0x06, 0x00
    , 0x00, 0x00, 0x00, 0x00, 0x01, 0x00, 0x00, 0x00, 0x00, 0xaa, 0x04, 0x00
    , 0x00, 0x00, 0x00, 0xff, 0x01, 0x00, 0x00, 0x00, 0x00, 0xaa, 0x07, 0x00
    , 0x00, 0x00, 0x00, 0x00, 0x01, 0x00, 0x00, 0x00, 0x00, 0x54, 0x0a, 0x00
    , 0x00, 0x00, 0x00, 0xff, 0x01, 0x00, 0x00, 0x00, 0x00, 0x54, 0x0c, 0x00
    , 0x00, 0x00, 0x00, 0x00, 0x01, 0x00, 0x00, 0x00, 0x00, 0x7f, 0x03, 0x00
    , 0x00, 0x00, 0x00, 0xff, 0x01, 0x00, 0x00, 0x00, 0x00, 0xaa, 0x06, 0x00
    , 0x00, 0x00, 0x00, 0x00, 0x01, 0x00, 0x00, 0x00, 0x00, 0xaa, 0x04, 0x00
    , 0x00, 0x00, 0x00, 0xff, 0x01, 0x00, 0x00, 0x00, 0x00, 0xaa, 0x07, 0x00
    , 0x00, 0x00, 0x00, 0x00, 0x01, 0x00, 0x00, 0x00, 0x00, 0x54, 0x0a, 0x00
    , 0x00, 0x00, 0x00, 0xff, 0x01, 0x00, 0x00, 0x00, 0x00, 0x54, 0x0d, 0x00
    , 0x00, 0x00, 0x00, 0x00, 0x01, 0x00, 0x00, 0x00, 0x00, 0x7f, 0x02, 0x00
    , 0x00, 0x00, 0x00, 0xff, 0x01, 0x00, 0x00, 0x00, 0x00, 0xa0, 0x06, 0x00
    , 0x00, 0x00, 0x00, 0x00, 0x01, 0x00, 0x00, 0x00, 0x00, 0xaa, 0x04, 0x00
    , 0x00, 0x00, 0x00, 0xff, 0x01, 0x00, 0x00, 0x00, 0x00, 0xaa, 0x07, 0x00
    , 0x00, 0x00, 0x00, 0x00, 0x01, 0x00, 0x00, 0x00, 0x00, 0x54, 0x0a, 0x00
    , 0x00, 0x00, 0x00, 0xff, 0x01, 0x00, 0x00, 0x00, 0x00, 0x54, 0x0e, 0x00
    , 0x00, 0x00, 0x00, 0x00, 0x01, 0x00, 0x00, 0x00, 0x00, 0x6c, 0x01, 0x00
    , 0x00, 0x00, 0x00, 0xc2, 0x01, 0x00, 0x00, 0x00, 0x00, 0x35, 0x06, 0x00
    , 0x00, 0x00, 0x00, 0x00, 0x01, 0x00, 0x00, 0x00, 0x00, 0xaa, 0x04, 0x00
    , 0x00, 0x00, 0x00, 0xff, 0x01, 0x00, 0x00, 0x00, 0x00, 0xaa, 0x07, 0x00
    , 0x00, 0x00, 0x00, 0x00, 0x01, 0x00, 0x00, 0x00, 0x00, 0x54, 0x0a, 0x00
    , 0x00, 0x00, 0x00, 0xff, 0x01, 0x00, 0x00, 0x00, 0x00, 0x54, 0x17, 0x00
    , 0x00, 0x00, 0x00, 0x00, 0x01, 0x00, 0x00, 0x00, 0x00, 0xaa, 0x04, 0x00
    , 0x00, 0x00, 0x00, 0xff, 0x01, 0x00, 0x00, 0x00, 0x00, 0xaa, 0x07, 0x00
    , 0x00, 0x00, 0x00, 0x00, 0x01, 0x00, 0x00, 0x00, 0x00, 0x54, 0x0a, 0x00
    , 0x00, 0x00, 0x00, 0xff, 0x01, 0x00, 0x00, 0x00, 0x00, 0x54, 0x17, 0x00
    , 0x00, 0x00, 0x00, 0x00, 0x01, 0x00, 0x00, 0x00, 0x00, 0xaa, 0x04, 0x00
    , 0x00, 0x00, 0x00, 0xff, 0x01, 0x00, 0x00, 0x00, 0x00, 0xaa, 0x07, 0x00
    , 0x00, 0x00, 0x00, 0x00, 0x01, 0x00, 0x00, 0x00, 0x00, 0x54, 0x0a, 0x00
    , 0x00, 0x00, 0x00, 0xff, 0x01, 0x00, 0x00, 0x00, 0x00, 0x54, 0x17, 0x00
    , 0x00, 0x00, 0x00, 0x00, 0x01, 0x00, 0x00, 0x00, 0x00, 0xaa, 0x04, 0x00
    , 0x00, 0x00, 0x00, 0xff, 0x01, 0x00, 0x00, 0x00, 0x00, 0xaa, 0x07, 0x00
    , 0x00, 0x00, 0x00, 0x00, 0x01, 0x00, 0x00, 0x00, 0x00, 0x54, 0x0a, 0x00
    , 0x00, 0x00, 0x00, 0xff, 0x01, 0x00, 0x00, 0x00, 0x00, 0x54, 0x17, 0x00
    , 0x00, 0x00, 0x00, 0x00, 0x01, 0x00, 0x00, 0x00, 0x00, 0xaa, 0x04, 0x00
    , 0x00, 0x00, 0x00, 0xff, 0x01, 0x00, 0x00, 0x00, 0x00, 0xaa, 0x07, 0x00
    , 0x00, 0x00, 0x00, 0x00, 0x01, 0x00, 0x00, 0x00, 0x00, 0x54, 0x0a, 0x00
    , 0x00, 0x00, 0x00, 0xff, 0x01, 0x00, 0x00, 0x00, 0x00, 0x54, 0x17, 0x00
    , 0x00, 0x00, 0x00, 0x00, 0x01, 0x00, 0x00, 0x00, 0x00, 0xaa, 0x04, 0x00
    , 0x00, 0x00, 0x00, 0xff, 0x01, 0x00, 0x00, 0x00, 0x00, 0xaa, 0x07, 0x00
    , 0x00, 0x00, 0x00, 0x00, 0x01, 0x00, 0x00, 0x00, 0x00, 0x54, 0x0a, 0x00
    , 0x00, 0x00, 0x00, 0xff, 0x01, 0x00, 0x00, 0x00, 0x00, 0x54, 0x17, 0x00
    , 0x00, 0x00, 0x00, 0x00, 0x01, 0x00, 0x00, 0x00, 0x00, 0xaa, 0x04, 0x00
    , 0x00, 0x00, 0x00, 0xff, 0x01, 0x00, 0x00, 0x00, 0x00, 0xaa, 0x07, 0x00
    , 0x00, 0x00, 0x00, 0x00, 0x01, 0x00, 0x00, 0x00, 0x00, 0x54, 0x0a, 0x00
    , 0x00, 0x00, 0x00, 0xff, 0x01, 0x00, 0x00, 0x00, 0x00, 0x54, 0x17, 0x00
    , 0x00, 0x00, 0x00, 0x00, 0x01, 0x00, 0x00, 0x00, 0x00, 0xaa, 0x04, 0x00
    , 0x00, 0x00, 0x00, 0xff, 0x01, 0x00, 0x00, 0x00, 0x00, 0xaa, 0x07, 0x00
    , 0x00, 0x00, 0x00, 0x00, 0x01, 0x00, 0x00, 0x00, 0x00, 0x54, 0x0a, 0x00
    , 0x00, 0x00, 0x00, 0xff, 0x01, 0x00, 0x00, 0x00, 0x00, 0x54, 0x17, 0x00
    , 0x00, 0x00, 0x00, 0x00, 0x01, 0x00, 0x00, 0x00, 0x00, 0xaa, 0x04, 0x00
    , 0x00, 0x00, 0x00, 0xff, 0x01, 0x00, 0x00, 0x00, 0x00, 0xaa, 0x07, 0x00
    , 0x00, 0x00, 0x00, 0x00, 0x01, 0x00, 0x00, 0x00, 0x00, 0x54, 0x0a, 0x00
    , 0x00, 0x00, 0x00, 0xff, 0x01, 0x00, 0x00, 0x00, 0x00, 0x54, 0x17, 0x00
    , 0x00, 0x00, 0x00, 0x00, 0x01, 0x00, 0x00, 0x00, 0x00, 0xaa, 0x04, 0x00
    , 0x00, 0x00, 0x00, 0xff, 0x01, 0x00, 0x00, 0x00, 0x00, 0xaa, 0x07, 0x00
    , 0x00, 0x00, 0x00, 0x00, 0x01, 0x00, 0x00, 0x00, 0x00, 0x54, 0x05, 0x00
    , 0x00, 0x00, 0x00, 0xff, 0x01, 0x00, 0x00, 0x00, 0x00, 0xfd, 0x04, 0x00
    , 0x00, 0x00, 0x00, 0xff, 0x01, 0x00, 0x00, 0x00, 0x00, 0x8d, 0x17, 0x00
    , 0x00, 0x00, 0x00, 0x54, 0x01, 0x00, 0x00, 0x00, 0x00, 0xc7, 0x04, 0x00
    , 0x00, 0x00, 0x00, 0xff, 0x01, 0x00, 0x00, 0x00, 0x00, 0xc7, 0x07, 0x00
    , 0x00, 0x00, 0x00, 0x54, 0x01, 0x00, 0x00, 0x00, 0x00, 0x8d, 0x04, 0x00
    , 0x00, 0x00, 0x00, 0xff, 0x01, 0x00, 0x00, 0x00, 0x00, 0xfd, 0x01, 0x00
    , 0x00, 0x00, 0x00, 0xd7, 0x2e, 0x00, 0x00, 0x00, 0x00, 0xff, 0x01, 0x00
    , 0x00, 0x00, 0x00, 0xd6, 0x01, 0x00, 0x00, 0x00, 0x00, 0xa0, 0x2e, 0x00
    , 0x00, 0x00, 0x00, 0xff, 0x01, 0x00, 0x00, 0x00, 0x00, 0xa0, 0x01, 0x00
    , 0x00, 0x00, 0x00, 0x1f, 0x01, 0x00, 0x00, 0x00, 0x00, 0xf2, 0x2c, 0x00
    , 0x00, 0x00, 0x00, 0xff, 0x01, 0x00, 0x00, 0x00, 0x00, 0xf1, 0x01, 0x00
    , 0x00, 0x00, 0x00, 0x1f, 0x01, 0x00, 0x00, 0x00, 0x00, 0x00, 0x01, 0x00
    , 0x00, 0x00, 0x00, 0x50, 0x01, 0x00, 0x00, 0x00, 0x00, 0xf2, 0x2a, 0x00
    , 0x00, 0x00, 0x00, 0xff, 0x01, 0x00, 0x00, 0x00, 0x00, 0xf2, 0x01, 0x00
    , 0x00, 0x00, 0x00, 0x50, 0x03, 0x00, 0x00, 0x00, 0x00, 0x00, 0x01, 0x00
    , 0x00, 0x00, 0x00, 0x1f, 0x01, 0x00, 0x00, 0x00, 0x00, 0xa0, 0x01, 0x00
    , 0x00, 0x00, 0x00, 0xd6, 0x01, 0x00, 0x00, 0x00, 0x00, 0xfd, 0x24, 0x00
    , 0x00, 0x00, 0x00, 0xff, 0x01, 0x00, 0x00, 0x00, 0x00, 0xfd, 0x01, 0x00
    , 0x00, 0x00, 0x00, 0xd6, 0x01, 0x00, 0x00, 0x00, 0x00, 0xa0, 0x01, 0x00
    , 0x00, 0x00, 0x00, 0x1f, 0x02, 0x00, 0x00, 0x00, 0x00, 0x00
};

inline Upp::Image ICON_DESIGN_RIGHT_PANEL_OPEN_48()
{
    return Upp::UiMakeIcon(DATA_DESIGN_RIGHT_PANEL_OPEN_48);
}

static const unsigned char DATA_DESIGN_SETTINGS_48[] = {
    0x30, 0x80, 0x30, 0x00, 0x12, 0x00, 0x00, 0x00, 0x00, 0x00, 0x01, 0x00
    , 0x00, 0x00, 0x00, 0x13, 0x01, 0x00, 0x00, 0x00, 0x00, 0x99, 0x01, 0x00
    , 0x00, 0x00, 0x00, 0xe1, 0x06, 0x00, 0x00, 0x00, 0x00, 0xff, 0x01, 0x00
    , 0x00, 0x00, 0x00, 0xe1, 0x01, 0x00, 0x00, 0x00, 0x00, 0x99, 0x01, 0x00
    , 0x00, 0x00, 0x00, 0x13, 0x23, 0x00, 0x00, 0x00, 0x00, 0x00, 0x01, 0x00
    , 0x00, 0x00, 0x00, 0x11, 0x01, 0x00, 0x00, 0x00, 0x00, 0xdd, 0x0a, 0x00
    , 0x00, 0x00, 0x00, 0xff, 0x01, 0x00, 0x00, 0x00, 0x00, 0xdd, 0x01, 0x00
    , 0x00, 0x00, 0x00, 0x11, 0x22, 0x00, 0x00, 0x00, 0x00, 0x00, 0x01, 0x00
    , 0x00, 0x00, 0x00, 0x9a, 0x0c, 0x00, 0x00, 0x00, 0x00, 0xff, 0x01, 0x00
    , 0x00, 0x00, 0x00, 0x99, 0x21, 0x00, 0x00, 0x00, 0x00, 0x00, 0x01, 0x00
    , 0x00, 0x00, 0x00, 0x02, 0x01, 0x00, 0x00, 0x00, 0x00, 0xed, 0x0c, 0x00
    , 0x00, 0x00, 0x00, 0xff, 0x01, 0x00, 0x00, 0x00, 0x00, 0xed, 0x01, 0x00
    , 0x00, 0x00, 0x00, 0x02, 0x20, 0x00, 0x00, 0x00, 0x00, 0x00, 0x01, 0x00
    , 0x00, 0x00, 0x00, 0x20, 0x04, 0x00, 0x00, 0x00, 0x00, 0xff, 0x01, 0x00
    , 0x00, 0x00, 0x00, 0xed, 0x04, 0x00, 0x00, 0x00, 0x00, 0xcc, 0x01, 0x00
    , 0x00, 0x00, 0x00, 0xeb, 0x04, 0x00, 0x00, 0x00, 0x00, 0xff, 0x01, 0x00
    , 0x00, 0x00, 0x00, 0x1f, 0x20, 0x00, 0x00, 0x00, 0x00, 0x00, 0x01, 0x00
    , 0x00, 0x00, 0x00, 0x43, 0x04, 0x00, 0x00, 0x00, 0x00, 0xff, 0x01, 0x00
    , 0x00, 0x00, 0x00, 0x90, 0x04, 0x00, 0x00, 0x00, 0x00, 0x00, 0x01, 0x00
    , 0x00, 0x00, 0x00, 0x84, 0x04, 0x00, 0x00, 0x00, 0x00, 0xff, 0x01, 0x00
    , 0x00, 0x00, 0x00, 0x42, 0x20, 0x00, 0x00, 0x00, 0x00, 0x00, 0x01, 0x00
    , 0x00, 0x00, 0x00, 0x66, 0x04, 0x00, 0x00, 0x00, 0x00, 0xff, 0x01, 0x00
    , 0x00, 0x00, 0x00, 0x6e, 0x04, 0x00, 0x00, 0x00, 0x00, 0x00, 0x01, 0x00
    , 0x00, 0x00, 0x00, 0x64, 0x04, 0x00, 0x00, 0x00, 0x00, 0xff, 0x01, 0x00
    , 0x00, 0x00, 0x00, 0x65, 0x16, 0x00, 0x00, 0x00, 0x00, 0x00, 0x01, 0x00
    , 0x00, 0x00, 0x00, 0x2a, 0x01, 0x00, 0x00, 0x00, 0x00, 0x7a, 0x01, 0x00
    , 0x00, 0x00, 0x00, 0x90, 0x01, 0x00, 0x00, 0x00, 0x00, 0x5b, 0x01, 0x00
    , 0x00, 0x00, 0x00, 0x0e, 0x04, 0x00, 0x00, 0x00, 0x00, 0x00, 0x01, 0x00
    , 0x00, 0x00, 0x00, 0x02, 0x01, 0x00, 0x00, 0x00, 0x00, 0x9f, 0x04, 0x00
    , 0x00, 0x00, 0x00, 0xff, 0x01, 0x00, 0x00, 0x00, 0x00, 0x4c, 0x04, 0x00
    , 0x00, 0x00, 0x00, 0x00, 0x01, 0x00, 0x00, 0x00, 0x00, 0x45, 0x04, 0x00
    , 0x00, 0x00, 0x00, 0xff, 0x01, 0x00, 0x00, 0x00, 0x00, 0x9e, 0x01, 0x00
    , 0x00, 0x00, 0x00, 0x02, 0x04, 0x00, 0x00, 0x00, 0x00, 0x00, 0x01, 0x00
    , 0x00, 0x00, 0x00, 0x0e, 0x01, 0x00, 0x00, 0x00, 0x00, 0x5b, 0x01, 0x00
    , 0x00, 0x00, 0x00, 0x90, 0x01, 0x00, 0x00, 0x00, 0x00, 0x7a, 0x01, 0x00
    , 0x00, 0x00, 0x00, 0x2a, 0x0b, 0x00, 0x00, 0x00, 0x00, 0x00, 0x01, 0x00
    , 0x00, 0x00, 0x00, 0x7f, 0x01, 0x00, 0x00, 0x00, 0x00, 0xfc, 0x03, 0x00
    , 0x00, 0x00, 0x00, 0xff, 0x01, 0x00, 0x00, 0x00, 0x00, 0xf3, 0x01, 0x00
    , 0x00, 0x00, 0x00, 0x96, 0x01, 0x00, 0x00, 0x00, 0x00, 0x2b, 0x01, 0x00
    , 0x00, 0x00, 0x00, 0x00, 0x01, 0x00, 0x00, 0x00, 0x00, 0x46, 0x01, 0x00
    , 0x00, 0x00, 0x00, 0xd7, 0x05, 0x00, 0x00, 0x00, 0x00, 0xff, 0x01, 0x00
    , 0x00, 0x00, 0x00, 0x2b, 0x04, 0x00, 0x00, 0x00, 0x00, 0x00, 0x01, 0x00
    , 0x00, 0x00, 0x00, 0x25, 0x05, 0x00, 0x00, 0x00, 0x00, 0xff, 0x01, 0x00
    , 0x00, 0x00, 0x00, 0xd9, 0x01, 0x00, 0x00, 0x00, 0x00, 0x4a, 0x01, 0x00
    , 0x00, 0x00, 0x00, 0x00, 0x01, 0x00, 0x00, 0x00, 0x00, 0x2c, 0x01, 0x00
    , 0x00, 0x00, 0x00, 0x97, 0x01, 0x00, 0x00, 0x00, 0x00, 0xf3, 0x03, 0x00
    , 0x00, 0x00, 0x00, 0xff, 0x01, 0x00, 0x00, 0x00, 0x00, 0xfc, 0x01, 0x00
    , 0x00, 0x00, 0x00, 0x7e, 0x09, 0x00, 0x00, 0x00, 0x00, 0x00, 0x01, 0x00
    , 0x00, 0x00, 0x00, 0x60, 0x08, 0x00, 0x00, 0x00, 0x00, 0xff, 0x01, 0x00
    , 0x00, 0x00, 0x00, 0xd3, 0x07, 0x00, 0x00, 0x00, 0x00, 0xff, 0x01, 0x00
    , 0x00, 0x00, 0x00, 0x0a, 0x04, 0x00, 0x00, 0x00, 0x00, 0x00, 0x01, 0x00
    , 0x00, 0x00, 0x00, 0x07, 0x01, 0x00, 0x00, 0x00, 0x00, 0xfe, 0x06, 0x00
    , 0x00, 0x00, 0x00, 0xff, 0x01, 0x00, 0x00, 0x00, 0x00, 0xd4, 0x08, 0x00
    , 0x00, 0x00, 0x00, 0xff, 0x01, 0x00, 0x00, 0x00, 0x00, 0x60, 0x07, 0x00
    , 0x00, 0x00, 0x00, 0x00, 0x01, 0x00, 0x00, 0x00, 0x00, 0x11, 0x01, 0x00
    , 0x00, 0x00, 0x00, 0xec, 0x0f, 0x00, 0x00, 0x00, 0x00, 0xff, 0x01, 0x00
    , 0x00, 0x00, 0x00, 0xe7, 0x06, 0x00, 0x00, 0x00, 0x00, 0x00, 0x01, 0x00
    , 0x00, 0x00, 0x00, 0xe7, 0x0f, 0x00, 0x00, 0x00, 0x00, 0xff, 0x01, 0x00
    , 0x00, 0x00, 0x00, 0xec, 0x01, 0x00, 0x00, 0x00, 0x00, 0x11, 0x06, 0x00
    , 0x00, 0x00, 0x00, 0x00, 0x01, 0x00, 0x00, 0x00, 0x00, 0x90, 0x0e, 0x00
    , 0x00, 0x00, 0x00, 0xff, 0x01, 0x00, 0x00, 0x00, 0x00, 0xfd, 0x01, 0x00
    , 0x00, 0x00, 0x00, 0xb2, 0x01, 0x00, 0x00, 0x00, 0x00, 0x44, 0x06, 0x00
    , 0x00, 0x00, 0x00, 0x00, 0x01, 0x00, 0x00, 0x00, 0x00, 0x45, 0x01, 0x00
    , 0x00, 0x00, 0x00, 0xb2, 0x01, 0x00, 0x00, 0x00, 0x00, 0xfd, 0x0e, 0x00
    , 0x00, 0x00, 0x00, 0xff, 0x01, 0x00, 0x00, 0x00, 0x00, 0x90, 0x05, 0x00
    , 0x00, 0x00, 0x00, 0x00, 0x01, 0x00, 0x00, 0x00, 0x00, 0x28, 0x01, 0x00
    , 0x00, 0x00, 0x00, 0xfb, 0x04, 0x00, 0x00, 0x00, 0x00, 0xff, 0x01, 0x00
    , 0x00, 0x00, 0x00, 0x9f, 0x01, 0x00, 0x00, 0x00, 0x00, 0xc3, 0x06, 0x00
    , 0x00, 0x00, 0x00, 0xff, 0x01, 0x00, 0x00, 0x00, 0x00, 0xfc, 0x01, 0x00
    , 0x00, 0x00, 0x00, 0x8a, 0x01, 0x00, 0x00, 0x00, 0x00, 0x1e, 0x0a, 0x00
    , 0x00, 0x00, 0x00, 0x00, 0x01, 0x00, 0x00, 0x00, 0x00, 0x1e, 0x01, 0x00
    , 0x00, 0x00, 0x00, 0x8b, 0x01, 0x00, 0x00, 0x00, 0x00, 0xfd, 0x06, 0x00
    , 0x00, 0x00, 0x00, 0xff, 0x01, 0x00, 0x00, 0x00, 0x00, 0xc5, 0x01, 0x00
    , 0x00, 0x00, 0x00, 0x9f, 0x04, 0x00, 0x00, 0x00, 0x00, 0xff, 0x01, 0x00
    , 0x00, 0x00, 0x00, 0xfb, 0x01, 0x00, 0x00, 0x00, 0x00, 0x28, 0x04, 0x00
    , 0x00, 0x00, 0x00, 0x00, 0x01, 0x00, 0x00, 0x00, 0x00, 0xb6, 0x04, 0x00
    , 0x00, 0x00, 0x00, 0xff, 0x01, 0x00, 0x00, 0x00, 0x00, 0xd7, 0x01, 0x00
    , 0x00, 0x00, 0x00, 0x04, 0x01, 0x00, 0x00, 0x00, 0x00, 0x00, 0x01, 0x00
    , 0x00, 0x00, 0x00, 0x2e, 0x01, 0x00, 0x00, 0x00, 0x00, 0x97, 0x01, 0x00
    , 0x00, 0x00, 0x00, 0xf3, 0x02, 0x00, 0x00, 0x00, 0x00, 0xff, 0x01, 0x00
    , 0x00, 0x00, 0x00, 0xe8, 0x01, 0x00, 0x00, 0x00, 0x00, 0x40, 0x0e, 0x00
    , 0x00, 0x00, 0x00, 0x00, 0x01, 0x00, 0x00, 0x00, 0x00, 0x45, 0x01, 0x00
    , 0x00, 0x00, 0x00, 0xed, 0x02, 0x00, 0x00, 0x00, 0x00, 0xff, 0x01, 0x00
    , 0x00, 0x00, 0x00, 0xf7, 0x01, 0x00, 0x00, 0x00, 0x00, 0x9e, 0x01, 0x00
    , 0x00, 0x00, 0x00, 0x32, 0x01, 0x00, 0x00, 0x00, 0x00, 0x00, 0x01, 0x00
    , 0x00, 0x00, 0x00, 0x05, 0x01, 0x00, 0x00, 0x00, 0x00, 0xd8, 0x04, 0x00
    , 0x00, 0x00, 0x00, 0xff, 0x01, 0x00, 0x00, 0x00, 0x00, 0xb5, 0x03, 0x00
    , 0x00, 0x00, 0x00, 0x00, 0x01, 0x00, 0x00, 0x00, 0x00, 0x41, 0x05, 0x00
    , 0x00, 0x00, 0x00, 0xff, 0x01, 0x00, 0x00, 0x00, 0x00, 0x4a, 0x04, 0x00
    , 0x00, 0x00, 0x00, 0x00, 0x01, 0x00, 0x00, 0x00, 0x00, 0x0e, 0x01, 0x00
    , 0x00, 0x00, 0x00, 0x6b, 0x01, 0x00, 0x00, 0x00, 0x00, 0xa9, 0x01, 0x00
    , 0x00, 0x00, 0x00, 0x1a, 0x10, 0x00, 0x00, 0x00, 0x00, 0x00, 0x01, 0x00
    , 0x00, 0x00, 0x00, 0x20, 0x01, 0x00, 0x00, 0x00, 0x00, 0xb7, 0x01, 0x00
    , 0x00, 0x00, 0x00, 0x77, 0x01, 0x00, 0x00, 0x00, 0x00, 0x14, 0x04, 0x00
    , 0x00, 0x00, 0x00, 0x00, 0x01, 0x00, 0x00, 0x00, 0x00, 0x4b, 0x05, 0x00
    , 0x00, 0x00, 0x00, 0xff, 0x01, 0x00, 0x00, 0x00, 0x00, 0x41, 0x02, 0x00
    , 0x00, 0x00, 0x00, 0x00, 0x01, 0x00, 0x00, 0x00, 0x00, 0xa7, 0x04, 0x00
    , 0x00, 0x00, 0x00, 0xff, 0x01, 0x00, 0x00, 0x00, 0x00, 0xb7, 0x0e, 0x00
    , 0x00, 0x00, 0x00, 0x00, 0x01, 0x00, 0x00, 0x00, 0x00, 0x05, 0x01, 0x00
    , 0x00, 0x00, 0x00, 0x3b, 0x01, 0x00, 0x00, 0x00, 0x00, 0x57, 0x01, 0x00
    , 0x00, 0x00, 0x00, 0x5c, 0x01, 0x00, 0x00, 0x00, 0x00, 0x44, 0x01, 0x00
    , 0x00, 0x00, 0x00, 0x0d, 0x0e, 0x00, 0x00, 0x00, 0x00, 0x00, 0x01, 0x00
    , 0x00, 0x00, 0x00, 0xb8, 0x04, 0x00, 0x00, 0x00, 0x00, 0xff, 0x01, 0x00
    , 0x00, 0x00, 0x00, 0xa6, 0x02, 0x00, 0x00, 0x00, 0x00, 0x00, 0x01, 0x00
    , 0x00, 0x00, 0x00, 0xc6, 0x04, 0x00, 0x00, 0x00, 0x00, 0xff, 0x01, 0x00
    , 0x00, 0x00, 0x00, 0x71, 0x0c, 0x00, 0x00, 0x00, 0x00, 0x00, 0x01, 0x00
    , 0x00, 0x00, 0x00, 0x17, 0x01, 0x00, 0x00, 0x00, 0x00, 0x96, 0x01, 0x00
    , 0x00, 0x00, 0x00, 0xf2, 0x04, 0x00, 0x00, 0x00, 0x00, 0xff, 0x01, 0x00
    , 0x00, 0x00, 0x00, 0xf9, 0x01, 0x00, 0x00, 0x00, 0x00, 0xaf, 0x01, 0x00
    , 0x00, 0x00, 0x00, 0x2b, 0x0c, 0x00, 0x00, 0x00, 0x00, 0x00, 0x01, 0x00
    , 0x00, 0x00, 0x00, 0x71, 0x04, 0x00, 0x00, 0x00, 0x00, 0xff, 0x01, 0x00
    , 0x00, 0x00, 0x00, 0xc5, 0x02, 0x00, 0x00, 0x00, 0x00, 0x00, 0x01, 0x00
    , 0x00, 0x00, 0x00, 0xab, 0x05, 0x00, 0x00, 0x00, 0x00, 0xff, 0x01, 0x00
    , 0x00, 0x00, 0x00, 0x93, 0x01, 0x00, 0x00, 0x00, 0x00, 0x07, 0x09, 0x00
    , 0x00, 0x00, 0x00, 0x00, 0x01, 0x00, 0x00, 0x00, 0x00, 0x40, 0x01, 0x00
    , 0x00, 0x00, 0x00, 0xec, 0x08, 0x00, 0x00, 0x00, 0x00, 0xff, 0x01, 0x00
    , 0x00, 0x00, 0x00, 0xf9, 0x01, 0x00, 0x00, 0x00, 0x00, 0x66, 0x09, 0x00
    , 0x00, 0x00, 0x00, 0x00, 0x01, 0x00, 0x00, 0x00, 0x00, 0x05, 0x01, 0x00
    , 0x00, 0x00, 0x00, 0x90, 0x05, 0x00, 0x00, 0x00, 0x00, 0xff, 0x01, 0x00
    , 0x00, 0x00, 0x00, 0xaa, 0x02, 0x00, 0x00, 0x00, 0x00, 0x00, 0x01, 0x00
    , 0x00, 0x00, 0x00, 0x48, 0x06, 0x00, 0x00, 0x00, 0x00, 0xff, 0x01, 0x00
    , 0x00, 0x00, 0x00, 0xcd, 0x01, 0x00, 0x00, 0x00, 0x00, 0x24, 0x07, 0x00
    , 0x00, 0x00, 0x00, 0x00, 0x01, 0x00, 0x00, 0x00, 0x00, 0x3b, 0x01, 0x00
    , 0x00, 0x00, 0x00, 0xf8, 0x0a, 0x00, 0x00, 0x00, 0x00, 0xff, 0x01, 0x00
    , 0x00, 0x00, 0x00, 0xfe, 0x01, 0x00, 0x00, 0x00, 0x00, 0x6b, 0x07, 0x00
    , 0x00, 0x00, 0x00, 0x00, 0x01, 0x00, 0x00, 0x00, 0x00, 0x1f, 0x01, 0x00
    , 0x00, 0x00, 0x00, 0xc8, 0x06, 0x00, 0x00, 0x00, 0x00, 0xff, 0x01, 0x00
    , 0x00, 0x00, 0x00, 0x47, 0x03, 0x00, 0x00, 0x00, 0x00, 0x00, 0x01, 0x00
    , 0x00, 0x00, 0x00, 0x8d, 0x06, 0x00, 0x00, 0x00, 0x00, 0xff, 0x01, 0x00
    , 0x00, 0x00, 0x00, 0xf2, 0x01, 0x00, 0x00, 0x00, 0x00, 0x58, 0x05, 0x00
    , 0x00, 0x00, 0x00, 0x00, 0x01, 0x00, 0x00, 0x00, 0x00, 0x0f, 0x01, 0x00
    , 0x00, 0x00, 0x00, 0xe8, 0x0c, 0x00, 0x00, 0x00, 0x00, 0xff, 0x01, 0x00
    , 0x00, 0x00, 0x00, 0xfb, 0x01, 0x00, 0x00, 0x00, 0x00, 0x35, 0x05, 0x00
    , 0x00, 0x00, 0x00, 0x00, 0x01, 0x00, 0x00, 0x00, 0x00, 0x4d, 0x01, 0x00
    , 0x00, 0x00, 0x00, 0xee, 0x06, 0x00, 0x00, 0x00, 0x00, 0xff, 0x01, 0x00
    , 0x00, 0x00, 0x00, 0x8c, 0x05, 0x00, 0x00, 0x00, 0x00, 0x00, 0x01, 0x00
    , 0x00, 0x00, 0x00, 0x72, 0x01, 0x00, 0x00, 0x00, 0x00, 0xfa, 0x06, 0x00
    , 0x00, 0x00, 0x00, 0xff, 0x01, 0x00, 0x00, 0x00, 0x00, 0x3a, 0x04, 0x00
    , 0x00, 0x00, 0x00, 0x00, 0x01, 0x00, 0x00, 0x00, 0x00, 0x84, 0x0e, 0x00
    , 0x00, 0x00, 0x00, 0xff, 0x01, 0x00, 0x00, 0x00, 0x00, 0xbf, 0x04, 0x00
    , 0x00, 0x00, 0x00, 0x00, 0x01, 0x00, 0x00, 0x00, 0x00, 0x37, 0x01, 0x00
    , 0x00, 0x00, 0x00, 0xfe, 0x05, 0x00, 0x00, 0x00, 0x00, 0xff, 0x01, 0x00
    , 0x00, 0x00, 0x00, 0xfa, 0x01, 0x00, 0x00, 0x00, 0x00, 0x71, 0x07, 0x00
    , 0x00, 0x00, 0x00, 0x00, 0x01, 0x00, 0x00, 0x00, 0x00, 0x38, 0x01, 0x00
    , 0x00, 0x00, 0x00, 0xe2, 0x04, 0x00, 0x00, 0x00, 0x00, 0xff, 0x01, 0x00
    , 0x00, 0x00, 0x00, 0xfd, 0x01, 0x00, 0x00, 0x00, 0x00, 0x10, 0x04, 0x00
    , 0x00, 0x00, 0x00, 0x00, 0x01, 0x00, 0x00, 0x00, 0x00, 0xe1, 0x0e, 0x00
    , 0x00, 0x00, 0x00, 0xff, 0x01, 0x00, 0x00, 0x00, 0x00, 0xfe, 0x01, 0x00
    , 0x00, 0x00, 0x00, 0x1e, 0x03, 0x00, 0x00, 0x00, 0x00, 0x00, 0x01, 0x00
    , 0x00, 0x00, 0x00, 0x12, 0x01, 0x00, 0x00, 0x00, 0x00, 0xfe, 0x04, 0x00
    , 0x00, 0x00, 0x00, 0xff, 0x01, 0x00, 0x00, 0x00, 0x00, 0xe1, 0x01, 0x00
    , 0x00, 0x00, 0x00, 0x38, 0x09, 0x00, 0x00, 0x00, 0x00, 0x00, 0x01, 0x00
    , 0x00, 0x00, 0x00, 0x12, 0x01, 0x00, 0x00, 0x00, 0x00, 0xfa, 0x03, 0x00
    , 0x00, 0x00, 0x00, 0xff, 0x01, 0x00, 0x00, 0x00, 0x00, 0xe5, 0x04, 0x00
    , 0x00, 0x00, 0x00, 0x00, 0x01, 0x00, 0x00, 0x00, 0x00, 0x21, 0x10, 0x00
    , 0x00, 0x00, 0x00, 0xff, 0x01, 0x00, 0x00, 0x00, 0x00, 0x5e, 0x04, 0x00
    , 0x00, 0x00, 0x00, 0x00, 0x01, 0x00, 0x00, 0x00, 0x00, 0xe6, 0x03, 0x00
    , 0x00, 0x00, 0x00, 0xff, 0x01, 0x00, 0x00, 0x00, 0x00, 0xf9, 0x01, 0x00
    , 0x00, 0x00, 0x00, 0x12, 0x0b, 0x00, 0x00, 0x00, 0x00, 0x00, 0x04, 0x00
    , 0x00, 0x00, 0x00, 0xff, 0x01, 0x00, 0x00, 0x00, 0x00, 0xd4, 0x04, 0x00
    , 0x00, 0x00, 0x00, 0x00, 0x01, 0x00, 0x00, 0x00, 0x00, 0x3b, 0x10, 0x00
    , 0x00, 0x00, 0x00, 0xff, 0x01, 0x00, 0x00, 0x00, 0x00, 0x78, 0x04, 0x00
    , 0x00, 0x00, 0x00, 0x00, 0x01, 0x00, 0x00, 0x00, 0x00, 0xd5, 0x04, 0x00
    , 0x00, 0x00, 0x00, 0xff, 0x0c, 0x00, 0x00, 0x00, 0x00, 0x00, 0x04, 0x00
    , 0x00, 0x00, 0x00, 0xff, 0x01, 0x00, 0x00, 0x00, 0x00, 0xd4, 0x04, 0x00
    , 0x00, 0x00, 0x00, 0x00, 0x01, 0x00, 0x00, 0x00, 0x00, 0x3b, 0x10, 0x00
    , 0x00, 0x00, 0x00, 0xff, 0x01, 0x00, 0x00, 0x00, 0x00, 0x78, 0x04, 0x00
    , 0x00, 0x00, 0x00, 0x00, 0x01, 0x00, 0x00, 0x00, 0x00, 0xd5, 0x04, 0x00
    , 0x00, 0x00, 0x00, 0xff, 0x0b, 0x00, 0x00, 0x00, 0x00, 0x00, 0x01, 0x00
    , 0x00, 0x00, 0x00, 0x13, 0x01, 0x00, 0x00, 0x00, 0x00, 0xfa, 0x03, 0x00
    , 0x00, 0x00, 0x00, 0xff, 0x01, 0x00, 0x00, 0x00, 0x00, 0xe6, 0x04, 0x00
    , 0x00, 0x00, 0x00, 0x00, 0x01, 0x00, 0x00, 0x00, 0x00, 0x21, 0x10, 0x00
    , 0x00, 0x00, 0x00, 0xff, 0x01, 0x00, 0x00, 0x00, 0x00, 0x5e, 0x04, 0x00
    , 0x00, 0x00, 0x00, 0x00, 0x01, 0x00, 0x00, 0x00, 0x00, 0xe6, 0x03, 0x00
    , 0x00, 0x00, 0x00, 0xff, 0x01, 0x00, 0x00, 0x00, 0x00, 0xf2, 0x01, 0x00
    , 0x00, 0x00, 0x00, 0x0e, 0x09, 0x00, 0x00, 0x00, 0x00, 0x00, 0x01, 0x00
    , 0x00, 0x00, 0x00, 0x39, 0x01, 0x00, 0x00, 0x00, 0x00, 0xe2, 0x04, 0x00
    , 0x00, 0x00, 0x00, 0xff, 0x01, 0x00, 0x00, 0x00, 0x00, 0xfe, 0x01, 0x00
    , 0x00, 0x00, 0x00, 0x12, 0x04, 0x00, 0x00, 0x00, 0x00, 0x00, 0x01, 0x00
    , 0x00, 0x00, 0x00, 0xe1, 0x0e, 0x00, 0x00, 0x00, 0x00, 0xff, 0x01, 0x00
    , 0x00, 0x00, 0x00, 0xfe, 0x01, 0x00, 0x00, 0x00, 0x00, 0x1e, 0x03, 0x00
    , 0x00, 0x00, 0x00, 0x00, 0x01, 0x00, 0x00, 0x00, 0x00, 0x12, 0x01, 0x00
    , 0x00, 0x00, 0x00, 0xfe, 0x04, 0x00, 0x00, 0x00, 0x00, 0xff, 0x01, 0x00
    , 0x00, 0x00, 0x00, 0xda, 0x01, 0x00, 0x00, 0x00, 0x00, 0x2f, 0x07, 0x00
    , 0x00, 0x00, 0x00, 0x00, 0x01, 0x00, 0x00, 0x00, 0x00, 0x73, 0x01, 0x00
    , 0x00, 0x00, 0x00, 0xfa, 0x05, 0x00, 0x00, 0x00, 0x00, 0xff, 0x01, 0x00
    , 0x00, 0x00, 0x00, 0xfe, 0x01, 0x00, 0x00, 0x00, 0x00, 0x37, 0x04, 0x00
    , 0x00, 0x00, 0x00, 0x00, 0x01, 0x00, 0x00, 0x00, 0x00, 0x84, 0x0e, 0x00
    , 0x00, 0x00, 0x00, 0xff, 0x01, 0x00, 0x00, 0x00, 0x00, 0xbf, 0x04, 0x00
    , 0x00, 0x00, 0x00, 0x00, 0x01, 0x00, 0x00, 0x00, 0x00, 0x37, 0x01, 0x00
    , 0x00, 0x00, 0x00, 0xfe, 0x05, 0x00, 0x00, 0x00, 0x00, 0xff, 0x01, 0x00
    , 0x00, 0x00, 0x00, 0xf7, 0x01, 0x00, 0x00, 0x00, 0x00, 0x66, 0x05, 0x00
    , 0x00, 0x00, 0x00, 0x00, 0x01, 0x00, 0x00, 0x00, 0x00, 0x8d, 0x06, 0x00
    , 0x00, 0x00, 0x00, 0xff, 0x01, 0x00, 0x00, 0x00, 0x00, 0xed, 0x01, 0x00
    , 0x00, 0x00, 0x00, 0x4b, 0x05, 0x00, 0x00, 0x00, 0x00, 0x00, 0x01, 0x00
    , 0x00, 0x00, 0x00, 0x0f, 0x01, 0x00, 0x00, 0x00, 0x00, 0xe8, 0x0c, 0x00
    , 0x00, 0x00, 0x00, 0xff, 0x01, 0x00, 0x00, 0x00, 0x00, 0xfa, 0x01, 0x00
    , 0x00, 0x00, 0x00, 0x35, 0x05, 0x00, 0x00, 0x00, 0x00, 0x00, 0x01, 0x00
    , 0x00, 0x00, 0x00, 0x4c, 0x01, 0x00, 0x00, 0x00, 0x00, 0xed, 0x06, 0x00
    , 0x00, 0x00, 0x00, 0xff, 0x01, 0x00, 0x00, 0x00, 0x00, 0x7c, 0x03, 0x00
    , 0x00, 0x00, 0x00, 0x00, 0x01, 0x00, 0x00, 0x00, 0x00, 0x48, 0x06, 0x00
    , 0x00, 0x00, 0x00, 0xff, 0x01, 0x00, 0x00, 0x00, 0x00, 0xc8, 0x01, 0x00
    , 0x00, 0x00, 0x00, 0x1e, 0x07, 0x00, 0x00, 0x00, 0x00, 0x00, 0x01, 0x00
    , 0x00, 0x00, 0x00, 0x3b, 0x01, 0x00, 0x00, 0x00, 0x00, 0xf8, 0x0a, 0x00
    , 0x00, 0x00, 0x00, 0xff, 0x01, 0x00, 0x00, 0x00, 0x00, 0xfe, 0x01, 0x00
    , 0x00, 0x00, 0x00, 0x6b, 0x07, 0x00, 0x00, 0x00, 0x00, 0x00, 0x01, 0x00
    , 0x00, 0x00, 0x00, 0x1e, 0x01, 0x00, 0x00, 0x00, 0x00, 0xc8, 0x06, 0x00
    , 0x00, 0x00, 0x00, 0xff, 0x01, 0x00, 0x00, 0x00, 0x00, 0x38, 0x02, 0x00
    , 0x00, 0x00, 0x00, 0x00, 0x01, 0x00, 0x00, 0x00, 0x00, 0xab, 0x05, 0x00
    , 0x00, 0x00, 0x00, 0xff, 0x01, 0x00, 0x00, 0x00, 0x00, 0x8e, 0x01, 0x00
    , 0x00, 0x00, 0x00, 0x05, 0x09, 0x00, 0x00, 0x00, 0x00, 0x00, 0x01, 0x00
    , 0x00, 0x00, 0x00, 0x40, 0x01, 0x00, 0x00, 0x00, 0x00, 0xec, 0x08, 0x00
    , 0x00, 0x00, 0x00, 0xff, 0x01, 0x00, 0x00, 0x00, 0x00, 0xf9, 0x01, 0x00
    , 0x00, 0x00, 0x00, 0x65, 0x09, 0x00, 0x00, 0x00, 0x00, 0x00, 0x01, 0x00
    , 0x00, 0x00, 0x00, 0x05, 0x01, 0x00, 0x00, 0x00, 0x00, 0x8f, 0x05, 0x00
    , 0x00, 0x00, 0x00, 0xff, 0x01, 0x00, 0x00, 0x00, 0x00, 0x9b, 0x02, 0x00
    , 0x00, 0x00, 0x00, 0x00, 0x01, 0x00, 0x00, 0x00, 0x00, 0xc6, 0x04, 0x00
    , 0x00, 0x00, 0x00, 0xff, 0x01, 0x00, 0x00, 0x00, 0x00, 0x70, 0x0c, 0x00
    , 0x00, 0x00, 0x00, 0x00, 0x01, 0x00, 0x00, 0x00, 0x00, 0x17, 0x01, 0x00
    , 0x00, 0x00, 0x00, 0x95, 0x01, 0x00, 0x00, 0x00, 0x00, 0xf1, 0x04, 0x00
    , 0x00, 0x00, 0x00, 0xff, 0x01, 0x00, 0x00, 0x00, 0x00, 0xf9, 0x01, 0x00
    , 0x00, 0x00, 0x00, 0xae, 0x01, 0x00, 0x00, 0x00, 0x00, 0x2a, 0x0c, 0x00
    , 0x00, 0x00, 0x00, 0x00, 0x01, 0x00, 0x00, 0x00, 0x00, 0x71, 0x04, 0x00
    , 0x00, 0x00, 0x00, 0xff, 0x01, 0x00, 0x00, 0x00, 0x00, 0xb5, 0x02, 0x00
    , 0x00, 0x00, 0x00, 0x00, 0x01, 0x00, 0x00, 0x00, 0x00, 0xa7, 0x04, 0x00
    , 0x00, 0x00, 0x00, 0xff, 0x01, 0x00, 0x00, 0x00, 0x00, 0xb7, 0x0e, 0x00
    , 0x00, 0x00, 0x00, 0x00, 0x01, 0x00, 0x00, 0x00, 0x00, 0x05, 0x01, 0x00
    , 0x00, 0x00, 0x00, 0x3b, 0x01, 0x00, 0x00, 0x00, 0x00, 0x56, 0x01, 0x00
    , 0x00, 0x00, 0x00, 0x5b, 0x01, 0x00, 0x00, 0x00, 0x00, 0x43, 0x01, 0x00
    , 0x00, 0x00, 0x00, 0x0d, 0x0e, 0x00, 0x00, 0x00, 0x00, 0x00, 0x01, 0x00
    , 0x00, 0x00, 0x00, 0xb8, 0x04, 0x00, 0x00, 0x00, 0x00, 0xff, 0x01, 0x00
    , 0x00, 0x00, 0x00, 0x96, 0x02, 0x00, 0x00, 0x00, 0x00, 0x00, 0x01, 0x00
    , 0x00, 0x00, 0x00, 0x41, 0x05, 0x00, 0x00, 0x00, 0x00, 0xff, 0x01, 0x00
    , 0x00, 0x00, 0x00, 0x4a, 0x04, 0x00, 0x00, 0x00, 0x00, 0x00, 0x01, 0x00
    , 0x00, 0x00, 0x00, 0x14, 0x01, 0x00, 0x00, 0x00, 0x00, 0x78, 0x01, 0x00
    , 0x00, 0x00, 0x00, 0xb8, 0x01, 0x00, 0x00, 0x00, 0x00, 0x20, 0x10, 0x00
    , 0x00, 0x00, 0x00, 0x00, 0x01, 0x00, 0x00, 0x00, 0x00, 0x1b, 0x01, 0x00
    , 0x00, 0x00, 0x00, 0xaa, 0x01, 0x00, 0x00, 0x00, 0x00, 0x6c, 0x01, 0x00
    , 0x00, 0x00, 0x00, 0x0e, 0x04, 0x00, 0x00, 0x00, 0x00, 0x00, 0x01, 0x00
    , 0x00, 0x00, 0x00, 0x4b, 0x04, 0x00, 0x00, 0x00, 0x00, 0xff, 0x01, 0x00
    , 0x00, 0x00, 0x00, 0xfe, 0x01, 0x00, 0x00, 0x00, 0x00, 0x31, 0x03, 0x00
    , 0x00, 0x00, 0x00, 0x00, 0x01, 0x00, 0x00, 0x00, 0x00, 0xb6, 0x04, 0x00
    , 0x00, 0x00, 0x00, 0xff, 0x01, 0x00, 0x00, 0x00, 0x00, 0xd8, 0x01, 0x00
    , 0x00, 0x00, 0x00, 0x04, 0x01, 0x00, 0x00, 0x00, 0x00, 0x00, 0x01, 0x00
    , 0x00, 0x00, 0x00, 0x33, 0x01, 0x00, 0x00, 0x00, 0x00, 0xa0, 0x01, 0x00
    , 0x00, 0x00, 0x00, 0xf8, 0x02, 0x00, 0x00, 0x00, 0x00, 0xff, 0x01, 0x00
    , 0x00, 0x00, 0x00, 0xed, 0x01, 0x00, 0x00, 0x00, 0x00, 0x45, 0x0e, 0x00
    , 0x00, 0x00, 0x00, 0x00, 0x01, 0x00, 0x00, 0x00, 0x00, 0x42, 0x01, 0x00
    , 0x00, 0x00, 0x00, 0xe9, 0x02, 0x00, 0x00, 0x00, 0x00, 0xff, 0x01, 0x00
    , 0x00, 0x00, 0x00, 0xf3, 0x01, 0x00, 0x00, 0x00, 0x00, 0x98, 0x01, 0x00
    , 0x00, 0x00, 0x00, 0x2e, 0x01, 0x00, 0x00, 0x00, 0x00, 0x00, 0x01, 0x00
    , 0x00, 0x00, 0x00, 0x05, 0x01, 0x00, 0x00, 0x00, 0x00, 0xd8, 0x04, 0x00
    , 0x00, 0x00, 0x00, 0xff, 0x01, 0x00, 0x00, 0x00, 0x00, 0xa2, 0x04, 0x00
    , 0x00, 0x00, 0x00, 0x00, 0x01, 0x00, 0x00, 0x00, 0x00, 0x28, 0x01, 0x00
    , 0x00, 0x00, 0x00, 0xfb, 0x04, 0x00, 0x00, 0x00, 0x00, 0xff, 0x01, 0x00
    , 0x00, 0x00, 0x00, 0x9f, 0x01, 0x00, 0x00, 0x00, 0x00, 0xc7, 0x06, 0x00
    , 0x00, 0x00, 0x00, 0xff, 0x01, 0x00, 0x00, 0x00, 0x00, 0xfd, 0x01, 0x00
    , 0x00, 0x00, 0x00, 0x8b, 0x01, 0x00, 0x00, 0x00, 0x00, 0x1f, 0x0a, 0x00
    , 0x00, 0x00, 0x00, 0x00, 0x01, 0x00, 0x00, 0x00, 0x00, 0x1f, 0x01, 0x00
    , 0x00, 0x00, 0x00, 0x8b, 0x01, 0x00, 0x00, 0x00, 0x00, 0xfc, 0x06, 0x00
    , 0x00, 0x00, 0x00, 0xff, 0x01, 0x00, 0x00, 0x00, 0x00, 0xc3, 0x01, 0x00
    , 0x00, 0x00, 0x00, 0x9f, 0x04, 0x00, 0x00, 0x00, 0x00, 0xff, 0x01, 0x00
    , 0x00, 0x00, 0x00, 0xf3, 0x01, 0x00, 0x00, 0x00, 0x00, 0x19, 0x05, 0x00
    , 0x00, 0x00, 0x00, 0x00, 0x01, 0x00, 0x00, 0x00, 0x00, 0x90, 0x0e, 0x00
    , 0x00, 0x00, 0x00, 0xff, 0x01, 0x00, 0x00, 0x00, 0x00, 0xfd, 0x01, 0x00
    , 0x00, 0x00, 0x00, 0xb3, 0x01, 0x00, 0x00, 0x00, 0x00, 0x45, 0x06, 0x00
    , 0x00, 0x00, 0x00, 0x00, 0x01, 0x00, 0x00, 0x00, 0x00, 0x45, 0x01, 0x00
    , 0x00, 0x00, 0x00, 0xb3, 0x01, 0x00, 0x00, 0x00, 0x00, 0xfd, 0x0e, 0x00
    , 0x00, 0x00, 0x00, 0xff, 0x01, 0x00, 0x00, 0x00, 0x00, 0x76, 0x06, 0x00
    , 0x00, 0x00, 0x00, 0x00, 0x01, 0x00, 0x00, 0x00, 0x00, 0x11, 0x01, 0x00
    , 0x00, 0x00, 0x00, 0xec, 0x0f, 0x00, 0x00, 0x00, 0x00, 0xff, 0x01, 0x00
    , 0x00, 0x00, 0x00, 0xe6, 0x06, 0x00, 0x00, 0x00, 0x00, 0x00, 0x01, 0x00
    , 0x00, 0x00, 0x00, 0xe8, 0x0f, 0x00, 0x00, 0x00, 0x00, 0xff, 0x01, 0x00
    , 0x00, 0x00, 0x00, 0xda, 0x01, 0x00, 0x00, 0x00, 0x00, 0x06, 0x07, 0x00
    , 0x00, 0x00, 0x00, 0x00, 0x01, 0x00, 0x00, 0x00, 0x00, 0x60, 0x08, 0x00
    , 0x00, 0x00, 0x00, 0xff, 0x01, 0x00, 0x00, 0x00, 0x00, 0xd3, 0x06, 0x00
    , 0x00, 0x00, 0x00, 0xff, 0x01, 0x00, 0x00, 0x00, 0x00, 0xfe, 0x01, 0x00
    , 0x00, 0x00, 0x00, 0x07, 0x04, 0x00, 0x00, 0x00, 0x00, 0x00, 0x01, 0x00
    , 0x00, 0x00, 0x00, 0x0b, 0x07, 0x00, 0x00, 0x00, 0x00, 0xff, 0x01, 0x00
    , 0x00, 0x00, 0x00, 0xd4, 0x07, 0x00, 0x00, 0x00, 0x00, 0xff, 0x01, 0x00
    , 0x00, 0x00, 0x00, 0xfc, 0x01, 0x00, 0x00, 0x00, 0x00, 0x44, 0x09, 0x00
    , 0x00, 0x00, 0x00, 0x00, 0x01, 0x00, 0x00, 0x00, 0x00, 0x7e, 0x01, 0x00
    , 0x00, 0x00, 0x00, 0xfc, 0x03, 0x00, 0x00, 0x00, 0x00, 0xff, 0x01, 0x00
    , 0x00, 0x00, 0x00, 0xf3, 0x01, 0x00, 0x00, 0x00, 0x00, 0x95, 0x01, 0x00
    , 0x00, 0x00, 0x00, 0x2b, 0x01, 0x00, 0x00, 0x00, 0x00, 0x00, 0x01, 0x00
    , 0x00, 0x00, 0x00, 0x4a, 0x01, 0x00, 0x00, 0x00, 0x00, 0xd9, 0x05, 0x00
    , 0x00, 0x00, 0x00, 0xff, 0x01, 0x00, 0x00, 0x00, 0x00, 0x24, 0x04, 0x00
    , 0x00, 0x00, 0x00, 0x00, 0x01, 0x00, 0x00, 0x00, 0x00, 0x2c, 0x05, 0x00
    , 0x00, 0x00, 0x00, 0xff, 0x01, 0x00, 0x00, 0x00, 0x00, 0xd7, 0x01, 0x00
    , 0x00, 0x00, 0x00, 0x46, 0x01, 0x00, 0x00, 0x00, 0x00, 0x00, 0x01, 0x00
    , 0x00, 0x00, 0x00, 0x2f, 0x01, 0x00, 0x00, 0x00, 0x00, 0x9e, 0x01, 0x00
    , 0x00, 0x00, 0x00, 0xf8, 0x03, 0x00, 0x00, 0x00, 0x00, 0xff, 0x01, 0x00
    , 0x00, 0x00, 0x00, 0xf7, 0x01, 0x00, 0x00, 0x00, 0x00, 0x65, 0x0b, 0x00
    , 0x00, 0x00, 0x00, 0x00, 0x01, 0x00, 0x00, 0x00, 0x00, 0x2a, 0x01, 0x00
    , 0x00, 0x00, 0x00, 0x79, 0x01, 0x00, 0x00, 0x00, 0x00, 0x90, 0x01, 0x00
    , 0x00, 0x00, 0x00, 0x5b, 0x01, 0x00, 0x00, 0x00, 0x00, 0x0e, 0x04, 0x00
    , 0x00, 0x00, 0x00, 0x00, 0x01, 0x00, 0x00, 0x00, 0x00, 0x02, 0x01, 0x00
    , 0x00, 0x00, 0x00, 0x9f, 0x04, 0x00, 0x00, 0x00, 0x00, 0xff, 0x01, 0x00
    , 0x00, 0x00, 0x00, 0x44, 0x04, 0x00, 0x00, 0x00, 0x00, 0x00, 0x01, 0x00
    , 0x00, 0x00, 0x00, 0x4d, 0x04, 0x00, 0x00, 0x00, 0x00, 0xff, 0x01, 0x00
    , 0x00, 0x00, 0x00, 0x9e, 0x01, 0x00, 0x00, 0x00, 0x00, 0x02, 0x04, 0x00
    , 0x00, 0x00, 0x00, 0x00, 0x01, 0x00, 0x00, 0x00, 0x00, 0x15, 0x01, 0x00
    , 0x00, 0x00, 0x00, 0x62, 0x01, 0x00, 0x00, 0x00, 0x00, 0x92, 0x01, 0x00
    , 0x00, 0x00, 0x00, 0x74, 0x01, 0x00, 0x00, 0x00, 0x00, 0x1e, 0x16, 0x00
    , 0x00, 0x00, 0x00, 0x00, 0x01, 0x00, 0x00, 0x00, 0x00, 0x66, 0x04, 0x00
    , 0x00, 0x00, 0x00, 0xff, 0x01, 0x00, 0x00, 0x00, 0x00, 0x63, 0x04, 0x00
    , 0x00, 0x00, 0x00, 0x00, 0x01, 0x00, 0x00, 0x00, 0x00, 0x6f, 0x04, 0x00
    , 0x00, 0x00, 0x00, 0xff, 0x01, 0x00, 0x00, 0x00, 0x00, 0x65, 0x20, 0x00
    , 0x00, 0x00, 0x00, 0x00, 0x01, 0x00, 0x00, 0x00, 0x00, 0x43, 0x04, 0x00
    , 0x00, 0x00, 0x00, 0xff, 0x01, 0x00, 0x00, 0x00, 0x00, 0x83, 0x04, 0x00
    , 0x00, 0x00, 0x00, 0x00, 0x01, 0x00, 0x00, 0x00, 0x00, 0x91, 0x04, 0x00
    , 0x00, 0x00, 0x00, 0xff, 0x01, 0x00, 0x00, 0x00, 0x00, 0x42, 0x20, 0x00
    , 0x00, 0x00, 0x00, 0x00, 0x01, 0x00, 0x00, 0x00, 0x00, 0x20, 0x04, 0x00
    , 0x00, 0x00, 0x00, 0xff, 0x01, 0x00, 0x00, 0x00, 0x00, 0xea, 0x04, 0x00
    , 0x00, 0x00, 0x00, 0xcc, 0x01, 0x00, 0x00, 0x00, 0x00, 0xee, 0x04, 0x00
    , 0x00, 0x00, 0x00, 0xff, 0x01, 0x00, 0x00, 0x00, 0x00, 0x1f, 0x20, 0x00
    , 0x00, 0x00, 0x00, 0x00, 0x01, 0x00, 0x00, 0x00, 0x00, 0x02, 0x01, 0x00
    , 0x00, 0x00, 0x00, 0xed, 0x0c, 0x00, 0x00, 0x00, 0x00, 0xff, 0x01, 0x00
    , 0x00, 0x00, 0x00, 0xed, 0x01, 0x00, 0x00, 0x00, 0x00, 0x02, 0x21, 0x00
    , 0x00, 0x00, 0x00, 0x00, 0x01, 0x00, 0x00, 0x00, 0x00, 0x9a, 0x0c, 0x00
    , 0x00, 0x00, 0x00, 0xff, 0x01, 0x00, 0x00, 0x00, 0x00, 0x99, 0x22, 0x00
    , 0x00, 0x00, 0x00, 0x00, 0x01, 0x00, 0x00, 0x00, 0x00, 0x11, 0x01, 0x00
    , 0x00, 0x00, 0x00, 0xdd, 0x0a, 0x00, 0x00, 0x00, 0x00, 0xff, 0x01, 0x00
    , 0x00, 0x00, 0x00, 0xdd, 0x01, 0x00, 0x00, 0x00, 0x00, 0x11, 0x23, 0x00
    , 0x00, 0x00, 0x00, 0x00, 0x01, 0x00, 0x00, 0x00, 0x00, 0x13, 0x01, 0x00
    , 0x00, 0x00, 0x00, 0x98, 0x01, 0x00, 0x00, 0x00, 0x00, 0xe0, 0x06, 0x00
    , 0x00, 0x00, 0x00, 0xff, 0x01, 0x00, 0x00, 0x00, 0x00, 0xe0, 0x01, 0x00
    , 0x00, 0x00, 0x00, 0x98, 0x01, 0x00, 0x00, 0x00, 0x00, 0x12, 0x12, 0x00
    , 0x00, 0x00, 0x00, 0x00
};

inline Upp::Image ICON_DESIGN_SETTINGS_48()
{
    return Upp::UiMakeIcon(DATA_DESIGN_SETTINGS_48);
}

static const unsigned char DATA_DESIGN_UNFOLD_LESS_48[] = {
    0x30, 0x80, 0x30, 0x00, 0x0b, 0x00, 0x00, 0x00, 0x00, 0x00, 0x01, 0x00
    , 0x00, 0x00, 0x00, 0x02, 0x01, 0x00, 0x00, 0x00, 0x00, 0x7c, 0x01, 0x00
    , 0x00, 0x00, 0x00, 0xe1, 0x01, 0x00, 0x00, 0x00, 0x00, 0xf0, 0x01, 0x00
    , 0x00, 0x00, 0x00, 0xae, 0x01, 0x00, 0x00, 0x00, 0x00, 0x1c, 0x0e, 0x00
    , 0x00, 0x00, 0x00, 0x00, 0x01, 0x00, 0x00, 0x00, 0x00, 0x1c, 0x01, 0x00
    , 0x00, 0x00, 0x00, 0xae, 0x01, 0x00, 0x00, 0x00, 0x00, 0xf0, 0x01, 0x00
    , 0x00, 0x00, 0x00, 0xe1, 0x01, 0x00, 0x00, 0x00, 0x00, 0x7c, 0x01, 0x00
    , 0x00, 0x00, 0x00, 0x02, 0x16, 0x00, 0x00, 0x00, 0x00, 0x00, 0x01, 0x00
    , 0x00, 0x00, 0x00, 0x72, 0x04, 0x00, 0x00, 0x00, 0x00, 0xff, 0x01, 0x00
    , 0x00, 0x00, 0x00, 0xe2, 0x01, 0x00, 0x00, 0x00, 0x00, 0x23, 0x0c, 0x00
    , 0x00, 0x00, 0x00, 0x00, 0x01, 0x00, 0x00, 0x00, 0x00, 0x23, 0x01, 0x00
    , 0x00, 0x00, 0x00, 0xe2, 0x04, 0x00, 0x00, 0x00, 0x00, 0xff, 0x01, 0x00
    , 0x00, 0x00, 0x00, 0x72, 0x16, 0x00, 0x00, 0x00, 0x00, 0x00, 0x01, 0x00
    , 0x00, 0x00, 0x00, 0xce, 0x05, 0x00, 0x00, 0x00, 0x00, 0xff, 0x01, 0x00
    , 0x00, 0x00, 0x00, 0xe2, 0x01, 0x00, 0x00, 0x00, 0x00, 0x23, 0x0a, 0x00
    , 0x00, 0x00, 0x00, 0x00, 0x01, 0x00, 0x00, 0x00, 0x00, 0x23, 0x01, 0x00
    , 0x00, 0x00, 0x00, 0xe2, 0x05, 0x00, 0x00, 0x00, 0x00, 0xff, 0x01, 0x00
    , 0x00, 0x00, 0x00, 0xcd, 0x16, 0x00, 0x00, 0x00, 0x00, 0x00, 0x01, 0x00
    , 0x00, 0x00, 0x00, 0xd6, 0x06, 0x00, 0x00, 0x00, 0x00, 0xff, 0x01, 0x00
    , 0x00, 0x00, 0x00, 0xe2, 0x01, 0x00, 0x00, 0x00, 0x00, 0x23, 0x08, 0x00
    , 0x00, 0x00, 0x00, 0x00, 0x01, 0x00, 0x00, 0x00, 0x00, 0x23, 0x01, 0x00
    , 0x00, 0x00, 0x00, 0xe2, 0x06, 0x00, 0x00, 0x00, 0x00, 0xff, 0x01, 0x00
    , 0x00, 0x00, 0x00, 0xd5, 0x16, 0x00, 0x00, 0x00, 0x00, 0x00, 0x01, 0x00
    , 0x00, 0x00, 0x00, 0x8c, 0x07, 0x00, 0x00, 0x00, 0x00, 0xff, 0x01, 0x00
    , 0x00, 0x00, 0x00, 0xe2, 0x01, 0x00, 0x00, 0x00, 0x00, 0x23, 0x06, 0x00
    , 0x00, 0x00, 0x00, 0x00, 0x01, 0x00, 0x00, 0x00, 0x00, 0x23, 0x01, 0x00
    , 0x00, 0x00, 0x00, 0xe2, 0x07, 0x00, 0x00, 0x00, 0x00, 0xff, 0x01, 0x00
    , 0x00, 0x00, 0x00, 0x8b, 0x16, 0x00, 0x00, 0x00, 0x00, 0x00, 0x01, 0x00
    , 0x00, 0x00, 0x00, 0x0b, 0x01, 0x00, 0x00, 0x00, 0x00, 0xc9, 0x07, 0x00
    , 0x00, 0x00, 0x00, 0xff, 0x01, 0x00, 0x00, 0x00, 0x00, 0xe2, 0x01, 0x00
    , 0x00, 0x00, 0x00, 0x23, 0x04, 0x00, 0x00, 0x00, 0x00, 0x00, 0x01, 0x00
    , 0x00, 0x00, 0x00, 0x23, 0x01, 0x00, 0x00, 0x00, 0x00, 0xe2, 0x07, 0x00
    , 0x00, 0x00, 0x00, 0xff, 0x01, 0x00, 0x00, 0x00, 0x00, 0xc9, 0x01, 0x00
    , 0x00, 0x00, 0x00, 0x0b, 0x17, 0x00, 0x00, 0x00, 0x00, 0x00, 0x01, 0x00
    , 0x00, 0x00, 0x00, 0x0f, 0x01, 0x00, 0x00, 0x00, 0x00, 0xc9, 0x07, 0x00
    , 0x00, 0x00, 0x00, 0xff, 0x01, 0x00, 0x00, 0x00, 0x00, 0xe2, 0x01, 0x00
    , 0x00, 0x00, 0x00, 0x23, 0x02, 0x00, 0x00, 0x00, 0x00, 0x00, 0x01, 0x00
    , 0x00, 0x00, 0x00, 0x23, 0x01, 0x00, 0x00, 0x00, 0x00, 0xe2, 0x07, 0x00
    , 0x00, 0x00, 0x00, 0xff, 0x01, 0x00, 0x00, 0x00, 0x00, 0xc9, 0x01, 0x00
    , 0x00, 0x00, 0x00, 0x0f, 0x19, 0x00, 0x00, 0x00, 0x00, 0x00, 0x01, 0x00
    , 0x00, 0x00, 0x00, 0x0f, 0x01, 0x00, 0x00, 0x00, 0x00, 0xc9, 0x07, 0x00
    , 0x00, 0x00, 0x00, 0xff, 0x01, 0x00, 0x00, 0x00, 0x00, 0xe2, 0x02, 0x00
    , 0x00, 0x00, 0x00, 0x23, 0x01, 0x00, 0x00, 0x00, 0x00, 0xe2, 0x07, 0x00
    , 0x00, 0x00, 0x00, 0xff, 0x01, 0x00, 0x00, 0x00, 0x00, 0xc9, 0x01, 0x00
    , 0x00, 0x00, 0x00, 0x0f, 0x1b, 0x00, 0x00, 0x00, 0x00, 0x00, 0x01, 0x00
    , 0x00, 0x00, 0x00, 0x0f, 0x01, 0x00, 0x00, 0x00, 0x00, 0xc9, 0x07, 0x00
    , 0x00, 0x00, 0x00, 0xff, 0x02, 0x00, 0x00, 0x00, 0x00, 0xe2, 0x07, 0x00
    , 0x00, 0x00, 0x00, 0xff, 0x01, 0x00, 0x00, 0x00, 0x00, 0xc9, 0x01, 0x00
    , 0x00, 0x00, 0x00, 0x0f, 0x1d, 0x00, 0x00, 0x00, 0x00, 0x00, 0x01, 0x00
    , 0x00, 0x00, 0x00, 0x0f, 0x01, 0x00, 0x00, 0x00, 0x00, 0xc9, 0x0e, 0x00
    , 0x00, 0x00, 0x00, 0xff, 0x01, 0x00, 0x00, 0x00, 0x00, 0xc9, 0x01, 0x00
    , 0x00, 0x00, 0x00, 0x0f, 0x1f, 0x00, 0x00, 0x00, 0x00, 0x00, 0x01, 0x00
    , 0x00, 0x00, 0x00, 0x0f, 0x01, 0x00, 0x00, 0x00, 0x00, 0xc9, 0x0c, 0x00
    , 0x00, 0x00, 0x00, 0xff, 0x01, 0x00, 0x00, 0x00, 0x00, 0xc9, 0x01, 0x00
    , 0x00, 0x00, 0x00, 0x0f, 0x21, 0x00, 0x00, 0x00, 0x00, 0x00, 0x01, 0x00
    , 0x00, 0x00, 0x00, 0x0f, 0x01, 0x00, 0x00, 0x00, 0x00, 0xc9, 0x0a, 0x00
    , 0x00, 0x00, 0x00, 0xff, 0x01, 0x00, 0x00, 0x00, 0x00, 0xc9, 0x01, 0x00
    , 0x00, 0x00, 0x00, 0x0f, 0x23, 0x00, 0x00, 0x00, 0x00, 0x00, 0x01, 0x00
    , 0x00, 0x00, 0x00, 0x0f, 0x01, 0x00, 0x00, 0x00, 0x00, 0xc9, 0x08, 0x00
    , 0x00, 0x00, 0x00, 0xff, 0x01, 0x00, 0x00, 0x00, 0x00, 0xc9, 0x01, 0x00
    , 0x00, 0x00, 0x00, 0x0f, 0x25, 0x00, 0x00, 0x00, 0x00, 0x00, 0x01, 0x00
    , 0x00, 0x00, 0x00, 0x0f, 0x01, 0x00, 0x00, 0x00, 0x00, 0xc9, 0x06, 0x00
    , 0x00, 0x00, 0x00, 0xff, 0x01, 0x00, 0x00, 0x00, 0x00, 0xc9, 0x01, 0x00
    , 0x00, 0x00, 0x00, 0x0f, 0x27, 0x00, 0x00, 0x00, 0x00, 0x00, 0x01, 0x00
    , 0x00, 0x00, 0x00, 0x0f, 0x01, 0x00, 0x00, 0x00, 0x00, 0xc9, 0x04, 0x00
    , 0x00, 0x00, 0x00, 0xff, 0x01, 0x00, 0x00, 0x00, 0x00, 0xc9, 0x01, 0x00
    , 0x00, 0x00, 0x00, 0x0f, 0x29, 0x00, 0x00, 0x00, 0x00, 0x00, 0x01, 0x00
    , 0x00, 0x00, 0x00, 0x0d, 0x01, 0x00, 0x00, 0x00, 0x00, 0x96, 0x02, 0x00
    , 0x00, 0x00, 0x00, 0xea, 0x01, 0x00, 0x00, 0x00, 0x00, 0x96, 0x01, 0x00
    , 0x00, 0x00, 0x00, 0x0d, 0x2a, 0x03, 0x00, 0x00, 0x00, 0x00, 0x01, 0x00
    , 0x00, 0x00, 0x00, 0x0d, 0x01, 0x00, 0x00, 0x00, 0x00, 0x96, 0x02, 0x00
    , 0x00, 0x00, 0x00, 0xea, 0x01, 0x00, 0x00, 0x00, 0x00, 0x96, 0x01, 0x00
    , 0x00, 0x00, 0x00, 0x0d, 0x29, 0x00, 0x00, 0x00, 0x00, 0x00, 0x01, 0x00
    , 0x00, 0x00, 0x00, 0x0f, 0x01, 0x00, 0x00, 0x00, 0x00, 0xc9, 0x04, 0x00
    , 0x00, 0x00, 0x00, 0xff, 0x01, 0x00, 0x00, 0x00, 0x00, 0xc9, 0x01, 0x00
    , 0x00, 0x00, 0x00, 0x0f, 0x27, 0x00, 0x00, 0x00, 0x00, 0x00, 0x01, 0x00
    , 0x00, 0x00, 0x00, 0x0f, 0x01, 0x00, 0x00, 0x00, 0x00, 0xc9, 0x06, 0x00
    , 0x00, 0x00, 0x00, 0xff, 0x01, 0x00, 0x00, 0x00, 0x00, 0xc9, 0x01, 0x00
    , 0x00, 0x00, 0x00, 0x0f, 0x25, 0x00, 0x00, 0x00, 0x00, 0x00, 0x01, 0x00
    , 0x00, 0x00, 0x00, 0x0f, 0x01, 0x00, 0x00, 0x00, 0x00, 0xc9, 0x08, 0x00
    , 0x00, 0x00, 0x00, 0xff, 0x01, 0x00, 0x00, 0x00, 0x00, 0xc9, 0x01, 0x00
    , 0x00, 0x00, 0x00, 0x0f, 0x23, 0x00, 0x00, 0x00, 0x00, 0x00, 0x01, 0x00
    , 0x00, 0x00, 0x00, 0x0f, 0x01, 0x00, 0x00, 0x00, 0x00, 0xc9, 0x0a, 0x00
    , 0x00, 0x00, 0x00, 0xff, 0x01, 0x00, 0x00, 0x00, 0x00, 0xc9, 0x01, 0x00
    , 0x00, 0x00, 0x00, 0x0f, 0x21, 0x00, 0x00, 0x00, 0x00, 0x00, 0x01, 0x00
    , 0x00, 0x00, 0x00, 0x0f, 0x01, 0x00, 0x00, 0x00, 0x00, 0xc9, 0x0c, 0x00
    , 0x00, 0x00, 0x00, 0xff, 0x01, 0x00, 0x00, 0x00, 0x00, 0xc9, 0x01, 0x00
    , 0x00, 0x00, 0x00, 0x0f, 0x1f, 0x00, 0x00, 0x00, 0x00, 0x00, 0x01, 0x00
    , 0x00, 0x00, 0x00, 0x0f, 0x01, 0x00, 0x00, 0x00, 0x00, 0xc9, 0x0e, 0x00
    , 0x00, 0x00, 0x00, 0xff, 0x01, 0x00, 0x00, 0x00, 0x00, 0xc9, 0x01, 0x00
    , 0x00, 0x00, 0x00, 0x0f, 0x1d, 0x00, 0x00, 0x00, 0x00, 0x00, 0x01, 0x00
    , 0x00, 0x00, 0x00, 0x0f, 0x01, 0x00, 0x00, 0x00, 0x00, 0xc9, 0x07, 0x00
    , 0x00, 0x00, 0x00, 0xff, 0x02, 0x00, 0x00, 0x00, 0x00, 0xe2, 0x07, 0x00
    , 0x00, 0x00, 0x00, 0xff, 0x01, 0x00, 0x00, 0x00, 0x00, 0xc9, 0x01, 0x00
    , 0x00, 0x00, 0x00, 0x0f, 0x1b, 0x00, 0x00, 0x00, 0x00, 0x00, 0x01, 0x00
    , 0x00, 0x00, 0x00, 0x0f, 0x01, 0x00, 0x00, 0x00, 0x00, 0xc9, 0x07, 0x00
    , 0x00, 0x00, 0x00, 0xff, 0x01, 0x00, 0x00, 0x00, 0x00, 0xe2, 0x02, 0x00
    , 0x00, 0x00, 0x00, 0x23, 0x01, 0x00, 0x00, 0x00, 0x00, 0xe2, 0x07, 0x00
    , 0x00, 0x00, 0x00, 0xff, 0x01, 0x00, 0x00, 0x00, 0x00, 0xc9, 0x01, 0x00
    , 0x00, 0x00, 0x00, 0x0f, 0x19, 0x00, 0x00, 0x00, 0x00, 0x00, 0x01, 0x00
    , 0x00, 0x00, 0x00, 0x0f, 0x01, 0x00, 0x00, 0x00, 0x00, 0xc9, 0x07, 0x00
    , 0x00, 0x00, 0x00, 0xff, 0x01, 0x00, 0x00, 0x00, 0x00, 0xe2, 0x01, 0x00
    , 0x00, 0x00, 0x00, 0x23, 0x02, 0x00, 0x00, 0x00, 0x00, 0x00, 0x01, 0x00
    , 0x00, 0x00, 0x00, 0x23, 0x01, 0x00, 0x00, 0x00, 0x00, 0xe2, 0x07, 0x00
    , 0x00, 0x00, 0x00, 0xff, 0x01, 0x00, 0x00, 0x00, 0x00, 0xc9, 0x01, 0x00
    , 0x00, 0x00, 0x00, 0x0f, 0x17, 0x00, 0x00, 0x00, 0x00, 0x00, 0x01, 0x00
    , 0x00, 0x00, 0x00, 0x0b, 0x01, 0x00, 0x00, 0x00, 0x00, 0xc9, 0x07, 0x00
    , 0x00, 0x00, 0x00, 0xff, 0x01, 0x00, 0x00, 0x00, 0x00, 0xe2, 0x01, 0x00
    , 0x00, 0x00, 0x00, 0x23, 0x04, 0x00, 0x00, 0x00, 0x00, 0x00, 0x01, 0x00
    , 0x00, 0x00, 0x00, 0x23, 0x01, 0x00, 0x00, 0x00, 0x00, 0xe2, 0x07, 0x00
    , 0x00, 0x00, 0x00, 0xff, 0x01, 0x00, 0x00, 0x00, 0x00, 0xc9, 0x01, 0x00
    , 0x00, 0x00, 0x00, 0x0b, 0x16, 0x00, 0x00, 0x00, 0x00, 0x00, 0x01, 0x00
    , 0x00, 0x00, 0x00, 0x8c, 0x07, 0x00, 0x00, 0x00, 0x00, 0xff, 0x01, 0x00
    , 0x00, 0x00, 0x00, 0xe2, 0x01, 0x00, 0x00, 0x00, 0x00, 0x23, 0x06, 0x00
    , 0x00, 0x00, 0x00, 0x00, 0x01, 0x00, 0x00, 0x00, 0x00, 0x23, 0x01, 0x00
    , 0x00, 0x00, 0x00, 0xe2, 0x07, 0x00, 0x00, 0x00, 0x00, 0xff, 0x01, 0x00
    , 0x00, 0x00, 0x00, 0x8b, 0x16, 0x00, 0x00, 0x00, 0x00, 0x00, 0x01, 0x00
    , 0x00, 0x00, 0x00, 0xd6, 0x06, 0x00, 0x00, 0x00, 0x00, 0xff, 0x01, 0x00
    , 0x00, 0x00, 0x00, 0xe2, 0x01, 0x00, 0x00, 0x00, 0x00, 0x23, 0x08, 0x00
    , 0x00, 0x00, 0x00, 0x00, 0x01, 0x00, 0x00, 0x00, 0x00, 0x23, 0x01, 0x00
    , 0x00, 0x00, 0x00, 0xe2, 0x06, 0x00, 0x00, 0x00, 0x00, 0xff, 0x01, 0x00
    , 0x00, 0x00, 0x00, 0xd5, 0x16, 0x00, 0x00, 0x00, 0x00, 0x00, 0x01, 0x00
    , 0x00, 0x00, 0x00, 0xce, 0x05, 0x00, 0x00, 0x00, 0x00, 0xff, 0x01, 0x00
    , 0x00, 0x00, 0x00, 0xe2, 0x01, 0x00, 0x00, 0x00, 0x00, 0x23, 0x0a, 0x00
    , 0x00, 0x00, 0x00, 0x00, 0x01, 0x00, 0x00, 0x00, 0x00, 0x23, 0x01, 0x00
    , 0x00, 0x00, 0x00, 0xe2, 0x05, 0x00, 0x00, 0x00, 0x00, 0xff, 0x01, 0x00
    , 0x00, 0x00, 0x00, 0xcd, 0x16, 0x00, 0x00, 0x00, 0x00, 0x00, 0x01, 0x00
    , 0x00, 0x00, 0x00, 0x72, 0x04, 0x00, 0x00, 0x00, 0x00, 0xff, 0x01, 0x00
    , 0x00, 0x00, 0x00, 0xe2, 0x01, 0x00, 0x00, 0x00, 0x00, 0x23, 0x0c, 0x00
    , 0x00, 0x00, 0x00, 0x00, 0x01, 0x00, 0x00, 0x00, 0x00, 0x23, 0x01, 0x00
    , 0x00, 0x00, 0x00, 0xe2, 0x04, 0x00, 0x00, 0x00, 0x00, 0xff, 0x01, 0x00
    , 0x00, 0x00, 0x00, 0x72, 0x16, 0x00, 0x00, 0x00, 0x00, 0x00, 0x01, 0x00
    , 0x00, 0x00, 0x00, 0x02, 0x01, 0x00, 0x00, 0x00, 0x00, 0x7b, 0x01, 0x00
    , 0x00, 0x00, 0x00, 0xe0, 0x01, 0x00, 0x00, 0x00, 0x00, 0xef, 0x01, 0x00
    , 0x00, 0x00, 0x00, 0xad, 0x01, 0x00, 0x00, 0x00, 0x00, 0x1c, 0x0e, 0x00
    , 0x00, 0x00, 0x00, 0x00, 0x01, 0x00, 0x00, 0x00, 0x00, 0x1c, 0x01, 0x00
    , 0x00, 0x00, 0x00, 0xad, 0x01, 0x00, 0x00, 0x00, 0x00, 0xef, 0x01, 0x00
    , 0x00, 0x00, 0x00, 0xe0, 0x01, 0x00, 0x00, 0x00, 0x00, 0x7b, 0x01, 0x00
    , 0x00, 0x00, 0x00, 0x02, 0x0b, 0x00, 0x00, 0x00, 0x00, 0x00
};

inline Upp::Image ICON_DESIGN_UNFOLD_LESS_48()
{
    return Upp::UiMakeIcon(DATA_DESIGN_UNFOLD_LESS_48);
}

static const unsigned char DATA_DESIGN_UNFOLD_MORE_48[] = {
    0x30, 0x80, 0x30, 0x00, 0x15, 0x00, 0x00, 0x00, 0x00, 0x00, 0x01, 0x00
    , 0x00, 0x00, 0x00, 0x05, 0x01, 0x00, 0x00, 0x00, 0x00, 0x88, 0x02, 0x00
    , 0x00, 0x00, 0x00, 0xea, 0x01, 0x00, 0x00, 0x00, 0x00, 0x88, 0x01, 0x00
    , 0x00, 0x00, 0x00, 0x04, 0x29, 0x00, 0x00, 0x00, 0x00, 0x00, 0x01, 0x00
    , 0x00, 0x00, 0x00, 0x05, 0x01, 0x00, 0x00, 0x00, 0x00, 0xad, 0x04, 0x00
    , 0x00, 0x00, 0x00, 0xff, 0x01, 0x00, 0x00, 0x00, 0x00, 0xad, 0x01, 0x00
    , 0x00, 0x00, 0x00, 0x04, 0x27, 0x00, 0x00, 0x00, 0x00, 0x00, 0x01, 0x00
    , 0x00, 0x00, 0x00, 0x05, 0x01, 0x00, 0x00, 0x00, 0x00, 0xad, 0x06, 0x00
    , 0x00, 0x00, 0x00, 0xff, 0x01, 0x00, 0x00, 0x00, 0x00, 0xad, 0x01, 0x00
    , 0x00, 0x00, 0x00, 0x04, 0x25, 0x00, 0x00, 0x00, 0x00, 0x00, 0x01, 0x00
    , 0x00, 0x00, 0x00, 0x05, 0x01, 0x00, 0x00, 0x00, 0x00, 0xad, 0x08, 0x00
    , 0x00, 0x00, 0x00, 0xff, 0x01, 0x00, 0x00, 0x00, 0x00, 0xad, 0x01, 0x00
    , 0x00, 0x00, 0x00, 0x04, 0x23, 0x00, 0x00, 0x00, 0x00, 0x00, 0x01, 0x00
    , 0x00, 0x00, 0x00, 0x05, 0x01, 0x00, 0x00, 0x00, 0x00, 0xad, 0x0a, 0x00
    , 0x00, 0x00, 0x00, 0xff, 0x01, 0x00, 0x00, 0x00, 0x00, 0xad, 0x01, 0x00
    , 0x00, 0x00, 0x00, 0x04, 0x21, 0x00, 0x00, 0x00, 0x00, 0x00, 0x01, 0x00
    , 0x00, 0x00, 0x00, 0x05, 0x01, 0x00, 0x00, 0x00, 0x00, 0xad, 0x0c, 0x00
    , 0x00, 0x00, 0x00, 0xff, 0x01, 0x00, 0x00, 0x00, 0x00, 0xad, 0x01, 0x00
    , 0x00, 0x00, 0x00, 0x04, 0x1f, 0x00, 0x00, 0x00, 0x00, 0x00, 0x01, 0x00
    , 0x00, 0x00, 0x00, 0x05, 0x01, 0x00, 0x00, 0x00, 0x00, 0xad, 0x0e, 0x00
    , 0x00, 0x00, 0x00, 0xff, 0x01, 0x00, 0x00, 0x00, 0x00, 0xad, 0x01, 0x00
    , 0x00, 0x00, 0x00, 0x04, 0x1d, 0x00, 0x00, 0x00, 0x00, 0x00, 0x01, 0x00
    , 0x00, 0x00, 0x00, 0x05, 0x01, 0x00, 0x00, 0x00, 0x00, 0xad, 0x07, 0x00
    , 0x00, 0x00, 0x00, 0xff, 0x01, 0x00, 0x00, 0x00, 0x00, 0x77, 0x01, 0x00
    , 0x00, 0x00, 0x00, 0x78, 0x07, 0x00, 0x00, 0x00, 0x00, 0xff, 0x01, 0x00
    , 0x00, 0x00, 0x00, 0xad, 0x01, 0x00, 0x00, 0x00, 0x00, 0x04, 0x1b, 0x00
    , 0x00, 0x00, 0x00, 0x00, 0x01, 0x00, 0x00, 0x00, 0x00, 0x05, 0x01, 0x00
    , 0x00, 0x00, 0x00, 0xad, 0x07, 0x00, 0x00, 0x00, 0x00, 0xff, 0x01, 0x00
    , 0x00, 0x00, 0x00, 0x77, 0x02, 0x00, 0x00, 0x00, 0x00, 0x00, 0x01, 0x00
    , 0x00, 0x00, 0x00, 0x78, 0x07, 0x00, 0x00, 0x00, 0x00, 0xff, 0x01, 0x00
    , 0x00, 0x00, 0x00, 0xad, 0x01, 0x00, 0x00, 0x00, 0x00, 0x04, 0x1a, 0x00
    , 0x00, 0x00, 0x00, 0x00, 0x01, 0x00, 0x00, 0x00, 0x00, 0xa5, 0x07, 0x00
    , 0x00, 0x00, 0x00, 0xff, 0x01, 0x00, 0x00, 0x00, 0x00, 0x77, 0x04, 0x00
    , 0x00, 0x00, 0x00, 0x00, 0x01, 0x00, 0x00, 0x00, 0x00, 0x78, 0x07, 0x00
    , 0x00, 0x00, 0x00, 0xff, 0x01, 0x00, 0x00, 0x00, 0x00, 0xa5, 0x19, 0x00
    , 0x00, 0x00, 0x00, 0x00, 0x01, 0x00, 0x00, 0x00, 0x00, 0x41, 0x07, 0x00
    , 0x00, 0x00, 0x00, 0xff, 0x01, 0x00, 0x00, 0x00, 0x00, 0x77, 0x06, 0x00
    , 0x00, 0x00, 0x00, 0x00, 0x01, 0x00, 0x00, 0x00, 0x00, 0x78, 0x07, 0x00
    , 0x00, 0x00, 0x00, 0xff, 0x01, 0x00, 0x00, 0x00, 0x00, 0x40, 0x18, 0x00
    , 0x00, 0x00, 0x00, 0x00, 0x01, 0x00, 0x00, 0x00, 0x00, 0x6c, 0x06, 0x00
    , 0x00, 0x00, 0x00, 0xff, 0x01, 0x00, 0x00, 0x00, 0x00, 0x77, 0x08, 0x00
    , 0x00, 0x00, 0x00, 0x00, 0x01, 0x00, 0x00, 0x00, 0x00, 0x78, 0x06, 0x00
    , 0x00, 0x00, 0x00, 0xff, 0x01, 0x00, 0x00, 0x00, 0x00, 0x6c, 0x18, 0x00
    , 0x00, 0x00, 0x00, 0x00, 0x01, 0x00, 0x00, 0x00, 0x00, 0x3c, 0x05, 0x00
    , 0x00, 0x00, 0x00, 0xff, 0x01, 0x00, 0x00, 0x00, 0x00, 0x77, 0x0a, 0x00
    , 0x00, 0x00, 0x00, 0x00, 0x01, 0x00, 0x00, 0x00, 0x00, 0x78, 0x05, 0x00
    , 0x00, 0x00, 0x00, 0xff, 0x01, 0x00, 0x00, 0x00, 0x00, 0x3b, 0x19, 0x00
    , 0x00, 0x00, 0x00, 0x00, 0x01, 0x00, 0x00, 0x00, 0x00, 0x8b, 0x02, 0x00
    , 0x00, 0x00, 0x00, 0xff, 0x01, 0x00, 0x00, 0x00, 0x00, 0xf9, 0x01, 0x00
    , 0x00, 0x00, 0x00, 0x6e, 0x0c, 0x00, 0x00, 0x00, 0x00, 0x00, 0x01, 0x00
    , 0x00, 0x00, 0x00, 0x6f, 0x01, 0x00, 0x00, 0x00, 0x00, 0xfa, 0x02, 0x00
    , 0x00, 0x00, 0x00, 0xff, 0x01, 0x00, 0x00, 0x00, 0x00, 0x8b, 0x1b, 0x00
    , 0x00, 0x00, 0x00, 0x00, 0x01, 0x00, 0x00, 0x00, 0x00, 0x2a, 0x01, 0x00
    , 0x00, 0x00, 0x00, 0x4f, 0x01, 0x00, 0x00, 0x00, 0x00, 0x1e, 0x0e, 0x00
    , 0x00, 0x00, 0x00, 0x00, 0x01, 0x00, 0x00, 0x00, 0x00, 0x1e, 0x01, 0x00
    , 0x00, 0x00, 0x00, 0x4f, 0x01, 0x00, 0x00, 0x00, 0x00, 0x29, 0x7c, 0x03
    , 0x00, 0x00, 0x00, 0x00, 0x01, 0x00, 0x00, 0x00, 0x00, 0x2a, 0x01, 0x00
    , 0x00, 0x00, 0x00, 0x4f, 0x01, 0x00, 0x00, 0x00, 0x00, 0x1e, 0x0e, 0x00
    , 0x00, 0x00, 0x00, 0x00, 0x01, 0x00, 0x00, 0x00, 0x00, 0x1e, 0x01, 0x00
    , 0x00, 0x00, 0x00, 0x4f, 0x01, 0x00, 0x00, 0x00, 0x00, 0x2a, 0x1b, 0x00
    , 0x00, 0x00, 0x00, 0x00, 0x01, 0x00, 0x00, 0x00, 0x00, 0x8c, 0x02, 0x00
    , 0x00, 0x00, 0x00, 0xff, 0x01, 0x00, 0x00, 0x00, 0x00, 0xfa, 0x01, 0x00
    , 0x00, 0x00, 0x00, 0x6f, 0x0c, 0x00, 0x00, 0x00, 0x00, 0x00, 0x01, 0x00
    , 0x00, 0x00, 0x00, 0x6f, 0x01, 0x00, 0x00, 0x00, 0x00, 0xfa, 0x02, 0x00
    , 0x00, 0x00, 0x00, 0xff, 0x01, 0x00, 0x00, 0x00, 0x00, 0x8b, 0x19, 0x00
    , 0x00, 0x00, 0x00, 0x00, 0x01, 0x00, 0x00, 0x00, 0x00, 0x3c, 0x05, 0x00
    , 0x00, 0x00, 0x00, 0xff, 0x01, 0x00, 0x00, 0x00, 0x00, 0x77, 0x0a, 0x00
    , 0x00, 0x00, 0x00, 0x00, 0x01, 0x00, 0x00, 0x00, 0x00, 0x78, 0x05, 0x00
    , 0x00, 0x00, 0x00, 0xff, 0x01, 0x00, 0x00, 0x00, 0x00, 0x3c, 0x18, 0x00
    , 0x00, 0x00, 0x00, 0x00, 0x01, 0x00, 0x00, 0x00, 0x00, 0x6c, 0x06, 0x00
    , 0x00, 0x00, 0x00, 0xff, 0x01, 0x00, 0x00, 0x00, 0x00, 0x77, 0x08, 0x00
    , 0x00, 0x00, 0x00, 0x00, 0x01, 0x00, 0x00, 0x00, 0x00, 0x78, 0x06, 0x00
    , 0x00, 0x00, 0x00, 0xff, 0x01, 0x00, 0x00, 0x00, 0x00, 0x6c, 0x18, 0x00
    , 0x00, 0x00, 0x00, 0x00, 0x01, 0x00, 0x00, 0x00, 0x00, 0x41, 0x07, 0x00
    , 0x00, 0x00, 0x00, 0xff, 0x01, 0x00, 0x00, 0x00, 0x00, 0x77, 0x06, 0x00
    , 0x00, 0x00, 0x00, 0x00, 0x01, 0x00, 0x00, 0x00, 0x00, 0x78, 0x07, 0x00
    , 0x00, 0x00, 0x00, 0xff, 0x01, 0x00, 0x00, 0x00, 0x00, 0x40, 0x19, 0x00
    , 0x00, 0x00, 0x00, 0x00, 0x01, 0x00, 0x00, 0x00, 0x00, 0xa5, 0x07, 0x00
    , 0x00, 0x00, 0x00, 0xff, 0x01, 0x00, 0x00, 0x00, 0x00, 0x77, 0x04, 0x00
    , 0x00, 0x00, 0x00, 0x00, 0x01, 0x00, 0x00, 0x00, 0x00, 0x78, 0x07, 0x00
    , 0x00, 0x00, 0x00, 0xff, 0x01, 0x00, 0x00, 0x00, 0x00, 0xa4, 0x1a, 0x00
    , 0x00, 0x00, 0x00, 0x00, 0x01, 0x00, 0x00, 0x00, 0x00, 0x05, 0x01, 0x00
    , 0x00, 0x00, 0x00, 0xad, 0x07, 0x00, 0x00, 0x00, 0x00, 0xff, 0x01, 0x00
    , 0x00, 0x00, 0x00, 0x77, 0x02, 0x00, 0x00, 0x00, 0x00, 0x00, 0x01, 0x00
    , 0x00, 0x00, 0x00, 0x78, 0x07, 0x00, 0x00, 0x00, 0x00, 0xff, 0x01, 0x00
    , 0x00, 0x00, 0x00, 0xad, 0x01, 0x00, 0x00, 0x00, 0x00, 0x04, 0x1b, 0x00
    , 0x00, 0x00, 0x00, 0x00, 0x01, 0x00, 0x00, 0x00, 0x00, 0x05, 0x01, 0x00
    , 0x00, 0x00, 0x00, 0xad, 0x07, 0x00, 0x00, 0x00, 0x00, 0xff, 0x01, 0x00
    , 0x00, 0x00, 0x00, 0x77, 0x01, 0x00, 0x00, 0x00, 0x00, 0x78, 0x07, 0x00
    , 0x00, 0x00, 0x00, 0xff, 0x01, 0x00, 0x00, 0x00, 0x00, 0xad, 0x01, 0x00
    , 0x00, 0x00, 0x00, 0x04, 0x1d, 0x00, 0x00, 0x00, 0x00, 0x00, 0x01, 0x00
    , 0x00, 0x00, 0x00, 0x05, 0x01, 0x00, 0x00, 0x00, 0x00, 0xad, 0x0e, 0x00
    , 0x00, 0x00, 0x00, 0xff, 0x01, 0x00, 0x00, 0x00, 0x00, 0xad, 0x01, 0x00
    , 0x00, 0x00, 0x00, 0x04, 0x1f, 0x00, 0x00, 0x00, 0x00, 0x00, 0x01, 0x00
    , 0x00, 0x00, 0x00, 0x05, 0x01, 0x00, 0x00, 0x00, 0x00, 0xad, 0x0c, 0x00
    , 0x00, 0x00, 0x00, 0xff, 0x01, 0x00, 0x00, 0x00, 0x00, 0xad, 0x01, 0x00
    , 0x00, 0x00, 0x00, 0x04, 0x21, 0x00, 0x00, 0x00, 0x00, 0x00, 0x01, 0x00
    , 0x00, 0x00, 0x00, 0x05, 0x01, 0x00, 0x00, 0x00, 0x00, 0xad, 0x0a, 0x00
    , 0x00, 0x00, 0x00, 0xff, 0x01, 0x00, 0x00, 0x00, 0x00, 0xad, 0x01, 0x00
    , 0x00, 0x00, 0x00, 0x04, 0x23, 0x00, 0x00, 0x00, 0x00, 0x00, 0x01, 0x00
    , 0x00, 0x00, 0x00, 0x05, 0x01, 0x00, 0x00, 0x00, 0x00, 0xad, 0x08, 0x00
    , 0x00, 0x00, 0x00, 0xff, 0x01, 0x00, 0x00, 0x00, 0x00, 0xad, 0x01, 0x00
    , 0x00, 0x00, 0x00, 0x04, 0x25, 0x00, 0x00, 0x00, 0x00, 0x00, 0x01, 0x00
    , 0x00, 0x00, 0x00, 0x05, 0x01, 0x00, 0x00, 0x00, 0x00, 0xad, 0x06, 0x00
    , 0x00, 0x00, 0x00, 0xff, 0x01, 0x00, 0x00, 0x00, 0x00, 0xad, 0x01, 0x00
    , 0x00, 0x00, 0x00, 0x04, 0x27, 0x00, 0x00, 0x00, 0x00, 0x00, 0x01, 0x00
    , 0x00, 0x00, 0x00, 0x05, 0x01, 0x00, 0x00, 0x00, 0x00, 0xad, 0x04, 0x00
    , 0x00, 0x00, 0x00, 0xff, 0x01, 0x00, 0x00, 0x00, 0x00, 0xad, 0x01, 0x00
    , 0x00, 0x00, 0x00, 0x04, 0x29, 0x00, 0x00, 0x00, 0x00, 0x00, 0x01, 0x00
    , 0x00, 0x00, 0x00, 0x04, 0x01, 0x00, 0x00, 0x00, 0x00, 0x88, 0x02, 0x00
    , 0x00, 0x00, 0x00, 0xea, 0x01, 0x00, 0x00, 0x00, 0x00, 0x88, 0x01, 0x00
    , 0x00, 0x00, 0x00, 0x04, 0x15, 0x00, 0x00, 0x00, 0x00, 0x00
};

inline Upp::Image ICON_DESIGN_UNFOLD_MORE_48()
{
    return Upp::UiMakeIcon(DATA_DESIGN_UNFOLD_MORE_48);
}

static const unsigned char DATA_DESIGN_UPPERCASE_48[] = {
    0x30, 0x80, 0x30, 0x00, 0xb9, 0x01, 0x00, 0x00, 0x00, 0x00, 0x01, 0x00
    , 0x00, 0x00, 0x00, 0x01, 0x01, 0x00, 0x00, 0x00, 0x00, 0x87, 0x01, 0x00
    , 0x00, 0x00, 0x00, 0xe3, 0x01, 0x00, 0x00, 0x00, 0x00, 0xfa, 0x01, 0x00
    , 0x00, 0x00, 0x00, 0xf5, 0x01, 0x00, 0x00, 0x00, 0x00, 0xb4, 0x01, 0x00
    , 0x00, 0x00, 0x00, 0x23, 0x29, 0x00, 0x00, 0x00, 0x00, 0x00, 0x01, 0x00
    , 0x00, 0x00, 0x00, 0x74, 0x05, 0x00, 0x00, 0x00, 0x00, 0xff, 0x01, 0x00
    , 0x00, 0x00, 0x00, 0xd3, 0x01, 0x00, 0x00, 0x00, 0x00, 0x05, 0x27, 0x00
    , 0x00, 0x00, 0x00, 0x00, 0x01, 0x00, 0x00, 0x00, 0x00, 0x04, 0x01, 0x00
    , 0x00, 0x00, 0x00, 0xe7, 0x06, 0x00, 0x00, 0x00, 0x00, 0xff, 0x01, 0x00
    , 0x00, 0x00, 0x00, 0x4f, 0x27, 0x00, 0x00, 0x00, 0x00, 0x00, 0x01, 0x00
    , 0x00, 0x00, 0x00, 0x4b, 0x07, 0x00, 0x00, 0x00, 0x00, 0xff, 0x01, 0x00
    , 0x00, 0x00, 0x00, 0xaf, 0x14, 0x00, 0x00, 0x00, 0x00, 0x00, 0x01, 0x00
    , 0x00, 0x00, 0x00, 0x08, 0x01, 0x00, 0x00, 0x00, 0x00, 0x1a, 0x11, 0x00
    , 0x00, 0x00, 0x00, 0x00, 0x01, 0x00, 0x00, 0x00, 0x00, 0xab, 0x07, 0x00
    , 0x00, 0x00, 0x00, 0xff, 0x01, 0x00, 0x00, 0x00, 0x00, 0xfa, 0x01, 0x00
    , 0x00, 0x00, 0x00, 0x15, 0x12, 0x00, 0x00, 0x00, 0x00, 0x00, 0x01, 0x00
    , 0x00, 0x00, 0x00, 0x6d, 0x01, 0x00, 0x00, 0x00, 0x00, 0xf7, 0x01, 0x00
    , 0x00, 0x00, 0x00, 0xff, 0x01, 0x00, 0x00, 0x00, 0x00, 0xca, 0x01, 0x00
    , 0x00, 0x00, 0x00, 0x21, 0x0e, 0x00, 0x00, 0x00, 0x00, 0x00, 0x01, 0x00
    , 0x00, 0x00, 0x00, 0x12, 0x01, 0x00, 0x00, 0x00, 0x00, 0xf9, 0x03, 0x00
    , 0x00, 0x00, 0x00, 0xff, 0x01, 0x00, 0x00, 0x00, 0x00, 0xcc, 0x04, 0x00
    , 0x00, 0x00, 0x00, 0xff, 0x01, 0x00, 0x00, 0x00, 0x00, 0x6f, 0x11, 0x00
    , 0x00, 0x00, 0x00, 0x00, 0x01, 0x00, 0x00, 0x00, 0x00, 0x7e, 0x04, 0x00
    , 0x00, 0x00, 0x00, 0xff, 0x01, 0x00, 0x00, 0x00, 0x00, 0xe2, 0x01, 0x00
    , 0x00, 0x00, 0x00, 0x22, 0x0d, 0x00, 0x00, 0x00, 0x00, 0x00, 0x01, 0x00
    , 0x00, 0x00, 0x00, 0x6b, 0x04, 0x00, 0x00, 0x00, 0x00, 0xff, 0x01, 0x00
    , 0x00, 0x00, 0x00, 0x25, 0x01, 0x00, 0x00, 0x00, 0x00, 0xe9, 0x03, 0x00
    , 0x00, 0x00, 0x00, 0xff, 0x01, 0x00, 0x00, 0x00, 0x00, 0xce, 0x10, 0x00
    , 0x00, 0x00, 0x00, 0x00, 0x01, 0x00, 0x00, 0x00, 0x00, 0x7e, 0x06, 0x00
    , 0x00, 0x00, 0x00, 0xff, 0x01, 0x00, 0x00, 0x00, 0x00, 0xe2, 0x01, 0x00
    , 0x00, 0x00, 0x00, 0x22, 0x0c, 0x00, 0x00, 0x00, 0x00, 0x00, 0x01, 0x00
    , 0x00, 0x00, 0x00, 0xcb, 0x03, 0x00, 0x00, 0x00, 0x00, 0xff, 0x01, 0x00
    , 0x00, 0x00, 0x00, 0xc9, 0x01, 0x00, 0x00, 0x00, 0x00, 0x00, 0x01, 0x00
    , 0x00, 0x00, 0x00, 0x91, 0x04, 0x00, 0x00, 0x00, 0x00, 0xff, 0x01, 0x00
    , 0x00, 0x00, 0x00, 0x2f, 0x0e, 0x00, 0x00, 0x00, 0x00, 0x00, 0x01, 0x00
    , 0x00, 0x00, 0x00, 0x7e, 0x08, 0x00, 0x00, 0x00, 0x00, 0xff, 0x01, 0x00
    , 0x00, 0x00, 0x00, 0xe2, 0x01, 0x00, 0x00, 0x00, 0x00, 0x22, 0x0a, 0x00
    , 0x00, 0x00, 0x00, 0x00, 0x01, 0x00, 0x00, 0x00, 0x00, 0x2c, 0x04, 0x00
    , 0x00, 0x00, 0x00, 0xff, 0x01, 0x00, 0x00, 0x00, 0x00, 0x72, 0x01, 0x00
    , 0x00, 0x00, 0x00, 0x00, 0x01, 0x00, 0x00, 0x00, 0x00, 0x36, 0x04, 0x00
    , 0x00, 0x00, 0x00, 0xff, 0x01, 0x00, 0x00, 0x00, 0x00, 0x8e, 0x0d, 0x00
    , 0x00, 0x00, 0x00, 0x00, 0x01, 0x00, 0x00, 0x00, 0x00, 0x7e, 0x0a, 0x00
    , 0x00, 0x00, 0x00, 0xff, 0x01, 0x00, 0x00, 0x00, 0x00, 0xe2, 0x01, 0x00
    , 0x00, 0x00, 0x00, 0x22, 0x09, 0x00, 0x00, 0x00, 0x00, 0x00, 0x01, 0x00
    , 0x00, 0x00, 0x00, 0x8b, 0x03, 0x00, 0x00, 0x00, 0x00, 0xff, 0x01, 0x00
    , 0x00, 0x00, 0x00, 0xfe, 0x01, 0x00, 0x00, 0x00, 0x00, 0x1c, 0x02, 0x00
    , 0x00, 0x00, 0x00, 0x00, 0x01, 0x00, 0x00, 0x00, 0x00, 0xda, 0x03, 0x00
    , 0x00, 0x00, 0x00, 0xff, 0x01, 0x00, 0x00, 0x00, 0x00, 0xe9, 0x01, 0x00
    , 0x00, 0x00, 0x00, 0x04, 0x0b, 0x00, 0x00, 0x00, 0x00, 0x00, 0x01, 0x00
    , 0x00, 0x00, 0x00, 0x7e, 0x0c, 0x00, 0x00, 0x00, 0x00, 0xff, 0x01, 0x00
    , 0x00, 0x00, 0x00, 0xe2, 0x01, 0x00, 0x00, 0x00, 0x00, 0x22, 0x07, 0x00
    , 0x00, 0x00, 0x00, 0x00, 0x01, 0x00, 0x00, 0x00, 0x00, 0x04, 0x01, 0x00
    , 0x00, 0x00, 0x00, 0xe7, 0x03, 0x00, 0x00, 0x00, 0x00, 0xff, 0x01, 0x00
    , 0x00, 0x00, 0x00, 0xc4, 0x03, 0x00, 0x00, 0x00, 0x00, 0x00, 0x01, 0x00
    , 0x00, 0x00, 0x00, 0x7f, 0x04, 0x00, 0x00, 0x00, 0x00, 0xff, 0x01, 0x00
    , 0x00, 0x00, 0x00, 0x4d, 0x0a, 0x00, 0x00, 0x00, 0x00, 0x00, 0x01, 0x00
    , 0x00, 0x00, 0x00, 0x7e, 0x0e, 0x00, 0x00, 0x00, 0x00, 0xff, 0x01, 0x00
    , 0x00, 0x00, 0x00, 0xe2, 0x01, 0x00, 0x00, 0x00, 0x00, 0x22, 0x06, 0x00
    , 0x00, 0x00, 0x00, 0x00, 0x01, 0x00, 0x00, 0x00, 0x00, 0x4b, 0x04, 0x00
    , 0x00, 0x00, 0x00, 0xff, 0x01, 0x00, 0x00, 0x00, 0x00, 0x6c, 0x03, 0x00
    , 0x00, 0x00, 0x00, 0x00, 0x01, 0x00, 0x00, 0x00, 0x00, 0x24, 0x04, 0x00
    , 0x00, 0x00, 0x00, 0xff, 0x01, 0x00, 0x00, 0x00, 0x00, 0xad, 0x09, 0x00
    , 0x00, 0x00, 0x00, 0x00, 0x01, 0x00, 0x00, 0x00, 0x00, 0x7a, 0x10, 0x00
    , 0x00, 0x00, 0x00, 0xff, 0x01, 0x00, 0x00, 0x00, 0x00, 0xe2, 0x01, 0x00
    , 0x00, 0x00, 0x00, 0x1f, 0x05, 0x00, 0x00, 0x00, 0x00, 0x00, 0x01, 0x00
    , 0x00, 0x00, 0x00, 0xab, 0x03, 0x00, 0x00, 0x00, 0x00, 0xff, 0x01, 0x00
    , 0x00, 0x00, 0x00, 0xfd, 0x01, 0x00, 0x00, 0x00, 0x00, 0x18, 0x04, 0x00
    , 0x00, 0x00, 0x00, 0x00, 0x01, 0x00, 0x00, 0x00, 0x00, 0xc8, 0x03, 0x00
    , 0x00, 0x00, 0x00, 0xff, 0x01, 0x00, 0x00, 0x00, 0x00, 0xfa, 0x01, 0x00
    , 0x00, 0x00, 0x00, 0x14, 0x07, 0x00, 0x00, 0x00, 0x00, 0x00, 0x01, 0x00
    , 0x00, 0x00, 0x00, 0x32, 0x01, 0x00, 0x00, 0x00, 0x00, 0xfe, 0x11, 0x00
    , 0x00, 0x00, 0x00, 0xff, 0x01, 0x00, 0x00, 0x00, 0x00, 0xb7, 0x04, 0x00
    , 0x00, 0x00, 0x00, 0x00, 0x01, 0x00, 0x00, 0x00, 0x00, 0x12, 0x01, 0x00
    , 0x00, 0x00, 0x00, 0xf9, 0x03, 0x00, 0x00, 0x00, 0x00, 0xff, 0x01, 0x00
    , 0x00, 0x00, 0x00, 0xbe, 0x05, 0x00, 0x00, 0x00, 0x00, 0x00, 0x01, 0x00
    , 0x00, 0x00, 0x00, 0x6c, 0x04, 0x00, 0x00, 0x00, 0x00, 0xff, 0x01, 0x00
    , 0x00, 0x00, 0x00, 0x6d, 0x07, 0x00, 0x00, 0x00, 0x00, 0x00, 0x01, 0x00
    , 0x00, 0x00, 0x00, 0x6d, 0x05, 0x00, 0x00, 0x00, 0x00, 0xff, 0x01, 0x00
    , 0x00, 0x00, 0x00, 0xee, 0x01, 0x00, 0x00, 0x00, 0x00, 0xa8, 0x04, 0x00
    , 0x00, 0x00, 0x00, 0xff, 0x01, 0x00, 0x00, 0x00, 0x00, 0xfd, 0x01, 0x00
    , 0x00, 0x00, 0x00, 0x99, 0x05, 0x00, 0x00, 0x00, 0x00, 0xff, 0x01, 0x00
    , 0x00, 0x00, 0x00, 0xf3, 0x04, 0x00, 0x00, 0x00, 0x00, 0x00, 0x01, 0x00
    , 0x00, 0x00, 0x00, 0x6b, 0x04, 0x00, 0x00, 0x00, 0x00, 0xff, 0x01, 0x00
    , 0x00, 0x00, 0x00, 0x67, 0x05, 0x00, 0x00, 0x00, 0x00, 0x00, 0x01, 0x00
    , 0x00, 0x00, 0x00, 0x15, 0x01, 0x00, 0x00, 0x00, 0x00, 0xfb, 0x03, 0x00
    , 0x00, 0x00, 0x00, 0xff, 0x01, 0x00, 0x00, 0x00, 0x00, 0xcc, 0x07, 0x00
    , 0x00, 0x00, 0x00, 0x00, 0x01, 0x00, 0x00, 0x00, 0x00, 0x4c, 0x04, 0x00
    , 0x00, 0x00, 0x00, 0xff, 0x01, 0x00, 0x00, 0x00, 0x00, 0xee, 0x01, 0x00
    , 0x00, 0x00, 0x00, 0x33, 0x01, 0x00, 0x00, 0x00, 0x00, 0x75, 0x04, 0x00
    , 0x00, 0x00, 0x00, 0xff, 0x01, 0x00, 0x00, 0x00, 0x00, 0xfc, 0x01, 0x00
    , 0x00, 0x00, 0x00, 0x01, 0x01, 0x00, 0x00, 0x00, 0x00, 0x99, 0x04, 0x00
    , 0x00, 0x00, 0x00, 0xff, 0x01, 0x00, 0x00, 0x00, 0x00, 0xd2, 0x04, 0x00
    , 0x00, 0x00, 0x00, 0x00, 0x01, 0x00, 0x00, 0x00, 0x00, 0xcb, 0x03, 0x00
    , 0x00, 0x00, 0x00, 0xff, 0x01, 0x00, 0x00, 0x00, 0x00, 0xfb, 0x01, 0x00
    , 0x00, 0x00, 0x00, 0x14, 0x06, 0x00, 0x00, 0x00, 0x00, 0x00, 0x01, 0x00
    , 0x00, 0x00, 0x00, 0xb6, 0x04, 0x00, 0x00, 0x00, 0x00, 0xff, 0x01, 0x00
    , 0x00, 0x00, 0x00, 0x2d, 0x06, 0x00, 0x00, 0x00, 0x00, 0x00, 0x01, 0x00
    , 0x00, 0x00, 0x00, 0x01, 0x01, 0x00, 0x00, 0x00, 0x00, 0xa8, 0x02, 0x00
    , 0x00, 0x00, 0x00, 0xff, 0x01, 0x00, 0x00, 0x00, 0x00, 0xe1, 0x01, 0x00
    , 0x00, 0x00, 0x00, 0x32, 0x01, 0x00, 0x00, 0x00, 0x00, 0x00, 0x01, 0x00
    , 0x00, 0x00, 0x00, 0x75, 0x04, 0x00, 0x00, 0x00, 0x00, 0xff, 0x01, 0x00
    , 0x00, 0x00, 0x00, 0xfc, 0x01, 0x00, 0x00, 0x00, 0x00, 0x00, 0x01, 0x00
    , 0x00, 0x00, 0x00, 0x01, 0x01, 0x00, 0x00, 0x00, 0x00, 0x8d, 0x01, 0x00
    , 0x00, 0x00, 0x00, 0xfe, 0x01, 0x00, 0x00, 0x00, 0x00, 0xff, 0x01, 0x00
    , 0x00, 0x00, 0x00, 0xef, 0x01, 0x00, 0x00, 0x00, 0x00, 0x40, 0x03, 0x00
    , 0x00, 0x00, 0x00, 0x00, 0x01, 0x00, 0x00, 0x00, 0x00, 0x2c, 0x04, 0x00
    , 0x00, 0x00, 0x00, 0xff, 0x01, 0x00, 0x00, 0x00, 0x00, 0xb8, 0x07, 0x00
    , 0x00, 0x00, 0x00, 0x00, 0x01, 0x00, 0x00, 0x00, 0x00, 0x5a, 0x04, 0x00
    , 0x00, 0x00, 0x00, 0xff, 0x01, 0x00, 0x00, 0x00, 0x00, 0x8c, 0x08, 0x00
    , 0x00, 0x00, 0x00, 0x00, 0x01, 0x00, 0x00, 0x00, 0x00, 0x2a, 0x01, 0x00
    , 0x00, 0x00, 0x00, 0x3a, 0x01, 0x00, 0x00, 0x00, 0x00, 0x09, 0x02, 0x00
    , 0x00, 0x00, 0x00, 0x00, 0x01, 0x00, 0x00, 0x00, 0x00, 0x75, 0x04, 0x00
    , 0x00, 0x00, 0x00, 0xff, 0x01, 0x00, 0x00, 0x00, 0x00, 0xfc, 0x03, 0x00
    , 0x00, 0x00, 0x00, 0x00, 0x01, 0x00, 0x00, 0x00, 0x00, 0x20, 0x01, 0x00
    , 0x00, 0x00, 0x00, 0x3e, 0x01, 0x00, 0x00, 0x00, 0x00, 0x10, 0x04, 0x00
    , 0x00, 0x00, 0x00, 0x00, 0x01, 0x00, 0x00, 0x00, 0x00, 0x8b, 0x04, 0x00
    , 0x00, 0x00, 0x00, 0xff, 0x01, 0x00, 0x00, 0x00, 0x00, 0x70, 0x07, 0x00
    , 0x00, 0x00, 0x00, 0x12, 0x01, 0x00, 0x00, 0x00, 0x00, 0x1d, 0x01, 0x00
    , 0x00, 0x00, 0x00, 0xf7, 0x03, 0x00, 0x00, 0x00, 0x00, 0xff, 0x01, 0x00
    , 0x00, 0x00, 0x00, 0xe7, 0x01, 0x00, 0x00, 0x00, 0x00, 0x04, 0x0c, 0x00
    , 0x00, 0x00, 0x00, 0x00, 0x01, 0x00, 0x00, 0x00, 0x00, 0x75, 0x04, 0x00
    , 0x00, 0x00, 0x00, 0xff, 0x01, 0x00, 0x00, 0x00, 0x00, 0xfc, 0x09, 0x00
    , 0x00, 0x00, 0x00, 0x00, 0x01, 0x00, 0x00, 0x00, 0x00, 0x04, 0x01, 0x00
    , 0x00, 0x00, 0x00, 0xe7, 0x12, 0x00, 0x00, 0x00, 0x00, 0xff, 0x01, 0x00
    , 0x00, 0x00, 0x00, 0x4b, 0x0c, 0x00, 0x00, 0x00, 0x00, 0x00, 0x01, 0x00
    , 0x00, 0x00, 0x00, 0x75, 0x04, 0x00, 0x00, 0x00, 0x00, 0xff, 0x01, 0x00
    , 0x00, 0x00, 0x00, 0xfc, 0x09, 0x00, 0x00, 0x00, 0x00, 0x00, 0x01, 0x00
    , 0x00, 0x00, 0x00, 0x4b, 0x13, 0x00, 0x00, 0x00, 0x00, 0xff, 0x01, 0x00
    , 0x00, 0x00, 0x00, 0xab, 0x0c, 0x00, 0x00, 0x00, 0x00, 0x00, 0x01, 0x00
    , 0x00, 0x00, 0x00, 0x75, 0x04, 0x00, 0x00, 0x00, 0x00, 0xff, 0x01, 0x00
    , 0x00, 0x00, 0x00, 0xfc, 0x09, 0x00, 0x00, 0x00, 0x00, 0x00, 0x01, 0x00
    , 0x00, 0x00, 0x00, 0xab, 0x13, 0x00, 0x00, 0x00, 0x00, 0xff, 0x01, 0x00
    , 0x00, 0x00, 0x00, 0xf9, 0x01, 0x00, 0x00, 0x00, 0x00, 0x12, 0x0b, 0x00
    , 0x00, 0x00, 0x00, 0x00, 0x01, 0x00, 0x00, 0x00, 0x00, 0x75, 0x04, 0x00
    , 0x00, 0x00, 0x00, 0xff, 0x01, 0x00, 0x00, 0x00, 0x00, 0xfc, 0x08, 0x00
    , 0x00, 0x00, 0x00, 0x00, 0x01, 0x00, 0x00, 0x00, 0x00, 0x12, 0x01, 0x00
    , 0x00, 0x00, 0x00, 0xf9, 0x14, 0x00, 0x00, 0x00, 0x00, 0xff, 0x01, 0x00
    , 0x00, 0x00, 0x00, 0x6a, 0x0b, 0x00, 0x00, 0x00, 0x00, 0x00, 0x01, 0x00
    , 0x00, 0x00, 0x00, 0x75, 0x04, 0x00, 0x00, 0x00, 0x00, 0xff, 0x01, 0x00
    , 0x00, 0x00, 0x00, 0xfc, 0x08, 0x00, 0x00, 0x00, 0x00, 0x00, 0x01, 0x00
    , 0x00, 0x00, 0x00, 0x6b, 0x04, 0x00, 0x00, 0x00, 0x00, 0xff, 0x01, 0x00
    , 0x00, 0x00, 0x00, 0xac, 0x0b, 0x00, 0x00, 0x00, 0x00, 0x48, 0x01, 0x00
    , 0x00, 0x00, 0x00, 0x58, 0x04, 0x00, 0x00, 0x00, 0x00, 0xff, 0x01, 0x00
    , 0x00, 0x00, 0x00, 0xca, 0x0b, 0x00, 0x00, 0x00, 0x00, 0x00, 0x01, 0x00
    , 0x00, 0x00, 0x00, 0x75, 0x04, 0x00, 0x00, 0x00, 0x00, 0xff, 0x01, 0x00
    , 0x00, 0x00, 0x00, 0xfc, 0x08, 0x00, 0x00, 0x00, 0x00, 0x00, 0x01, 0x00
    , 0x00, 0x00, 0x00, 0xcb, 0x04, 0x00, 0x00, 0x00, 0x00, 0xff, 0x01, 0x00
    , 0x00, 0x00, 0x00, 0x3c, 0x0c, 0x00, 0x00, 0x00, 0x00, 0x00, 0x01, 0x00
    , 0x00, 0x00, 0x00, 0xc9, 0x04, 0x00, 0x00, 0x00, 0x00, 0xff, 0x01, 0x00
    , 0x00, 0x00, 0x00, 0x2b, 0x0a, 0x00, 0x00, 0x00, 0x00, 0x00, 0x01, 0x00
    , 0x00, 0x00, 0x00, 0x75, 0x04, 0x00, 0x00, 0x00, 0x00, 0xff, 0x01, 0x00
    , 0x00, 0x00, 0x00, 0xfc, 0x07, 0x00, 0x00, 0x00, 0x00, 0x00, 0x01, 0x00
    , 0x00, 0x00, 0x00, 0x2c, 0x04, 0x00, 0x00, 0x00, 0x00, 0xff, 0x01, 0x00
    , 0x00, 0x00, 0x00, 0xe0, 0x01, 0x00, 0x00, 0x00, 0x00, 0x01, 0x0c, 0x00
    , 0x00, 0x00, 0x00, 0x00, 0x01, 0x00, 0x00, 0x00, 0x00, 0x70, 0x04, 0x00
    , 0x00, 0x00, 0x00, 0xff, 0x01, 0x00, 0x00, 0x00, 0x00, 0x8a, 0x0a, 0x00
    , 0x00, 0x00, 0x00, 0x00, 0x01, 0x00, 0x00, 0x00, 0x00, 0x75, 0x04, 0x00
    , 0x00, 0x00, 0x00, 0xff, 0x01, 0x00, 0x00, 0x00, 0x00, 0xfc, 0x07, 0x00
    , 0x00, 0x00, 0x00, 0x00, 0x01, 0x00, 0x00, 0x00, 0x00, 0x8b, 0x04, 0x00
    , 0x00, 0x00, 0x00, 0xff, 0x01, 0x00, 0x00, 0x00, 0x00, 0x86, 0x0d, 0x00
    , 0x00, 0x00, 0x00, 0x00, 0x01, 0x00, 0x00, 0x00, 0x00, 0x19, 0x01, 0x00
    , 0x00, 0x00, 0x00, 0xfd, 0x03, 0x00, 0x00, 0x00, 0x00, 0xff, 0x01, 0x00
    , 0x00, 0x00, 0x00, 0xe6, 0x01, 0x00, 0x00, 0x00, 0x00, 0x03, 0x09, 0x00
    , 0x00, 0x00, 0x00, 0x00, 0x01, 0x00, 0x00, 0x00, 0x00, 0x75, 0x04, 0x00
    , 0x00, 0x00, 0x00, 0xff, 0x01, 0x00, 0x00, 0x00, 0x00, 0xfc, 0x07, 0x00
    , 0x00, 0x00, 0x00, 0x00, 0x01, 0x00, 0x00, 0x00, 0x00, 0xe7, 0x04, 0x00
    , 0x00, 0x00, 0x00, 0xff, 0x01, 0x00, 0x00, 0x00, 0x00, 0x2b, 0x0e, 0x00
    , 0x00, 0x00, 0x00, 0x00, 0x01, 0x00, 0x00, 0x00, 0x00, 0xbd, 0x04, 0x00
    , 0x00, 0x00, 0x00, 0xff, 0x01, 0x00, 0x00, 0x00, 0x00, 0x48, 0x09, 0x00
    , 0x00, 0x00, 0x00, 0x00, 0x01, 0x00, 0x00, 0x00, 0x00, 0x75, 0x04, 0x00
    , 0x00, 0x00, 0x00, 0xff, 0x01, 0x00, 0x00, 0x00, 0x00, 0xfc, 0x07, 0x00
    , 0x00, 0x00, 0x00, 0x00, 0x04, 0x00, 0x00, 0x00, 0x00, 0xff, 0x01, 0x00
    , 0x00, 0x00, 0x00, 0xd0, 0x0f, 0x00, 0x00, 0x00, 0x00, 0x00, 0x01, 0x00
    , 0x00, 0x00, 0x00, 0x64, 0x04, 0x00, 0x00, 0x00, 0x00, 0xff, 0x01, 0x00
    , 0x00, 0x00, 0x00, 0x81, 0x09, 0x00, 0x00, 0x00, 0x00, 0x00, 0x01, 0x00
    , 0x00, 0x00, 0x00, 0x69, 0x04, 0x00, 0x00, 0x00, 0x00, 0xff, 0x01, 0x00
    , 0x00, 0x00, 0x00, 0xef, 0x07, 0x00, 0x00, 0x00, 0x00, 0x00, 0x01, 0x00
    , 0x00, 0x00, 0x00, 0xe7, 0x03, 0x00, 0x00, 0x00, 0x00, 0xff, 0x01, 0x00
    , 0x00, 0x00, 0x00, 0x63, 0x0f, 0x00, 0x00, 0x00, 0x00, 0x00, 0x01, 0x00
    , 0x00, 0x00, 0x00, 0x0f, 0x01, 0x00, 0x00, 0x00, 0x00, 0xe4, 0x03, 0x00
    , 0x00, 0x00, 0x00, 0xff, 0x01, 0x00, 0x00, 0x00, 0x00, 0x56, 0x09, 0x00
    , 0x00, 0x00, 0x00, 0x00, 0x01, 0x00, 0x00, 0x00, 0x00, 0x25, 0x01, 0x00
    , 0x00, 0x00, 0x00, 0xf9, 0x03, 0x00, 0x00, 0x00, 0x00, 0xff, 0x01, 0x00
    , 0x00, 0x00, 0x00, 0xa5, 0x07, 0x00, 0x00, 0x00, 0x00, 0x00, 0x01, 0x00
    , 0x00, 0x00, 0x00, 0x36, 0x01, 0x00, 0x00, 0x00, 0x00, 0xcd, 0x01, 0x00
    , 0x00, 0x00, 0x00, 0xe2, 0x01, 0x00, 0x00, 0x00, 0x00, 0x86, 0x11, 0x00
    , 0x00, 0x00, 0x00, 0x00, 0x01, 0x00, 0x00, 0x00, 0x00, 0x36, 0x01, 0x00
    , 0x00, 0x00, 0x00, 0xbf, 0x01, 0x00, 0x00, 0x00, 0x00, 0xe6, 0x01, 0x00
    , 0x00, 0x00, 0x00, 0x84, 0x01, 0x00, 0x00, 0x00, 0x00, 0x01, 0x0a, 0x00
    , 0x00, 0x00, 0x00, 0x00, 0x01, 0x00, 0x00, 0x00, 0x00, 0x4b, 0x01, 0x00
    , 0x00, 0x00, 0x00, 0xd3, 0x01, 0x00, 0x00, 0x00, 0x00, 0xec, 0x01, 0x00
    , 0x00, 0x00, 0x00, 0xa3, 0x01, 0x00, 0x00, 0x00, 0x00, 0x10, 0xb7, 0x01
    , 0x00, 0x00, 0x00, 0x00
};

inline Upp::Image ICON_DESIGN_UPPERCASE_48()
{
    return Upp::UiMakeIcon(DATA_DESIGN_UPPERCASE_48);
}

// Category: editor | Type: Outlined | Icon: border_left | Size: 48x48 | Format: UiMakeIcon RLE
static const unsigned char DATA_EDITOR_BORDER_LEFT_48[] = {
    0x30, 0x80, 0x30, 0x00, 0x01, 0x00, 0x00, 0x00, 0x00, 0x17, 0x01, 0x00
    , 0x00, 0x00, 0x00, 0xb1, 0x01, 0x00, 0x00, 0x00, 0x00, 0xf3, 0x01, 0x00
    , 0x00, 0x00, 0x00, 0xd3, 0x01, 0x00, 0x00, 0x00, 0x00, 0x42, 0x06, 0x00
    , 0x00, 0x00, 0x00, 0x00, 0x01, 0x00, 0x00, 0x00, 0x00, 0x42, 0x01, 0x00
    , 0x00, 0x00, 0x00, 0xd3, 0x01, 0x00, 0x00, 0x00, 0x00, 0xf3, 0x01, 0x00
    , 0x00, 0x00, 0x00, 0xb1, 0x01, 0x00, 0x00, 0x00, 0x00, 0x17, 0x06, 0x00
    , 0x00, 0x00, 0x00, 0x00, 0x01, 0x00, 0x00, 0x00, 0x00, 0x7f, 0x02, 0x00
    , 0x00, 0x00, 0x00, 0xe8, 0x01, 0x00, 0x00, 0x00, 0x00, 0x7f, 0x06, 0x00
    , 0x00, 0x00, 0x00, 0x00, 0x01, 0x00, 0x00, 0x00, 0x00, 0x17, 0x01, 0x00
    , 0x00, 0x00, 0x00, 0xb1, 0x01, 0x00, 0x00, 0x00, 0x00, 0xf3, 0x01, 0x00
    , 0x00, 0x00, 0x00, 0xd3, 0x01, 0x00, 0x00, 0x00, 0x00, 0x42, 0x06, 0x00
    , 0x00, 0x00, 0x00, 0x00, 0x01, 0x00, 0x00, 0x00, 0x00, 0x42, 0x01, 0x00
    , 0x00, 0x00, 0x00, 0xd3, 0x01, 0x00, 0x00, 0x00, 0x00, 0xf3, 0x01, 0x00
    , 0x00, 0x00, 0x00, 0xb1, 0x01, 0x00, 0x00, 0x00, 0x00, 0x17, 0x01, 0x00
    , 0x00, 0x00, 0x00, 0xb1, 0x03, 0x00, 0x00, 0x00, 0x00, 0xff, 0x01, 0x00
    , 0x00, 0x00, 0x00, 0xf1, 0x01, 0x00, 0x00, 0x00, 0x00, 0x14, 0x04, 0x00
    , 0x00, 0x00, 0x00, 0x00, 0x01, 0x00, 0x00, 0x00, 0x00, 0x14, 0x01, 0x00
    , 0x00, 0x00, 0x00, 0xf1, 0x03, 0x00, 0x00, 0x00, 0x00, 0xff, 0x01, 0x00
    , 0x00, 0x00, 0x00, 0xb0, 0x05, 0x00, 0x00, 0x00, 0x00, 0x00, 0x01, 0x00
    , 0x00, 0x00, 0x00, 0x5b, 0x04, 0x00, 0x00, 0x00, 0x00, 0xff, 0x01, 0x00
    , 0x00, 0x00, 0x00, 0x5b, 0x05, 0x00, 0x00, 0x00, 0x00, 0x00, 0x01, 0x00
    , 0x00, 0x00, 0x00, 0xb1, 0x03, 0x00, 0x00, 0x00, 0x00, 0xff, 0x01, 0x00
    , 0x00, 0x00, 0x00, 0xf1, 0x01, 0x00, 0x00, 0x00, 0x00, 0x14, 0x04, 0x00
    , 0x00, 0x00, 0x00, 0x00, 0x01, 0x00, 0x00, 0x00, 0x00, 0x14, 0x01, 0x00
    , 0x00, 0x00, 0x00, 0xf1, 0x03, 0x00, 0x00, 0x00, 0x00, 0xff, 0x01, 0x00
    , 0x00, 0x00, 0x00, 0xb0, 0x01, 0x00, 0x00, 0x00, 0x00, 0xf5, 0x04, 0x00
    , 0x00, 0x00, 0x00, 0xff, 0x01, 0x00, 0x00, 0x00, 0x00, 0x4a, 0x04, 0x00
    , 0x00, 0x00, 0x00, 0x00, 0x01, 0x00, 0x00, 0x00, 0x00, 0x48, 0x04, 0x00
    , 0x00, 0x00, 0x00, 0xff, 0x01, 0x00, 0x00, 0x00, 0x00, 0xf2, 0x05, 0x00
    , 0x00, 0x00, 0x00, 0x00, 0x01, 0x00, 0x00, 0x00, 0x00, 0x9e, 0x04, 0x00
    , 0x00, 0x00, 0x00, 0xff, 0x01, 0x00, 0x00, 0x00, 0x00, 0x9d, 0x05, 0x00
    , 0x00, 0x00, 0x00, 0x00, 0x01, 0x00, 0x00, 0x00, 0x00, 0xf3, 0x04, 0x00
    , 0x00, 0x00, 0x00, 0xff, 0x01, 0x00, 0x00, 0x00, 0x00, 0x47, 0x04, 0x00
    , 0x00, 0x00, 0x00, 0x00, 0x01, 0x00, 0x00, 0x00, 0x00, 0x48, 0x04, 0x00
    , 0x00, 0x00, 0x00, 0xff, 0x01, 0x00, 0x00, 0x00, 0x00, 0xf2, 0x05, 0x00
    , 0x00, 0x00, 0x00, 0xff, 0x01, 0x00, 0x00, 0x00, 0x00, 0x54, 0x04, 0x00
    , 0x00, 0x00, 0x00, 0x00, 0x01, 0x00, 0x00, 0x00, 0x00, 0x29, 0x04, 0x00
    , 0x00, 0x00, 0x00, 0xff, 0x01, 0x00, 0x00, 0x00, 0x00, 0xd3, 0x05, 0x00
    , 0x00, 0x00, 0x00, 0x00, 0x01, 0x00, 0x00, 0x00, 0x00, 0x7e, 0x04, 0x00
    , 0x00, 0x00, 0x00, 0xff, 0x01, 0x00, 0x00, 0x00, 0x00, 0x7e, 0x05, 0x00
    , 0x00, 0x00, 0x00, 0x00, 0x01, 0x00, 0x00, 0x00, 0x00, 0xd3, 0x04, 0x00
    , 0x00, 0x00, 0x00, 0xff, 0x01, 0x00, 0x00, 0x00, 0x00, 0x28, 0x04, 0x00
    , 0x00, 0x00, 0x00, 0x00, 0x01, 0x00, 0x00, 0x00, 0x00, 0x29, 0x04, 0x00
    , 0x00, 0x00, 0x00, 0xff, 0x01, 0x00, 0x00, 0x00, 0x00, 0xd3, 0x05, 0x00
    , 0x00, 0x00, 0x00, 0xff, 0x01, 0x00, 0x00, 0x00, 0x00, 0x54, 0x05, 0x00
    , 0x00, 0x00, 0x00, 0x00, 0x01, 0x00, 0x00, 0x00, 0x00, 0x88, 0x02, 0x00
    , 0x00, 0x00, 0x00, 0xff, 0x01, 0x00, 0x00, 0x00, 0x00, 0xf0, 0x01, 0x00
    , 0x00, 0x00, 0x00, 0x41, 0x05, 0x00, 0x00, 0x00, 0x00, 0x00, 0x01, 0x00
    , 0x00, 0x00, 0x00, 0x0e, 0x01, 0x00, 0x00, 0x00, 0x00, 0xce, 0x02, 0x00
    , 0x00, 0x00, 0x00, 0xff, 0x01, 0x00, 0x00, 0x00, 0x00, 0xce, 0x01, 0x00
    , 0x00, 0x00, 0x00, 0x0e, 0x05, 0x00, 0x00, 0x00, 0x00, 0x00, 0x01, 0x00
    , 0x00, 0x00, 0x00, 0x42, 0x01, 0x00, 0x00, 0x00, 0x00, 0xf1, 0x02, 0x00
    , 0x00, 0x00, 0x00, 0xff, 0x01, 0x00, 0x00, 0x00, 0x00, 0x88, 0x06, 0x00
    , 0x00, 0x00, 0x00, 0x00, 0x01, 0x00, 0x00, 0x00, 0x00, 0x88, 0x02, 0x00
    , 0x00, 0x00, 0x00, 0xff, 0x01, 0x00, 0x00, 0x00, 0x00, 0xf0, 0x01, 0x00
    , 0x00, 0x00, 0x00, 0x41, 0x05, 0x00, 0x00, 0x00, 0x00, 0xff, 0x01, 0x00
    , 0x00, 0x00, 0x00, 0x54, 0x06, 0x00, 0x00, 0x00, 0x00, 0x00, 0x01, 0x00
    , 0x00, 0x00, 0x00, 0x28, 0x01, 0x00, 0x00, 0x00, 0x00, 0x47, 0x01, 0x00
    , 0x00, 0x00, 0x00, 0x14, 0x07, 0x00, 0x00, 0x00, 0x00, 0x00, 0x01, 0x00
    , 0x00, 0x00, 0x00, 0x05, 0x02, 0x00, 0x00, 0x00, 0x00, 0x3d, 0x01, 0x00
    , 0x00, 0x00, 0x00, 0x05, 0x07, 0x00, 0x00, 0x00, 0x00, 0x00, 0x01, 0x00
    , 0x00, 0x00, 0x00, 0x14, 0x01, 0x00, 0x00, 0x00, 0x00, 0x47, 0x01, 0x00
    , 0x00, 0x00, 0x00, 0x28, 0x08, 0x00, 0x00, 0x00, 0x00, 0x00, 0x01, 0x00
    , 0x00, 0x00, 0x00, 0x28, 0x01, 0x00, 0x00, 0x00, 0x00, 0x47, 0x01, 0x00
    , 0x00, 0x00, 0x00, 0x14, 0x01, 0x00, 0x00, 0x00, 0x00, 0x00, 0x05, 0x00
    , 0x00, 0x00, 0x00, 0xff, 0x01, 0x00, 0x00, 0x00, 0x00, 0x54, 0x2a, 0x00
    , 0x00, 0x00, 0x00, 0x00, 0x05, 0x00, 0x00, 0x00, 0x00, 0xff, 0x01, 0x00
    , 0x00, 0x00, 0x00, 0x54, 0x2a, 0x00, 0x00, 0x00, 0x00, 0x00, 0x05, 0x00
    , 0x00, 0x00, 0x00, 0xff, 0x01, 0x00, 0x00, 0x00, 0x00, 0x54, 0x2a, 0x00
    , 0x00, 0x00, 0x00, 0x00, 0x05, 0x00, 0x00, 0x00, 0x00, 0xff, 0x01, 0x00
    , 0x00, 0x00, 0x00, 0x54, 0x2a, 0x00, 0x00, 0x00, 0x00, 0x00, 0x05, 0x00
    , 0x00, 0x00, 0x00, 0xff, 0x01, 0x00, 0x00, 0x00, 0x00, 0x54, 0x10, 0x00
    , 0x00, 0x00, 0x00, 0x00, 0x01, 0x00, 0x00, 0x00, 0x00, 0x05, 0x02, 0x00
    , 0x00, 0x00, 0x00, 0x3d, 0x01, 0x00, 0x00, 0x00, 0x00, 0x05, 0x12, 0x00
    , 0x00, 0x00, 0x00, 0x00, 0x01, 0x00, 0x00, 0x00, 0x00, 0x29, 0x01, 0x00
    , 0x00, 0x00, 0x00, 0x48, 0x01, 0x00, 0x00, 0x00, 0x00, 0x14, 0x01, 0x00
    , 0x00, 0x00, 0x00, 0x00, 0x05, 0x00, 0x00, 0x00, 0x00, 0xff, 0x01, 0x00
    , 0x00, 0x00, 0x00, 0x54, 0x0f, 0x00, 0x00, 0x00, 0x00, 0x00, 0x01, 0x00
    , 0x00, 0x00, 0x00, 0x0f, 0x01, 0x00, 0x00, 0x00, 0x00, 0xcf, 0x02, 0x00
    , 0x00, 0x00, 0x00, 0xff, 0x01, 0x00, 0x00, 0x00, 0x00, 0xce, 0x01, 0x00
    , 0x00, 0x00, 0x00, 0x0e, 0x10, 0x00, 0x00, 0x00, 0x00, 0x00, 0x01, 0x00
    , 0x00, 0x00, 0x00, 0x89, 0x02, 0x00, 0x00, 0x00, 0x00, 0xff, 0x01, 0x00
    , 0x00, 0x00, 0x00, 0xf1, 0x01, 0x00, 0x00, 0x00, 0x00, 0x41, 0x05, 0x00
    , 0x00, 0x00, 0x00, 0xff, 0x01, 0x00, 0x00, 0x00, 0x00, 0x54, 0x0f, 0x00
    , 0x00, 0x00, 0x00, 0x00, 0x01, 0x00, 0x00, 0x00, 0x00, 0x7e, 0x04, 0x00
    , 0x00, 0x00, 0x00, 0xff, 0x01, 0x00, 0x00, 0x00, 0x00, 0x7e, 0x0f, 0x00
    , 0x00, 0x00, 0x00, 0x00, 0x01, 0x00, 0x00, 0x00, 0x00, 0x29, 0x04, 0x00
    , 0x00, 0x00, 0x00, 0xff, 0x01, 0x00, 0x00, 0x00, 0x00, 0xd3, 0x05, 0x00
    , 0x00, 0x00, 0x00, 0xff, 0x01, 0x00, 0x00, 0x00, 0x00, 0x54, 0x0f, 0x00
    , 0x00, 0x00, 0x00, 0x00, 0x01, 0x00, 0x00, 0x00, 0x00, 0x9e, 0x04, 0x00
    , 0x00, 0x00, 0x00, 0xff, 0x01, 0x00, 0x00, 0x00, 0x00, 0x9d, 0x0f, 0x00
    , 0x00, 0x00, 0x00, 0x00, 0x01, 0x00, 0x00, 0x00, 0x00, 0x48, 0x04, 0x00
    , 0x00, 0x00, 0x00, 0xff, 0x01, 0x00, 0x00, 0x00, 0x00, 0xf2, 0x05, 0x00
    , 0x00, 0x00, 0x00, 0xff, 0x01, 0x00, 0x00, 0x00, 0x00, 0x54, 0x0f, 0x00
    , 0x00, 0x00, 0x00, 0x00, 0x01, 0x00, 0x00, 0x00, 0x00, 0x5b, 0x04, 0x00
    , 0x00, 0x00, 0x00, 0xff, 0x01, 0x00, 0x00, 0x00, 0x00, 0x5b, 0x0f, 0x00
    , 0x00, 0x00, 0x00, 0x00, 0x01, 0x00, 0x00, 0x00, 0x00, 0x14, 0x01, 0x00
    , 0x00, 0x00, 0x00, 0xf1, 0x03, 0x00, 0x00, 0x00, 0x00, 0xff, 0x01, 0x00
    , 0x00, 0x00, 0x00, 0xb0, 0x05, 0x00, 0x00, 0x00, 0x00, 0xff, 0x01, 0x00
    , 0x00, 0x00, 0x00, 0x54, 0x10, 0x00, 0x00, 0x00, 0x00, 0x00, 0x01, 0x00
    , 0x00, 0x00, 0x00, 0x7f, 0x02, 0x00, 0x00, 0x00, 0x00, 0xe8, 0x01, 0x00
    , 0x00, 0x00, 0x00, 0x7f, 0x11, 0x00, 0x00, 0x00, 0x00, 0x00, 0x01, 0x00
    , 0x00, 0x00, 0x00, 0x41, 0x01, 0x00, 0x00, 0x00, 0x00, 0xd3, 0x01, 0x00
    , 0x00, 0x00, 0x00, 0xf2, 0x01, 0x00, 0x00, 0x00, 0x00, 0xb0, 0x01, 0x00
    , 0x00, 0x00, 0x00, 0x17, 0x05, 0x00, 0x00, 0x00, 0x00, 0xff, 0x01, 0x00
    , 0x00, 0x00, 0x00, 0x54, 0x2a, 0x00, 0x00, 0x00, 0x00, 0x00, 0x05, 0x00
    , 0x00, 0x00, 0x00, 0xff, 0x01, 0x00, 0x00, 0x00, 0x00, 0x54, 0x2a, 0x00
    , 0x00, 0x00, 0x00, 0x00, 0x05, 0x00, 0x00, 0x00, 0x00, 0xff, 0x01, 0x00
    , 0x00, 0x00, 0x00, 0x54, 0x2a, 0x00, 0x00, 0x00, 0x00, 0x00, 0x05, 0x00
    , 0x00, 0x00, 0x00, 0xff, 0x01, 0x00, 0x00, 0x00, 0x00, 0x54, 0x2a, 0x00
    , 0x00, 0x00, 0x00, 0x00, 0x05, 0x00, 0x00, 0x00, 0x00, 0xff, 0x01, 0x00
    , 0x00, 0x00, 0x00, 0x54, 0x2a, 0x00, 0x00, 0x00, 0x00, 0x00, 0x05, 0x00
    , 0x00, 0x00, 0x00, 0xff, 0x01, 0x00, 0x00, 0x00, 0x00, 0x54, 0x05, 0x00
    , 0x00, 0x00, 0x00, 0x00, 0x01, 0x00, 0x00, 0x00, 0x00, 0x0f, 0x01, 0x00
    , 0x00, 0x00, 0x00, 0x7e, 0x01, 0x00, 0x00, 0x00, 0x00, 0x9e, 0x01, 0x00
    , 0x00, 0x00, 0x00, 0x5b, 0x07, 0x00, 0x00, 0x00, 0x00, 0x00, 0x01, 0x00
    , 0x00, 0x00, 0x00, 0x30, 0x02, 0x00, 0x00, 0x00, 0x00, 0x93, 0x01, 0x00
    , 0x00, 0x00, 0x00, 0x30, 0x07, 0x00, 0x00, 0x00, 0x00, 0x00, 0x01, 0x00
    , 0x00, 0x00, 0x00, 0x5b, 0x01, 0x00, 0x00, 0x00, 0x00, 0x9e, 0x01, 0x00
    , 0x00, 0x00, 0x00, 0x7e, 0x01, 0x00, 0x00, 0x00, 0x00, 0x0e, 0x06, 0x00
    , 0x00, 0x00, 0x00, 0x00, 0x01, 0x00, 0x00, 0x00, 0x00, 0x0f, 0x01, 0x00
    , 0x00, 0x00, 0x00, 0x7e, 0x01, 0x00, 0x00, 0x00, 0x00, 0x9e, 0x01, 0x00
    , 0x00, 0x00, 0x00, 0x5b, 0x01, 0x00, 0x00, 0x00, 0x00, 0x00, 0x05, 0x00
    , 0x00, 0x00, 0x00, 0xff, 0x01, 0x00, 0x00, 0x00, 0x00, 0x54, 0x04, 0x00
    , 0x00, 0x00, 0x00, 0x00, 0x01, 0x00, 0x00, 0x00, 0x00, 0x05, 0x01, 0x00
    , 0x00, 0x00, 0x00, 0xcf, 0x03, 0x00, 0x00, 0x00, 0x00, 0xff, 0x01, 0x00
    , 0x00, 0x00, 0x00, 0x7f, 0x05, 0x00, 0x00, 0x00, 0x00, 0x00, 0x01, 0x00
    , 0x00, 0x00, 0x00, 0x30, 0x01, 0x00, 0x00, 0x00, 0x00, 0xf9, 0x02, 0x00
    , 0x00, 0x00, 0x00, 0xff, 0x01, 0x00, 0x00, 0x00, 0x00, 0xf9, 0x01, 0x00
    , 0x00, 0x00, 0x00, 0x30, 0x05, 0x00, 0x00, 0x00, 0x00, 0x00, 0x01, 0x00
    , 0x00, 0x00, 0x00, 0x7f, 0x03, 0x00, 0x00, 0x00, 0x00, 0xff, 0x01, 0x00
    , 0x00, 0x00, 0x00, 0xce, 0x01, 0x00, 0x00, 0x00, 0x00, 0x05, 0x04, 0x00
    , 0x00, 0x00, 0x00, 0x00, 0x01, 0x00, 0x00, 0x00, 0x00, 0x05, 0x01, 0x00
    , 0x00, 0x00, 0x00, 0xcf, 0x03, 0x00, 0x00, 0x00, 0x00, 0xff, 0x01, 0x00
    , 0x00, 0x00, 0x00, 0x7f, 0x05, 0x00, 0x00, 0x00, 0x00, 0xff, 0x01, 0x00
    , 0x00, 0x00, 0x00, 0x54, 0x04, 0x00, 0x00, 0x00, 0x00, 0x00, 0x01, 0x00
    , 0x00, 0x00, 0x00, 0x3d, 0x04, 0x00, 0x00, 0x00, 0x00, 0xff, 0x01, 0x00
    , 0x00, 0x00, 0x00, 0xe8, 0x05, 0x00, 0x00, 0x00, 0x00, 0x00, 0x01, 0x00
    , 0x00, 0x00, 0x00, 0x93, 0x04, 0x00, 0x00, 0x00, 0x00, 0xff, 0x01, 0x00
    , 0x00, 0x00, 0x00, 0x93, 0x05, 0x00, 0x00, 0x00, 0x00, 0x00, 0x01, 0x00
    , 0x00, 0x00, 0x00, 0xe8, 0x04, 0x00, 0x00, 0x00, 0x00, 0xff, 0x01, 0x00
    , 0x00, 0x00, 0x00, 0x3d, 0x04, 0x00, 0x00, 0x00, 0x00, 0x00, 0x01, 0x00
    , 0x00, 0x00, 0x00, 0x3d, 0x04, 0x00, 0x00, 0x00, 0x00, 0xff, 0x01, 0x00
    , 0x00, 0x00, 0x00, 0xe8, 0x05, 0x00, 0x00, 0x00, 0x00, 0xff, 0x01, 0x00
    , 0x00, 0x00, 0x00, 0x54, 0x04, 0x00, 0x00, 0x00, 0x00, 0x00, 0x01, 0x00
    , 0x00, 0x00, 0x00, 0x3d, 0x04, 0x00, 0x00, 0x00, 0x00, 0xff, 0x01, 0x00
    , 0x00, 0x00, 0x00, 0xe8, 0x05, 0x00, 0x00, 0x00, 0x00, 0x00, 0x01, 0x00
    , 0x00, 0x00, 0x00, 0x93, 0x04, 0x00, 0x00, 0x00, 0x00, 0xff, 0x01, 0x00
    , 0x00, 0x00, 0x00, 0x93, 0x05, 0x00, 0x00, 0x00, 0x00, 0x00, 0x01, 0x00
    , 0x00, 0x00, 0x00, 0xe8, 0x04, 0x00, 0x00, 0x00, 0x00, 0xff, 0x01, 0x00
    , 0x00, 0x00, 0x00, 0x3d, 0x04, 0x00, 0x00, 0x00, 0x00, 0x00, 0x01, 0x00
    , 0x00, 0x00, 0x00, 0x3d, 0x04, 0x00, 0x00, 0x00, 0x00, 0xff, 0x01, 0x00
    , 0x00, 0x00, 0x00, 0xe8, 0x05, 0x00, 0x00, 0x00, 0x00, 0xff, 0x01, 0x00
    , 0x00, 0x00, 0x00, 0x54, 0x04, 0x00, 0x00, 0x00, 0x00, 0x00, 0x01, 0x00
    , 0x00, 0x00, 0x00, 0x05, 0x01, 0x00, 0x00, 0x00, 0x00, 0xce, 0x03, 0x00
    , 0x00, 0x00, 0x00, 0xff, 0x01, 0x00, 0x00, 0x00, 0x00, 0x7f, 0x05, 0x00
    , 0x00, 0x00, 0x00, 0x00, 0x01, 0x00, 0x00, 0x00, 0x00, 0x30, 0x01, 0x00
    , 0x00, 0x00, 0x00, 0xf9, 0x02, 0x00, 0x00, 0x00, 0x00, 0xff, 0x01, 0x00
    , 0x00, 0x00, 0x00, 0xf9, 0x01, 0x00, 0x00, 0x00, 0x00, 0x30, 0x05, 0x00
    , 0x00, 0x00, 0x00, 0x00, 0x01, 0x00, 0x00, 0x00, 0x00, 0x7f, 0x03, 0x00
    , 0x00, 0x00, 0x00, 0xff, 0x01, 0x00, 0x00, 0x00, 0x00, 0xce, 0x01, 0x00
    , 0x00, 0x00, 0x00, 0x05, 0x04, 0x00, 0x00, 0x00, 0x00, 0x00, 0x01, 0x00
    , 0x00, 0x00, 0x00, 0x05, 0x01, 0x00, 0x00, 0x00, 0x00, 0xce, 0x03, 0x00
    , 0x00, 0x00, 0x00, 0xff, 0x01, 0x00, 0x00, 0x00, 0x00, 0x7f, 0x05, 0x00
    , 0x00, 0x00, 0x00, 0xff, 0x01, 0x00, 0x00, 0x00, 0x00, 0x54, 0x05, 0x00
    , 0x00, 0x00, 0x00, 0x00, 0x01, 0x00, 0x00, 0x00, 0x00, 0x0e, 0x01, 0x00
    , 0x00, 0x00, 0x00, 0x7e, 0x01, 0x00, 0x00, 0x00, 0x00, 0x9d, 0x01, 0x00
    , 0x00, 0x00, 0x00, 0x5b, 0x07, 0x00, 0x00, 0x00, 0x00, 0x00, 0x01, 0x00
    , 0x00, 0x00, 0x00, 0x30, 0x02, 0x00, 0x00, 0x00, 0x00, 0x93, 0x01, 0x00
    , 0x00, 0x00, 0x00, 0x30, 0x07, 0x00, 0x00, 0x00, 0x00, 0x00, 0x01, 0x00
    , 0x00, 0x00, 0x00, 0x5b, 0x01, 0x00, 0x00, 0x00, 0x00, 0x9d, 0x01, 0x00
    , 0x00, 0x00, 0x00, 0x7e, 0x01, 0x00, 0x00, 0x00, 0x00, 0x0e, 0x06, 0x00
    , 0x00, 0x00, 0x00, 0x00, 0x01, 0x00, 0x00, 0x00, 0x00, 0x0e, 0x01, 0x00
    , 0x00, 0x00, 0x00, 0x7e, 0x01, 0x00, 0x00, 0x00, 0x00, 0x9d, 0x01, 0x00
    , 0x00, 0x00, 0x00, 0x5b, 0x01, 0x00, 0x00, 0x00, 0x00, 0x00, 0x05, 0x00
    , 0x00, 0x00, 0x00, 0xff, 0x01, 0x00, 0x00, 0x00, 0x00, 0x54, 0x2a, 0x00
    , 0x00, 0x00, 0x00, 0x00, 0x05, 0x00, 0x00, 0x00, 0x00, 0xff, 0x01, 0x00
    , 0x00, 0x00, 0x00, 0x54, 0x2a, 0x00, 0x00, 0x00, 0x00, 0x00, 0x05, 0x00
    , 0x00, 0x00, 0x00, 0xff, 0x01, 0x00, 0x00, 0x00, 0x00, 0x54, 0x2a, 0x00
    , 0x00, 0x00, 0x00, 0x00, 0x05, 0x00, 0x00, 0x00, 0x00, 0xff, 0x01, 0x00
    , 0x00, 0x00, 0x00, 0x54, 0x2a, 0x00, 0x00, 0x00, 0x00, 0x00, 0x05, 0x00
    , 0x00, 0x00, 0x00, 0xff, 0x01, 0x00, 0x00, 0x00, 0x00, 0x54, 0x2a, 0x00
    , 0x00, 0x00, 0x00, 0x00, 0x05, 0x00, 0x00, 0x00, 0x00, 0xff, 0x01, 0x00
    , 0x00, 0x00, 0x00, 0x54, 0x10, 0x00, 0x00, 0x00, 0x00, 0x00, 0x01, 0x00
    , 0x00, 0x00, 0x00, 0x7f, 0x02, 0x00, 0x00, 0x00, 0x00, 0xe8, 0x01, 0x00
    , 0x00, 0x00, 0x00, 0x7f, 0x11, 0x00, 0x00, 0x00, 0x00, 0x00, 0x01, 0x00
    , 0x00, 0x00, 0x00, 0x42, 0x01, 0x00, 0x00, 0x00, 0x00, 0xd3, 0x01, 0x00
    , 0x00, 0x00, 0x00, 0xf3, 0x01, 0x00, 0x00, 0x00, 0x00, 0xb1, 0x01, 0x00
    , 0x00, 0x00, 0x00, 0x17, 0x05, 0x00, 0x00, 0x00, 0x00, 0xff, 0x01, 0x00
    , 0x00, 0x00, 0x00, 0x54, 0x0f, 0x00, 0x00, 0x00, 0x00, 0x00, 0x01, 0x00
    , 0x00, 0x00, 0x00, 0x5b, 0x04, 0x00, 0x00, 0x00, 0x00, 0xff, 0x01, 0x00
    , 0x00, 0x00, 0x00, 0x5b, 0x0f, 0x00, 0x00, 0x00, 0x00, 0x00, 0x01, 0x00
    , 0x00, 0x00, 0x00, 0x14, 0x01, 0x00, 0x00, 0x00, 0x00, 0xf1, 0x03, 0x00
    , 0x00, 0x00, 0x00, 0xff, 0x01, 0x00, 0x00, 0x00, 0x00, 0xb0, 0x05, 0x00
    , 0x00, 0x00, 0x00, 0xff, 0x01, 0x00, 0x00, 0x00, 0x00, 0x54, 0x0f, 0x00
    , 0x00, 0x00, 0x00, 0x00, 0x01, 0x00, 0x00, 0x00, 0x00, 0x9e, 0x04, 0x00
    , 0x00, 0x00, 0x00, 0xff, 0x01, 0x00, 0x00, 0x00, 0x00, 0x9d, 0x0f, 0x00
    , 0x00, 0x00, 0x00, 0x00, 0x01, 0x00, 0x00, 0x00, 0x00, 0x48, 0x04, 0x00
    , 0x00, 0x00, 0x00, 0xff, 0x01, 0x00, 0x00, 0x00, 0x00, 0xf2, 0x05, 0x00
    , 0x00, 0x00, 0x00, 0xff, 0x01, 0x00, 0x00, 0x00, 0x00, 0x54, 0x0f, 0x00
    , 0x00, 0x00, 0x00, 0x00, 0x01, 0x00, 0x00, 0x00, 0x00, 0x7e, 0x04, 0x00
    , 0x00, 0x00, 0x00, 0xff, 0x01, 0x00, 0x00, 0x00, 0x00, 0x7e, 0x0f, 0x00
    , 0x00, 0x00, 0x00, 0x00, 0x01, 0x00, 0x00, 0x00, 0x00, 0x29, 0x04, 0x00
    , 0x00, 0x00, 0x00, 0xff, 0x01, 0x00, 0x00, 0x00, 0x00, 0xd3, 0x05, 0x00
    , 0x00, 0x00, 0x00, 0xff, 0x01, 0x00, 0x00, 0x00, 0x00, 0x54, 0x0f, 0x00
    , 0x00, 0x00, 0x00, 0x00, 0x01, 0x00, 0x00, 0x00, 0x00, 0x0e, 0x01, 0x00
    , 0x00, 0x00, 0x00, 0xce, 0x02, 0x00, 0x00, 0x00, 0x00, 0xff, 0x01, 0x00
    , 0x00, 0x00, 0x00, 0xce, 0x01, 0x00, 0x00, 0x00, 0x00, 0x0e, 0x10, 0x00
    , 0x00, 0x00, 0x00, 0x00, 0x01, 0x00, 0x00, 0x00, 0x00, 0x88, 0x02, 0x00
    , 0x00, 0x00, 0x00, 0xff, 0x01, 0x00, 0x00, 0x00, 0x00, 0xf0, 0x01, 0x00
    , 0x00, 0x00, 0x00, 0x41, 0x05, 0x00, 0x00, 0x00, 0x00, 0xff, 0x01, 0x00
    , 0x00, 0x00, 0x00, 0x54, 0x10, 0x00, 0x00, 0x00, 0x00, 0x00, 0x01, 0x00
    , 0x00, 0x00, 0x00, 0x05, 0x02, 0x00, 0x00, 0x00, 0x00, 0x3d, 0x01, 0x00
    , 0x00, 0x00, 0x00, 0x05, 0x12, 0x00, 0x00, 0x00, 0x00, 0x00, 0x01, 0x00
    , 0x00, 0x00, 0x00, 0x28, 0x01, 0x00, 0x00, 0x00, 0x00, 0x47, 0x01, 0x00
    , 0x00, 0x00, 0x00, 0x14, 0x01, 0x00, 0x00, 0x00, 0x00, 0x00, 0x05, 0x00
    , 0x00, 0x00, 0x00, 0xff, 0x01, 0x00, 0x00, 0x00, 0x00, 0x54, 0x2a, 0x00
    , 0x00, 0x00, 0x00, 0x00, 0x05, 0x00, 0x00, 0x00, 0x00, 0xff, 0x01, 0x00
    , 0x00, 0x00, 0x00, 0x54, 0x2a, 0x00, 0x00, 0x00, 0x00, 0x00, 0x05, 0x00
    , 0x00, 0x00, 0x00, 0xff, 0x01, 0x00, 0x00, 0x00, 0x00, 0x54, 0x2a, 0x00
    , 0x00, 0x00, 0x00, 0x00, 0x05, 0x00, 0x00, 0x00, 0x00, 0xff, 0x01, 0x00
    , 0x00, 0x00, 0x00, 0x54, 0x2a, 0x00, 0x00, 0x00, 0x00, 0x00, 0x05, 0x00
    , 0x00, 0x00, 0x00, 0xff, 0x01, 0x00, 0x00, 0x00, 0x00, 0x54, 0x06, 0x00
    , 0x00, 0x00, 0x00, 0x00, 0x01, 0x00, 0x00, 0x00, 0x00, 0x29, 0x01, 0x00
    , 0x00, 0x00, 0x00, 0x48, 0x01, 0x00, 0x00, 0x00, 0x00, 0x14, 0x07, 0x00
    , 0x00, 0x00, 0x00, 0x00, 0x01, 0x00, 0x00, 0x00, 0x00, 0x05, 0x02, 0x00
    , 0x00, 0x00, 0x00, 0x3d, 0x01, 0x00, 0x00, 0x00, 0x00, 0x05, 0x07, 0x00
    , 0x00, 0x00, 0x00, 0x00, 0x01, 0x00, 0x00, 0x00, 0x00, 0x14, 0x01, 0x00
    , 0x00, 0x00, 0x00, 0x48, 0x01, 0x00, 0x00, 0x00, 0x00, 0x29, 0x08, 0x00
    , 0x00, 0x00, 0x00, 0x00, 0x01, 0x00, 0x00, 0x00, 0x00, 0x29, 0x01, 0x00
    , 0x00, 0x00, 0x00, 0x48, 0x01, 0x00, 0x00, 0x00, 0x00, 0x14, 0x01, 0x00
    , 0x00, 0x00, 0x00, 0x00, 0x05, 0x00, 0x00, 0x00, 0x00, 0xff, 0x01, 0x00
    , 0x00, 0x00, 0x00, 0x54, 0x05, 0x00, 0x00, 0x00, 0x00, 0x00, 0x01, 0x00
    , 0x00, 0x00, 0x00, 0x89, 0x02, 0x00, 0x00, 0x00, 0x00, 0xff, 0x01, 0x00
    , 0x00, 0x00, 0x00, 0xf1, 0x01, 0x00, 0x00, 0x00, 0x00, 0x41, 0x05, 0x00
    , 0x00, 0x00, 0x00, 0x00, 0x01, 0x00, 0x00, 0x00, 0x00, 0x0f, 0x01, 0x00
    , 0x00, 0x00, 0x00, 0xcf, 0x02, 0x00, 0x00, 0x00, 0x00, 0xff, 0x01, 0x00
    , 0x00, 0x00, 0x00, 0xce, 0x01, 0x00, 0x00, 0x00, 0x00, 0x0e, 0x05, 0x00
    , 0x00, 0x00, 0x00, 0x00, 0x01, 0x00, 0x00, 0x00, 0x00, 0x42, 0x01, 0x00
    , 0x00, 0x00, 0x00, 0xf1, 0x02, 0x00, 0x00, 0x00, 0x00, 0xff, 0x01, 0x00
    , 0x00, 0x00, 0x00, 0x88, 0x06, 0x00, 0x00, 0x00, 0x00, 0x00, 0x01, 0x00
    , 0x00, 0x00, 0x00, 0x89, 0x02, 0x00, 0x00, 0x00, 0x00, 0xff, 0x01, 0x00
    , 0x00, 0x00, 0x00, 0xf1, 0x01, 0x00, 0x00, 0x00, 0x00, 0x41, 0x05, 0x00
    , 0x00, 0x00, 0x00, 0xff, 0x01, 0x00, 0x00, 0x00, 0x00, 0x54, 0x04, 0x00
    , 0x00, 0x00, 0x00, 0x00, 0x01, 0x00, 0x00, 0x00, 0x00, 0x29, 0x04, 0x00
    , 0x00, 0x00, 0x00, 0xff, 0x01, 0x00, 0x00, 0x00, 0x00, 0xd3, 0x05, 0x00
    , 0x00, 0x00, 0x00, 0x00, 0x01, 0x00, 0x00, 0x00, 0x00, 0x7e, 0x04, 0x00
    , 0x00, 0x00, 0x00, 0xff, 0x01, 0x00, 0x00, 0x00, 0x00, 0x7e, 0x05, 0x00
    , 0x00, 0x00, 0x00, 0x00, 0x01, 0x00, 0x00, 0x00, 0x00, 0xd3, 0x04, 0x00
    , 0x00, 0x00, 0x00, 0xff, 0x01, 0x00, 0x00, 0x00, 0x00, 0x28, 0x04, 0x00
    , 0x00, 0x00, 0x00, 0x00, 0x01, 0x00, 0x00, 0x00, 0x00, 0x29, 0x04, 0x00
    , 0x00, 0x00, 0x00, 0xff, 0x01, 0x00, 0x00, 0x00, 0x00, 0xd3, 0x01, 0x00
    , 0x00, 0x00, 0x00, 0xf5, 0x04, 0x00, 0x00, 0x00, 0x00, 0xff, 0x01, 0x00
    , 0x00, 0x00, 0x00, 0x4a, 0x04, 0x00, 0x00, 0x00, 0x00, 0x00, 0x01, 0x00
    , 0x00, 0x00, 0x00, 0x48, 0x04, 0x00, 0x00, 0x00, 0x00, 0xff, 0x01, 0x00
    , 0x00, 0x00, 0x00, 0xf2, 0x05, 0x00, 0x00, 0x00, 0x00, 0x00, 0x01, 0x00
    , 0x00, 0x00, 0x00, 0x9e, 0x04, 0x00, 0x00, 0x00, 0x00, 0xff, 0x01, 0x00
    , 0x00, 0x00, 0x00, 0x9d, 0x05, 0x00, 0x00, 0x00, 0x00, 0x00, 0x01, 0x00
    , 0x00, 0x00, 0x00, 0xf3, 0x04, 0x00, 0x00, 0x00, 0x00, 0xff, 0x01, 0x00
    , 0x00, 0x00, 0x00, 0x47, 0x04, 0x00, 0x00, 0x00, 0x00, 0x00, 0x01, 0x00
    , 0x00, 0x00, 0x00, 0x48, 0x04, 0x00, 0x00, 0x00, 0x00, 0xff, 0x01, 0x00
    , 0x00, 0x00, 0x00, 0xf2, 0x01, 0x00, 0x00, 0x00, 0x00, 0xb1, 0x03, 0x00
    , 0x00, 0x00, 0x00, 0xff, 0x01, 0x00, 0x00, 0x00, 0x00, 0xf1, 0x01, 0x00
    , 0x00, 0x00, 0x00, 0x14, 0x04, 0x00, 0x00, 0x00, 0x00, 0x00, 0x01, 0x00
    , 0x00, 0x00, 0x00, 0x14, 0x01, 0x00, 0x00, 0x00, 0x00, 0xf1, 0x03, 0x00
    , 0x00, 0x00, 0x00, 0xff, 0x01, 0x00, 0x00, 0x00, 0x00, 0xb0, 0x05, 0x00
    , 0x00, 0x00, 0x00, 0x00, 0x01, 0x00, 0x00, 0x00, 0x00, 0x5b, 0x04, 0x00
    , 0x00, 0x00, 0x00, 0xff, 0x01, 0x00, 0x00, 0x00, 0x00, 0x5b, 0x05, 0x00
    , 0x00, 0x00, 0x00, 0x00, 0x01, 0x00, 0x00, 0x00, 0x00, 0xb1, 0x03, 0x00
    , 0x00, 0x00, 0x00, 0xff, 0x01, 0x00, 0x00, 0x00, 0x00, 0xf1, 0x01, 0x00
    , 0x00, 0x00, 0x00, 0x14, 0x04, 0x00, 0x00, 0x00, 0x00, 0x00, 0x01, 0x00
    , 0x00, 0x00, 0x00, 0x14, 0x01, 0x00, 0x00, 0x00, 0x00, 0xf1, 0x03, 0x00
    , 0x00, 0x00, 0x00, 0xff, 0x01, 0x00, 0x00, 0x00, 0x00, 0xb0, 0x01, 0x00
    , 0x00, 0x00, 0x00, 0x17, 0x01, 0x00, 0x00, 0x00, 0x00, 0xb0, 0x01, 0x00
    , 0x00, 0x00, 0x00, 0xf2, 0x01, 0x00, 0x00, 0x00, 0x00, 0xd3, 0x01, 0x00
    , 0x00, 0x00, 0x00, 0x41, 0x06, 0x00, 0x00, 0x00, 0x00, 0x00, 0x01, 0x00
    , 0x00, 0x00, 0x00, 0x41, 0x01, 0x00, 0x00, 0x00, 0x00, 0xd3, 0x01, 0x00
    , 0x00, 0x00, 0x00, 0xf2, 0x01, 0x00, 0x00, 0x00, 0x00, 0xb0, 0x01, 0x00
    , 0x00, 0x00, 0x00, 0x17, 0x06, 0x00, 0x00, 0x00, 0x00, 0x00, 0x01, 0x00
    , 0x00, 0x00, 0x00, 0x7f, 0x02, 0x00, 0x00, 0x00, 0x00, 0xe8, 0x01, 0x00
    , 0x00, 0x00, 0x00, 0x7f, 0x06, 0x00, 0x00, 0x00, 0x00, 0x00, 0x01, 0x00
    , 0x00, 0x00, 0x00, 0x17, 0x01, 0x00, 0x00, 0x00, 0x00, 0xb0, 0x01, 0x00
    , 0x00, 0x00, 0x00, 0xf2, 0x01, 0x00, 0x00, 0x00, 0x00, 0xd3, 0x01, 0x00
    , 0x00, 0x00, 0x00, 0x41, 0x06, 0x00, 0x00, 0x00, 0x00, 0x00, 0x01, 0x00
    , 0x00, 0x00, 0x00, 0x41, 0x01, 0x00, 0x00, 0x00, 0x00, 0xd3, 0x01, 0x00
    , 0x00, 0x00, 0x00, 0xf2, 0x01, 0x00, 0x00, 0x00, 0x00, 0xb0, 0x01, 0x00
    , 0x00, 0x00, 0x00, 0x17
};

inline Upp::Image ICON_EDITOR_BORDER_LEFT_48()
{
    return Upp::UiMakeIcon(DATA_EDITOR_BORDER_LEFT_48);
}

// Category: editor | Type: Outlined | Icon: border_right | Size: 48x48 | Format: UiMakeIcon RLE
static const unsigned char DATA_EDITOR_BORDER_RIGHT_48[] = {
    0x30, 0x80, 0x30, 0x00, 0x01, 0x00, 0x00, 0x00, 0x00, 0x17, 0x01, 0x00
    , 0x00, 0x00, 0x00, 0xb1, 0x01, 0x00, 0x00, 0x00, 0x00, 0xf3, 0x01, 0x00
    , 0x00, 0x00, 0x00, 0xd3, 0x01, 0x00, 0x00, 0x00, 0x00, 0x42, 0x06, 0x00
    , 0x00, 0x00, 0x00, 0x00, 0x01, 0x00, 0x00, 0x00, 0x00, 0x42, 0x01, 0x00
    , 0x00, 0x00, 0x00, 0xd3, 0x01, 0x00, 0x00, 0x00, 0x00, 0xf3, 0x01, 0x00
    , 0x00, 0x00, 0x00, 0xb1, 0x01, 0x00, 0x00, 0x00, 0x00, 0x17, 0x06, 0x00
    , 0x00, 0x00, 0x00, 0x00, 0x01, 0x00, 0x00, 0x00, 0x00, 0x7f, 0x02, 0x00
    , 0x00, 0x00, 0x00, 0xe8, 0x01, 0x00, 0x00, 0x00, 0x00, 0x7f, 0x06, 0x00
    , 0x00, 0x00, 0x00, 0x00, 0x01, 0x00, 0x00, 0x00, 0x00, 0x17, 0x01, 0x00
    , 0x00, 0x00, 0x00, 0xb1, 0x01, 0x00, 0x00, 0x00, 0x00, 0xf3, 0x01, 0x00
    , 0x00, 0x00, 0x00, 0xd3, 0x01, 0x00, 0x00, 0x00, 0x00, 0x42, 0x06, 0x00
    , 0x00, 0x00, 0x00, 0x00, 0x01, 0x00, 0x00, 0x00, 0x00, 0x42, 0x01, 0x00
    , 0x00, 0x00, 0x00, 0xd3, 0x01, 0x00, 0x00, 0x00, 0x00, 0xf3, 0x01, 0x00
    , 0x00, 0x00, 0x00, 0xb1, 0x01, 0x00, 0x00, 0x00, 0x00, 0x17, 0x01, 0x00
    , 0x00, 0x00, 0x00, 0xb1, 0x03, 0x00, 0x00, 0x00, 0x00, 0xff, 0x01, 0x00
    , 0x00, 0x00, 0x00, 0xf1, 0x01, 0x00, 0x00, 0x00, 0x00, 0x14, 0x04, 0x00
    , 0x00, 0x00, 0x00, 0x00, 0x01, 0x00, 0x00, 0x00, 0x00, 0x14, 0x01, 0x00
    , 0x00, 0x00, 0x00, 0xf1, 0x03, 0x00, 0x00, 0x00, 0x00, 0xff, 0x01, 0x00
    , 0x00, 0x00, 0x00, 0xb0, 0x05, 0x00, 0x00, 0x00, 0x00, 0x00, 0x01, 0x00
    , 0x00, 0x00, 0x00, 0x5b, 0x04, 0x00, 0x00, 0x00, 0x00, 0xff, 0x01, 0x00
    , 0x00, 0x00, 0x00, 0x5b, 0x05, 0x00, 0x00, 0x00, 0x00, 0x00, 0x01, 0x00
    , 0x00, 0x00, 0x00, 0xb1, 0x03, 0x00, 0x00, 0x00, 0x00, 0xff, 0x01, 0x00
    , 0x00, 0x00, 0x00, 0xf1, 0x01, 0x00, 0x00, 0x00, 0x00, 0x14, 0x04, 0x00
    , 0x00, 0x00, 0x00, 0x00, 0x01, 0x00, 0x00, 0x00, 0x00, 0x14, 0x01, 0x00
    , 0x00, 0x00, 0x00, 0xf1, 0x03, 0x00, 0x00, 0x00, 0x00, 0xff, 0x01, 0x00
    , 0x00, 0x00, 0x00, 0xb0, 0x01, 0x00, 0x00, 0x00, 0x00, 0xf3, 0x04, 0x00
    , 0x00, 0x00, 0x00, 0xff, 0x01, 0x00, 0x00, 0x00, 0x00, 0x47, 0x04, 0x00
    , 0x00, 0x00, 0x00, 0x00, 0x01, 0x00, 0x00, 0x00, 0x00, 0x48, 0x04, 0x00
    , 0x00, 0x00, 0x00, 0xff, 0x01, 0x00, 0x00, 0x00, 0x00, 0xf2, 0x05, 0x00
    , 0x00, 0x00, 0x00, 0x00, 0x01, 0x00, 0x00, 0x00, 0x00, 0x9e, 0x04, 0x00
    , 0x00, 0x00, 0x00, 0xff, 0x01, 0x00, 0x00, 0x00, 0x00, 0x9d, 0x05, 0x00
    , 0x00, 0x00, 0x00, 0x00, 0x01, 0x00, 0x00, 0x00, 0x00, 0xf3, 0x04, 0x00
    , 0x00, 0x00, 0x00, 0xff, 0x01, 0x00, 0x00, 0x00, 0x00, 0x47, 0x04, 0x00
    , 0x00, 0x00, 0x00, 0x00, 0x01, 0x00, 0x00, 0x00, 0x00, 0x4a, 0x04, 0x00
    , 0x00, 0x00, 0x00, 0xff, 0x01, 0x00, 0x00, 0x00, 0x00, 0xf5, 0x01, 0x00
    , 0x00, 0x00, 0x00, 0xd3, 0x04, 0x00, 0x00, 0x00, 0x00, 0xff, 0x01, 0x00
    , 0x00, 0x00, 0x00, 0x28, 0x04, 0x00, 0x00, 0x00, 0x00, 0x00, 0x01, 0x00
    , 0x00, 0x00, 0x00, 0x29, 0x04, 0x00, 0x00, 0x00, 0x00, 0xff, 0x01, 0x00
    , 0x00, 0x00, 0x00, 0xd3, 0x05, 0x00, 0x00, 0x00, 0x00, 0x00, 0x01, 0x00
    , 0x00, 0x00, 0x00, 0x7e, 0x04, 0x00, 0x00, 0x00, 0x00, 0xff, 0x01, 0x00
    , 0x00, 0x00, 0x00, 0x7e, 0x05, 0x00, 0x00, 0x00, 0x00, 0x00, 0x01, 0x00
    , 0x00, 0x00, 0x00, 0xd3, 0x04, 0x00, 0x00, 0x00, 0x00, 0xff, 0x01, 0x00
    , 0x00, 0x00, 0x00, 0x28, 0x04, 0x00, 0x00, 0x00, 0x00, 0x00, 0x01, 0x00
    , 0x00, 0x00, 0x00, 0x54, 0x05, 0x00, 0x00, 0x00, 0x00, 0xff, 0x01, 0x00
    , 0x00, 0x00, 0x00, 0x42, 0x01, 0x00, 0x00, 0x00, 0x00, 0xf1, 0x02, 0x00
    , 0x00, 0x00, 0x00, 0xff, 0x01, 0x00, 0x00, 0x00, 0x00, 0x88, 0x06, 0x00
    , 0x00, 0x00, 0x00, 0x00, 0x01, 0x00, 0x00, 0x00, 0x00, 0x88, 0x02, 0x00
    , 0x00, 0x00, 0x00, 0xff, 0x01, 0x00, 0x00, 0x00, 0x00, 0xf0, 0x01, 0x00
    , 0x00, 0x00, 0x00, 0x41, 0x05, 0x00, 0x00, 0x00, 0x00, 0x00, 0x01, 0x00
    , 0x00, 0x00, 0x00, 0x0e, 0x01, 0x00, 0x00, 0x00, 0x00, 0xce, 0x02, 0x00
    , 0x00, 0x00, 0x00, 0xff, 0x01, 0x00, 0x00, 0x00, 0x00, 0xce, 0x01, 0x00
    , 0x00, 0x00, 0x00, 0x0e, 0x05, 0x00, 0x00, 0x00, 0x00, 0x00, 0x01, 0x00
    , 0x00, 0x00, 0x00, 0x42, 0x01, 0x00, 0x00, 0x00, 0x00, 0xf1, 0x02, 0x00
    , 0x00, 0x00, 0x00, 0xff, 0x01, 0x00, 0x00, 0x00, 0x00, 0x88, 0x05, 0x00
    , 0x00, 0x00, 0x00, 0x00, 0x01, 0x00, 0x00, 0x00, 0x00, 0x54, 0x05, 0x00
    , 0x00, 0x00, 0x00, 0xff, 0x01, 0x00, 0x00, 0x00, 0x00, 0x00, 0x01, 0x00
    , 0x00, 0x00, 0x00, 0x14, 0x01, 0x00, 0x00, 0x00, 0x00, 0x47, 0x01, 0x00
    , 0x00, 0x00, 0x00, 0x28, 0x08, 0x00, 0x00, 0x00, 0x00, 0x00, 0x01, 0x00
    , 0x00, 0x00, 0x00, 0x28, 0x01, 0x00, 0x00, 0x00, 0x00, 0x47, 0x01, 0x00
    , 0x00, 0x00, 0x00, 0x14, 0x07, 0x00, 0x00, 0x00, 0x00, 0x00, 0x01, 0x00
    , 0x00, 0x00, 0x00, 0x05, 0x02, 0x00, 0x00, 0x00, 0x00, 0x3d, 0x01, 0x00
    , 0x00, 0x00, 0x00, 0x05, 0x07, 0x00, 0x00, 0x00, 0x00, 0x00, 0x01, 0x00
    , 0x00, 0x00, 0x00, 0x14, 0x01, 0x00, 0x00, 0x00, 0x00, 0x47, 0x01, 0x00
    , 0x00, 0x00, 0x00, 0x28, 0x06, 0x00, 0x00, 0x00, 0x00, 0x00, 0x01, 0x00
    , 0x00, 0x00, 0x00, 0x54, 0x05, 0x00, 0x00, 0x00, 0x00, 0xff, 0x2a, 0x00
    , 0x00, 0x00, 0x00, 0x00, 0x01, 0x00, 0x00, 0x00, 0x00, 0x54, 0x05, 0x00
    , 0x00, 0x00, 0x00, 0xff, 0x2a, 0x00, 0x00, 0x00, 0x00, 0x00, 0x01, 0x00
    , 0x00, 0x00, 0x00, 0x54, 0x05, 0x00, 0x00, 0x00, 0x00, 0xff, 0x2a, 0x00
    , 0x00, 0x00, 0x00, 0x00, 0x01, 0x00, 0x00, 0x00, 0x00, 0x54, 0x05, 0x00
    , 0x00, 0x00, 0x00, 0xff, 0x2a, 0x00, 0x00, 0x00, 0x00, 0x00, 0x01, 0x00
    , 0x00, 0x00, 0x00, 0x54, 0x05, 0x00, 0x00, 0x00, 0x00, 0xff, 0x01, 0x00
    , 0x00, 0x00, 0x00, 0x00, 0x01, 0x00, 0x00, 0x00, 0x00, 0x14, 0x01, 0x00
    , 0x00, 0x00, 0x00, 0x48, 0x01, 0x00, 0x00, 0x00, 0x00, 0x29, 0x12, 0x00
    , 0x00, 0x00, 0x00, 0x00, 0x01, 0x00, 0x00, 0x00, 0x00, 0x05, 0x02, 0x00
    , 0x00, 0x00, 0x00, 0x3d, 0x01, 0x00, 0x00, 0x00, 0x00, 0x05, 0x10, 0x00
    , 0x00, 0x00, 0x00, 0x00, 0x01, 0x00, 0x00, 0x00, 0x00, 0x54, 0x05, 0x00
    , 0x00, 0x00, 0x00, 0xff, 0x01, 0x00, 0x00, 0x00, 0x00, 0x42, 0x01, 0x00
    , 0x00, 0x00, 0x00, 0xf1, 0x02, 0x00, 0x00, 0x00, 0x00, 0xff, 0x01, 0x00
    , 0x00, 0x00, 0x00, 0x88, 0x10, 0x00, 0x00, 0x00, 0x00, 0x00, 0x01, 0x00
    , 0x00, 0x00, 0x00, 0x0f, 0x01, 0x00, 0x00, 0x00, 0x00, 0xcf, 0x02, 0x00
    , 0x00, 0x00, 0x00, 0xff, 0x01, 0x00, 0x00, 0x00, 0x00, 0xce, 0x01, 0x00
    , 0x00, 0x00, 0x00, 0x0e, 0x0f, 0x00, 0x00, 0x00, 0x00, 0x00, 0x01, 0x00
    , 0x00, 0x00, 0x00, 0x54, 0x05, 0x00, 0x00, 0x00, 0x00, 0xff, 0x01, 0x00
    , 0x00, 0x00, 0x00, 0xd3, 0x04, 0x00, 0x00, 0x00, 0x00, 0xff, 0x01, 0x00
    , 0x00, 0x00, 0x00, 0x28, 0x0f, 0x00, 0x00, 0x00, 0x00, 0x00, 0x01, 0x00
    , 0x00, 0x00, 0x00, 0x7e, 0x04, 0x00, 0x00, 0x00, 0x00, 0xff, 0x01, 0x00
    , 0x00, 0x00, 0x00, 0x7e, 0x0f, 0x00, 0x00, 0x00, 0x00, 0x00, 0x01, 0x00
    , 0x00, 0x00, 0x00, 0x54, 0x05, 0x00, 0x00, 0x00, 0x00, 0xff, 0x01, 0x00
    , 0x00, 0x00, 0x00, 0xf3, 0x04, 0x00, 0x00, 0x00, 0x00, 0xff, 0x01, 0x00
    , 0x00, 0x00, 0x00, 0x47, 0x0f, 0x00, 0x00, 0x00, 0x00, 0x00, 0x01, 0x00
    , 0x00, 0x00, 0x00, 0x9e, 0x04, 0x00, 0x00, 0x00, 0x00, 0xff, 0x01, 0x00
    , 0x00, 0x00, 0x00, 0x9d, 0x0f, 0x00, 0x00, 0x00, 0x00, 0x00, 0x01, 0x00
    , 0x00, 0x00, 0x00, 0x54, 0x05, 0x00, 0x00, 0x00, 0x00, 0xff, 0x01, 0x00
    , 0x00, 0x00, 0x00, 0xb1, 0x03, 0x00, 0x00, 0x00, 0x00, 0xff, 0x01, 0x00
    , 0x00, 0x00, 0x00, 0xf1, 0x01, 0x00, 0x00, 0x00, 0x00, 0x14, 0x0f, 0x00
    , 0x00, 0x00, 0x00, 0x00, 0x01, 0x00, 0x00, 0x00, 0x00, 0x5b, 0x04, 0x00
    , 0x00, 0x00, 0x00, 0xff, 0x01, 0x00, 0x00, 0x00, 0x00, 0x5b, 0x0f, 0x00
    , 0x00, 0x00, 0x00, 0x00, 0x01, 0x00, 0x00, 0x00, 0x00, 0x54, 0x05, 0x00
    , 0x00, 0x00, 0x00, 0xff, 0x01, 0x00, 0x00, 0x00, 0x00, 0x17, 0x01, 0x00
    , 0x00, 0x00, 0x00, 0xb0, 0x01, 0x00, 0x00, 0x00, 0x00, 0xf2, 0x01, 0x00
    , 0x00, 0x00, 0x00, 0xd3, 0x01, 0x00, 0x00, 0x00, 0x00, 0x41, 0x11, 0x00
    , 0x00, 0x00, 0x00, 0x00, 0x01, 0x00, 0x00, 0x00, 0x00, 0x7f, 0x02, 0x00
    , 0x00, 0x00, 0x00, 0xe8, 0x01, 0x00, 0x00, 0x00, 0x00, 0x7f, 0x10, 0x00
    , 0x00, 0x00, 0x00, 0x00, 0x01, 0x00, 0x00, 0x00, 0x00, 0x54, 0x05, 0x00
    , 0x00, 0x00, 0x00, 0xff, 0x2a, 0x00, 0x00, 0x00, 0x00, 0x00, 0x01, 0x00
    , 0x00, 0x00, 0x00, 0x54, 0x05, 0x00, 0x00, 0x00, 0x00, 0xff, 0x2a, 0x00
    , 0x00, 0x00, 0x00, 0x00, 0x01, 0x00, 0x00, 0x00, 0x00, 0x54, 0x05, 0x00
    , 0x00, 0x00, 0x00, 0xff, 0x2a, 0x00, 0x00, 0x00, 0x00, 0x00, 0x01, 0x00
    , 0x00, 0x00, 0x00, 0x54, 0x05, 0x00, 0x00, 0x00, 0x00, 0xff, 0x2a, 0x00
    , 0x00, 0x00, 0x00, 0x00, 0x01, 0x00, 0x00, 0x00, 0x00, 0x54, 0x05, 0x00
    , 0x00, 0x00, 0x00, 0xff, 0x2a, 0x00, 0x00, 0x00, 0x00, 0x00, 0x01, 0x00
    , 0x00, 0x00, 0x00, 0x54, 0x05, 0x00, 0x00, 0x00, 0x00, 0xff, 0x01, 0x00
    , 0x00, 0x00, 0x00, 0x00, 0x01, 0x00, 0x00, 0x00, 0x00, 0x5b, 0x01, 0x00
    , 0x00, 0x00, 0x00, 0x9e, 0x01, 0x00, 0x00, 0x00, 0x00, 0x7e, 0x01, 0x00
    , 0x00, 0x00, 0x00, 0x0e, 0x06, 0x00, 0x00, 0x00, 0x00, 0x00, 0x01, 0x00
    , 0x00, 0x00, 0x00, 0x0f, 0x01, 0x00, 0x00, 0x00, 0x00, 0x7e, 0x01, 0x00
    , 0x00, 0x00, 0x00, 0x9e, 0x01, 0x00, 0x00, 0x00, 0x00, 0x5b, 0x07, 0x00
    , 0x00, 0x00, 0x00, 0x00, 0x01, 0x00, 0x00, 0x00, 0x00, 0x30, 0x02, 0x00
    , 0x00, 0x00, 0x00, 0x93, 0x01, 0x00, 0x00, 0x00, 0x00, 0x30, 0x07, 0x00
    , 0x00, 0x00, 0x00, 0x00, 0x01, 0x00, 0x00, 0x00, 0x00, 0x5b, 0x01, 0x00
    , 0x00, 0x00, 0x00, 0x9e, 0x01, 0x00, 0x00, 0x00, 0x00, 0x7e, 0x01, 0x00
    , 0x00, 0x00, 0x00, 0x0e, 0x05, 0x00, 0x00, 0x00, 0x00, 0x00, 0x01, 0x00
    , 0x00, 0x00, 0x00, 0x54, 0x05, 0x00, 0x00, 0x00, 0x00, 0xff, 0x01, 0x00
    , 0x00, 0x00, 0x00, 0x7f, 0x03, 0x00, 0x00, 0x00, 0x00, 0xff, 0x01, 0x00
    , 0x00, 0x00, 0x00, 0xce, 0x01, 0x00, 0x00, 0x00, 0x00, 0x05, 0x04, 0x00
    , 0x00, 0x00, 0x00, 0x00, 0x01, 0x00, 0x00, 0x00, 0x00, 0x05, 0x01, 0x00
    , 0x00, 0x00, 0x00, 0xcf, 0x03, 0x00, 0x00, 0x00, 0x00, 0xff, 0x01, 0x00
    , 0x00, 0x00, 0x00, 0x7f, 0x05, 0x00, 0x00, 0x00, 0x00, 0x00, 0x01, 0x00
    , 0x00, 0x00, 0x00, 0x30, 0x01, 0x00, 0x00, 0x00, 0x00, 0xf9, 0x02, 0x00
    , 0x00, 0x00, 0x00, 0xff, 0x01, 0x00, 0x00, 0x00, 0x00, 0xf9, 0x01, 0x00
    , 0x00, 0x00, 0x00, 0x30, 0x05, 0x00, 0x00, 0x00, 0x00, 0x00, 0x01, 0x00
    , 0x00, 0x00, 0x00, 0x7f, 0x03, 0x00, 0x00, 0x00, 0x00, 0xff, 0x01, 0x00
    , 0x00, 0x00, 0x00, 0xce, 0x01, 0x00, 0x00, 0x00, 0x00, 0x05, 0x04, 0x00
    , 0x00, 0x00, 0x00, 0x00, 0x01, 0x00, 0x00, 0x00, 0x00, 0x54, 0x05, 0x00
    , 0x00, 0x00, 0x00, 0xff, 0x01, 0x00, 0x00, 0x00, 0x00, 0xe8, 0x04, 0x00
    , 0x00, 0x00, 0x00, 0xff, 0x01, 0x00, 0x00, 0x00, 0x00, 0x3d, 0x04, 0x00
    , 0x00, 0x00, 0x00, 0x00, 0x01, 0x00, 0x00, 0x00, 0x00, 0x3d, 0x04, 0x00
    , 0x00, 0x00, 0x00, 0xff, 0x01, 0x00, 0x00, 0x00, 0x00, 0xe8, 0x05, 0x00
    , 0x00, 0x00, 0x00, 0x00, 0x01, 0x00, 0x00, 0x00, 0x00, 0x93, 0x04, 0x00
    , 0x00, 0x00, 0x00, 0xff, 0x01, 0x00, 0x00, 0x00, 0x00, 0x93, 0x05, 0x00
    , 0x00, 0x00, 0x00, 0x00, 0x01, 0x00, 0x00, 0x00, 0x00, 0xe8, 0x04, 0x00
    , 0x00, 0x00, 0x00, 0xff, 0x01, 0x00, 0x00, 0x00, 0x00, 0x3d, 0x04, 0x00
    , 0x00, 0x00, 0x00, 0x00, 0x01, 0x00, 0x00, 0x00, 0x00, 0x54, 0x05, 0x00
    , 0x00, 0x00, 0x00, 0xff, 0x01, 0x00, 0x00, 0x00, 0x00, 0xe8, 0x04, 0x00
    , 0x00, 0x00, 0x00, 0xff, 0x01, 0x00, 0x00, 0x00, 0x00, 0x3d, 0x04, 0x00
    , 0x00, 0x00, 0x00, 0x00, 0x01, 0x00, 0x00, 0x00, 0x00, 0x3d, 0x04, 0x00
    , 0x00, 0x00, 0x00, 0xff, 0x01, 0x00, 0x00, 0x00, 0x00, 0xe8, 0x05, 0x00
    , 0x00, 0x00, 0x00, 0x00, 0x01, 0x00, 0x00, 0x00, 0x00, 0x93, 0x04, 0x00
    , 0x00, 0x00, 0x00, 0xff, 0x01, 0x00, 0x00, 0x00, 0x00, 0x93, 0x05, 0x00
    , 0x00, 0x00, 0x00, 0x00, 0x01, 0x00, 0x00, 0x00, 0x00, 0xe8, 0x04, 0x00
    , 0x00, 0x00, 0x00, 0xff, 0x01, 0x00, 0x00, 0x00, 0x00, 0x3d, 0x04, 0x00
    , 0x00, 0x00, 0x00, 0x00, 0x01, 0x00, 0x00, 0x00, 0x00, 0x54, 0x05, 0x00
    , 0x00, 0x00, 0x00, 0xff, 0x01, 0x00, 0x00, 0x00, 0x00, 0x7f, 0x03, 0x00
    , 0x00, 0x00, 0x00, 0xff, 0x01, 0x00, 0x00, 0x00, 0x00, 0xce, 0x01, 0x00
    , 0x00, 0x00, 0x00, 0x05, 0x04, 0x00, 0x00, 0x00, 0x00, 0x00, 0x01, 0x00
    , 0x00, 0x00, 0x00, 0x05, 0x01, 0x00, 0x00, 0x00, 0x00, 0xce, 0x03, 0x00
    , 0x00, 0x00, 0x00, 0xff, 0x01, 0x00, 0x00, 0x00, 0x00, 0x7f, 0x05, 0x00
    , 0x00, 0x00, 0x00, 0x00, 0x01, 0x00, 0x00, 0x00, 0x00, 0x30, 0x01, 0x00
    , 0x00, 0x00, 0x00, 0xf9, 0x02, 0x00, 0x00, 0x00, 0x00, 0xff, 0x01, 0x00
    , 0x00, 0x00, 0x00, 0xf9, 0x01, 0x00, 0x00, 0x00, 0x00, 0x30, 0x05, 0x00
    , 0x00, 0x00, 0x00, 0x00, 0x01, 0x00, 0x00, 0x00, 0x00, 0x7f, 0x03, 0x00
    , 0x00, 0x00, 0x00, 0xff, 0x01, 0x00, 0x00, 0x00, 0x00, 0xce, 0x01, 0x00
    , 0x00, 0x00, 0x00, 0x05, 0x04, 0x00, 0x00, 0x00, 0x00, 0x00, 0x01, 0x00
    , 0x00, 0x00, 0x00, 0x54, 0x05, 0x00, 0x00, 0x00, 0x00, 0xff, 0x01, 0x00
    , 0x00, 0x00, 0x00, 0x00, 0x01, 0x00, 0x00, 0x00, 0x00, 0x5b, 0x01, 0x00
    , 0x00, 0x00, 0x00, 0x9d, 0x01, 0x00, 0x00, 0x00, 0x00, 0x7e, 0x01, 0x00
    , 0x00, 0x00, 0x00, 0x0e, 0x06, 0x00, 0x00, 0x00, 0x00, 0x00, 0x01, 0x00
    , 0x00, 0x00, 0x00, 0x0e, 0x01, 0x00, 0x00, 0x00, 0x00, 0x7e, 0x01, 0x00
    , 0x00, 0x00, 0x00, 0x9d, 0x01, 0x00, 0x00, 0x00, 0x00, 0x5b, 0x07, 0x00
    , 0x00, 0x00, 0x00, 0x00, 0x01, 0x00, 0x00, 0x00, 0x00, 0x30, 0x02, 0x00
    , 0x00, 0x00, 0x00, 0x93, 0x01, 0x00, 0x00, 0x00, 0x00, 0x30, 0x07, 0x00
    , 0x00, 0x00, 0x00, 0x00, 0x01, 0x00, 0x00, 0x00, 0x00, 0x5b, 0x01, 0x00
    , 0x00, 0x00, 0x00, 0x9d, 0x01, 0x00, 0x00, 0x00, 0x00, 0x7e, 0x01, 0x00
    , 0x00, 0x00, 0x00, 0x0e, 0x05, 0x00, 0x00, 0x00, 0x00, 0x00, 0x01, 0x00
    , 0x00, 0x00, 0x00, 0x54, 0x05, 0x00, 0x00, 0x00, 0x00, 0xff, 0x2a, 0x00
    , 0x00, 0x00, 0x00, 0x00, 0x01, 0x00, 0x00, 0x00, 0x00, 0x54, 0x05, 0x00
    , 0x00, 0x00, 0x00, 0xff, 0x2a, 0x00, 0x00, 0x00, 0x00, 0x00, 0x01, 0x00
    , 0x00, 0x00, 0x00, 0x54, 0x05, 0x00, 0x00, 0x00, 0x00, 0xff, 0x2a, 0x00
    , 0x00, 0x00, 0x00, 0x00, 0x01, 0x00, 0x00, 0x00, 0x00, 0x54, 0x05, 0x00
    , 0x00, 0x00, 0x00, 0xff, 0x2a, 0x00, 0x00, 0x00, 0x00, 0x00, 0x01, 0x00
    , 0x00, 0x00, 0x00, 0x54, 0x05, 0x00, 0x00, 0x00, 0x00, 0xff, 0x2a, 0x00
    , 0x00, 0x00, 0x00, 0x00, 0x01, 0x00, 0x00, 0x00, 0x00, 0x54, 0x05, 0x00
    , 0x00, 0x00, 0x00, 0xff, 0x01, 0x00, 0x00, 0x00, 0x00, 0x17, 0x01, 0x00
    , 0x00, 0x00, 0x00, 0xb1, 0x01, 0x00, 0x00, 0x00, 0x00, 0xf3, 0x01, 0x00
    , 0x00, 0x00, 0x00, 0xd3, 0x01, 0x00, 0x00, 0x00, 0x00, 0x42, 0x11, 0x00
    , 0x00, 0x00, 0x00, 0x00, 0x01, 0x00, 0x00, 0x00, 0x00, 0x7f, 0x02, 0x00
    , 0x00, 0x00, 0x00, 0xe8, 0x01, 0x00, 0x00, 0x00, 0x00, 0x7f, 0x10, 0x00
    , 0x00, 0x00, 0x00, 0x00, 0x01, 0x00, 0x00, 0x00, 0x00, 0x54, 0x05, 0x00
    , 0x00, 0x00, 0x00, 0xff, 0x01, 0x00, 0x00, 0x00, 0x00, 0xb1, 0x03, 0x00
    , 0x00, 0x00, 0x00, 0xff, 0x01, 0x00, 0x00, 0x00, 0x00, 0xf1, 0x01, 0x00
    , 0x00, 0x00, 0x00, 0x14, 0x0f, 0x00, 0x00, 0x00, 0x00, 0x00, 0x01, 0x00
    , 0x00, 0x00, 0x00, 0x5b, 0x04, 0x00, 0x00, 0x00, 0x00, 0xff, 0x01, 0x00
    , 0x00, 0x00, 0x00, 0x5b, 0x0f, 0x00, 0x00, 0x00, 0x00, 0x00, 0x01, 0x00
    , 0x00, 0x00, 0x00, 0x54, 0x05, 0x00, 0x00, 0x00, 0x00, 0xff, 0x01, 0x00
    , 0x00, 0x00, 0x00, 0xf3, 0x04, 0x00, 0x00, 0x00, 0x00, 0xff, 0x01, 0x00
    , 0x00, 0x00, 0x00, 0x47, 0x0f, 0x00, 0x00, 0x00, 0x00, 0x00, 0x01, 0x00
    , 0x00, 0x00, 0x00, 0x9e, 0x04, 0x00, 0x00, 0x00, 0x00, 0xff, 0x01, 0x00
    , 0x00, 0x00, 0x00, 0x9d, 0x0f, 0x00, 0x00, 0x00, 0x00, 0x00, 0x01, 0x00
    , 0x00, 0x00, 0x00, 0x54, 0x05, 0x00, 0x00, 0x00, 0x00, 0xff, 0x01, 0x00
    , 0x00, 0x00, 0x00, 0xd3, 0x04, 0x00, 0x00, 0x00, 0x00, 0xff, 0x01, 0x00
    , 0x00, 0x00, 0x00, 0x28, 0x0f, 0x00, 0x00, 0x00, 0x00, 0x00, 0x01, 0x00
    , 0x00, 0x00, 0x00, 0x7e, 0x04, 0x00, 0x00, 0x00, 0x00, 0xff, 0x01, 0x00
    , 0x00, 0x00, 0x00, 0x7e, 0x0f, 0x00, 0x00, 0x00, 0x00, 0x00, 0x01, 0x00
    , 0x00, 0x00, 0x00, 0x54, 0x05, 0x00, 0x00, 0x00, 0x00, 0xff, 0x01, 0x00
    , 0x00, 0x00, 0x00, 0x42, 0x01, 0x00, 0x00, 0x00, 0x00, 0xf1, 0x02, 0x00
    , 0x00, 0x00, 0x00, 0xff, 0x01, 0x00, 0x00, 0x00, 0x00, 0x88, 0x10, 0x00
    , 0x00, 0x00, 0x00, 0x00, 0x01, 0x00, 0x00, 0x00, 0x00, 0x0e, 0x01, 0x00
    , 0x00, 0x00, 0x00, 0xce, 0x02, 0x00, 0x00, 0x00, 0x00, 0xff, 0x01, 0x00
    , 0x00, 0x00, 0x00, 0xce, 0x01, 0x00, 0x00, 0x00, 0x00, 0x0e, 0x0f, 0x00
    , 0x00, 0x00, 0x00, 0x00, 0x01, 0x00, 0x00, 0x00, 0x00, 0x54, 0x05, 0x00
    , 0x00, 0x00, 0x00, 0xff, 0x01, 0x00, 0x00, 0x00, 0x00, 0x00, 0x01, 0x00
    , 0x00, 0x00, 0x00, 0x14, 0x01, 0x00, 0x00, 0x00, 0x00, 0x47, 0x01, 0x00
    , 0x00, 0x00, 0x00, 0x28, 0x12, 0x00, 0x00, 0x00, 0x00, 0x00, 0x01, 0x00
    , 0x00, 0x00, 0x00, 0x05, 0x02, 0x00, 0x00, 0x00, 0x00, 0x3d, 0x01, 0x00
    , 0x00, 0x00, 0x00, 0x05, 0x10, 0x00, 0x00, 0x00, 0x00, 0x00, 0x01, 0x00
    , 0x00, 0x00, 0x00, 0x54, 0x05, 0x00, 0x00, 0x00, 0x00, 0xff, 0x2a, 0x00
    , 0x00, 0x00, 0x00, 0x00, 0x01, 0x00, 0x00, 0x00, 0x00, 0x54, 0x05, 0x00
    , 0x00, 0x00, 0x00, 0xff, 0x2a, 0x00, 0x00, 0x00, 0x00, 0x00, 0x01, 0x00
    , 0x00, 0x00, 0x00, 0x54, 0x05, 0x00, 0x00, 0x00, 0x00, 0xff, 0x2a, 0x00
    , 0x00, 0x00, 0x00, 0x00, 0x01, 0x00, 0x00, 0x00, 0x00, 0x54, 0x05, 0x00
    , 0x00, 0x00, 0x00, 0xff, 0x2a, 0x00, 0x00, 0x00, 0x00, 0x00, 0x01, 0x00
    , 0x00, 0x00, 0x00, 0x54, 0x05, 0x00, 0x00, 0x00, 0x00, 0xff, 0x01, 0x00
    , 0x00, 0x00, 0x00, 0x00, 0x01, 0x00, 0x00, 0x00, 0x00, 0x14, 0x01, 0x00
    , 0x00, 0x00, 0x00, 0x48, 0x01, 0x00, 0x00, 0x00, 0x00, 0x29, 0x08, 0x00
    , 0x00, 0x00, 0x00, 0x00, 0x01, 0x00, 0x00, 0x00, 0x00, 0x29, 0x01, 0x00
    , 0x00, 0x00, 0x00, 0x48, 0x01, 0x00, 0x00, 0x00, 0x00, 0x14, 0x07, 0x00
    , 0x00, 0x00, 0x00, 0x00, 0x01, 0x00, 0x00, 0x00, 0x00, 0x05, 0x02, 0x00
    , 0x00, 0x00, 0x00, 0x3d, 0x01, 0x00, 0x00, 0x00, 0x00, 0x05, 0x07, 0x00
    , 0x00, 0x00, 0x00, 0x00, 0x01, 0x00, 0x00, 0x00, 0x00, 0x14, 0x01, 0x00
    , 0x00, 0x00, 0x00, 0x48, 0x01, 0x00, 0x00, 0x00, 0x00, 0x29, 0x06, 0x00
    , 0x00, 0x00, 0x00, 0x00, 0x01, 0x00, 0x00, 0x00, 0x00, 0x54, 0x05, 0x00
    , 0x00, 0x00, 0x00, 0xff, 0x01, 0x00, 0x00, 0x00, 0x00, 0x42, 0x01, 0x00
    , 0x00, 0x00, 0x00, 0xf1, 0x02, 0x00, 0x00, 0x00, 0x00, 0xff, 0x01, 0x00
    , 0x00, 0x00, 0x00, 0x88, 0x06, 0x00, 0x00, 0x00, 0x00, 0x00, 0x01, 0x00
    , 0x00, 0x00, 0x00, 0x89, 0x02, 0x00, 0x00, 0x00, 0x00, 0xff, 0x01, 0x00
    , 0x00, 0x00, 0x00, 0xf1, 0x01, 0x00, 0x00, 0x00, 0x00, 0x41, 0x05, 0x00
    , 0x00, 0x00, 0x00, 0x00, 0x01, 0x00, 0x00, 0x00, 0x00, 0x0f, 0x01, 0x00
    , 0x00, 0x00, 0x00, 0xcf, 0x02, 0x00, 0x00, 0x00, 0x00, 0xff, 0x01, 0x00
    , 0x00, 0x00, 0x00, 0xce, 0x01, 0x00, 0x00, 0x00, 0x00, 0x0e, 0x05, 0x00
    , 0x00, 0x00, 0x00, 0x00, 0x01, 0x00, 0x00, 0x00, 0x00, 0x42, 0x01, 0x00
    , 0x00, 0x00, 0x00, 0xf1, 0x02, 0x00, 0x00, 0x00, 0x00, 0xff, 0x01, 0x00
    , 0x00, 0x00, 0x00, 0x88, 0x05, 0x00, 0x00, 0x00, 0x00, 0x00, 0x01, 0x00
    , 0x00, 0x00, 0x00, 0x54, 0x05, 0x00, 0x00, 0x00, 0x00, 0xff, 0x01, 0x00
    , 0x00, 0x00, 0x00, 0xd3, 0x04, 0x00, 0x00, 0x00, 0x00, 0xff, 0x01, 0x00
    , 0x00, 0x00, 0x00, 0x28, 0x04, 0x00, 0x00, 0x00, 0x00, 0x00, 0x01, 0x00
    , 0x00, 0x00, 0x00, 0x29, 0x04, 0x00, 0x00, 0x00, 0x00, 0xff, 0x01, 0x00
    , 0x00, 0x00, 0x00, 0xd3, 0x05, 0x00, 0x00, 0x00, 0x00, 0x00, 0x01, 0x00
    , 0x00, 0x00, 0x00, 0x7e, 0x04, 0x00, 0x00, 0x00, 0x00, 0xff, 0x01, 0x00
    , 0x00, 0x00, 0x00, 0x7e, 0x05, 0x00, 0x00, 0x00, 0x00, 0x00, 0x01, 0x00
    , 0x00, 0x00, 0x00, 0xd3, 0x04, 0x00, 0x00, 0x00, 0x00, 0xff, 0x01, 0x00
    , 0x00, 0x00, 0x00, 0x28, 0x04, 0x00, 0x00, 0x00, 0x00, 0x00, 0x01, 0x00
    , 0x00, 0x00, 0x00, 0x54, 0x05, 0x00, 0x00, 0x00, 0x00, 0xff, 0x01, 0x00
    , 0x00, 0x00, 0x00, 0xf3, 0x04, 0x00, 0x00, 0x00, 0x00, 0xff, 0x01, 0x00
    , 0x00, 0x00, 0x00, 0x47, 0x04, 0x00, 0x00, 0x00, 0x00, 0x00, 0x01, 0x00
    , 0x00, 0x00, 0x00, 0x48, 0x04, 0x00, 0x00, 0x00, 0x00, 0xff, 0x01, 0x00
    , 0x00, 0x00, 0x00, 0xf2, 0x05, 0x00, 0x00, 0x00, 0x00, 0x00, 0x01, 0x00
    , 0x00, 0x00, 0x00, 0x9e, 0x04, 0x00, 0x00, 0x00, 0x00, 0xff, 0x01, 0x00
    , 0x00, 0x00, 0x00, 0x9d, 0x05, 0x00, 0x00, 0x00, 0x00, 0x00, 0x01, 0x00
    , 0x00, 0x00, 0x00, 0xf3, 0x04, 0x00, 0x00, 0x00, 0x00, 0xff, 0x01, 0x00
    , 0x00, 0x00, 0x00, 0x47, 0x04, 0x00, 0x00, 0x00, 0x00, 0x00, 0x01, 0x00
    , 0x00, 0x00, 0x00, 0x4a, 0x04, 0x00, 0x00, 0x00, 0x00, 0xff, 0x01, 0x00
    , 0x00, 0x00, 0x00, 0xf5, 0x01, 0x00, 0x00, 0x00, 0x00, 0xb1, 0x03, 0x00
    , 0x00, 0x00, 0x00, 0xff, 0x01, 0x00, 0x00, 0x00, 0x00, 0xf1, 0x01, 0x00
    , 0x00, 0x00, 0x00, 0x14, 0x04, 0x00, 0x00, 0x00, 0x00, 0x00, 0x01, 0x00
    , 0x00, 0x00, 0x00, 0x14, 0x01, 0x00, 0x00, 0x00, 0x00, 0xf1, 0x03, 0x00
    , 0x00, 0x00, 0x00, 0xff, 0x01, 0x00, 0x00, 0x00, 0x00, 0xb0, 0x05, 0x00
    , 0x00, 0x00, 0x00, 0x00, 0x01, 0x00, 0x00, 0x00, 0x00, 0x5b, 0x04, 0x00
    , 0x00, 0x00, 0x00, 0xff, 0x01, 0x00, 0x00, 0x00, 0x00, 0x5b, 0x05, 0x00
    , 0x00, 0x00, 0x00, 0x00, 0x01, 0x00, 0x00, 0x00, 0x00, 0xb1, 0x03, 0x00
    , 0x00, 0x00, 0x00, 0xff, 0x01, 0x00, 0x00, 0x00, 0x00, 0xf1, 0x01, 0x00
    , 0x00, 0x00, 0x00, 0x14, 0x04, 0x00, 0x00, 0x00, 0x00, 0x00, 0x01, 0x00
    , 0x00, 0x00, 0x00, 0x14, 0x01, 0x00, 0x00, 0x00, 0x00, 0xf1, 0x03, 0x00
    , 0x00, 0x00, 0x00, 0xff, 0x01, 0x00, 0x00, 0x00, 0x00, 0xb0, 0x01, 0x00
    , 0x00, 0x00, 0x00, 0x17, 0x01, 0x00, 0x00, 0x00, 0x00, 0xb0, 0x01, 0x00
    , 0x00, 0x00, 0x00, 0xf2, 0x01, 0x00, 0x00, 0x00, 0x00, 0xd3, 0x01, 0x00
    , 0x00, 0x00, 0x00, 0x41, 0x06, 0x00, 0x00, 0x00, 0x00, 0x00, 0x01, 0x00
    , 0x00, 0x00, 0x00, 0x41, 0x01, 0x00, 0x00, 0x00, 0x00, 0xd3, 0x01, 0x00
    , 0x00, 0x00, 0x00, 0xf2, 0x01, 0x00, 0x00, 0x00, 0x00, 0xb0, 0x01, 0x00
    , 0x00, 0x00, 0x00, 0x17, 0x06, 0x00, 0x00, 0x00, 0x00, 0x00, 0x01, 0x00
    , 0x00, 0x00, 0x00, 0x7f, 0x02, 0x00, 0x00, 0x00, 0x00, 0xe8, 0x01, 0x00
    , 0x00, 0x00, 0x00, 0x7f, 0x06, 0x00, 0x00, 0x00, 0x00, 0x00, 0x01, 0x00
    , 0x00, 0x00, 0x00, 0x17, 0x01, 0x00, 0x00, 0x00, 0x00, 0xb0, 0x01, 0x00
    , 0x00, 0x00, 0x00, 0xf2, 0x01, 0x00, 0x00, 0x00, 0x00, 0xd3, 0x01, 0x00
    , 0x00, 0x00, 0x00, 0x41, 0x06, 0x00, 0x00, 0x00, 0x00, 0x00, 0x01, 0x00
    , 0x00, 0x00, 0x00, 0x41, 0x01, 0x00, 0x00, 0x00, 0x00, 0xd3, 0x01, 0x00
    , 0x00, 0x00, 0x00, 0xf2, 0x01, 0x00, 0x00, 0x00, 0x00, 0xb0, 0x01, 0x00
    , 0x00, 0x00, 0x00, 0x17
};

inline Upp::Image ICON_EDITOR_BORDER_RIGHT_48()
{
    return Upp::UiMakeIcon(DATA_EDITOR_BORDER_RIGHT_48);
}

// Category: action | Type: Outlined | Icon: cancel | Size: 48x48 | Format: UiMakeIcon RLE
static const unsigned char DATA_ACTION_CANCEL_48[] = {
    0x30, 0x80, 0x30, 0x00, 0x11, 0x00, 0x00, 0x00, 0x00, 0x00, 0x01, 0x00
    , 0x00, 0x00, 0x00, 0x0a, 0x01, 0x00, 0x00, 0x00, 0x00, 0x51, 0x01, 0x00
    , 0x00, 0x00, 0x00, 0x8e, 0x01, 0x00, 0x00, 0x00, 0x00, 0xa8, 0x01, 0x00
    , 0x00, 0x00, 0x00, 0xc1, 0x01, 0x00, 0x00, 0x00, 0x00, 0xda, 0x02, 0x00
    , 0x00, 0x00, 0x00, 0xf3, 0x01, 0x00, 0x00, 0x00, 0x00, 0xda, 0x01, 0x00
    , 0x00, 0x00, 0x00, 0xc1, 0x01, 0x00, 0x00, 0x00, 0x00, 0xa8, 0x01, 0x00
    , 0x00, 0x00, 0x00, 0x8e, 0x01, 0x00, 0x00, 0x00, 0x00, 0x51, 0x01, 0x00
    , 0x00, 0x00, 0x00, 0x0a, 0x1f, 0x00, 0x00, 0x00, 0x00, 0x00, 0x01, 0x00
    , 0x00, 0x00, 0x00, 0x12, 0x01, 0x00, 0x00, 0x00, 0x00, 0x60, 0x01, 0x00
    , 0x00, 0x00, 0x00, 0xb1, 0x01, 0x00, 0x00, 0x00, 0x00, 0xf6, 0x0c, 0x00
    , 0x00, 0x00, 0x00, 0xff, 0x01, 0x00, 0x00, 0x00, 0x00, 0xf6, 0x01, 0x00
    , 0x00, 0x00, 0x00, 0xb0, 0x01, 0x00, 0x00, 0x00, 0x00, 0x60, 0x01, 0x00
    , 0x00, 0x00, 0x00, 0x12, 0x1a, 0x00, 0x00, 0x00, 0x00, 0x00, 0x01, 0x00
    , 0x00, 0x00, 0x00, 0x0b, 0x01, 0x00, 0x00, 0x00, 0x00, 0x7d, 0x01, 0x00
    , 0x00, 0x00, 0x00, 0xf2, 0x12, 0x00, 0x00, 0x00, 0x00, 0xff, 0x01, 0x00
    , 0x00, 0x00, 0x00, 0xf2, 0x01, 0x00, 0x00, 0x00, 0x00, 0x7d, 0x01, 0x00
    , 0x00, 0x00, 0x00, 0x0b, 0x16, 0x00, 0x00, 0x00, 0x00, 0x00, 0x01, 0x00
    , 0x00, 0x00, 0x00, 0x04, 0x01, 0x00, 0x00, 0x00, 0x00, 0x67, 0x01, 0x00
    , 0x00, 0x00, 0x00, 0xe7, 0x16, 0x00, 0x00, 0x00, 0x00, 0xff, 0x01, 0x00
    , 0x00, 0x00, 0x00, 0xe7, 0x01, 0x00, 0x00, 0x00, 0x00, 0x66, 0x01, 0x00
    , 0x00, 0x00, 0x00, 0x03, 0x13, 0x00, 0x00, 0x00, 0x00, 0x00, 0x01, 0x00
    , 0x00, 0x00, 0x00, 0x1d, 0x01, 0x00, 0x00, 0x00, 0x00, 0xcc, 0x0b, 0x00
    , 0x00, 0x00, 0x00, 0xff, 0x01, 0x00, 0x00, 0x00, 0x00, 0xee, 0x01, 0x00
    , 0x00, 0x00, 0x00, 0xd7, 0x01, 0x00, 0x00, 0x00, 0x00, 0xd8, 0x01, 0x00
    , 0x00, 0x00, 0x00, 0xef, 0x0b, 0x00, 0x00, 0x00, 0x00, 0xff, 0x01, 0x00
    , 0x00, 0x00, 0x00, 0xcc, 0x01, 0x00, 0x00, 0x00, 0x00, 0x1d, 0x11, 0x00
    , 0x00, 0x00, 0x00, 0x00, 0x01, 0x00, 0x00, 0x00, 0x00, 0x3a, 0x01, 0x00
    , 0x00, 0x00, 0x00, 0xe8, 0x07, 0x00, 0x00, 0x00, 0x00, 0xff, 0x01, 0x00
    , 0x00, 0x00, 0x00, 0xe9, 0x01, 0x00, 0x00, 0x00, 0x00, 0xa0, 0x01, 0x00
    , 0x00, 0x00, 0x00, 0x54, 0x01, 0x00, 0x00, 0x00, 0x00, 0x1d, 0x01, 0x00
    , 0x00, 0x00, 0x00, 0x07, 0x04, 0x00, 0x00, 0x00, 0x00, 0x00, 0x01, 0x00
    , 0x00, 0x00, 0x00, 0x07, 0x01, 0x00, 0x00, 0x00, 0x00, 0x1d, 0x01, 0x00
    , 0x00, 0x00, 0x00, 0x55, 0x01, 0x00, 0x00, 0x00, 0x00, 0xa0, 0x01, 0x00
    , 0x00, 0x00, 0x00, 0xe9, 0x07, 0x00, 0x00, 0x00, 0x00, 0xff, 0x01, 0x00
    , 0x00, 0x00, 0x00, 0xe8, 0x01, 0x00, 0x00, 0x00, 0x00, 0x39, 0x0f, 0x00
    , 0x00, 0x00, 0x00, 0x00, 0x01, 0x00, 0x00, 0x00, 0x00, 0x60, 0x01, 0x00
    , 0x00, 0x00, 0x00, 0xf9, 0x06, 0x00, 0x00, 0x00, 0x00, 0xff, 0x01, 0x00
    , 0x00, 0x00, 0x00, 0xc4, 0x01, 0x00, 0x00, 0x00, 0x00, 0x41, 0x01, 0x00
    , 0x00, 0x00, 0x00, 0x01, 0x0c, 0x00, 0x00, 0x00, 0x00, 0x00, 0x01, 0x00
    , 0x00, 0x00, 0x00, 0x02, 0x01, 0x00, 0x00, 0x00, 0x00, 0x41, 0x01, 0x00
    , 0x00, 0x00, 0x00, 0xc4, 0x06, 0x00, 0x00, 0x00, 0x00, 0xff, 0x01, 0x00
    , 0x00, 0x00, 0x00, 0xf8, 0x01, 0x00, 0x00, 0x00, 0x00, 0x5f, 0x0d, 0x00
    , 0x00, 0x00, 0x00, 0x00, 0x01, 0x00, 0x00, 0x00, 0x00, 0x60, 0x06, 0x00
    , 0x00, 0x00, 0x00, 0xff, 0x01, 0x00, 0x00, 0x00, 0x00, 0xd5, 0x01, 0x00
    , 0x00, 0x00, 0x00, 0x4d, 0x12, 0x00, 0x00, 0x00, 0x00, 0x00, 0x01, 0x00
    , 0x00, 0x00, 0x00, 0x4e, 0x01, 0x00, 0x00, 0x00, 0x00, 0xd5, 0x06, 0x00
    , 0x00, 0x00, 0x00, 0xff, 0x01, 0x00, 0x00, 0x00, 0x00, 0x60, 0x0b, 0x00
    , 0x00, 0x00, 0x00, 0x00, 0x01, 0x00, 0x00, 0x00, 0x00, 0x3a, 0x01, 0x00
    , 0x00, 0x00, 0x00, 0xf9, 0x05, 0x00, 0x00, 0x00, 0x00, 0xff, 0x01, 0x00
    , 0x00, 0x00, 0x00, 0x9d, 0x01, 0x00, 0x00, 0x00, 0x00, 0x06, 0x14, 0x00
    , 0x00, 0x00, 0x00, 0x00, 0x01, 0x00, 0x00, 0x00, 0x00, 0x06, 0x01, 0x00
    , 0x00, 0x00, 0x00, 0x9e, 0x05, 0x00, 0x00, 0x00, 0x00, 0xff, 0x01, 0x00
    , 0x00, 0x00, 0x00, 0xf8, 0x01, 0x00, 0x00, 0x00, 0x00, 0x39, 0x09, 0x00
    , 0x00, 0x00, 0x00, 0x00, 0x01, 0x00, 0x00, 0x00, 0x00, 0x1d, 0x01, 0x00
    , 0x00, 0x00, 0x00, 0xe8, 0x04, 0x00, 0x00, 0x00, 0x00, 0xff, 0x01, 0x00
    , 0x00, 0x00, 0x00, 0xfd, 0x01, 0x00, 0x00, 0x00, 0x00, 0x72, 0x18, 0x00
    , 0x00, 0x00, 0x00, 0x00, 0x01, 0x00, 0x00, 0x00, 0x00, 0x72, 0x01, 0x00
    , 0x00, 0x00, 0x00, 0xfd, 0x04, 0x00, 0x00, 0x00, 0x00, 0xff, 0x01, 0x00
    , 0x00, 0x00, 0x00, 0xe8, 0x01, 0x00, 0x00, 0x00, 0x00, 0x1d, 0x07, 0x00
    , 0x00, 0x00, 0x00, 0x00, 0x01, 0x00, 0x00, 0x00, 0x00, 0x04, 0x01, 0x00
    , 0x00, 0x00, 0x00, 0xcc, 0x04, 0x00, 0x00, 0x00, 0x00, 0xff, 0x01, 0x00
    , 0x00, 0x00, 0x00, 0xfd, 0x01, 0x00, 0x00, 0x00, 0x00, 0x50, 0x1a, 0x00
    , 0x00, 0x00, 0x00, 0x00, 0x01, 0x00, 0x00, 0x00, 0x00, 0x51, 0x01, 0x00
    , 0x00, 0x00, 0x00, 0xfd, 0x04, 0x00, 0x00, 0x00, 0x00, 0xff, 0x01, 0x00
    , 0x00, 0x00, 0x00, 0xcc, 0x01, 0x00, 0x00, 0x00, 0x00, 0x03, 0x06, 0x00
    , 0x00, 0x00, 0x00, 0x00, 0x01, 0x00, 0x00, 0x00, 0x00, 0x67, 0x05, 0x00
    , 0x00, 0x00, 0x00, 0xff, 0x01, 0x00, 0x00, 0x00, 0x00, 0x72, 0x1c, 0x00
    , 0x00, 0x00, 0x00, 0x00, 0x01, 0x00, 0x00, 0x00, 0x00, 0x73, 0x05, 0x00
    , 0x00, 0x00, 0x00, 0xff, 0x01, 0x00, 0x00, 0x00, 0x00, 0x66, 0x05, 0x00
    , 0x00, 0x00, 0x00, 0x00, 0x01, 0x00, 0x00, 0x00, 0x00, 0x0b, 0x01, 0x00
    , 0x00, 0x00, 0x00, 0xe7, 0x04, 0x00, 0x00, 0x00, 0x00, 0xff, 0x01, 0x00
    , 0x00, 0x00, 0x00, 0x9d, 0x1e, 0x00, 0x00, 0x00, 0x00, 0x00, 0x01, 0x00
    , 0x00, 0x00, 0x00, 0x9f, 0x04, 0x00, 0x00, 0x00, 0x00, 0xff, 0x01, 0x00
    , 0x00, 0x00, 0x00, 0xe6, 0x01, 0x00, 0x00, 0x00, 0x00, 0x0a, 0x04, 0x00
    , 0x00, 0x00, 0x00, 0x00, 0x01, 0x00, 0x00, 0x00, 0x00, 0x7d, 0x04, 0x00
    , 0x00, 0x00, 0x00, 0xff, 0x01, 0x00, 0x00, 0x00, 0x00, 0xd5, 0x01, 0x00
    , 0x00, 0x00, 0x00, 0x06, 0x04, 0x00, 0x00, 0x00, 0x00, 0x00, 0x01, 0x00
    , 0x00, 0x00, 0x00, 0x2a, 0x01, 0x00, 0x00, 0x00, 0x00, 0xc7, 0x01, 0x00
    , 0x00, 0x00, 0x00, 0xee, 0x01, 0x00, 0x00, 0x00, 0x00, 0xa7, 0x01, 0x00
    , 0x00, 0x00, 0x00, 0x0f, 0x0c, 0x00, 0x00, 0x00, 0x00, 0x00, 0x01, 0x00
    , 0x00, 0x00, 0x00, 0x0f, 0x01, 0x00, 0x00, 0x00, 0x00, 0xa7, 0x01, 0x00
    , 0x00, 0x00, 0x00, 0xee, 0x01, 0x00, 0x00, 0x00, 0x00, 0xc7, 0x01, 0x00
    , 0x00, 0x00, 0x00, 0x2a, 0x04, 0x00, 0x00, 0x00, 0x00, 0x00, 0x01, 0x00
    , 0x00, 0x00, 0x00, 0x06, 0x01, 0x00, 0x00, 0x00, 0x00, 0xd5, 0x04, 0x00
    , 0x00, 0x00, 0x00, 0xff, 0x01, 0x00, 0x00, 0x00, 0x00, 0x7c, 0x03, 0x00
    , 0x00, 0x00, 0x00, 0x00, 0x01, 0x00, 0x00, 0x00, 0x00, 0x12, 0x01, 0x00
    , 0x00, 0x00, 0x00, 0xf2, 0x04, 0x00, 0x00, 0x00, 0x00, 0xff, 0x01, 0x00
    , 0x00, 0x00, 0x00, 0x4e, 0x05, 0x00, 0x00, 0x00, 0x00, 0x00, 0x01, 0x00
    , 0x00, 0x00, 0x00, 0xc7, 0x03, 0x00, 0x00, 0x00, 0x00, 0xff, 0x01, 0x00
    , 0x00, 0x00, 0x00, 0xca, 0x01, 0x00, 0x00, 0x00, 0x00, 0x0f, 0x0a, 0x00
    , 0x00, 0x00, 0x00, 0x00, 0x01, 0x00, 0x00, 0x00, 0x00, 0x0f, 0x01, 0x00
    , 0x00, 0x00, 0x00, 0xca, 0x03, 0x00, 0x00, 0x00, 0x00, 0xff, 0x01, 0x00
    , 0x00, 0x00, 0x00, 0xc7, 0x05, 0x00, 0x00, 0x00, 0x00, 0x00, 0x01, 0x00
    , 0x00, 0x00, 0x00, 0x4f, 0x04, 0x00, 0x00, 0x00, 0x00, 0xff, 0x01, 0x00
    , 0x00, 0x00, 0x00, 0xf2, 0x01, 0x00, 0x00, 0x00, 0x00, 0x11, 0x02, 0x00
    , 0x00, 0x00, 0x00, 0x00, 0x01, 0x00, 0x00, 0x00, 0x00, 0x60, 0x04, 0x00
    , 0x00, 0x00, 0x00, 0xff, 0x01, 0x00, 0x00, 0x00, 0x00, 0xc4, 0x06, 0x00
    , 0x00, 0x00, 0x00, 0x00, 0x01, 0x00, 0x00, 0x00, 0x00, 0xee, 0x04, 0x00
    , 0x00, 0x00, 0x00, 0xff, 0x01, 0x00, 0x00, 0x00, 0x00, 0xca, 0x01, 0x00
    , 0x00, 0x00, 0x00, 0x0f, 0x08, 0x00, 0x00, 0x00, 0x00, 0x00, 0x01, 0x00
    , 0x00, 0x00, 0x00, 0x0f, 0x01, 0x00, 0x00, 0x00, 0x00, 0xca, 0x04, 0x00
    , 0x00, 0x00, 0x00, 0xff, 0x01, 0x00, 0x00, 0x00, 0x00, 0xed, 0x06, 0x00
    , 0x00, 0x00, 0x00, 0x00, 0x01, 0x00, 0x00, 0x00, 0x00, 0xc5, 0x04, 0x00
    , 0x00, 0x00, 0x00, 0xff, 0x01, 0x00, 0x00, 0x00, 0x00, 0x5f, 0x02, 0x00
    , 0x00, 0x00, 0x00, 0x00, 0x01, 0x00, 0x00, 0x00, 0x00, 0xb1, 0x04, 0x00
    , 0x00, 0x00, 0x00, 0xff, 0x01, 0x00, 0x00, 0x00, 0x00, 0x41, 0x06, 0x00
    , 0x00, 0x00, 0x00, 0x00, 0x01, 0x00, 0x00, 0x00, 0x00, 0xa7, 0x05, 0x00
    , 0x00, 0x00, 0x00, 0xff, 0x01, 0x00, 0x00, 0x00, 0x00, 0xca, 0x01, 0x00
    , 0x00, 0x00, 0x00, 0x0f, 0x06, 0x00, 0x00, 0x00, 0x00, 0x00, 0x01, 0x00
    , 0x00, 0x00, 0x00, 0x0f, 0x01, 0x00, 0x00, 0x00, 0x00, 0xca, 0x05, 0x00
    , 0x00, 0x00, 0x00, 0xff, 0x01, 0x00, 0x00, 0x00, 0x00, 0xa6, 0x06, 0x00
    , 0x00, 0x00, 0x00, 0x00, 0x01, 0x00, 0x00, 0x00, 0x00, 0x41, 0x04, 0x00
    , 0x00, 0x00, 0x00, 0xff, 0x01, 0x00, 0x00, 0x00, 0x00, 0xb0, 0x01, 0x00
    , 0x00, 0x00, 0x00, 0x00, 0x01, 0x00, 0x00, 0x00, 0x00, 0x0b, 0x01, 0x00
    , 0x00, 0x00, 0x00, 0xf7, 0x03, 0x00, 0x00, 0x00, 0x00, 0xff, 0x01, 0x00
    , 0x00, 0x00, 0x00, 0xe9, 0x01, 0x00, 0x00, 0x00, 0x00, 0x01, 0x06, 0x00
    , 0x00, 0x00, 0x00, 0x00, 0x01, 0x00, 0x00, 0x00, 0x00, 0x0f, 0x01, 0x00
    , 0x00, 0x00, 0x00, 0xca, 0x05, 0x00, 0x00, 0x00, 0x00, 0xff, 0x01, 0x00
    , 0x00, 0x00, 0x00, 0xca, 0x01, 0x00, 0x00, 0x00, 0x00, 0x0f, 0x04, 0x00
    , 0x00, 0x00, 0x00, 0x00, 0x01, 0x00, 0x00, 0x00, 0x00, 0x0f, 0x01, 0x00
    , 0x00, 0x00, 0x00, 0xca, 0x05, 0x00, 0x00, 0x00, 0x00, 0xff, 0x01, 0x00
    , 0x00, 0x00, 0x00, 0xca, 0x01, 0x00, 0x00, 0x00, 0x00, 0x0f, 0x06, 0x00
    , 0x00, 0x00, 0x00, 0x00, 0x01, 0x00, 0x00, 0x00, 0x00, 0x02, 0x01, 0x00
    , 0x00, 0x00, 0x00, 0xea, 0x03, 0x00, 0x00, 0x00, 0x00, 0xff, 0x01, 0x00
    , 0x00, 0x00, 0x00, 0xf6, 0x01, 0x00, 0x00, 0x00, 0x00, 0x0a, 0x01, 0x00
    , 0x00, 0x00, 0x00, 0x51, 0x04, 0x00, 0x00, 0x00, 0x00, 0xff, 0x01, 0x00
    , 0x00, 0x00, 0x00, 0xa0, 0x08, 0x00, 0x00, 0x00, 0x00, 0x00, 0x01, 0x00
    , 0x00, 0x00, 0x00, 0x0f, 0x01, 0x00, 0x00, 0x00, 0x00, 0xca, 0x05, 0x00
    , 0x00, 0x00, 0x00, 0xff, 0x01, 0x00, 0x00, 0x00, 0x00, 0xca, 0x01, 0x00
    , 0x00, 0x00, 0x00, 0x0f, 0x02, 0x00, 0x00, 0x00, 0x00, 0x00, 0x01, 0x00
    , 0x00, 0x00, 0x00, 0x0f, 0x01, 0x00, 0x00, 0x00, 0x00, 0xca, 0x05, 0x00
    , 0x00, 0x00, 0x00, 0xff, 0x01, 0x00, 0x00, 0x00, 0x00, 0xca, 0x01, 0x00
    , 0x00, 0x00, 0x00, 0x0f, 0x08, 0x00, 0x00, 0x00, 0x00, 0x00, 0x01, 0x00
    , 0x00, 0x00, 0x00, 0xa1, 0x04, 0x00, 0x00, 0x00, 0x00, 0xff, 0x01, 0x00
    , 0x00, 0x00, 0x00, 0x50, 0x01, 0x00, 0x00, 0x00, 0x00, 0x8e, 0x04, 0x00
    , 0x00, 0x00, 0x00, 0xff, 0x01, 0x00, 0x00, 0x00, 0x00, 0x55, 0x09, 0x00
    , 0x00, 0x00, 0x00, 0x00, 0x01, 0x00, 0x00, 0x00, 0x00, 0x0f, 0x01, 0x00
    , 0x00, 0x00, 0x00, 0xca, 0x05, 0x00, 0x00, 0x00, 0x00, 0xff, 0x01, 0x00
    , 0x00, 0x00, 0x00, 0xca, 0x02, 0x00, 0x00, 0x00, 0x00, 0x0f, 0x01, 0x00
    , 0x00, 0x00, 0x00, 0xca, 0x05, 0x00, 0x00, 0x00, 0x00, 0xff, 0x01, 0x00
    , 0x00, 0x00, 0x00, 0xca, 0x01, 0x00, 0x00, 0x00, 0x00, 0x0f, 0x09, 0x00
    , 0x00, 0x00, 0x00, 0x00, 0x01, 0x00, 0x00, 0x00, 0x00, 0x56, 0x04, 0x00
    , 0x00, 0x00, 0x00, 0xff, 0x01, 0x00, 0x00, 0x00, 0x00, 0x8e, 0x01, 0x00
    , 0x00, 0x00, 0x00, 0xa8, 0x04, 0x00, 0x00, 0x00, 0x00, 0xff, 0x01, 0x00
    , 0x00, 0x00, 0x00, 0x1d, 0x0a, 0x00, 0x00, 0x00, 0x00, 0x00, 0x01, 0x00
    , 0x00, 0x00, 0x00, 0x0f, 0x01, 0x00, 0x00, 0x00, 0x00, 0xca, 0x05, 0x00
    , 0x00, 0x00, 0x00, 0xff, 0x02, 0x00, 0x00, 0x00, 0x00, 0xca, 0x05, 0x00
    , 0x00, 0x00, 0x00, 0xff, 0x01, 0x00, 0x00, 0x00, 0x00, 0xca, 0x01, 0x00
    , 0x00, 0x00, 0x00, 0x0f, 0x0a, 0x00, 0x00, 0x00, 0x00, 0x00, 0x01, 0x00
    , 0x00, 0x00, 0x00, 0x1e, 0x04, 0x00, 0x00, 0x00, 0x00, 0xff, 0x01, 0x00
    , 0x00, 0x00, 0x00, 0xa7, 0x01, 0x00, 0x00, 0x00, 0x00, 0xc1, 0x04, 0x00
    , 0x00, 0x00, 0x00, 0xff, 0x01, 0x00, 0x00, 0x00, 0x00, 0x07, 0x0b, 0x00
    , 0x00, 0x00, 0x00, 0x00, 0x01, 0x00, 0x00, 0x00, 0x00, 0x0f, 0x01, 0x00
    , 0x00, 0x00, 0x00, 0xca, 0x0a, 0x00, 0x00, 0x00, 0x00, 0xff, 0x01, 0x00
    , 0x00, 0x00, 0x00, 0xca, 0x01, 0x00, 0x00, 0x00, 0x00, 0x0f, 0x0b, 0x00
    , 0x00, 0x00, 0x00, 0x00, 0x01, 0x00, 0x00, 0x00, 0x00, 0x07, 0x04, 0x00
    , 0x00, 0x00, 0x00, 0xff, 0x01, 0x00, 0x00, 0x00, 0x00, 0xc0, 0x01, 0x00
    , 0x00, 0x00, 0x00, 0xda, 0x03, 0x00, 0x00, 0x00, 0x00, 0xff, 0x01, 0x00
    , 0x00, 0x00, 0x00, 0xef, 0x0d, 0x00, 0x00, 0x00, 0x00, 0x00, 0x01, 0x00
    , 0x00, 0x00, 0x00, 0x0f, 0x01, 0x00, 0x00, 0x00, 0x00, 0xca, 0x08, 0x00
    , 0x00, 0x00, 0x00, 0xff, 0x01, 0x00, 0x00, 0x00, 0x00, 0xca, 0x01, 0x00
    , 0x00, 0x00, 0x00, 0x0f, 0x0d, 0x00, 0x00, 0x00, 0x00, 0x00, 0x01, 0x00
    , 0x00, 0x00, 0x00, 0xf0, 0x03, 0x00, 0x00, 0x00, 0x00, 0xff, 0x01, 0x00
    , 0x00, 0x00, 0x00, 0xd9, 0x01, 0x00, 0x00, 0x00, 0x00, 0xf3, 0x03, 0x00
    , 0x00, 0x00, 0x00, 0xff, 0x01, 0x00, 0x00, 0x00, 0x00, 0xd8, 0x0e, 0x00
    , 0x00, 0x00, 0x00, 0x00, 0x01, 0x00, 0x00, 0x00, 0x00, 0x0f, 0x01, 0x00
    , 0x00, 0x00, 0x00, 0xca, 0x06, 0x00, 0x00, 0x00, 0x00, 0xff, 0x01, 0x00
    , 0x00, 0x00, 0x00, 0xca, 0x01, 0x00, 0x00, 0x00, 0x00, 0x0f, 0x0e, 0x00
    , 0x00, 0x00, 0x00, 0x00, 0x01, 0x00, 0x00, 0x00, 0x00, 0xd8, 0x03, 0x00
    , 0x00, 0x00, 0x00, 0xff, 0x01, 0x00, 0x00, 0x00, 0x00, 0xf2, 0x01, 0x00
    , 0x00, 0x00, 0x00, 0xf3, 0x03, 0x00, 0x00, 0x00, 0x00, 0xff, 0x01, 0x00
    , 0x00, 0x00, 0x00, 0xd8, 0x0e, 0x00, 0x00, 0x00, 0x00, 0x00, 0x01, 0x00
    , 0x00, 0x00, 0x00, 0x0f, 0x01, 0x00, 0x00, 0x00, 0x00, 0xca, 0x06, 0x00
    , 0x00, 0x00, 0x00, 0xff, 0x01, 0x00, 0x00, 0x00, 0x00, 0xca, 0x01, 0x00
    , 0x00, 0x00, 0x00, 0x0f, 0x0e, 0x00, 0x00, 0x00, 0x00, 0x00, 0x01, 0x00
    , 0x00, 0x00, 0x00, 0xd8, 0x03, 0x00, 0x00, 0x00, 0x00, 0xff, 0x01, 0x00
    , 0x00, 0x00, 0x00, 0xf2, 0x01, 0x00, 0x00, 0x00, 0x00, 0xda, 0x03, 0x00
    , 0x00, 0x00, 0x00, 0xff, 0x01, 0x00, 0x00, 0x00, 0x00, 0xef, 0x0d, 0x00
    , 0x00, 0x00, 0x00, 0x00, 0x01, 0x00, 0x00, 0x00, 0x00, 0x0f, 0x01, 0x00
    , 0x00, 0x00, 0x00, 0xca, 0x08, 0x00, 0x00, 0x00, 0x00, 0xff, 0x01, 0x00
    , 0x00, 0x00, 0x00, 0xca, 0x01, 0x00, 0x00, 0x00, 0x00, 0x0f, 0x0d, 0x00
    , 0x00, 0x00, 0x00, 0x00, 0x01, 0x00, 0x00, 0x00, 0x00, 0xf0, 0x03, 0x00
    , 0x00, 0x00, 0x00, 0xff, 0x01, 0x00, 0x00, 0x00, 0x00, 0xd9, 0x01, 0x00
    , 0x00, 0x00, 0x00, 0xc1, 0x04, 0x00, 0x00, 0x00, 0x00, 0xff, 0x01, 0x00
    , 0x00, 0x00, 0x00, 0x07, 0x0b, 0x00, 0x00, 0x00, 0x00, 0x00, 0x01, 0x00
    , 0x00, 0x00, 0x00, 0x0f, 0x01, 0x00, 0x00, 0x00, 0x00, 0xca, 0x0a, 0x00
    , 0x00, 0x00, 0x00, 0xff, 0x01, 0x00, 0x00, 0x00, 0x00, 0xca, 0x01, 0x00
    , 0x00, 0x00, 0x00, 0x0f, 0x0b, 0x00, 0x00, 0x00, 0x00, 0x00, 0x01, 0x00
    , 0x00, 0x00, 0x00, 0x07, 0x04, 0x00, 0x00, 0x00, 0x00, 0xff, 0x01, 0x00
    , 0x00, 0x00, 0x00, 0xc0, 0x01, 0x00, 0x00, 0x00, 0x00, 0xa8, 0x04, 0x00
    , 0x00, 0x00, 0x00, 0xff, 0x01, 0x00, 0x00, 0x00, 0x00, 0x1d, 0x0a, 0x00
    , 0x00, 0x00, 0x00, 0x00, 0x01, 0x00, 0x00, 0x00, 0x00, 0x0f, 0x01, 0x00
    , 0x00, 0x00, 0x00, 0xca, 0x05, 0x00, 0x00, 0x00, 0x00, 0xff, 0x02, 0x00
    , 0x00, 0x00, 0x00, 0xca, 0x05, 0x00, 0x00, 0x00, 0x00, 0xff, 0x01, 0x00
    , 0x00, 0x00, 0x00, 0xca, 0x01, 0x00, 0x00, 0x00, 0x00, 0x0f, 0x0a, 0x00
    , 0x00, 0x00, 0x00, 0x00, 0x01, 0x00, 0x00, 0x00, 0x00, 0x1e, 0x04, 0x00
    , 0x00, 0x00, 0x00, 0xff, 0x01, 0x00, 0x00, 0x00, 0x00, 0xa7, 0x01, 0x00
    , 0x00, 0x00, 0x00, 0x8e, 0x04, 0x00, 0x00, 0x00, 0x00, 0xff, 0x01, 0x00
    , 0x00, 0x00, 0x00, 0x55, 0x09, 0x00, 0x00, 0x00, 0x00, 0x00, 0x01, 0x00
    , 0x00, 0x00, 0x00, 0x0f, 0x01, 0x00, 0x00, 0x00, 0x00, 0xca, 0x05, 0x00
    , 0x00, 0x00, 0x00, 0xff, 0x01, 0x00, 0x00, 0x00, 0x00, 0xca, 0x02, 0x00
    , 0x00, 0x00, 0x00, 0x0f, 0x01, 0x00, 0x00, 0x00, 0x00, 0xca, 0x05, 0x00
    , 0x00, 0x00, 0x00, 0xff, 0x01, 0x00, 0x00, 0x00, 0x00, 0xca, 0x01, 0x00
    , 0x00, 0x00, 0x00, 0x0f, 0x09, 0x00, 0x00, 0x00, 0x00, 0x00, 0x01, 0x00
    , 0x00, 0x00, 0x00, 0x56, 0x04, 0x00, 0x00, 0x00, 0x00, 0xff, 0x01, 0x00
    , 0x00, 0x00, 0x00, 0x8e, 0x01, 0x00, 0x00, 0x00, 0x00, 0x51, 0x04, 0x00
    , 0x00, 0x00, 0x00, 0xff, 0x01, 0x00, 0x00, 0x00, 0x00, 0xa0, 0x08, 0x00
    , 0x00, 0x00, 0x00, 0x00, 0x01, 0x00, 0x00, 0x00, 0x00, 0x0f, 0x01, 0x00
    , 0x00, 0x00, 0x00, 0xca, 0x05, 0x00, 0x00, 0x00, 0x00, 0xff, 0x01, 0x00
    , 0x00, 0x00, 0x00, 0xca, 0x01, 0x00, 0x00, 0x00, 0x00, 0x0f, 0x02, 0x00
    , 0x00, 0x00, 0x00, 0x00, 0x01, 0x00, 0x00, 0x00, 0x00, 0x0f, 0x01, 0x00
    , 0x00, 0x00, 0x00, 0xca, 0x05, 0x00, 0x00, 0x00, 0x00, 0xff, 0x01, 0x00
    , 0x00, 0x00, 0x00, 0xca, 0x01, 0x00, 0x00, 0x00, 0x00, 0x0f, 0x08, 0x00
    , 0x00, 0x00, 0x00, 0x00, 0x01, 0x00, 0x00, 0x00, 0x00, 0xa1, 0x04, 0x00
    , 0x00, 0x00, 0x00, 0xff, 0x01, 0x00, 0x00, 0x00, 0x00, 0x50, 0x01, 0x00
    , 0x00, 0x00, 0x00, 0x0a, 0x01, 0x00, 0x00, 0x00, 0x00, 0xf6, 0x03, 0x00
    , 0x00, 0x00, 0x00, 0xff, 0x01, 0x00, 0x00, 0x00, 0x00, 0xe9, 0x01, 0x00
    , 0x00, 0x00, 0x00, 0x01, 0x06, 0x00, 0x00, 0x00, 0x00, 0x00, 0x01, 0x00
    , 0x00, 0x00, 0x00, 0x0f, 0x01, 0x00, 0x00, 0x00, 0x00, 0xca, 0x05, 0x00
    , 0x00, 0x00, 0x00, 0xff, 0x01, 0x00, 0x00, 0x00, 0x00, 0xca, 0x01, 0x00
    , 0x00, 0x00, 0x00, 0x0f, 0x04, 0x00, 0x00, 0x00, 0x00, 0x00, 0x01, 0x00
    , 0x00, 0x00, 0x00, 0x0f, 0x01, 0x00, 0x00, 0x00, 0x00, 0xca, 0x05, 0x00
    , 0x00, 0x00, 0x00, 0xff, 0x01, 0x00, 0x00, 0x00, 0x00, 0xca, 0x01, 0x00
    , 0x00, 0x00, 0x00, 0x0f, 0x06, 0x00, 0x00, 0x00, 0x00, 0x00, 0x01, 0x00
    , 0x00, 0x00, 0x00, 0x02, 0x01, 0x00, 0x00, 0x00, 0x00, 0xea, 0x03, 0x00
    , 0x00, 0x00, 0x00, 0xff, 0x01, 0x00, 0x00, 0x00, 0x00, 0xf6, 0x01, 0x00
    , 0x00, 0x00, 0x00, 0x0a, 0x01, 0x00, 0x00, 0x00, 0x00, 0x00, 0x01, 0x00
    , 0x00, 0x00, 0x00, 0xb1, 0x04, 0x00, 0x00, 0x00, 0x00, 0xff, 0x01, 0x00
    , 0x00, 0x00, 0x00, 0x41, 0x06, 0x00, 0x00, 0x00, 0x00, 0x00, 0x01, 0x00
    , 0x00, 0x00, 0x00, 0xa7, 0x05, 0x00, 0x00, 0x00, 0x00, 0xff, 0x01, 0x00
    , 0x00, 0x00, 0x00, 0xca, 0x01, 0x00, 0x00, 0x00, 0x00, 0x0f, 0x06, 0x00
    , 0x00, 0x00, 0x00, 0x00, 0x01, 0x00, 0x00, 0x00, 0x00, 0x0f, 0x01, 0x00
    , 0x00, 0x00, 0x00, 0xca, 0x05, 0x00, 0x00, 0x00, 0x00, 0xff, 0x01, 0x00
    , 0x00, 0x00, 0x00, 0xa6, 0x06, 0x00, 0x00, 0x00, 0x00, 0x00, 0x01, 0x00
    , 0x00, 0x00, 0x00, 0x41, 0x04, 0x00, 0x00, 0x00, 0x00, 0xff, 0x01, 0x00
    , 0x00, 0x00, 0x00, 0xb0, 0x02, 0x00, 0x00, 0x00, 0x00, 0x00, 0x01, 0x00
    , 0x00, 0x00, 0x00, 0x60, 0x04, 0x00, 0x00, 0x00, 0x00, 0xff, 0x01, 0x00
    , 0x00, 0x00, 0x00, 0xc4, 0x06, 0x00, 0x00, 0x00, 0x00, 0x00, 0x01, 0x00
    , 0x00, 0x00, 0x00, 0xee, 0x04, 0x00, 0x00, 0x00, 0x00, 0xff, 0x01, 0x00
    , 0x00, 0x00, 0x00, 0xca, 0x01, 0x00, 0x00, 0x00, 0x00, 0x0f, 0x08, 0x00
    , 0x00, 0x00, 0x00, 0x00, 0x01, 0x00, 0x00, 0x00, 0x00, 0x0f, 0x01, 0x00
    , 0x00, 0x00, 0x00, 0xca, 0x04, 0x00, 0x00, 0x00, 0x00, 0xff, 0x01, 0x00
    , 0x00, 0x00, 0x00, 0xed, 0x06, 0x00, 0x00, 0x00, 0x00, 0x00, 0x01, 0x00
    , 0x00, 0x00, 0x00, 0xc5, 0x04, 0x00, 0x00, 0x00, 0x00, 0xff, 0x01, 0x00
    , 0x00, 0x00, 0x00, 0x5f, 0x02, 0x00, 0x00, 0x00, 0x00, 0x00, 0x01, 0x00
    , 0x00, 0x00, 0x00, 0x12, 0x01, 0x00, 0x00, 0x00, 0x00, 0xf2, 0x04, 0x00
    , 0x00, 0x00, 0x00, 0xff, 0x01, 0x00, 0x00, 0x00, 0x00, 0x4e, 0x05, 0x00
    , 0x00, 0x00, 0x00, 0x00, 0x01, 0x00, 0x00, 0x00, 0x00, 0xc7, 0x03, 0x00
    , 0x00, 0x00, 0x00, 0xff, 0x01, 0x00, 0x00, 0x00, 0x00, 0xca, 0x01, 0x00
    , 0x00, 0x00, 0x00, 0x0f, 0x0a, 0x00, 0x00, 0x00, 0x00, 0x00, 0x01, 0x00
    , 0x00, 0x00, 0x00, 0x0f, 0x01, 0x00, 0x00, 0x00, 0x00, 0xca, 0x03, 0x00
    , 0x00, 0x00, 0x00, 0xff, 0x01, 0x00, 0x00, 0x00, 0x00, 0xc7, 0x05, 0x00
    , 0x00, 0x00, 0x00, 0x00, 0x01, 0x00, 0x00, 0x00, 0x00, 0x4f, 0x04, 0x00
    , 0x00, 0x00, 0x00, 0xff, 0x01, 0x00, 0x00, 0x00, 0x00, 0xf2, 0x01, 0x00
    , 0x00, 0x00, 0x00, 0x11, 0x03, 0x00, 0x00, 0x00, 0x00, 0x00, 0x01, 0x00
    , 0x00, 0x00, 0x00, 0x7d, 0x04, 0x00, 0x00, 0x00, 0x00, 0xff, 0x01, 0x00
    , 0x00, 0x00, 0x00, 0xd5, 0x01, 0x00, 0x00, 0x00, 0x00, 0x06, 0x04, 0x00
    , 0x00, 0x00, 0x00, 0x00, 0x01, 0x00, 0x00, 0x00, 0x00, 0x2a, 0x01, 0x00
    , 0x00, 0x00, 0x00, 0xc7, 0x01, 0x00, 0x00, 0x00, 0x00, 0xed, 0x01, 0x00
    , 0x00, 0x00, 0x00, 0xa6, 0x01, 0x00, 0x00, 0x00, 0x00, 0x0f, 0x0c, 0x00
    , 0x00, 0x00, 0x00, 0x00, 0x01, 0x00, 0x00, 0x00, 0x00, 0x0f, 0x01, 0x00
    , 0x00, 0x00, 0x00, 0xa6, 0x01, 0x00, 0x00, 0x00, 0x00, 0xed, 0x01, 0x00
    , 0x00, 0x00, 0x00, 0xc7, 0x01, 0x00, 0x00, 0x00, 0x00, 0x2a, 0x04, 0x00
    , 0x00, 0x00, 0x00, 0x00, 0x01, 0x00, 0x00, 0x00, 0x00, 0x06, 0x01, 0x00
    , 0x00, 0x00, 0x00, 0xd5, 0x04, 0x00, 0x00, 0x00, 0x00, 0xff, 0x01, 0x00
    , 0x00, 0x00, 0x00, 0x7c, 0x04, 0x00, 0x00, 0x00, 0x00, 0x00, 0x01, 0x00
    , 0x00, 0x00, 0x00, 0x0b, 0x01, 0x00, 0x00, 0x00, 0x00, 0xe7, 0x04, 0x00
    , 0x00, 0x00, 0x00, 0xff, 0x01, 0x00, 0x00, 0x00, 0x00, 0x9e, 0x1e, 0x00
    , 0x00, 0x00, 0x00, 0x00, 0x01, 0x00, 0x00, 0x00, 0x00, 0x9f, 0x04, 0x00
    , 0x00, 0x00, 0x00, 0xff, 0x01, 0x00, 0x00, 0x00, 0x00, 0xe6, 0x01, 0x00
    , 0x00, 0x00, 0x00, 0x0a, 0x05, 0x00, 0x00, 0x00, 0x00, 0x00, 0x01, 0x00
    , 0x00, 0x00, 0x00, 0x67, 0x05, 0x00, 0x00, 0x00, 0x00, 0xff, 0x01, 0x00
    , 0x00, 0x00, 0x00, 0x72, 0x1c, 0x00, 0x00, 0x00, 0x00, 0x00, 0x01, 0x00
    , 0x00, 0x00, 0x00, 0x73, 0x05, 0x00, 0x00, 0x00, 0x00, 0xff, 0x01, 0x00
    , 0x00, 0x00, 0x00, 0x66, 0x06, 0x00, 0x00, 0x00, 0x00, 0x00, 0x01, 0x00
    , 0x00, 0x00, 0x00, 0x04, 0x01, 0x00, 0x00, 0x00, 0x00, 0xcc, 0x04, 0x00
    , 0x00, 0x00, 0x00, 0xff, 0x01, 0x00, 0x00, 0x00, 0x00, 0xfd, 0x01, 0x00
    , 0x00, 0x00, 0x00, 0x51, 0x1a, 0x00, 0x00, 0x00, 0x00, 0x00, 0x01, 0x00
    , 0x00, 0x00, 0x00, 0x51, 0x01, 0x00, 0x00, 0x00, 0x00, 0xfd, 0x04, 0x00
    , 0x00, 0x00, 0x00, 0xff, 0x01, 0x00, 0x00, 0x00, 0x00, 0xcc, 0x01, 0x00
    , 0x00, 0x00, 0x00, 0x03, 0x07, 0x00, 0x00, 0x00, 0x00, 0x00, 0x01, 0x00
    , 0x00, 0x00, 0x00, 0x1d, 0x01, 0x00, 0x00, 0x00, 0x00, 0xe8, 0x04, 0x00
    , 0x00, 0x00, 0x00, 0xff, 0x01, 0x00, 0x00, 0x00, 0x00, 0xfd, 0x01, 0x00
    , 0x00, 0x00, 0x00, 0x73, 0x18, 0x00, 0x00, 0x00, 0x00, 0x00, 0x01, 0x00
    , 0x00, 0x00, 0x00, 0x73, 0x01, 0x00, 0x00, 0x00, 0x00, 0xfd, 0x04, 0x00
    , 0x00, 0x00, 0x00, 0xff, 0x01, 0x00, 0x00, 0x00, 0x00, 0xe8, 0x01, 0x00
    , 0x00, 0x00, 0x00, 0x1c, 0x09, 0x00, 0x00, 0x00, 0x00, 0x00, 0x01, 0x00
    , 0x00, 0x00, 0x00, 0x3a, 0x01, 0x00, 0x00, 0x00, 0x00, 0xf9, 0x05, 0x00
    , 0x00, 0x00, 0x00, 0xff, 0x01, 0x00, 0x00, 0x00, 0x00, 0x9e, 0x01, 0x00
    , 0x00, 0x00, 0x00, 0x06, 0x14, 0x00, 0x00, 0x00, 0x00, 0x00, 0x01, 0x00
    , 0x00, 0x00, 0x00, 0x06, 0x01, 0x00, 0x00, 0x00, 0x00, 0x9f, 0x05, 0x00
    , 0x00, 0x00, 0x00, 0xff, 0x01, 0x00, 0x00, 0x00, 0x00, 0xf8, 0x01, 0x00
    , 0x00, 0x00, 0x00, 0x39, 0x0b, 0x00, 0x00, 0x00, 0x00, 0x00, 0x01, 0x00
    , 0x00, 0x00, 0x00, 0x60, 0x06, 0x00, 0x00, 0x00, 0x00, 0xff, 0x01, 0x00
    , 0x00, 0x00, 0x00, 0xd5, 0x01, 0x00, 0x00, 0x00, 0x00, 0x4e, 0x12, 0x00
    , 0x00, 0x00, 0x00, 0x00, 0x01, 0x00, 0x00, 0x00, 0x00, 0x4f, 0x01, 0x00
    , 0x00, 0x00, 0x00, 0xd5, 0x06, 0x00, 0x00, 0x00, 0x00, 0xff, 0x01, 0x00
    , 0x00, 0x00, 0x00, 0x5f, 0x0d, 0x00, 0x00, 0x00, 0x00, 0x00, 0x01, 0x00
    , 0x00, 0x00, 0x00, 0x60, 0x01, 0x00, 0x00, 0x00, 0x00, 0xf8, 0x06, 0x00
    , 0x00, 0x00, 0x00, 0xff, 0x01, 0x00, 0x00, 0x00, 0x00, 0xc4, 0x01, 0x00
    , 0x00, 0x00, 0x00, 0x41, 0x01, 0x00, 0x00, 0x00, 0x00, 0x02, 0x0c, 0x00
    , 0x00, 0x00, 0x00, 0x00, 0x01, 0x00, 0x00, 0x00, 0x00, 0x02, 0x01, 0x00
    , 0x00, 0x00, 0x00, 0x41, 0x01, 0x00, 0x00, 0x00, 0x00, 0xc5, 0x06, 0x00
    , 0x00, 0x00, 0x00, 0xff, 0x01, 0x00, 0x00, 0x00, 0x00, 0xf8, 0x01, 0x00
    , 0x00, 0x00, 0x00, 0x5f, 0x0f, 0x00, 0x00, 0x00, 0x00, 0x00, 0x01, 0x00
    , 0x00, 0x00, 0x00, 0x39, 0x01, 0x00, 0x00, 0x00, 0x00, 0xe8, 0x07, 0x00
    , 0x00, 0x00, 0x00, 0xff, 0x01, 0x00, 0x00, 0x00, 0x00, 0xea, 0x01, 0x00
    , 0x00, 0x00, 0x00, 0xa1, 0x01, 0x00, 0x00, 0x00, 0x00, 0x55, 0x01, 0x00
    , 0x00, 0x00, 0x00, 0x1e, 0x01, 0x00, 0x00, 0x00, 0x00, 0x07, 0x04, 0x00
    , 0x00, 0x00, 0x00, 0x00, 0x01, 0x00, 0x00, 0x00, 0x00, 0x07, 0x01, 0x00
    , 0x00, 0x00, 0x00, 0x1e, 0x01, 0x00, 0x00, 0x00, 0x00, 0x56, 0x01, 0x00
    , 0x00, 0x00, 0x00, 0xa1, 0x01, 0x00, 0x00, 0x00, 0x00, 0xea, 0x07, 0x00
    , 0x00, 0x00, 0x00, 0xff, 0x01, 0x00, 0x00, 0x00, 0x00, 0xe7, 0x01, 0x00
    , 0x00, 0x00, 0x00, 0x39, 0x11, 0x00, 0x00, 0x00, 0x00, 0x00, 0x01, 0x00
    , 0x00, 0x00, 0x00, 0x1d, 0x01, 0x00, 0x00, 0x00, 0x00, 0xcc, 0x0b, 0x00
    , 0x00, 0x00, 0x00, 0xff, 0x01, 0x00, 0x00, 0x00, 0x00, 0xef, 0x02, 0x00
    , 0x00, 0x00, 0x00, 0xd8, 0x01, 0x00, 0x00, 0x00, 0x00, 0xf0, 0x0b, 0x00
    , 0x00, 0x00, 0x00, 0xff, 0x01, 0x00, 0x00, 0x00, 0x00, 0xcc, 0x01, 0x00
    , 0x00, 0x00, 0x00, 0x1c, 0x13, 0x00, 0x00, 0x00, 0x00, 0x00, 0x01, 0x00
    , 0x00, 0x00, 0x00, 0x03, 0x01, 0x00, 0x00, 0x00, 0x00, 0x66, 0x01, 0x00
    , 0x00, 0x00, 0x00, 0xe6, 0x16, 0x00, 0x00, 0x00, 0x00, 0xff, 0x01, 0x00
    , 0x00, 0x00, 0x00, 0xe6, 0x01, 0x00, 0x00, 0x00, 0x00, 0x65, 0x01, 0x00
    , 0x00, 0x00, 0x00, 0x03, 0x16, 0x00, 0x00, 0x00, 0x00, 0x00, 0x01, 0x00
    , 0x00, 0x00, 0x00, 0x0b, 0x01, 0x00, 0x00, 0x00, 0x00, 0x7c, 0x01, 0x00
    , 0x00, 0x00, 0x00, 0xf2, 0x12, 0x00, 0x00, 0x00, 0x00, 0xff, 0x01, 0x00
    , 0x00, 0x00, 0x00, 0xf2, 0x01, 0x00, 0x00, 0x00, 0x00, 0x7c, 0x01, 0x00
    , 0x00, 0x00, 0x00, 0x0a, 0x1a, 0x00, 0x00, 0x00, 0x00, 0x00, 0x01, 0x00
    , 0x00, 0x00, 0x00, 0x11, 0x01, 0x00, 0x00, 0x00, 0x00, 0x5f, 0x01, 0x00
    , 0x00, 0x00, 0x00, 0xb0, 0x01, 0x00, 0x00, 0x00, 0x00, 0xf6, 0x0c, 0x00
    , 0x00, 0x00, 0x00, 0xff, 0x01, 0x00, 0x00, 0x00, 0x00, 0xf6, 0x01, 0x00
    , 0x00, 0x00, 0x00, 0xaf, 0x01, 0x00, 0x00, 0x00, 0x00, 0x5f, 0x01, 0x00
    , 0x00, 0x00, 0x00, 0x11, 0x1f, 0x00, 0x00, 0x00, 0x00, 0x00, 0x01, 0x00
    , 0x00, 0x00, 0x00, 0x0a, 0x01, 0x00, 0x00, 0x00, 0x00, 0x50, 0x01, 0x00
    , 0x00, 0x00, 0x00, 0x8e, 0x01, 0x00, 0x00, 0x00, 0x00, 0xa7, 0x01, 0x00
    , 0x00, 0x00, 0x00, 0xc0, 0x01, 0x00, 0x00, 0x00, 0x00, 0xd9, 0x02, 0x00
    , 0x00, 0x00, 0x00, 0xf2, 0x01, 0x00, 0x00, 0x00, 0x00, 0xd9, 0x01, 0x00
    , 0x00, 0x00, 0x00, 0xc0, 0x01, 0x00, 0x00, 0x00, 0x00, 0xa7, 0x01, 0x00
    , 0x00, 0x00, 0x00, 0x8e, 0x01, 0x00, 0x00, 0x00, 0x00, 0x50, 0x01, 0x00
    , 0x00, 0x00, 0x00, 0x0a, 0x11, 0x00, 0x00, 0x00, 0x00, 0x00
};

inline Upp::Image ICON_ACTION_CANCEL_48()
{
    return Upp::UiMakeIcon(DATA_ACTION_CANCEL_48);
}

// Category: action | Type: Outlined | Icon: check_circle | Size: 48x48 | Format: UiMakeIcon RLE
static const unsigned char DATA_ACTION_CHECK_CIRCLE_48[] = {
    0x30, 0x80, 0x30, 0x00, 0x11, 0x00, 0x00, 0x00, 0x00, 0x00, 0x01, 0x00
    , 0x00, 0x00, 0x00, 0x0a, 0x01, 0x00, 0x00, 0x00, 0x00, 0x51, 0x01, 0x00
    , 0x00, 0x00, 0x00, 0x8e, 0x01, 0x00, 0x00, 0x00, 0x00, 0xa8, 0x01, 0x00
    , 0x00, 0x00, 0x00, 0xc1, 0x01, 0x00, 0x00, 0x00, 0x00, 0xda, 0x02, 0x00
    , 0x00, 0x00, 0x00, 0xf3, 0x01, 0x00, 0x00, 0x00, 0x00, 0xda, 0x01, 0x00
    , 0x00, 0x00, 0x00, 0xc1, 0x01, 0x00, 0x00, 0x00, 0x00, 0xa8, 0x01, 0x00
    , 0x00, 0x00, 0x00, 0x8e, 0x01, 0x00, 0x00, 0x00, 0x00, 0x51, 0x01, 0x00
    , 0x00, 0x00, 0x00, 0x0a, 0x1f, 0x00, 0x00, 0x00, 0x00, 0x00, 0x01, 0x00
    , 0x00, 0x00, 0x00, 0x12, 0x01, 0x00, 0x00, 0x00, 0x00, 0x60, 0x01, 0x00
    , 0x00, 0x00, 0x00, 0xb1, 0x01, 0x00, 0x00, 0x00, 0x00, 0xf6, 0x0c, 0x00
    , 0x00, 0x00, 0x00, 0xff, 0x01, 0x00, 0x00, 0x00, 0x00, 0xf6, 0x01, 0x00
    , 0x00, 0x00, 0x00, 0xb0, 0x01, 0x00, 0x00, 0x00, 0x00, 0x60, 0x01, 0x00
    , 0x00, 0x00, 0x00, 0x12, 0x1a, 0x00, 0x00, 0x00, 0x00, 0x00, 0x01, 0x00
    , 0x00, 0x00, 0x00, 0x0b, 0x01, 0x00, 0x00, 0x00, 0x00, 0x7d, 0x01, 0x00
    , 0x00, 0x00, 0x00, 0xf2, 0x12, 0x00, 0x00, 0x00, 0x00, 0xff, 0x01, 0x00
    , 0x00, 0x00, 0x00, 0xf2, 0x01, 0x00, 0x00, 0x00, 0x00, 0x7d, 0x01, 0x00
    , 0x00, 0x00, 0x00, 0x0b, 0x16, 0x00, 0x00, 0x00, 0x00, 0x00, 0x01, 0x00
    , 0x00, 0x00, 0x00, 0x04, 0x01, 0x00, 0x00, 0x00, 0x00, 0x67, 0x01, 0x00
    , 0x00, 0x00, 0x00, 0xe7, 0x16, 0x00, 0x00, 0x00, 0x00, 0xff, 0x01, 0x00
    , 0x00, 0x00, 0x00, 0xe7, 0x01, 0x00, 0x00, 0x00, 0x00, 0x66, 0x01, 0x00
    , 0x00, 0x00, 0x00, 0x03, 0x13, 0x00, 0x00, 0x00, 0x00, 0x00, 0x01, 0x00
    , 0x00, 0x00, 0x00, 0x1d, 0x01, 0x00, 0x00, 0x00, 0x00, 0xcc, 0x0b, 0x00
    , 0x00, 0x00, 0x00, 0xff, 0x01, 0x00, 0x00, 0x00, 0x00, 0xee, 0x01, 0x00
    , 0x00, 0x00, 0x00, 0xd7, 0x01, 0x00, 0x00, 0x00, 0x00, 0xd8, 0x01, 0x00
    , 0x00, 0x00, 0x00, 0xef, 0x0b, 0x00, 0x00, 0x00, 0x00, 0xff, 0x01, 0x00
    , 0x00, 0x00, 0x00, 0xcc, 0x01, 0x00, 0x00, 0x00, 0x00, 0x1d, 0x11, 0x00
    , 0x00, 0x00, 0x00, 0x00, 0x01, 0x00, 0x00, 0x00, 0x00, 0x3a, 0x01, 0x00
    , 0x00, 0x00, 0x00, 0xe8, 0x07, 0x00, 0x00, 0x00, 0x00, 0xff, 0x01, 0x00
    , 0x00, 0x00, 0x00, 0xe9, 0x01, 0x00, 0x00, 0x00, 0x00, 0xa0, 0x01, 0x00
    , 0x00, 0x00, 0x00, 0x54, 0x01, 0x00, 0x00, 0x00, 0x00, 0x1d, 0x01, 0x00
    , 0x00, 0x00, 0x00, 0x07, 0x04, 0x00, 0x00, 0x00, 0x00, 0x00, 0x01, 0x00
    , 0x00, 0x00, 0x00, 0x07, 0x01, 0x00, 0x00, 0x00, 0x00, 0x1d, 0x01, 0x00
    , 0x00, 0x00, 0x00, 0x55, 0x01, 0x00, 0x00, 0x00, 0x00, 0xa0, 0x01, 0x00
    , 0x00, 0x00, 0x00, 0xe9, 0x07, 0x00, 0x00, 0x00, 0x00, 0xff, 0x01, 0x00
    , 0x00, 0x00, 0x00, 0xe8, 0x01, 0x00, 0x00, 0x00, 0x00, 0x39, 0x0f, 0x00
    , 0x00, 0x00, 0x00, 0x00, 0x01, 0x00, 0x00, 0x00, 0x00, 0x60, 0x01, 0x00
    , 0x00, 0x00, 0x00, 0xf9, 0x06, 0x00, 0x00, 0x00, 0x00, 0xff, 0x01, 0x00
    , 0x00, 0x00, 0x00, 0xc4, 0x01, 0x00, 0x00, 0x00, 0x00, 0x41, 0x01, 0x00
    , 0x00, 0x00, 0x00, 0x01, 0x0c, 0x00, 0x00, 0x00, 0x00, 0x00, 0x01, 0x00
    , 0x00, 0x00, 0x00, 0x02, 0x01, 0x00, 0x00, 0x00, 0x00, 0x41, 0x01, 0x00
    , 0x00, 0x00, 0x00, 0xc4, 0x06, 0x00, 0x00, 0x00, 0x00, 0xff, 0x01, 0x00
    , 0x00, 0x00, 0x00, 0xf8, 0x01, 0x00, 0x00, 0x00, 0x00, 0x5f, 0x0d, 0x00
    , 0x00, 0x00, 0x00, 0x00, 0x01, 0x00, 0x00, 0x00, 0x00, 0x60, 0x06, 0x00
    , 0x00, 0x00, 0x00, 0xff, 0x01, 0x00, 0x00, 0x00, 0x00, 0xd5, 0x01, 0x00
    , 0x00, 0x00, 0x00, 0x4d, 0x12, 0x00, 0x00, 0x00, 0x00, 0x00, 0x01, 0x00
    , 0x00, 0x00, 0x00, 0x4e, 0x01, 0x00, 0x00, 0x00, 0x00, 0xd5, 0x06, 0x00
    , 0x00, 0x00, 0x00, 0xff, 0x01, 0x00, 0x00, 0x00, 0x00, 0x60, 0x0b, 0x00
    , 0x00, 0x00, 0x00, 0x00, 0x01, 0x00, 0x00, 0x00, 0x00, 0x3a, 0x01, 0x00
    , 0x00, 0x00, 0x00, 0xf9, 0x05, 0x00, 0x00, 0x00, 0x00, 0xff, 0x01, 0x00
    , 0x00, 0x00, 0x00, 0x9d, 0x01, 0x00, 0x00, 0x00, 0x00, 0x06, 0x14, 0x00
    , 0x00, 0x00, 0x00, 0x00, 0x01, 0x00, 0x00, 0x00, 0x00, 0x06, 0x01, 0x00
    , 0x00, 0x00, 0x00, 0x9e, 0x05, 0x00, 0x00, 0x00, 0x00, 0xff, 0x01, 0x00
    , 0x00, 0x00, 0x00, 0xf8, 0x01, 0x00, 0x00, 0x00, 0x00, 0x39, 0x09, 0x00
    , 0x00, 0x00, 0x00, 0x00, 0x01, 0x00, 0x00, 0x00, 0x00, 0x1d, 0x01, 0x00
    , 0x00, 0x00, 0x00, 0xe8, 0x04, 0x00, 0x00, 0x00, 0x00, 0xff, 0x01, 0x00
    , 0x00, 0x00, 0x00, 0xfd, 0x01, 0x00, 0x00, 0x00, 0x00, 0x72, 0x18, 0x00
    , 0x00, 0x00, 0x00, 0x00, 0x01, 0x00, 0x00, 0x00, 0x00, 0x72, 0x01, 0x00
    , 0x00, 0x00, 0x00, 0xfd, 0x04, 0x00, 0x00, 0x00, 0x00, 0xff, 0x01, 0x00
    , 0x00, 0x00, 0x00, 0xe8, 0x01, 0x00, 0x00, 0x00, 0x00, 0x1d, 0x07, 0x00
    , 0x00, 0x00, 0x00, 0x00, 0x01, 0x00, 0x00, 0x00, 0x00, 0x04, 0x01, 0x00
    , 0x00, 0x00, 0x00, 0xcc, 0x04, 0x00, 0x00, 0x00, 0x00, 0xff, 0x01, 0x00
    , 0x00, 0x00, 0x00, 0xfd, 0x01, 0x00, 0x00, 0x00, 0x00, 0x50, 0x1a, 0x00
    , 0x00, 0x00, 0x00, 0x00, 0x01, 0x00, 0x00, 0x00, 0x00, 0x51, 0x01, 0x00
    , 0x00, 0x00, 0x00, 0xfd, 0x04, 0x00, 0x00, 0x00, 0x00, 0xff, 0x01, 0x00
    , 0x00, 0x00, 0x00, 0xcc, 0x01, 0x00, 0x00, 0x00, 0x00, 0x03, 0x06, 0x00
    , 0x00, 0x00, 0x00, 0x00, 0x01, 0x00, 0x00, 0x00, 0x00, 0x67, 0x05, 0x00
    , 0x00, 0x00, 0x00, 0xff, 0x01, 0x00, 0x00, 0x00, 0x00, 0x72, 0x1c, 0x00
    , 0x00, 0x00, 0x00, 0x00, 0x01, 0x00, 0x00, 0x00, 0x00, 0x73, 0x05, 0x00
    , 0x00, 0x00, 0x00, 0xff, 0x01, 0x00, 0x00, 0x00, 0x00, 0x66, 0x05, 0x00
    , 0x00, 0x00, 0x00, 0x00, 0x01, 0x00, 0x00, 0x00, 0x00, 0x0b, 0x01, 0x00
    , 0x00, 0x00, 0x00, 0xe7, 0x04, 0x00, 0x00, 0x00, 0x00, 0xff, 0x01, 0x00
    , 0x00, 0x00, 0x00, 0x9d, 0x1e, 0x00, 0x00, 0x00, 0x00, 0x00, 0x01, 0x00
    , 0x00, 0x00, 0x00, 0x9f, 0x04, 0x00, 0x00, 0x00, 0x00, 0xff, 0x01, 0x00
    , 0x00, 0x00, 0x00, 0xe6, 0x01, 0x00, 0x00, 0x00, 0x00, 0x0a, 0x04, 0x00
    , 0x00, 0x00, 0x00, 0x00, 0x01, 0x00, 0x00, 0x00, 0x00, 0x7d, 0x04, 0x00
    , 0x00, 0x00, 0x00, 0xff, 0x01, 0x00, 0x00, 0x00, 0x00, 0xd5, 0x01, 0x00
    , 0x00, 0x00, 0x00, 0x06, 0x1e, 0x00, 0x00, 0x00, 0x00, 0x00, 0x01, 0x00
    , 0x00, 0x00, 0x00, 0x06, 0x01, 0x00, 0x00, 0x00, 0x00, 0xd5, 0x04, 0x00
    , 0x00, 0x00, 0x00, 0xff, 0x01, 0x00, 0x00, 0x00, 0x00, 0x7c, 0x03, 0x00
    , 0x00, 0x00, 0x00, 0x00, 0x01, 0x00, 0x00, 0x00, 0x00, 0x12, 0x01, 0x00
    , 0x00, 0x00, 0x00, 0xf2, 0x04, 0x00, 0x00, 0x00, 0x00, 0xff, 0x01, 0x00
    , 0x00, 0x00, 0x00, 0x4e, 0x20, 0x00, 0x00, 0x00, 0x00, 0x00, 0x01, 0x00
    , 0x00, 0x00, 0x00, 0x4f, 0x04, 0x00, 0x00, 0x00, 0x00, 0xff, 0x01, 0x00
    , 0x00, 0x00, 0x00, 0xf2, 0x01, 0x00, 0x00, 0x00, 0x00, 0x11, 0x02, 0x00
    , 0x00, 0x00, 0x00, 0x00, 0x01, 0x00, 0x00, 0x00, 0x00, 0x60, 0x04, 0x00
    , 0x00, 0x00, 0x00, 0xff, 0x01, 0x00, 0x00, 0x00, 0x00, 0xc4, 0x1a, 0x00
    , 0x00, 0x00, 0x00, 0x00, 0x01, 0x00, 0x00, 0x00, 0x00, 0x15, 0x01, 0x00
    , 0x00, 0x00, 0x00, 0x27, 0x01, 0x00, 0x00, 0x00, 0x00, 0x01, 0x05, 0x00
    , 0x00, 0x00, 0x00, 0x00, 0x01, 0x00, 0x00, 0x00, 0x00, 0xc5, 0x04, 0x00
    , 0x00, 0x00, 0x00, 0xff, 0x01, 0x00, 0x00, 0x00, 0x00, 0x5f, 0x02, 0x00
    , 0x00, 0x00, 0x00, 0x00, 0x01, 0x00, 0x00, 0x00, 0x00, 0xb1, 0x04, 0x00
    , 0x00, 0x00, 0x00, 0xff, 0x01, 0x00, 0x00, 0x00, 0x00, 0x41, 0x19, 0x00
    , 0x00, 0x00, 0x00, 0x00, 0x01, 0x00, 0x00, 0x00, 0x00, 0x7f, 0x01, 0x00
    , 0x00, 0x00, 0x00, 0xfc, 0x01, 0x00, 0x00, 0x00, 0x00, 0xff, 0x01, 0x00
    , 0x00, 0x00, 0x00, 0xc8, 0x01, 0x00, 0x00, 0x00, 0x00, 0x0a, 0x04, 0x00
    , 0x00, 0x00, 0x00, 0x00, 0x01, 0x00, 0x00, 0x00, 0x00, 0x41, 0x04, 0x00
    , 0x00, 0x00, 0x00, 0xff, 0x01, 0x00, 0x00, 0x00, 0x00, 0xb0, 0x01, 0x00
    , 0x00, 0x00, 0x00, 0x00, 0x01, 0x00, 0x00, 0x00, 0x00, 0x0b, 0x01, 0x00
    , 0x00, 0x00, 0x00, 0xf7, 0x03, 0x00, 0x00, 0x00, 0x00, 0xff, 0x01, 0x00
    , 0x00, 0x00, 0x00, 0xe9, 0x01, 0x00, 0x00, 0x00, 0x00, 0x01, 0x18, 0x00
    , 0x00, 0x00, 0x00, 0x00, 0x01, 0x00, 0x00, 0x00, 0x00, 0x88, 0x04, 0x00
    , 0x00, 0x00, 0x00, 0xff, 0x01, 0x00, 0x00, 0x00, 0x00, 0x6a, 0x04, 0x00
    , 0x00, 0x00, 0x00, 0x00, 0x01, 0x00, 0x00, 0x00, 0x00, 0x02, 0x01, 0x00
    , 0x00, 0x00, 0x00, 0xea, 0x03, 0x00, 0x00, 0x00, 0x00, 0xff, 0x01, 0x00
    , 0x00, 0x00, 0x00, 0xf6, 0x01, 0x00, 0x00, 0x00, 0x00, 0x0a, 0x01, 0x00
    , 0x00, 0x00, 0x00, 0x51, 0x04, 0x00, 0x00, 0x00, 0x00, 0xff, 0x01, 0x00
    , 0x00, 0x00, 0x00, 0xa0, 0x18, 0x00, 0x00, 0x00, 0x00, 0x00, 0x01, 0x00
    , 0x00, 0x00, 0x00, 0x88, 0x05, 0x00, 0x00, 0x00, 0x00, 0xff, 0x01, 0x00
    , 0x00, 0x00, 0x00, 0x77, 0x05, 0x00, 0x00, 0x00, 0x00, 0x00, 0x01, 0x00
    , 0x00, 0x00, 0x00, 0xa1, 0x04, 0x00, 0x00, 0x00, 0x00, 0xff, 0x01, 0x00
    , 0x00, 0x00, 0x00, 0x50, 0x01, 0x00, 0x00, 0x00, 0x00, 0x8e, 0x04, 0x00
    , 0x00, 0x00, 0x00, 0xff, 0x01, 0x00, 0x00, 0x00, 0x00, 0x55, 0x17, 0x00
    , 0x00, 0x00, 0x00, 0x00, 0x01, 0x00, 0x00, 0x00, 0x00, 0x88, 0x05, 0x00
    , 0x00, 0x00, 0x00, 0xff, 0x01, 0x00, 0x00, 0x00, 0x00, 0xf0, 0x01, 0x00
    , 0x00, 0x00, 0x00, 0x1f, 0x05, 0x00, 0x00, 0x00, 0x00, 0x00, 0x01, 0x00
    , 0x00, 0x00, 0x00, 0x56, 0x04, 0x00, 0x00, 0x00, 0x00, 0xff, 0x01, 0x00
    , 0x00, 0x00, 0x00, 0x8e, 0x01, 0x00, 0x00, 0x00, 0x00, 0xa8, 0x04, 0x00
    , 0x00, 0x00, 0x00, 0xff, 0x01, 0x00, 0x00, 0x00, 0x00, 0x1d, 0x16, 0x00
    , 0x00, 0x00, 0x00, 0x00, 0x01, 0x00, 0x00, 0x00, 0x00, 0x88, 0x05, 0x00
    , 0x00, 0x00, 0x00, 0xff, 0x01, 0x00, 0x00, 0x00, 0x00, 0xf1, 0x01, 0x00
    , 0x00, 0x00, 0x00, 0x3a, 0x06, 0x00, 0x00, 0x00, 0x00, 0x00, 0x01, 0x00
    , 0x00, 0x00, 0x00, 0x1e, 0x04, 0x00, 0x00, 0x00, 0x00, 0xff, 0x01, 0x00
    , 0x00, 0x00, 0x00, 0xa7, 0x01, 0x00, 0x00, 0x00, 0x00, 0xc1, 0x04, 0x00
    , 0x00, 0x00, 0x00, 0xff, 0x01, 0x00, 0x00, 0x00, 0x00, 0x07, 0x15, 0x00
    , 0x00, 0x00, 0x00, 0x00, 0x01, 0x00, 0x00, 0x00, 0x00, 0x88, 0x05, 0x00
    , 0x00, 0x00, 0x00, 0xff, 0x01, 0x00, 0x00, 0x00, 0x00, 0xf1, 0x01, 0x00
    , 0x00, 0x00, 0x00, 0x3a, 0x07, 0x00, 0x00, 0x00, 0x00, 0x00, 0x01, 0x00
    , 0x00, 0x00, 0x00, 0x07, 0x04, 0x00, 0x00, 0x00, 0x00, 0xff, 0x01, 0x00
    , 0x00, 0x00, 0x00, 0xc0, 0x01, 0x00, 0x00, 0x00, 0x00, 0xda, 0x03, 0x00
    , 0x00, 0x00, 0x00, 0xff, 0x01, 0x00, 0x00, 0x00, 0x00, 0xef, 0x07, 0x00
    , 0x00, 0x00, 0x00, 0x00, 0x01, 0x00, 0x00, 0x00, 0x00, 0x20, 0x01, 0x00
    , 0x00, 0x00, 0x00, 0x6f, 0x01, 0x00, 0x00, 0x00, 0x00, 0x5a, 0x01, 0x00
    , 0x00, 0x00, 0x00, 0x03, 0x0a, 0x00, 0x00, 0x00, 0x00, 0x00, 0x01, 0x00
    , 0x00, 0x00, 0x00, 0x88, 0x05, 0x00, 0x00, 0x00, 0x00, 0xff, 0x01, 0x00
    , 0x00, 0x00, 0x00, 0xf1, 0x01, 0x00, 0x00, 0x00, 0x00, 0x3a, 0x09, 0x00
    , 0x00, 0x00, 0x00, 0x00, 0x01, 0x00, 0x00, 0x00, 0x00, 0xf0, 0x03, 0x00
    , 0x00, 0x00, 0x00, 0xff, 0x01, 0x00, 0x00, 0x00, 0x00, 0xd9, 0x01, 0x00
    , 0x00, 0x00, 0x00, 0xf3, 0x03, 0x00, 0x00, 0x00, 0x00, 0xff, 0x01, 0x00
    , 0x00, 0x00, 0x00, 0xd8, 0x06, 0x00, 0x00, 0x00, 0x00, 0x00, 0x01, 0x00
    , 0x00, 0x00, 0x00, 0x23, 0x01, 0x00, 0x00, 0x00, 0x00, 0xf2, 0x02, 0x00
    , 0x00, 0x00, 0x00, 0xff, 0x01, 0x00, 0x00, 0x00, 0x00, 0xc2, 0x01, 0x00
    , 0x00, 0x00, 0x00, 0x0c, 0x08, 0x00, 0x00, 0x00, 0x00, 0x00, 0x01, 0x00
    , 0x00, 0x00, 0x00, 0x88, 0x05, 0x00, 0x00, 0x00, 0x00, 0xff, 0x01, 0x00
    , 0x00, 0x00, 0x00, 0xf1, 0x01, 0x00, 0x00, 0x00, 0x00, 0x3a, 0x0a, 0x00
    , 0x00, 0x00, 0x00, 0x00, 0x01, 0x00, 0x00, 0x00, 0x00, 0xd8, 0x03, 0x00
    , 0x00, 0x00, 0x00, 0xff, 0x01, 0x00, 0x00, 0x00, 0x00, 0xf2, 0x01, 0x00
    , 0x00, 0x00, 0x00, 0xf3, 0x03, 0x00, 0x00, 0x00, 0x00, 0xff, 0x01, 0x00
    , 0x00, 0x00, 0x00, 0xd8, 0x06, 0x00, 0x00, 0x00, 0x00, 0x00, 0x01, 0x00
    , 0x00, 0x00, 0x00, 0x78, 0x04, 0x00, 0x00, 0x00, 0x00, 0xff, 0x01, 0x00
    , 0x00, 0x00, 0x00, 0xc3, 0x01, 0x00, 0x00, 0x00, 0x00, 0x0c, 0x06, 0x00
    , 0x00, 0x00, 0x00, 0x00, 0x01, 0x00, 0x00, 0x00, 0x00, 0x88, 0x05, 0x00
    , 0x00, 0x00, 0x00, 0xff, 0x01, 0x00, 0x00, 0x00, 0x00, 0xf1, 0x01, 0x00
    , 0x00, 0x00, 0x00, 0x3a, 0x0b, 0x00, 0x00, 0x00, 0x00, 0x00, 0x01, 0x00
    , 0x00, 0x00, 0x00, 0xd8, 0x03, 0x00, 0x00, 0x00, 0x00, 0xff, 0x01, 0x00
    , 0x00, 0x00, 0x00, 0xf2, 0x01, 0x00, 0x00, 0x00, 0x00, 0xda, 0x03, 0x00
    , 0x00, 0x00, 0x00, 0xff, 0x01, 0x00, 0x00, 0x00, 0x00, 0xef, 0x06, 0x00
    , 0x00, 0x00, 0x00, 0x00, 0x01, 0x00, 0x00, 0x00, 0x00, 0x67, 0x05, 0x00
    , 0x00, 0x00, 0x00, 0xff, 0x01, 0x00, 0x00, 0x00, 0x00, 0xc3, 0x01, 0x00
    , 0x00, 0x00, 0x00, 0x0c, 0x04, 0x00, 0x00, 0x00, 0x00, 0x00, 0x01, 0x00
    , 0x00, 0x00, 0x00, 0x88, 0x05, 0x00, 0x00, 0x00, 0x00, 0xff, 0x01, 0x00
    , 0x00, 0x00, 0x00, 0xf1, 0x01, 0x00, 0x00, 0x00, 0x00, 0x3a, 0x0c, 0x00
    , 0x00, 0x00, 0x00, 0x00, 0x01, 0x00, 0x00, 0x00, 0x00, 0xf0, 0x03, 0x00
    , 0x00, 0x00, 0x00, 0xff, 0x01, 0x00, 0x00, 0x00, 0x00, 0xd9, 0x01, 0x00
    , 0x00, 0x00, 0x00, 0xc1, 0x04, 0x00, 0x00, 0x00, 0x00, 0xff, 0x01, 0x00
    , 0x00, 0x00, 0x00, 0x07, 0x05, 0x00, 0x00, 0x00, 0x00, 0x00, 0x01, 0x00
    , 0x00, 0x00, 0x00, 0x08, 0x01, 0x00, 0x00, 0x00, 0x00, 0xcf, 0x05, 0x00
    , 0x00, 0x00, 0x00, 0xff, 0x01, 0x00, 0x00, 0x00, 0x00, 0xc3, 0x01, 0x00
    , 0x00, 0x00, 0x00, 0x0c, 0x02, 0x00, 0x00, 0x00, 0x00, 0x00, 0x01, 0x00
    , 0x00, 0x00, 0x00, 0x88, 0x05, 0x00, 0x00, 0x00, 0x00, 0xff, 0x01, 0x00
    , 0x00, 0x00, 0x00, 0xf1, 0x01, 0x00, 0x00, 0x00, 0x00, 0x3a, 0x0c, 0x00
    , 0x00, 0x00, 0x00, 0x00, 0x01, 0x00, 0x00, 0x00, 0x00, 0x07, 0x04, 0x00
    , 0x00, 0x00, 0x00, 0xff, 0x01, 0x00, 0x00, 0x00, 0x00, 0xc0, 0x01, 0x00
    , 0x00, 0x00, 0x00, 0xa8, 0x04, 0x00, 0x00, 0x00, 0x00, 0xff, 0x01, 0x00
    , 0x00, 0x00, 0x00, 0x1d, 0x06, 0x00, 0x00, 0x00, 0x00, 0x00, 0x01, 0x00
    , 0x00, 0x00, 0x00, 0x13, 0x01, 0x00, 0x00, 0x00, 0x00, 0xd0, 0x05, 0x00
    , 0x00, 0x00, 0x00, 0xff, 0x01, 0x00, 0x00, 0x00, 0x00, 0xc3, 0x01, 0x00
    , 0x00, 0x00, 0x00, 0x0c, 0x01, 0x00, 0x00, 0x00, 0x00, 0x88, 0x05, 0x00
    , 0x00, 0x00, 0x00, 0xff, 0x01, 0x00, 0x00, 0x00, 0x00, 0xf1, 0x01, 0x00
    , 0x00, 0x00, 0x00, 0x3a, 0x0d, 0x00, 0x00, 0x00, 0x00, 0x00, 0x01, 0x00
    , 0x00, 0x00, 0x00, 0x1e, 0x04, 0x00, 0x00, 0x00, 0x00, 0xff, 0x01, 0x00
    , 0x00, 0x00, 0x00, 0xa7, 0x01, 0x00, 0x00, 0x00, 0x00, 0x8e, 0x04, 0x00
    , 0x00, 0x00, 0x00, 0xff, 0x01, 0x00, 0x00, 0x00, 0x00, 0x55, 0x07, 0x00
    , 0x00, 0x00, 0x00, 0x00, 0x01, 0x00, 0x00, 0x00, 0x00, 0x13, 0x01, 0x00
    , 0x00, 0x00, 0x00, 0xd0, 0x05, 0x00, 0x00, 0x00, 0x00, 0xff, 0x01, 0x00
    , 0x00, 0x00, 0x00, 0xe4, 0x05, 0x00, 0x00, 0x00, 0x00, 0xff, 0x01, 0x00
    , 0x00, 0x00, 0x00, 0xf1, 0x01, 0x00, 0x00, 0x00, 0x00, 0x3a, 0x0e, 0x00
    , 0x00, 0x00, 0x00, 0x00, 0x01, 0x00, 0x00, 0x00, 0x00, 0x56, 0x04, 0x00
    , 0x00, 0x00, 0x00, 0xff, 0x01, 0x00, 0x00, 0x00, 0x00, 0x8e, 0x01, 0x00
    , 0x00, 0x00, 0x00, 0x51, 0x04, 0x00, 0x00, 0x00, 0x00, 0xff, 0x01, 0x00
    , 0x00, 0x00, 0x00, 0xa0, 0x08, 0x00, 0x00, 0x00, 0x00, 0x00, 0x01, 0x00
    , 0x00, 0x00, 0x00, 0x13, 0x01, 0x00, 0x00, 0x00, 0x00, 0xd0, 0x09, 0x00
    , 0x00, 0x00, 0x00, 0xff, 0x01, 0x00, 0x00, 0x00, 0x00, 0xf1, 0x01, 0x00
    , 0x00, 0x00, 0x00, 0x3a, 0x0f, 0x00, 0x00, 0x00, 0x00, 0x00, 0x01, 0x00
    , 0x00, 0x00, 0x00, 0xa1, 0x04, 0x00, 0x00, 0x00, 0x00, 0xff, 0x01, 0x00
    , 0x00, 0x00, 0x00, 0x50, 0x01, 0x00, 0x00, 0x00, 0x00, 0x0a, 0x01, 0x00
    , 0x00, 0x00, 0x00, 0xf6, 0x03, 0x00, 0x00, 0x00, 0x00, 0xff, 0x01, 0x00
    , 0x00, 0x00, 0x00, 0xe9, 0x01, 0x00, 0x00, 0x00, 0x00, 0x01, 0x08, 0x00
    , 0x00, 0x00, 0x00, 0x00, 0x01, 0x00, 0x00, 0x00, 0x00, 0x13, 0x01, 0x00
    , 0x00, 0x00, 0x00, 0xd0, 0x07, 0x00, 0x00, 0x00, 0x00, 0xff, 0x01, 0x00
    , 0x00, 0x00, 0x00, 0xf1, 0x01, 0x00, 0x00, 0x00, 0x00, 0x3a, 0x0f, 0x00
    , 0x00, 0x00, 0x00, 0x00, 0x01, 0x00, 0x00, 0x00, 0x00, 0x02, 0x01, 0x00
    , 0x00, 0x00, 0x00, 0xea, 0x03, 0x00, 0x00, 0x00, 0x00, 0xff, 0x01, 0x00
    , 0x00, 0x00, 0x00, 0xf6, 0x01, 0x00, 0x00, 0x00, 0x00, 0x0a, 0x01, 0x00
    , 0x00, 0x00, 0x00, 0x00, 0x01, 0x00, 0x00, 0x00, 0x00, 0xb1, 0x04, 0x00
    , 0x00, 0x00, 0x00, 0xff, 0x01, 0x00, 0x00, 0x00, 0x00, 0x41, 0x09, 0x00
    , 0x00, 0x00, 0x00, 0x00, 0x01, 0x00, 0x00, 0x00, 0x00, 0x13, 0x01, 0x00
    , 0x00, 0x00, 0x00, 0xd0, 0x05, 0x00, 0x00, 0x00, 0x00, 0xff, 0x01, 0x00
    , 0x00, 0x00, 0x00, 0xf1, 0x01, 0x00, 0x00, 0x00, 0x00, 0x3a, 0x10, 0x00
    , 0x00, 0x00, 0x00, 0x00, 0x01, 0x00, 0x00, 0x00, 0x00, 0x41, 0x04, 0x00
    , 0x00, 0x00, 0x00, 0xff, 0x01, 0x00, 0x00, 0x00, 0x00, 0xb0, 0x02, 0x00
    , 0x00, 0x00, 0x00, 0x00, 0x01, 0x00, 0x00, 0x00, 0x00, 0x60, 0x04, 0x00
    , 0x00, 0x00, 0x00, 0xff, 0x01, 0x00, 0x00, 0x00, 0x00, 0xc4, 0x0a, 0x00
    , 0x00, 0x00, 0x00, 0x00, 0x01, 0x00, 0x00, 0x00, 0x00, 0x13, 0x01, 0x00
    , 0x00, 0x00, 0x00, 0xd0, 0x03, 0x00, 0x00, 0x00, 0x00, 0xff, 0x01, 0x00
    , 0x00, 0x00, 0x00, 0xf1, 0x01, 0x00, 0x00, 0x00, 0x00, 0x3a, 0x11, 0x00
    , 0x00, 0x00, 0x00, 0x00, 0x01, 0x00, 0x00, 0x00, 0x00, 0xc5, 0x04, 0x00
    , 0x00, 0x00, 0x00, 0xff, 0x01, 0x00, 0x00, 0x00, 0x00, 0x5f, 0x02, 0x00
    , 0x00, 0x00, 0x00, 0x00, 0x01, 0x00, 0x00, 0x00, 0x00, 0x12, 0x01, 0x00
    , 0x00, 0x00, 0x00, 0xf2, 0x04, 0x00, 0x00, 0x00, 0x00, 0xff, 0x01, 0x00
    , 0x00, 0x00, 0x00, 0x4e, 0x0a, 0x00, 0x00, 0x00, 0x00, 0x00, 0x01, 0x00
    , 0x00, 0x00, 0x00, 0x13, 0x01, 0x00, 0x00, 0x00, 0x00, 0xb5, 0x01, 0x00
    , 0x00, 0x00, 0x00, 0xfd, 0x01, 0x00, 0x00, 0x00, 0x00, 0xd9, 0x01, 0x00
    , 0x00, 0x00, 0x00, 0x35, 0x11, 0x00, 0x00, 0x00, 0x00, 0x00, 0x01, 0x00
    , 0x00, 0x00, 0x00, 0x4f, 0x04, 0x00, 0x00, 0x00, 0x00, 0xff, 0x01, 0x00
    , 0x00, 0x00, 0x00, 0xf2, 0x01, 0x00, 0x00, 0x00, 0x00, 0x11, 0x03, 0x00
    , 0x00, 0x00, 0x00, 0x00, 0x01, 0x00, 0x00, 0x00, 0x00, 0x7d, 0x04, 0x00
    , 0x00, 0x00, 0x00, 0xff, 0x01, 0x00, 0x00, 0x00, 0x00, 0xd5, 0x01, 0x00
    , 0x00, 0x00, 0x00, 0x06, 0x0b, 0x00, 0x00, 0x00, 0x00, 0x00, 0x01, 0x00
    , 0x00, 0x00, 0x00, 0x06, 0x12, 0x00, 0x00, 0x00, 0x00, 0x00, 0x01, 0x00
    , 0x00, 0x00, 0x00, 0x06, 0x01, 0x00, 0x00, 0x00, 0x00, 0xd5, 0x04, 0x00
    , 0x00, 0x00, 0x00, 0xff, 0x01, 0x00, 0x00, 0x00, 0x00, 0x7c, 0x04, 0x00
    , 0x00, 0x00, 0x00, 0x00, 0x01, 0x00, 0x00, 0x00, 0x00, 0x0b, 0x01, 0x00
    , 0x00, 0x00, 0x00, 0xe7, 0x04, 0x00, 0x00, 0x00, 0x00, 0xff, 0x01, 0x00
    , 0x00, 0x00, 0x00, 0x9e, 0x1e, 0x00, 0x00, 0x00, 0x00, 0x00, 0x01, 0x00
    , 0x00, 0x00, 0x00, 0x9f, 0x04, 0x00, 0x00, 0x00, 0x00, 0xff, 0x01, 0x00
    , 0x00, 0x00, 0x00, 0xe6, 0x01, 0x00, 0x00, 0x00, 0x00, 0x0a, 0x05, 0x00
    , 0x00, 0x00, 0x00, 0x00, 0x01, 0x00, 0x00, 0x00, 0x00, 0x67, 0x05, 0x00
    , 0x00, 0x00, 0x00, 0xff, 0x01, 0x00, 0x00, 0x00, 0x00, 0x72, 0x1c, 0x00
    , 0x00, 0x00, 0x00, 0x00, 0x01, 0x00, 0x00, 0x00, 0x00, 0x73, 0x05, 0x00
    , 0x00, 0x00, 0x00, 0xff, 0x01, 0x00, 0x00, 0x00, 0x00, 0x66, 0x06, 0x00
    , 0x00, 0x00, 0x00, 0x00, 0x01, 0x00, 0x00, 0x00, 0x00, 0x04, 0x01, 0x00
    , 0x00, 0x00, 0x00, 0xcc, 0x04, 0x00, 0x00, 0x00, 0x00, 0xff, 0x01, 0x00
    , 0x00, 0x00, 0x00, 0xfd, 0x01, 0x00, 0x00, 0x00, 0x00, 0x51, 0x1a, 0x00
    , 0x00, 0x00, 0x00, 0x00, 0x01, 0x00, 0x00, 0x00, 0x00, 0x51, 0x01, 0x00
    , 0x00, 0x00, 0x00, 0xfd, 0x04, 0x00, 0x00, 0x00, 0x00, 0xff, 0x01, 0x00
    , 0x00, 0x00, 0x00, 0xcc, 0x01, 0x00, 0x00, 0x00, 0x00, 0x03, 0x07, 0x00
    , 0x00, 0x00, 0x00, 0x00, 0x01, 0x00, 0x00, 0x00, 0x00, 0x1d, 0x01, 0x00
    , 0x00, 0x00, 0x00, 0xe8, 0x04, 0x00, 0x00, 0x00, 0x00, 0xff, 0x01, 0x00
    , 0x00, 0x00, 0x00, 0xfd, 0x01, 0x00, 0x00, 0x00, 0x00, 0x73, 0x18, 0x00
    , 0x00, 0x00, 0x00, 0x00, 0x01, 0x00, 0x00, 0x00, 0x00, 0x73, 0x01, 0x00
    , 0x00, 0x00, 0x00, 0xfd, 0x04, 0x00, 0x00, 0x00, 0x00, 0xff, 0x01, 0x00
    , 0x00, 0x00, 0x00, 0xe8, 0x01, 0x00, 0x00, 0x00, 0x00, 0x1c, 0x09, 0x00
    , 0x00, 0x00, 0x00, 0x00, 0x01, 0x00, 0x00, 0x00, 0x00, 0x3a, 0x01, 0x00
    , 0x00, 0x00, 0x00, 0xf9, 0x05, 0x00, 0x00, 0x00, 0x00, 0xff, 0x01, 0x00
    , 0x00, 0x00, 0x00, 0x9e, 0x01, 0x00, 0x00, 0x00, 0x00, 0x06, 0x14, 0x00
    , 0x00, 0x00, 0x00, 0x00, 0x01, 0x00, 0x00, 0x00, 0x00, 0x06, 0x01, 0x00
    , 0x00, 0x00, 0x00, 0x9f, 0x05, 0x00, 0x00, 0x00, 0x00, 0xff, 0x01, 0x00
    , 0x00, 0x00, 0x00, 0xf8, 0x01, 0x00, 0x00, 0x00, 0x00, 0x39, 0x0b, 0x00
    , 0x00, 0x00, 0x00, 0x00, 0x01, 0x00, 0x00, 0x00, 0x00, 0x60, 0x06, 0x00
    , 0x00, 0x00, 0x00, 0xff, 0x01, 0x00, 0x00, 0x00, 0x00, 0xd5, 0x01, 0x00
    , 0x00, 0x00, 0x00, 0x4e, 0x12, 0x00, 0x00, 0x00, 0x00, 0x00, 0x01, 0x00
    , 0x00, 0x00, 0x00, 0x4f, 0x01, 0x00, 0x00, 0x00, 0x00, 0xd5, 0x06, 0x00
    , 0x00, 0x00, 0x00, 0xff, 0x01, 0x00, 0x00, 0x00, 0x00, 0x5f, 0x0d, 0x00
    , 0x00, 0x00, 0x00, 0x00, 0x01, 0x00, 0x00, 0x00, 0x00, 0x60, 0x01, 0x00
    , 0x00, 0x00, 0x00, 0xf8, 0x06, 0x00, 0x00, 0x00, 0x00, 0xff, 0x01, 0x00
    , 0x00, 0x00, 0x00, 0xc4, 0x01, 0x00, 0x00, 0x00, 0x00, 0x41, 0x01, 0x00
    , 0x00, 0x00, 0x00, 0x02, 0x0c, 0x00, 0x00, 0x00, 0x00, 0x00, 0x01, 0x00
    , 0x00, 0x00, 0x00, 0x02, 0x01, 0x00, 0x00, 0x00, 0x00, 0x41, 0x01, 0x00
    , 0x00, 0x00, 0x00, 0xc5, 0x06, 0x00, 0x00, 0x00, 0x00, 0xff, 0x01, 0x00
    , 0x00, 0x00, 0x00, 0xf8, 0x01, 0x00, 0x00, 0x00, 0x00, 0x5f, 0x0f, 0x00
    , 0x00, 0x00, 0x00, 0x00, 0x01, 0x00, 0x00, 0x00, 0x00, 0x39, 0x01, 0x00
    , 0x00, 0x00, 0x00, 0xe8, 0x07, 0x00, 0x00, 0x00, 0x00, 0xff, 0x01, 0x00
    , 0x00, 0x00, 0x00, 0xea, 0x01, 0x00, 0x00, 0x00, 0x00, 0xa1, 0x01, 0x00
    , 0x00, 0x00, 0x00, 0x55, 0x01, 0x00, 0x00, 0x00, 0x00, 0x1e, 0x01, 0x00
    , 0x00, 0x00, 0x00, 0x07, 0x04, 0x00, 0x00, 0x00, 0x00, 0x00, 0x01, 0x00
    , 0x00, 0x00, 0x00, 0x07, 0x01, 0x00, 0x00, 0x00, 0x00, 0x1e, 0x01, 0x00
    , 0x00, 0x00, 0x00, 0x56, 0x01, 0x00, 0x00, 0x00, 0x00, 0xa1, 0x01, 0x00
    , 0x00, 0x00, 0x00, 0xea, 0x07, 0x00, 0x00, 0x00, 0x00, 0xff, 0x01, 0x00
    , 0x00, 0x00, 0x00, 0xe7, 0x01, 0x00, 0x00, 0x00, 0x00, 0x39, 0x11, 0x00
    , 0x00, 0x00, 0x00, 0x00, 0x01, 0x00, 0x00, 0x00, 0x00, 0x1d, 0x01, 0x00
    , 0x00, 0x00, 0x00, 0xcc, 0x0b, 0x00, 0x00, 0x00, 0x00, 0xff, 0x01, 0x00
    , 0x00, 0x00, 0x00, 0xef, 0x02, 0x00, 0x00, 0x00, 0x00, 0xd8, 0x01, 0x00
    , 0x00, 0x00, 0x00, 0xf0, 0x0b, 0x00, 0x00, 0x00, 0x00, 0xff, 0x01, 0x00
    , 0x00, 0x00, 0x00, 0xcc, 0x01, 0x00, 0x00, 0x00, 0x00, 0x1c, 0x13, 0x00
    , 0x00, 0x00, 0x00, 0x00, 0x01, 0x00, 0x00, 0x00, 0x00, 0x03, 0x01, 0x00
    , 0x00, 0x00, 0x00, 0x66, 0x01, 0x00, 0x00, 0x00, 0x00, 0xe6, 0x16, 0x00
    , 0x00, 0x00, 0x00, 0xff, 0x01, 0x00, 0x00, 0x00, 0x00, 0xe6, 0x01, 0x00
    , 0x00, 0x00, 0x00, 0x65, 0x01, 0x00, 0x00, 0x00, 0x00, 0x03, 0x16, 0x00
    , 0x00, 0x00, 0x00, 0x00, 0x01, 0x00, 0x00, 0x00, 0x00, 0x0b, 0x01, 0x00
    , 0x00, 0x00, 0x00, 0x7c, 0x01, 0x00, 0x00, 0x00, 0x00, 0xf2, 0x12, 0x00
    , 0x00, 0x00, 0x00, 0xff, 0x01, 0x00, 0x00, 0x00, 0x00, 0xf2, 0x01, 0x00
    , 0x00, 0x00, 0x00, 0x7c, 0x01, 0x00, 0x00, 0x00, 0x00, 0x0a, 0x1a, 0x00
    , 0x00, 0x00, 0x00, 0x00, 0x01, 0x00, 0x00, 0x00, 0x00, 0x11, 0x01, 0x00
    , 0x00, 0x00, 0x00, 0x5f, 0x01, 0x00, 0x00, 0x00, 0x00, 0xb0, 0x01, 0x00
    , 0x00, 0x00, 0x00, 0xf6, 0x0c, 0x00, 0x00, 0x00, 0x00, 0xff, 0x01, 0x00
    , 0x00, 0x00, 0x00, 0xf6, 0x01, 0x00, 0x00, 0x00, 0x00, 0xaf, 0x01, 0x00
    , 0x00, 0x00, 0x00, 0x5f, 0x01, 0x00, 0x00, 0x00, 0x00, 0x11, 0x1f, 0x00
    , 0x00, 0x00, 0x00, 0x00, 0x01, 0x00, 0x00, 0x00, 0x00, 0x0a, 0x01, 0x00
    , 0x00, 0x00, 0x00, 0x50, 0x01, 0x00, 0x00, 0x00, 0x00, 0x8e, 0x01, 0x00
    , 0x00, 0x00, 0x00, 0xa7, 0x01, 0x00, 0x00, 0x00, 0x00, 0xc0, 0x01, 0x00
    , 0x00, 0x00, 0x00, 0xd9, 0x02, 0x00, 0x00, 0x00, 0x00, 0xf2, 0x01, 0x00
    , 0x00, 0x00, 0x00, 0xd9, 0x01, 0x00, 0x00, 0x00, 0x00, 0xc0, 0x01, 0x00
    , 0x00, 0x00, 0x00, 0xa7, 0x01, 0x00, 0x00, 0x00, 0x00, 0x8e, 0x01, 0x00
    , 0x00, 0x00, 0x00, 0x50, 0x01, 0x00, 0x00, 0x00, 0x00, 0x0a, 0x11, 0x00
    , 0x00, 0x00, 0x00, 0x00
};

inline Upp::Image ICON_ACTION_CHECK_CIRCLE_48()
{
    return Upp::UiMakeIcon(DATA_ACTION_CHECK_CIRCLE_48);
}

// Category: editor | Type: Outlined | Icon: clarify | Size: 48x48 | Format: UiMakeIcon RLE
static const unsigned char DATA_EDITOR_CLARIFY_48[] = {
    0x30, 0x80, 0x30, 0x00, 0x62, 0x00, 0x00, 0x00, 0x00, 0x00, 0x01, 0x00
    , 0x00, 0x00, 0x00, 0x0d, 0x01, 0x00, 0x00, 0x00, 0x00, 0x59, 0x01, 0x00
    , 0x00, 0x00, 0x00, 0x8a, 0x26, 0x00, 0x00, 0x00, 0x00, 0x99, 0x01, 0x00
    , 0x00, 0x00, 0x00, 0x8a, 0x01, 0x00, 0x00, 0x00, 0x00, 0x59, 0x01, 0x00
    , 0x00, 0x00, 0x00, 0x0d, 0x03, 0x00, 0x00, 0x00, 0x00, 0x00, 0x01, 0x00
    , 0x00, 0x00, 0x00, 0x3e, 0x01, 0x00, 0x00, 0x00, 0x00, 0xe0, 0x2a, 0x00
    , 0x00, 0x00, 0x00, 0xff, 0x01, 0x00, 0x00, 0x00, 0x00, 0xe0, 0x01, 0x00
    , 0x00, 0x00, 0x00, 0x3e, 0x01, 0x00, 0x00, 0x00, 0x00, 0x00, 0x01, 0x00
    , 0x00, 0x00, 0x00, 0x1e, 0x01, 0x00, 0x00, 0x00, 0x00, 0xf1, 0x2c, 0x00
    , 0x00, 0x00, 0x00, 0xff, 0x01, 0x00, 0x00, 0x00, 0x00, 0xf1, 0x01, 0x00
    , 0x00, 0x00, 0x00, 0x1e, 0x01, 0x00, 0x00, 0x00, 0x00, 0xa4, 0x2e, 0x00
    , 0x00, 0x00, 0x00, 0xff, 0x01, 0x00, 0x00, 0x00, 0x00, 0xa4, 0x01, 0x00
    , 0x00, 0x00, 0x00, 0xde, 0x2e, 0x00, 0x00, 0x00, 0x00, 0xff, 0x01, 0x00
    , 0x00, 0x00, 0x00, 0xdd, 0x04, 0x00, 0x00, 0x00, 0x00, 0xff, 0x01, 0x00
    , 0x00, 0x00, 0x00, 0xd7, 0x26, 0x00, 0x00, 0x00, 0x00, 0x32, 0x01, 0x00
    , 0x00, 0x00, 0x00, 0xd7, 0x08, 0x00, 0x00, 0x00, 0x00, 0xff, 0x01, 0x00
    , 0x00, 0x00, 0x00, 0xcc, 0x26, 0x00, 0x00, 0x00, 0x00, 0x00, 0x01, 0x00
    , 0x00, 0x00, 0x00, 0xcc, 0x08, 0x00, 0x00, 0x00, 0x00, 0xff, 0x01, 0x00
    , 0x00, 0x00, 0x00, 0xcc, 0x26, 0x00, 0x00, 0x00, 0x00, 0x00, 0x01, 0x00
    , 0x00, 0x00, 0x00, 0xcc, 0x08, 0x00, 0x00, 0x00, 0x00, 0xff, 0x01, 0x00
    , 0x00, 0x00, 0x00, 0xcc, 0x26, 0x00, 0x00, 0x00, 0x00, 0x00, 0x01, 0x00
    , 0x00, 0x00, 0x00, 0xcc, 0x08, 0x00, 0x00, 0x00, 0x00, 0xff, 0x01, 0x00
    , 0x00, 0x00, 0x00, 0xcc, 0x26, 0x00, 0x00, 0x00, 0x00, 0x00, 0x01, 0x00
    , 0x00, 0x00, 0x00, 0xcc, 0x08, 0x00, 0x00, 0x00, 0x00, 0xff, 0x01, 0x00
    , 0x00, 0x00, 0x00, 0xcc, 0x05, 0x00, 0x00, 0x00, 0x00, 0x00, 0x01, 0x00
    , 0x00, 0x00, 0x00, 0x6b, 0x01, 0x00, 0x00, 0x00, 0x00, 0xe7, 0x0c, 0x00
    , 0x00, 0x00, 0x00, 0xff, 0x01, 0x00, 0x00, 0x00, 0x00, 0xe7, 0x01, 0x00
    , 0x00, 0x00, 0x00, 0x6a, 0x08, 0x00, 0x00, 0x00, 0x00, 0x00, 0x01, 0x00
    , 0x00, 0x00, 0x00, 0x6b, 0x02, 0x00, 0x00, 0x00, 0x00, 0xe7, 0x01, 0x00
    , 0x00, 0x00, 0x00, 0x6a, 0x05, 0x00, 0x00, 0x00, 0x00, 0x00, 0x01, 0x00
    , 0x00, 0x00, 0x00, 0xcc, 0x08, 0x00, 0x00, 0x00, 0x00, 0xff, 0x01, 0x00
    , 0x00, 0x00, 0x00, 0xcc, 0x04, 0x00, 0x00, 0x00, 0x00, 0x00, 0x01, 0x00
    , 0x00, 0x00, 0x00, 0x2f, 0x01, 0x00, 0x00, 0x00, 0x00, 0xfd, 0x0e, 0x00
    , 0x00, 0x00, 0x00, 0xff, 0x01, 0x00, 0x00, 0x00, 0x00, 0xfd, 0x01, 0x00
    , 0x00, 0x00, 0x00, 0x2e, 0x06, 0x00, 0x00, 0x00, 0x00, 0x00, 0x01, 0x00
    , 0x00, 0x00, 0x00, 0x2f, 0x01, 0x00, 0x00, 0x00, 0x00, 0xfd, 0x02, 0x00
    , 0x00, 0x00, 0x00, 0xff, 0x01, 0x00, 0x00, 0x00, 0x00, 0xfd, 0x01, 0x00
    , 0x00, 0x00, 0x00, 0x2e, 0x04, 0x00, 0x00, 0x00, 0x00, 0x00, 0x01, 0x00
    , 0x00, 0x00, 0x00, 0xcc, 0x08, 0x00, 0x00, 0x00, 0x00, 0xff, 0x01, 0x00
    , 0x00, 0x00, 0x00, 0xcc, 0x04, 0x00, 0x00, 0x00, 0x00, 0x00, 0x01, 0x00
    , 0x00, 0x00, 0x00, 0x58, 0x10, 0x00, 0x00, 0x00, 0x00, 0xff, 0x01, 0x00
    , 0x00, 0x00, 0x00, 0x58, 0x06, 0x00, 0x00, 0x00, 0x00, 0x00, 0x01, 0x00
    , 0x00, 0x00, 0x00, 0x61, 0x04, 0x00, 0x00, 0x00, 0x00, 0xff, 0x01, 0x00
    , 0x00, 0x00, 0x00, 0x61, 0x04, 0x00, 0x00, 0x00, 0x00, 0x00, 0x01, 0x00
    , 0x00, 0x00, 0x00, 0xcc, 0x08, 0x00, 0x00, 0x00, 0x00, 0xff, 0x01, 0x00
    , 0x00, 0x00, 0x00, 0xcc, 0x04, 0x00, 0x00, 0x00, 0x00, 0x00, 0x01, 0x00
    , 0x00, 0x00, 0x00, 0x1f, 0x01, 0x00, 0x00, 0x00, 0x00, 0xf6, 0x0e, 0x00
    , 0x00, 0x00, 0x00, 0xff, 0x01, 0x00, 0x00, 0x00, 0x00, 0xf5, 0x01, 0x00
    , 0x00, 0x00, 0x00, 0x1e, 0x06, 0x00, 0x00, 0x00, 0x00, 0x00, 0x01, 0x00
    , 0x00, 0x00, 0x00, 0x65, 0x04, 0x00, 0x00, 0x00, 0x00, 0xff, 0x01, 0x00
    , 0x00, 0x00, 0x00, 0x65, 0x04, 0x00, 0x00, 0x00, 0x00, 0x00, 0x01, 0x00
    , 0x00, 0x00, 0x00, 0xcc, 0x08, 0x00, 0x00, 0x00, 0x00, 0xff, 0x01, 0x00
    , 0x00, 0x00, 0x00, 0xcc, 0x05, 0x00, 0x00, 0x00, 0x00, 0x00, 0x01, 0x00
    , 0x00, 0x00, 0x00, 0x3f, 0x01, 0x00, 0x00, 0x00, 0x00, 0xb4, 0x0c, 0x00
    , 0x00, 0x00, 0x00, 0xcc, 0x01, 0x00, 0x00, 0x00, 0x00, 0xb4, 0x01, 0x00
    , 0x00, 0x00, 0x00, 0x3f, 0x07, 0x00, 0x00, 0x00, 0x00, 0x00, 0x01, 0x00
    , 0x00, 0x00, 0x00, 0x65, 0x04, 0x00, 0x00, 0x00, 0x00, 0xff, 0x01, 0x00
    , 0x00, 0x00, 0x00, 0x65, 0x04, 0x00, 0x00, 0x00, 0x00, 0x00, 0x01, 0x00
    , 0x00, 0x00, 0x00, 0xcc, 0x08, 0x00, 0x00, 0x00, 0x00, 0xff, 0x01, 0x00
    , 0x00, 0x00, 0x00, 0xcc, 0x1c, 0x00, 0x00, 0x00, 0x00, 0x00, 0x01, 0x00
    , 0x00, 0x00, 0x00, 0x65, 0x04, 0x00, 0x00, 0x00, 0x00, 0xff, 0x01, 0x00
    , 0x00, 0x00, 0x00, 0x65, 0x04, 0x00, 0x00, 0x00, 0x00, 0x00, 0x01, 0x00
    , 0x00, 0x00, 0x00, 0xcc, 0x08, 0x00, 0x00, 0x00, 0x00, 0xff, 0x01, 0x00
    , 0x00, 0x00, 0x00, 0xcc, 0x1c, 0x00, 0x00, 0x00, 0x00, 0x00, 0x01, 0x00
    , 0x00, 0x00, 0x00, 0x65, 0x04, 0x00, 0x00, 0x00, 0x00, 0xff, 0x01, 0x00
    , 0x00, 0x00, 0x00, 0x65, 0x04, 0x00, 0x00, 0x00, 0x00, 0x00, 0x01, 0x00
    , 0x00, 0x00, 0x00, 0xcc, 0x08, 0x00, 0x00, 0x00, 0x00, 0xff, 0x01, 0x00
    , 0x00, 0x00, 0x00, 0xcc, 0x1c, 0x00, 0x00, 0x00, 0x00, 0x00, 0x01, 0x00
    , 0x00, 0x00, 0x00, 0x65, 0x04, 0x00, 0x00, 0x00, 0x00, 0xff, 0x01, 0x00
    , 0x00, 0x00, 0x00, 0x65, 0x04, 0x00, 0x00, 0x00, 0x00, 0x00, 0x01, 0x00
    , 0x00, 0x00, 0x00, 0xcc, 0x08, 0x00, 0x00, 0x00, 0x00, 0xff, 0x01, 0x00
    , 0x00, 0x00, 0x00, 0xcc, 0x1c, 0x00, 0x00, 0x00, 0x00, 0x00, 0x01, 0x00
    , 0x00, 0x00, 0x00, 0x65, 0x04, 0x00, 0x00, 0x00, 0x00, 0xff, 0x01, 0x00
    , 0x00, 0x00, 0x00, 0x65, 0x04, 0x00, 0x00, 0x00, 0x00, 0x00, 0x01, 0x00
    , 0x00, 0x00, 0x00, 0xcc, 0x08, 0x00, 0x00, 0x00, 0x00, 0xff, 0x01, 0x00
    , 0x00, 0x00, 0x00, 0xcc, 0x05, 0x00, 0x00, 0x00, 0x00, 0x00, 0x01, 0x00
    , 0x00, 0x00, 0x00, 0x05, 0x01, 0x00, 0x00, 0x00, 0x00, 0x4d, 0x0c, 0x00
    , 0x00, 0x00, 0x00, 0x65, 0x01, 0x00, 0x00, 0x00, 0x00, 0x4d, 0x01, 0x00
    , 0x00, 0x00, 0x00, 0x05, 0x07, 0x00, 0x00, 0x00, 0x00, 0x00, 0x01, 0x00
    , 0x00, 0x00, 0x00, 0x65, 0x04, 0x00, 0x00, 0x00, 0x00, 0xff, 0x01, 0x00
    , 0x00, 0x00, 0x00, 0x65, 0x04, 0x00, 0x00, 0x00, 0x00, 0x00, 0x01, 0x00
    , 0x00, 0x00, 0x00, 0xcc, 0x08, 0x00, 0x00, 0x00, 0x00, 0xff, 0x01, 0x00
    , 0x00, 0x00, 0x00, 0xcc, 0x04, 0x00, 0x00, 0x00, 0x00, 0x00, 0x01, 0x00
    , 0x00, 0x00, 0x00, 0x05, 0x01, 0x00, 0x00, 0x00, 0x00, 0xc9, 0x0e, 0x00
    , 0x00, 0x00, 0x00, 0xff, 0x01, 0x00, 0x00, 0x00, 0x00, 0xc9, 0x01, 0x00
    , 0x00, 0x00, 0x00, 0x05, 0x06, 0x00, 0x00, 0x00, 0x00, 0x00, 0x01, 0x00
    , 0x00, 0x00, 0x00, 0x65, 0x04, 0x00, 0x00, 0x00, 0x00, 0xff, 0x01, 0x00
    , 0x00, 0x00, 0x00, 0x65, 0x04, 0x00, 0x00, 0x00, 0x00, 0x00, 0x01, 0x00
    , 0x00, 0x00, 0x00, 0xcc, 0x08, 0x00, 0x00, 0x00, 0x00, 0xff, 0x01, 0x00
    , 0x00, 0x00, 0x00, 0xcc, 0x04, 0x00, 0x00, 0x00, 0x00, 0x00, 0x01, 0x00
    , 0x00, 0x00, 0x00, 0x4d, 0x10, 0x00, 0x00, 0x00, 0x00, 0xff, 0x01, 0x00
    , 0x00, 0x00, 0x00, 0x4d, 0x06, 0x00, 0x00, 0x00, 0x00, 0x00, 0x01, 0x00
    , 0x00, 0x00, 0x00, 0x65, 0x04, 0x00, 0x00, 0x00, 0x00, 0xff, 0x01, 0x00
    , 0x00, 0x00, 0x00, 0x65, 0x04, 0x00, 0x00, 0x00, 0x00, 0x00, 0x01, 0x00
    , 0x00, 0x00, 0x00, 0xcc, 0x08, 0x00, 0x00, 0x00, 0x00, 0xff, 0x01, 0x00
    , 0x00, 0x00, 0x00, 0xcc, 0x04, 0x00, 0x00, 0x00, 0x00, 0x00, 0x01, 0x00
    , 0x00, 0x00, 0x00, 0x4d, 0x10, 0x00, 0x00, 0x00, 0x00, 0xff, 0x01, 0x00
    , 0x00, 0x00, 0x00, 0x4d, 0x06, 0x00, 0x00, 0x00, 0x00, 0x00, 0x01, 0x00
    , 0x00, 0x00, 0x00, 0x65, 0x04, 0x00, 0x00, 0x00, 0x00, 0xff, 0x01, 0x00
    , 0x00, 0x00, 0x00, 0x65, 0x04, 0x00, 0x00, 0x00, 0x00, 0x00, 0x01, 0x00
    , 0x00, 0x00, 0x00, 0xcc, 0x08, 0x00, 0x00, 0x00, 0x00, 0xff, 0x01, 0x00
    , 0x00, 0x00, 0x00, 0xcc, 0x04, 0x00, 0x00, 0x00, 0x00, 0x00, 0x01, 0x00
    , 0x00, 0x00, 0x00, 0x05, 0x01, 0x00, 0x00, 0x00, 0x00, 0xc9, 0x0e, 0x00
    , 0x00, 0x00, 0x00, 0xff, 0x01, 0x00, 0x00, 0x00, 0x00, 0xc9, 0x01, 0x00
    , 0x00, 0x00, 0x00, 0x05, 0x06, 0x00, 0x00, 0x00, 0x00, 0x00, 0x01, 0x00
    , 0x00, 0x00, 0x00, 0x65, 0x04, 0x00, 0x00, 0x00, 0x00, 0xff, 0x01, 0x00
    , 0x00, 0x00, 0x00, 0x65, 0x04, 0x00, 0x00, 0x00, 0x00, 0x00, 0x01, 0x00
    , 0x00, 0x00, 0x00, 0xcc, 0x08, 0x00, 0x00, 0x00, 0x00, 0xff, 0x01, 0x00
    , 0x00, 0x00, 0x00, 0xcc, 0x05, 0x00, 0x00, 0x00, 0x00, 0x00, 0x01, 0x00
    , 0x00, 0x00, 0x00, 0x05, 0x01, 0x00, 0x00, 0x00, 0x00, 0x4d, 0x0c, 0x00
    , 0x00, 0x00, 0x00, 0x65, 0x01, 0x00, 0x00, 0x00, 0x00, 0x4d, 0x01, 0x00
    , 0x00, 0x00, 0x00, 0x05, 0x07, 0x00, 0x00, 0x00, 0x00, 0x00, 0x01, 0x00
    , 0x00, 0x00, 0x00, 0x65, 0x04, 0x00, 0x00, 0x00, 0x00, 0xff, 0x01, 0x00
    , 0x00, 0x00, 0x00, 0x65, 0x04, 0x00, 0x00, 0x00, 0x00, 0x00, 0x01, 0x00
    , 0x00, 0x00, 0x00, 0xcc, 0x08, 0x00, 0x00, 0x00, 0x00, 0xff, 0x01, 0x00
    , 0x00, 0x00, 0x00, 0xcc, 0x1c, 0x00, 0x00, 0x00, 0x00, 0x00, 0x01, 0x00
    , 0x00, 0x00, 0x00, 0x65, 0x04, 0x00, 0x00, 0x00, 0x00, 0xff, 0x01, 0x00
    , 0x00, 0x00, 0x00, 0x65, 0x04, 0x00, 0x00, 0x00, 0x00, 0x00, 0x01, 0x00
    , 0x00, 0x00, 0x00, 0xcc, 0x08, 0x00, 0x00, 0x00, 0x00, 0xff, 0x01, 0x00
    , 0x00, 0x00, 0x00, 0xcc, 0x1c, 0x00, 0x00, 0x00, 0x00, 0x00, 0x01, 0x00
    , 0x00, 0x00, 0x00, 0x65, 0x04, 0x00, 0x00, 0x00, 0x00, 0xff, 0x01, 0x00
    , 0x00, 0x00, 0x00, 0x65, 0x04, 0x00, 0x00, 0x00, 0x00, 0x00, 0x01, 0x00
    , 0x00, 0x00, 0x00, 0xcc, 0x08, 0x00, 0x00, 0x00, 0x00, 0xff, 0x01, 0x00
    , 0x00, 0x00, 0x00, 0xcc, 0x1c, 0x00, 0x00, 0x00, 0x00, 0x00, 0x01, 0x00
    , 0x00, 0x00, 0x00, 0x65, 0x04, 0x00, 0x00, 0x00, 0x00, 0xff, 0x01, 0x00
    , 0x00, 0x00, 0x00, 0x65, 0x04, 0x00, 0x00, 0x00, 0x00, 0x00, 0x01, 0x00
    , 0x00, 0x00, 0x00, 0xcc, 0x08, 0x00, 0x00, 0x00, 0x00, 0xff, 0x01, 0x00
    , 0x00, 0x00, 0x00, 0xcc, 0x1c, 0x00, 0x00, 0x00, 0x00, 0x00, 0x01, 0x00
    , 0x00, 0x00, 0x00, 0x65, 0x04, 0x00, 0x00, 0x00, 0x00, 0xff, 0x01, 0x00
    , 0x00, 0x00, 0x00, 0x65, 0x04, 0x00, 0x00, 0x00, 0x00, 0x00, 0x01, 0x00
    , 0x00, 0x00, 0x00, 0xcc, 0x08, 0x00, 0x00, 0x00, 0x00, 0xff, 0x01, 0x00
    , 0x00, 0x00, 0x00, 0xcc, 0x05, 0x00, 0x00, 0x00, 0x00, 0x00, 0x01, 0x00
    , 0x00, 0x00, 0x00, 0x3f, 0x01, 0x00, 0x00, 0x00, 0x00, 0xb4, 0x0c, 0x00
    , 0x00, 0x00, 0x00, 0xcc, 0x01, 0x00, 0x00, 0x00, 0x00, 0xb4, 0x01, 0x00
    , 0x00, 0x00, 0x00, 0x3f, 0x07, 0x00, 0x00, 0x00, 0x00, 0x00, 0x01, 0x00
    , 0x00, 0x00, 0x00, 0x65, 0x04, 0x00, 0x00, 0x00, 0x00, 0xff, 0x01, 0x00
    , 0x00, 0x00, 0x00, 0x65, 0x04, 0x00, 0x00, 0x00, 0x00, 0x00, 0x01, 0x00
    , 0x00, 0x00, 0x00, 0xcc, 0x08, 0x00, 0x00, 0x00, 0x00, 0xff, 0x01, 0x00
    , 0x00, 0x00, 0x00, 0xcc, 0x04, 0x00, 0x00, 0x00, 0x00, 0x00, 0x01, 0x00
    , 0x00, 0x00, 0x00, 0x1f, 0x01, 0x00, 0x00, 0x00, 0x00, 0xf6, 0x0e, 0x00
    , 0x00, 0x00, 0x00, 0xff, 0x01, 0x00, 0x00, 0x00, 0x00, 0xf5, 0x01, 0x00
    , 0x00, 0x00, 0x00, 0x1e, 0x06, 0x00, 0x00, 0x00, 0x00, 0x00, 0x01, 0x00
    , 0x00, 0x00, 0x00, 0x65, 0x04, 0x00, 0x00, 0x00, 0x00, 0xff, 0x01, 0x00
    , 0x00, 0x00, 0x00, 0x65, 0x04, 0x00, 0x00, 0x00, 0x00, 0x00, 0x01, 0x00
    , 0x00, 0x00, 0x00, 0xcc, 0x08, 0x00, 0x00, 0x00, 0x00, 0xff, 0x01, 0x00
    , 0x00, 0x00, 0x00, 0xcc, 0x04, 0x00, 0x00, 0x00, 0x00, 0x00, 0x01, 0x00
    , 0x00, 0x00, 0x00, 0x58, 0x10, 0x00, 0x00, 0x00, 0x00, 0xff, 0x01, 0x00
    , 0x00, 0x00, 0x00, 0x58, 0x06, 0x00, 0x00, 0x00, 0x00, 0x00, 0x01, 0x00
    , 0x00, 0x00, 0x00, 0x61, 0x04, 0x00, 0x00, 0x00, 0x00, 0xff, 0x01, 0x00
    , 0x00, 0x00, 0x00, 0x61, 0x04, 0x00, 0x00, 0x00, 0x00, 0x00, 0x01, 0x00
    , 0x00, 0x00, 0x00, 0xcc, 0x08, 0x00, 0x00, 0x00, 0x00, 0xff, 0x01, 0x00
    , 0x00, 0x00, 0x00, 0xcc, 0x04, 0x00, 0x00, 0x00, 0x00, 0x00, 0x01, 0x00
    , 0x00, 0x00, 0x00, 0x2f, 0x01, 0x00, 0x00, 0x00, 0x00, 0xfd, 0x0e, 0x00
    , 0x00, 0x00, 0x00, 0xff, 0x01, 0x00, 0x00, 0x00, 0x00, 0xfd, 0x01, 0x00
    , 0x00, 0x00, 0x00, 0x2e, 0x06, 0x00, 0x00, 0x00, 0x00, 0x00, 0x01, 0x00
    , 0x00, 0x00, 0x00, 0x2f, 0x01, 0x00, 0x00, 0x00, 0x00, 0xfd, 0x02, 0x00
    , 0x00, 0x00, 0x00, 0xff, 0x01, 0x00, 0x00, 0x00, 0x00, 0xfd, 0x01, 0x00
    , 0x00, 0x00, 0x00, 0x2e, 0x04, 0x00, 0x00, 0x00, 0x00, 0x00, 0x01, 0x00
    , 0x00, 0x00, 0x00, 0xcc, 0x08, 0x00, 0x00, 0x00, 0x00, 0xff, 0x01, 0x00
    , 0x00, 0x00, 0x00, 0xcc, 0x05, 0x00, 0x00, 0x00, 0x00, 0x00, 0x01, 0x00
    , 0x00, 0x00, 0x00, 0x6a, 0x01, 0x00, 0x00, 0x00, 0x00, 0xe7, 0x0c, 0x00
    , 0x00, 0x00, 0x00, 0xff, 0x01, 0x00, 0x00, 0x00, 0x00, 0xe7, 0x01, 0x00
    , 0x00, 0x00, 0x00, 0x6a, 0x08, 0x00, 0x00, 0x00, 0x00, 0x00, 0x01, 0x00
    , 0x00, 0x00, 0x00, 0x6a, 0x02, 0x00, 0x00, 0x00, 0x00, 0xe7, 0x01, 0x00
    , 0x00, 0x00, 0x00, 0x6a, 0x05, 0x00, 0x00, 0x00, 0x00, 0x00, 0x01, 0x00
    , 0x00, 0x00, 0x00, 0xcc, 0x08, 0x00, 0x00, 0x00, 0x00, 0xff, 0x01, 0x00
    , 0x00, 0x00, 0x00, 0xcc, 0x26, 0x00, 0x00, 0x00, 0x00, 0x00, 0x01, 0x00
    , 0x00, 0x00, 0x00, 0xcc, 0x08, 0x00, 0x00, 0x00, 0x00, 0xff, 0x01, 0x00
    , 0x00, 0x00, 0x00, 0xcc, 0x26, 0x00, 0x00, 0x00, 0x00, 0x00, 0x01, 0x00
    , 0x00, 0x00, 0x00, 0xcc, 0x08, 0x00, 0x00, 0x00, 0x00, 0xff, 0x01, 0x00
    , 0x00, 0x00, 0x00, 0xcc, 0x26, 0x00, 0x00, 0x00, 0x00, 0x00, 0x01, 0x00
    , 0x00, 0x00, 0x00, 0xcc, 0x08, 0x00, 0x00, 0x00, 0x00, 0xff, 0x01, 0x00
    , 0x00, 0x00, 0x00, 0xcc, 0x26, 0x00, 0x00, 0x00, 0x00, 0x00, 0x01, 0x00
    , 0x00, 0x00, 0x00, 0xcc, 0x08, 0x00, 0x00, 0x00, 0x00, 0xff, 0x01, 0x00
    , 0x00, 0x00, 0x00, 0xd7, 0x26, 0x00, 0x00, 0x00, 0x00, 0x32, 0x01, 0x00
    , 0x00, 0x00, 0x00, 0xd7, 0x04, 0x00, 0x00, 0x00, 0x00, 0xff, 0x01, 0x00
    , 0x00, 0x00, 0x00, 0xde, 0x2e, 0x00, 0x00, 0x00, 0x00, 0xff, 0x01, 0x00
    , 0x00, 0x00, 0x00, 0xdd, 0x01, 0x00, 0x00, 0x00, 0x00, 0xa4, 0x2e, 0x00
    , 0x00, 0x00, 0x00, 0xff, 0x01, 0x00, 0x00, 0x00, 0x00, 0xa4, 0x01, 0x00
    , 0x00, 0x00, 0x00, 0x1e, 0x01, 0x00, 0x00, 0x00, 0x00, 0xf1, 0x2c, 0x00
    , 0x00, 0x00, 0x00, 0xff, 0x01, 0x00, 0x00, 0x00, 0x00, 0xf1, 0x01, 0x00
    , 0x00, 0x00, 0x00, 0x1d, 0x01, 0x00, 0x00, 0x00, 0x00, 0x00, 0x01, 0x00
    , 0x00, 0x00, 0x00, 0x3e, 0x01, 0x00, 0x00, 0x00, 0x00, 0xe0, 0x2a, 0x00
    , 0x00, 0x00, 0x00, 0xff, 0x01, 0x00, 0x00, 0x00, 0x00, 0xe0, 0x01, 0x00
    , 0x00, 0x00, 0x00, 0x3e, 0x03, 0x00, 0x00, 0x00, 0x00, 0x00, 0x01, 0x00
    , 0x00, 0x00, 0x00, 0x0d, 0x01, 0x00, 0x00, 0x00, 0x00, 0x58, 0x01, 0x00
    , 0x00, 0x00, 0x00, 0x89, 0x26, 0x00, 0x00, 0x00, 0x00, 0x99, 0x01, 0x00
    , 0x00, 0x00, 0x00, 0x89, 0x01, 0x00, 0x00, 0x00, 0x00, 0x58, 0x01, 0x00
    , 0x00, 0x00, 0x00, 0x0d, 0x62, 0x00, 0x00, 0x00, 0x00, 0x00
};

inline Upp::Image ICON_EDITOR_CLARIFY_48()
{
    return Upp::UiMakeIcon(DATA_EDITOR_CLARIFY_48);
}

// Category: navigation | Type: Outlined | Icon: close_small | Size: 48x48 | Format: UiMakeIcon RLE
static const unsigned char DATA_NAVIGATION_CLOSE_SMALL_48[] = {
    0x30, 0x80, 0x30, 0x00, 0x02, 0x00, 0x00, 0x00, 0x00, 0x00, 0x01, 0x00
    , 0x00, 0x00, 0x00, 0x43, 0x01, 0x00, 0x00, 0x00, 0x00, 0xb6, 0x01, 0x00
    , 0x00, 0x00, 0x00, 0xe4, 0x01, 0x00, 0x00, 0x00, 0x00, 0xed, 0x01, 0x00
    , 0x00, 0x00, 0x00, 0xc1, 0x01, 0x00, 0x00, 0x00, 0x00, 0x67, 0x01, 0x00
    , 0x00, 0x00, 0x00, 0x01, 0x1e, 0x00, 0x00, 0x00, 0x00, 0x00, 0x01, 0x00
    , 0x00, 0x00, 0x00, 0x05, 0x01, 0x00, 0x00, 0x00, 0x00, 0x7a, 0x01, 0x00
    , 0x00, 0x00, 0x00, 0xc7, 0x01, 0x00, 0x00, 0x00, 0x00, 0xf1, 0x01, 0x00
    , 0x00, 0x00, 0x00, 0xde, 0x01, 0x00, 0x00, 0x00, 0x00, 0xae, 0x01, 0x00
    , 0x00, 0x00, 0x00, 0x30, 0x03, 0x00, 0x00, 0x00, 0x00, 0x00, 0x01, 0x00
    , 0x00, 0x00, 0x00, 0x84, 0x06, 0x00, 0x00, 0x00, 0x00, 0xff, 0x01, 0x00
    , 0x00, 0x00, 0x00, 0xbc, 0x01, 0x00, 0x00, 0x00, 0x00, 0x0f, 0x1c, 0x00
    , 0x00, 0x00, 0x00, 0x00, 0x01, 0x00, 0x00, 0x00, 0x00, 0x1c, 0x01, 0x00
    , 0x00, 0x00, 0x00, 0xd0, 0x05, 0x00, 0x00, 0x00, 0x00, 0xff, 0x01, 0x00
    , 0x00, 0x00, 0x00, 0xfa, 0x01, 0x00, 0x00, 0x00, 0x00, 0x67, 0x01, 0x00
    , 0x00, 0x00, 0x00, 0x00, 0x01, 0x00, 0x00, 0x00, 0x00, 0x43, 0x08, 0x00
    , 0x00, 0x00, 0x00, 0xff, 0x01, 0x00, 0x00, 0x00, 0x00, 0xc8, 0x01, 0x00
    , 0x00, 0x00, 0x00, 0x0f, 0x1a, 0x00, 0x00, 0x00, 0x00, 0x00, 0x01, 0x00
    , 0x00, 0x00, 0x00, 0x1b, 0x01, 0x00, 0x00, 0x00, 0x00, 0xdc, 0x07, 0x00
    , 0x00, 0x00, 0x00, 0xff, 0x01, 0x00, 0x00, 0x00, 0x00, 0xf8, 0x01, 0x00
    , 0x00, 0x00, 0x00, 0x2d, 0x01, 0x00, 0x00, 0x00, 0x00, 0xb6, 0x09, 0x00
    , 0x00, 0x00, 0x00, 0xff, 0x01, 0x00, 0x00, 0x00, 0x00, 0xc8, 0x01, 0x00
    , 0x00, 0x00, 0x00, 0x0f, 0x18, 0x00, 0x00, 0x00, 0x00, 0x00, 0x01, 0x00
    , 0x00, 0x00, 0x00, 0x1a, 0x01, 0x00, 0x00, 0x00, 0x00, 0xdb, 0x09, 0x00
    , 0x00, 0x00, 0x00, 0xff, 0x01, 0x00, 0x00, 0x00, 0x00, 0xa9, 0x01, 0x00
    , 0x00, 0x00, 0x00, 0xe4, 0x0a, 0x00, 0x00, 0x00, 0x00, 0xff, 0x01, 0x00
    , 0x00, 0x00, 0x00, 0xc8, 0x01, 0x00, 0x00, 0x00, 0x00, 0x0f, 0x16, 0x00
    , 0x00, 0x00, 0x00, 0x00, 0x01, 0x00, 0x00, 0x00, 0x00, 0x1a, 0x01, 0x00
    , 0x00, 0x00, 0x00, 0xd9, 0x0a, 0x00, 0x00, 0x00, 0x00, 0xff, 0x01, 0x00
    , 0x00, 0x00, 0x00, 0xdc, 0x01, 0x00, 0x00, 0x00, 0x00, 0xed, 0x0b, 0x00
    , 0x00, 0x00, 0x00, 0xff, 0x01, 0x00, 0x00, 0x00, 0x00, 0xc8, 0x01, 0x00
    , 0x00, 0x00, 0x00, 0x0f, 0x14, 0x00, 0x00, 0x00, 0x00, 0x00, 0x01, 0x00
    , 0x00, 0x00, 0x00, 0x18, 0x01, 0x00, 0x00, 0x00, 0x00, 0xd8, 0x0b, 0x00
    , 0x00, 0x00, 0x00, 0xff, 0x01, 0x00, 0x00, 0x00, 0x00, 0xed, 0x01, 0x00
    , 0x00, 0x00, 0x00, 0xc1, 0x0c, 0x00, 0x00, 0x00, 0x00, 0xff, 0x01, 0x00
    , 0x00, 0x00, 0x00, 0xc8, 0x01, 0x00, 0x00, 0x00, 0x00, 0x0f, 0x12, 0x00
    , 0x00, 0x00, 0x00, 0x00, 0x01, 0x00, 0x00, 0x00, 0x00, 0x17, 0x01, 0x00
    , 0x00, 0x00, 0x00, 0xd7, 0x0c, 0x00, 0x00, 0x00, 0x00, 0xff, 0x01, 0x00
    , 0x00, 0x00, 0x00, 0xbc, 0x01, 0x00, 0x00, 0x00, 0x00, 0x67, 0x0d, 0x00
    , 0x00, 0x00, 0x00, 0xff, 0x01, 0x00, 0x00, 0x00, 0x00, 0xc8, 0x01, 0x00
    , 0x00, 0x00, 0x00, 0x0f, 0x10, 0x00, 0x00, 0x00, 0x00, 0x00, 0x01, 0x00
    , 0x00, 0x00, 0x00, 0x16, 0x01, 0x00, 0x00, 0x00, 0x00, 0xd6, 0x0d, 0x00
    , 0x00, 0x00, 0x00, 0xff, 0x01, 0x00, 0x00, 0x00, 0x00, 0x5a, 0x01, 0x00
    , 0x00, 0x00, 0x00, 0x01, 0x01, 0x00, 0x00, 0x00, 0x00, 0xbc, 0x0d, 0x00
    , 0x00, 0x00, 0x00, 0xff, 0x01, 0x00, 0x00, 0x00, 0x00, 0xc8, 0x01, 0x00
    , 0x00, 0x00, 0x00, 0x0f, 0x0e, 0x00, 0x00, 0x00, 0x00, 0x00, 0x01, 0x00
    , 0x00, 0x00, 0x00, 0x16, 0x01, 0x00, 0x00, 0x00, 0x00, 0xd4, 0x0d, 0x00
    , 0x00, 0x00, 0x00, 0xff, 0x01, 0x00, 0x00, 0x00, 0x00, 0xa0, 0x02, 0x00
    , 0x00, 0x00, 0x00, 0x00, 0x01, 0x00, 0x00, 0x00, 0x00, 0x0e, 0x01, 0x00
    , 0x00, 0x00, 0x00, 0xc7, 0x0d, 0x00, 0x00, 0x00, 0x00, 0xff, 0x01, 0x00
    , 0x00, 0x00, 0x00, 0xc8, 0x01, 0x00, 0x00, 0x00, 0x00, 0x0f, 0x0c, 0x00
    , 0x00, 0x00, 0x00, 0x00, 0x01, 0x00, 0x00, 0x00, 0x00, 0x15, 0x01, 0x00
    , 0x00, 0x00, 0x00, 0xd3, 0x0d, 0x00, 0x00, 0x00, 0x00, 0xff, 0x01, 0x00
    , 0x00, 0x00, 0x00, 0xae, 0x01, 0x00, 0x00, 0x00, 0x00, 0x05, 0x03, 0x00
    , 0x00, 0x00, 0x00, 0x00, 0x01, 0x00, 0x00, 0x00, 0x00, 0x0e, 0x01, 0x00
    , 0x00, 0x00, 0x00, 0xc6, 0x0d, 0x00, 0x00, 0x00, 0x00, 0xff, 0x01, 0x00
    , 0x00, 0x00, 0x00, 0xc8, 0x01, 0x00, 0x00, 0x00, 0x00, 0x0f, 0x0a, 0x00
    , 0x00, 0x00, 0x00, 0x00, 0x01, 0x00, 0x00, 0x00, 0x00, 0x14, 0x01, 0x00
    , 0x00, 0x00, 0x00, 0xd1, 0x0d, 0x00, 0x00, 0x00, 0x00, 0xff, 0x01, 0x00
    , 0x00, 0x00, 0x00, 0xac, 0x01, 0x00, 0x00, 0x00, 0x00, 0x04, 0x05, 0x00
    , 0x00, 0x00, 0x00, 0x00, 0x01, 0x00, 0x00, 0x00, 0x00, 0x0d, 0x01, 0x00
    , 0x00, 0x00, 0x00, 0xc4, 0x0d, 0x00, 0x00, 0x00, 0x00, 0xff, 0x01, 0x00
    , 0x00, 0x00, 0x00, 0xc8, 0x01, 0x00, 0x00, 0x00, 0x00, 0x0f, 0x08, 0x00
    , 0x00, 0x00, 0x00, 0x00, 0x01, 0x00, 0x00, 0x00, 0x00, 0x13, 0x01, 0x00
    , 0x00, 0x00, 0x00, 0xd0, 0x0d, 0x00, 0x00, 0x00, 0x00, 0xff, 0x01, 0x00
    , 0x00, 0x00, 0x00, 0xaa, 0x01, 0x00, 0x00, 0x00, 0x00, 0x04, 0x07, 0x00
    , 0x00, 0x00, 0x00, 0x00, 0x01, 0x00, 0x00, 0x00, 0x00, 0x0c, 0x01, 0x00
    , 0x00, 0x00, 0x00, 0xc3, 0x0d, 0x00, 0x00, 0x00, 0x00, 0xff, 0x01, 0x00
    , 0x00, 0x00, 0x00, 0xc8, 0x01, 0x00, 0x00, 0x00, 0x00, 0x0f, 0x06, 0x00
    , 0x00, 0x00, 0x00, 0x00, 0x01, 0x00, 0x00, 0x00, 0x00, 0x12, 0x01, 0x00
    , 0x00, 0x00, 0x00, 0xcf, 0x0d, 0x00, 0x00, 0x00, 0x00, 0xff, 0x01, 0x00
    , 0x00, 0x00, 0x00, 0xa8, 0x01, 0x00, 0x00, 0x00, 0x00, 0x04, 0x09, 0x00
    , 0x00, 0x00, 0x00, 0x00, 0x01, 0x00, 0x00, 0x00, 0x00, 0x0c, 0x01, 0x00
    , 0x00, 0x00, 0x00, 0xc1, 0x0d, 0x00, 0x00, 0x00, 0x00, 0xff, 0x01, 0x00
    , 0x00, 0x00, 0x00, 0xc8, 0x01, 0x00, 0x00, 0x00, 0x00, 0x0f, 0x04, 0x00
    , 0x00, 0x00, 0x00, 0x00, 0x01, 0x00, 0x00, 0x00, 0x00, 0x11, 0x01, 0x00
    , 0x00, 0x00, 0x00, 0xce, 0x0d, 0x00, 0x00, 0x00, 0x00, 0xff, 0x01, 0x00
    , 0x00, 0x00, 0x00, 0xa6, 0x01, 0x00, 0x00, 0x00, 0x00, 0x03, 0x0b, 0x00
    , 0x00, 0x00, 0x00, 0x00, 0x01, 0x00, 0x00, 0x00, 0x00, 0x0b, 0x01, 0x00
    , 0x00, 0x00, 0x00, 0xc0, 0x0d, 0x00, 0x00, 0x00, 0x00, 0xff, 0x01, 0x00
    , 0x00, 0x00, 0x00, 0xc8, 0x01, 0x00, 0x00, 0x00, 0x00, 0x0f, 0x02, 0x00
    , 0x00, 0x00, 0x00, 0x00, 0x01, 0x00, 0x00, 0x00, 0x00, 0x10, 0x01, 0x00
    , 0x00, 0x00, 0x00, 0xcc, 0x0d, 0x00, 0x00, 0x00, 0x00, 0xff, 0x01, 0x00
    , 0x00, 0x00, 0x00, 0xa5, 0x01, 0x00, 0x00, 0x00, 0x00, 0x03, 0x0d, 0x00
    , 0x00, 0x00, 0x00, 0x00, 0x01, 0x00, 0x00, 0x00, 0x00, 0x0a, 0x01, 0x00
    , 0x00, 0x00, 0x00, 0xbe, 0x0d, 0x00, 0x00, 0x00, 0x00, 0xff, 0x01, 0x00
    , 0x00, 0x00, 0x00, 0xc8, 0x02, 0x00, 0x00, 0x00, 0x00, 0x0f, 0x01, 0x00
    , 0x00, 0x00, 0x00, 0xcb, 0x0d, 0x00, 0x00, 0x00, 0x00, 0xff, 0x01, 0x00
    , 0x00, 0x00, 0x00, 0xa3, 0x01, 0x00, 0x00, 0x00, 0x00, 0x03, 0x0f, 0x00
    , 0x00, 0x00, 0x00, 0x00, 0x01, 0x00, 0x00, 0x00, 0x00, 0x09, 0x01, 0x00
    , 0x00, 0x00, 0x00, 0xbc, 0x0d, 0x00, 0x00, 0x00, 0x00, 0xff, 0x01, 0x00
    , 0x00, 0x00, 0x00, 0xc8, 0x01, 0x00, 0x00, 0x00, 0x00, 0xc9, 0x0d, 0x00
    , 0x00, 0x00, 0x00, 0xff, 0x01, 0x00, 0x00, 0x00, 0x00, 0xa1, 0x01, 0x00
    , 0x00, 0x00, 0x00, 0x02, 0x11, 0x00, 0x00, 0x00, 0x00, 0x00, 0x01, 0x00
    , 0x00, 0x00, 0x00, 0x09, 0x01, 0x00, 0x00, 0x00, 0x00, 0xbb, 0x1a, 0x00
    , 0x00, 0x00, 0x00, 0xff, 0x01, 0x00, 0x00, 0x00, 0x00, 0x9f, 0x01, 0x00
    , 0x00, 0x00, 0x00, 0x02, 0x13, 0x00, 0x00, 0x00, 0x00, 0x00, 0x01, 0x00
    , 0x00, 0x00, 0x00, 0x08, 0x01, 0x00, 0x00, 0x00, 0x00, 0xb9, 0x18, 0x00
    , 0x00, 0x00, 0x00, 0xff, 0x01, 0x00, 0x00, 0x00, 0x00, 0x9d, 0x01, 0x00
    , 0x00, 0x00, 0x00, 0x02, 0x15, 0x00, 0x00, 0x00, 0x00, 0x00, 0x01, 0x00
    , 0x00, 0x00, 0x00, 0x08, 0x01, 0x00, 0x00, 0x00, 0x00, 0xb7, 0x16, 0x00
    , 0x00, 0x00, 0x00, 0xff, 0x01, 0x00, 0x00, 0x00, 0x00, 0x9b, 0x01, 0x00
    , 0x00, 0x00, 0x00, 0x01, 0x17, 0x00, 0x00, 0x00, 0x00, 0x00, 0x01, 0x00
    , 0x00, 0x00, 0x00, 0x07, 0x01, 0x00, 0x00, 0x00, 0x00, 0xb6, 0x14, 0x00
    , 0x00, 0x00, 0x00, 0xff, 0x01, 0x00, 0x00, 0x00, 0x00, 0x9a, 0x01, 0x00
    , 0x00, 0x00, 0x00, 0x01, 0x19, 0x00, 0x00, 0x00, 0x00, 0x00, 0x01, 0x00
    , 0x00, 0x00, 0x00, 0x07, 0x01, 0x00, 0x00, 0x00, 0x00, 0xb4, 0x12, 0x00
    , 0x00, 0x00, 0x00, 0xff, 0x01, 0x00, 0x00, 0x00, 0x00, 0x98, 0x01, 0x00
    , 0x00, 0x00, 0x00, 0x01, 0x1b, 0x00, 0x00, 0x00, 0x00, 0x00, 0x01, 0x00
    , 0x00, 0x00, 0x00, 0x06, 0x01, 0x00, 0x00, 0x00, 0x00, 0xb2, 0x10, 0x00
    , 0x00, 0x00, 0x00, 0xff, 0x01, 0x00, 0x00, 0x00, 0x00, 0x95, 0x01, 0x00
    , 0x00, 0x00, 0x00, 0x01, 0x1d, 0x00, 0x00, 0x00, 0x00, 0x00, 0x01, 0x00
    , 0x00, 0x00, 0x00, 0x06, 0x01, 0x00, 0x00, 0x00, 0x00, 0xb5, 0x0e, 0x00
    , 0x00, 0x00, 0x00, 0xff, 0x01, 0x00, 0x00, 0x00, 0x00, 0x98, 0x1f, 0x00
    , 0x00, 0x00, 0x00, 0x00, 0x01, 0x00, 0x00, 0x00, 0x00, 0x1d, 0x01, 0x00
    , 0x00, 0x00, 0x00, 0xdc, 0x0e, 0x00, 0x00, 0x00, 0x00, 0xff, 0x01, 0x00
    , 0x00, 0x00, 0x00, 0xc8, 0x01, 0x00, 0x00, 0x00, 0x00, 0x0f, 0x1d, 0x00
    , 0x00, 0x00, 0x00, 0x00, 0x01, 0x00, 0x00, 0x00, 0x00, 0x1d, 0x01, 0x00
    , 0x00, 0x00, 0x00, 0xdc, 0x10, 0x00, 0x00, 0x00, 0x00, 0xff, 0x01, 0x00
    , 0x00, 0x00, 0x00, 0xc8, 0x01, 0x00, 0x00, 0x00, 0x00, 0x0f, 0x1b, 0x00
    , 0x00, 0x00, 0x00, 0x00, 0x01, 0x00, 0x00, 0x00, 0x00, 0x1d, 0x01, 0x00
    , 0x00, 0x00, 0x00, 0xdc, 0x12, 0x00, 0x00, 0x00, 0x00, 0xff, 0x01, 0x00
    , 0x00, 0x00, 0x00, 0xc8, 0x01, 0x00, 0x00, 0x00, 0x00, 0x0f, 0x19, 0x00
    , 0x00, 0x00, 0x00, 0x00, 0x01, 0x00, 0x00, 0x00, 0x00, 0x1d, 0x01, 0x00
    , 0x00, 0x00, 0x00, 0xdc, 0x14, 0x00, 0x00, 0x00, 0x00, 0xff, 0x01, 0x00
    , 0x00, 0x00, 0x00, 0xc8, 0x01, 0x00, 0x00, 0x00, 0x00, 0x0f, 0x17, 0x00
    , 0x00, 0x00, 0x00, 0x00, 0x01, 0x00, 0x00, 0x00, 0x00, 0x1d, 0x01, 0x00
    , 0x00, 0x00, 0x00, 0xdc, 0x16, 0x00, 0x00, 0x00, 0x00, 0xff, 0x01, 0x00
    , 0x00, 0x00, 0x00, 0xc8, 0x01, 0x00, 0x00, 0x00, 0x00, 0x0f, 0x15, 0x00
    , 0x00, 0x00, 0x00, 0x00, 0x01, 0x00, 0x00, 0x00, 0x00, 0x1d, 0x01, 0x00
    , 0x00, 0x00, 0x00, 0xdc, 0x18, 0x00, 0x00, 0x00, 0x00, 0xff, 0x01, 0x00
    , 0x00, 0x00, 0x00, 0xc8, 0x01, 0x00, 0x00, 0x00, 0x00, 0x0f, 0x13, 0x00
    , 0x00, 0x00, 0x00, 0x00, 0x01, 0x00, 0x00, 0x00, 0x00, 0x1d, 0x01, 0x00
    , 0x00, 0x00, 0x00, 0xdc, 0x1a, 0x00, 0x00, 0x00, 0x00, 0xff, 0x01, 0x00
    , 0x00, 0x00, 0x00, 0xc8, 0x01, 0x00, 0x00, 0x00, 0x00, 0x0f, 0x11, 0x00
    , 0x00, 0x00, 0x00, 0x00, 0x01, 0x00, 0x00, 0x00, 0x00, 0x1d, 0x01, 0x00
    , 0x00, 0x00, 0x00, 0xdc, 0x0d, 0x00, 0x00, 0x00, 0x00, 0xff, 0x01, 0x00
    , 0x00, 0x00, 0x00, 0xb0, 0x01, 0x00, 0x00, 0x00, 0x00, 0xb1, 0x0d, 0x00
    , 0x00, 0x00, 0x00, 0xff, 0x01, 0x00, 0x00, 0x00, 0x00, 0xc8, 0x01, 0x00
    , 0x00, 0x00, 0x00, 0x0f, 0x0f, 0x00, 0x00, 0x00, 0x00, 0x00, 0x01, 0x00
    , 0x00, 0x00, 0x00, 0x1d, 0x01, 0x00, 0x00, 0x00, 0x00, 0xdc, 0x0d, 0x00
    , 0x00, 0x00, 0x00, 0xff, 0x01, 0x00, 0x00, 0x00, 0x00, 0xb0, 0x01, 0x00
    , 0x00, 0x00, 0x00, 0x05, 0x01, 0x00, 0x00, 0x00, 0x00, 0x06, 0x01, 0x00
    , 0x00, 0x00, 0x00, 0xb3, 0x0d, 0x00, 0x00, 0x00, 0x00, 0xff, 0x01, 0x00
    , 0x00, 0x00, 0x00, 0xc8, 0x01, 0x00, 0x00, 0x00, 0x00, 0x0f, 0x0d, 0x00
    , 0x00, 0x00, 0x00, 0x00, 0x01, 0x00, 0x00, 0x00, 0x00, 0x1d, 0x01, 0x00
    , 0x00, 0x00, 0x00, 0xdc, 0x0d, 0x00, 0x00, 0x00, 0x00, 0xff, 0x01, 0x00
    , 0x00, 0x00, 0x00, 0xb0, 0x01, 0x00, 0x00, 0x00, 0x00, 0x05, 0x02, 0x00
    , 0x00, 0x00, 0x00, 0x00, 0x01, 0x00, 0x00, 0x00, 0x00, 0x06, 0x01, 0x00
    , 0x00, 0x00, 0x00, 0xb5, 0x0d, 0x00, 0x00, 0x00, 0x00, 0xff, 0x01, 0x00
    , 0x00, 0x00, 0x00, 0xc8, 0x01, 0x00, 0x00, 0x00, 0x00, 0x0f, 0x0b, 0x00
    , 0x00, 0x00, 0x00, 0x00, 0x01, 0x00, 0x00, 0x00, 0x00, 0x1d, 0x01, 0x00
    , 0x00, 0x00, 0x00, 0xdc, 0x0d, 0x00, 0x00, 0x00, 0x00, 0xff, 0x01, 0x00
    , 0x00, 0x00, 0x00, 0xb0, 0x01, 0x00, 0x00, 0x00, 0x00, 0x05, 0x04, 0x00
    , 0x00, 0x00, 0x00, 0x00, 0x01, 0x00, 0x00, 0x00, 0x00, 0x07, 0x01, 0x00
    , 0x00, 0x00, 0x00, 0xb7, 0x0d, 0x00, 0x00, 0x00, 0x00, 0xff, 0x01, 0x00
    , 0x00, 0x00, 0x00, 0xc8, 0x01, 0x00, 0x00, 0x00, 0x00, 0x0f, 0x09, 0x00
    , 0x00, 0x00, 0x00, 0x00, 0x01, 0x00, 0x00, 0x00, 0x00, 0x1d, 0x01, 0x00
    , 0x00, 0x00, 0x00, 0xdc, 0x0d, 0x00, 0x00, 0x00, 0x00, 0xff, 0x01, 0x00
    , 0x00, 0x00, 0x00, 0xb0, 0x01, 0x00, 0x00, 0x00, 0x00, 0x05, 0x06, 0x00
    , 0x00, 0x00, 0x00, 0x00, 0x01, 0x00, 0x00, 0x00, 0x00, 0x07, 0x01, 0x00
    , 0x00, 0x00, 0x00, 0xb8, 0x0d, 0x00, 0x00, 0x00, 0x00, 0xff, 0x01, 0x00
    , 0x00, 0x00, 0x00, 0xc8, 0x01, 0x00, 0x00, 0x00, 0x00, 0x0f, 0x07, 0x00
    , 0x00, 0x00, 0x00, 0x00, 0x01, 0x00, 0x00, 0x00, 0x00, 0x1d, 0x01, 0x00
    , 0x00, 0x00, 0x00, 0xdc, 0x0d, 0x00, 0x00, 0x00, 0x00, 0xff, 0x01, 0x00
    , 0x00, 0x00, 0x00, 0xb0, 0x01, 0x00, 0x00, 0x00, 0x00, 0x05, 0x08, 0x00
    , 0x00, 0x00, 0x00, 0x00, 0x01, 0x00, 0x00, 0x00, 0x00, 0x08, 0x01, 0x00
    , 0x00, 0x00, 0x00, 0xba, 0x0d, 0x00, 0x00, 0x00, 0x00, 0xff, 0x01, 0x00
    , 0x00, 0x00, 0x00, 0xc8, 0x01, 0x00, 0x00, 0x00, 0x00, 0x0f, 0x05, 0x00
    , 0x00, 0x00, 0x00, 0x00, 0x01, 0x00, 0x00, 0x00, 0x00, 0x1d, 0x01, 0x00
    , 0x00, 0x00, 0x00, 0xdc, 0x0d, 0x00, 0x00, 0x00, 0x00, 0xff, 0x01, 0x00
    , 0x00, 0x00, 0x00, 0xb0, 0x01, 0x00, 0x00, 0x00, 0x00, 0x05, 0x0a, 0x00
    , 0x00, 0x00, 0x00, 0x00, 0x01, 0x00, 0x00, 0x00, 0x00, 0x09, 0x01, 0x00
    , 0x00, 0x00, 0x00, 0xbb, 0x0d, 0x00, 0x00, 0x00, 0x00, 0xff, 0x01, 0x00
    , 0x00, 0x00, 0x00, 0xc8, 0x01, 0x00, 0x00, 0x00, 0x00, 0x0f, 0x03, 0x00
    , 0x00, 0x00, 0x00, 0x00, 0x01, 0x00, 0x00, 0x00, 0x00, 0x1d, 0x01, 0x00
    , 0x00, 0x00, 0x00, 0xdc, 0x0d, 0x00, 0x00, 0x00, 0x00, 0xff, 0x01, 0x00
    , 0x00, 0x00, 0x00, 0xb0, 0x01, 0x00, 0x00, 0x00, 0x00, 0x05, 0x0c, 0x00
    , 0x00, 0x00, 0x00, 0x00, 0x01, 0x00, 0x00, 0x00, 0x00, 0x09, 0x01, 0x00
    , 0x00, 0x00, 0x00, 0xbd, 0x0d, 0x00, 0x00, 0x00, 0x00, 0xff, 0x01, 0x00
    , 0x00, 0x00, 0x00, 0xc8, 0x01, 0x00, 0x00, 0x00, 0x00, 0x0f, 0x01, 0x00
    , 0x00, 0x00, 0x00, 0x00, 0x01, 0x00, 0x00, 0x00, 0x00, 0x05, 0x01, 0x00
    , 0x00, 0x00, 0x00, 0xd0, 0x0d, 0x00, 0x00, 0x00, 0x00, 0xff, 0x01, 0x00
    , 0x00, 0x00, 0x00, 0xb0, 0x01, 0x00, 0x00, 0x00, 0x00, 0x05, 0x0e, 0x00
    , 0x00, 0x00, 0x00, 0x00, 0x01, 0x00, 0x00, 0x00, 0x00, 0x0a, 0x01, 0x00
    , 0x00, 0x00, 0x00, 0xbe, 0x0d, 0x00, 0x00, 0x00, 0x00, 0xff, 0x01, 0x00
    , 0x00, 0x00, 0x00, 0xb2, 0x01, 0x00, 0x00, 0x00, 0x00, 0x00, 0x01, 0x00
    , 0x00, 0x00, 0x00, 0x79, 0x0d, 0x00, 0x00, 0x00, 0x00, 0xff, 0x01, 0x00
    , 0x00, 0x00, 0x00, 0xb0, 0x01, 0x00, 0x00, 0x00, 0x00, 0x05, 0x10, 0x00
    , 0x00, 0x00, 0x00, 0x00, 0x01, 0x00, 0x00, 0x00, 0x00, 0x0a, 0x01, 0x00
    , 0x00, 0x00, 0x00, 0xc0, 0x0d, 0x00, 0x00, 0x00, 0x00, 0xff, 0x01, 0x00
    , 0x00, 0x00, 0x00, 0x57, 0x01, 0x00, 0x00, 0x00, 0x00, 0xc7, 0x0c, 0x00
    , 0x00, 0x00, 0x00, 0xff, 0x01, 0x00, 0x00, 0x00, 0x00, 0xb0, 0x01, 0x00
    , 0x00, 0x00, 0x00, 0x05, 0x12, 0x00, 0x00, 0x00, 0x00, 0x00, 0x01, 0x00
    , 0x00, 0x00, 0x00, 0x0b, 0x01, 0x00, 0x00, 0x00, 0x00, 0xc2, 0x0c, 0x00
    , 0x00, 0x00, 0x00, 0xff, 0x01, 0x00, 0x00, 0x00, 0x00, 0xa4, 0x01, 0x00
    , 0x00, 0x00, 0x00, 0xf1, 0x0b, 0x00, 0x00, 0x00, 0x00, 0xff, 0x01, 0x00
    , 0x00, 0x00, 0x00, 0xb0, 0x01, 0x00, 0x00, 0x00, 0x00, 0x05, 0x14, 0x00
    , 0x00, 0x00, 0x00, 0x00, 0x01, 0x00, 0x00, 0x00, 0x00, 0x0c, 0x01, 0x00
    , 0x00, 0x00, 0x00, 0xc3, 0x0b, 0x00, 0x00, 0x00, 0x00, 0xff, 0x01, 0x00
    , 0x00, 0x00, 0x00, 0xcf, 0x01, 0x00, 0x00, 0x00, 0x00, 0xde, 0x0a, 0x00
    , 0x00, 0x00, 0x00, 0xff, 0x01, 0x00, 0x00, 0x00, 0x00, 0xb0, 0x01, 0x00
    , 0x00, 0x00, 0x00, 0x05, 0x16, 0x00, 0x00, 0x00, 0x00, 0x00, 0x01, 0x00
    , 0x00, 0x00, 0x00, 0x0c, 0x01, 0x00, 0x00, 0x00, 0x00, 0xc4, 0x0a, 0x00
    , 0x00, 0x00, 0x00, 0xff, 0x01, 0x00, 0x00, 0x00, 0x00, 0xbb, 0x01, 0x00
    , 0x00, 0x00, 0x00, 0xae, 0x09, 0x00, 0x00, 0x00, 0x00, 0xff, 0x01, 0x00
    , 0x00, 0x00, 0x00, 0xb0, 0x01, 0x00, 0x00, 0x00, 0x00, 0x05, 0x18, 0x00
    , 0x00, 0x00, 0x00, 0x00, 0x01, 0x00, 0x00, 0x00, 0x00, 0x0d, 0x01, 0x00
    , 0x00, 0x00, 0x00, 0xc6, 0x09, 0x00, 0x00, 0x00, 0x00, 0xff, 0x01, 0x00
    , 0x00, 0x00, 0x00, 0x8b, 0x01, 0x00, 0x00, 0x00, 0x00, 0x30, 0x01, 0x00
    , 0x00, 0x00, 0x00, 0xfa, 0x07, 0x00, 0x00, 0x00, 0x00, 0xff, 0x01, 0x00
    , 0x00, 0x00, 0x00, 0xb0, 0x01, 0x00, 0x00, 0x00, 0x00, 0x05, 0x1a, 0x00
    , 0x00, 0x00, 0x00, 0x00, 0x01, 0x00, 0x00, 0x00, 0x00, 0x0e, 0x01, 0x00
    , 0x00, 0x00, 0x00, 0xc8, 0x07, 0x00, 0x00, 0x00, 0x00, 0xff, 0x01, 0x00
    , 0x00, 0x00, 0x00, 0xee, 0x01, 0x00, 0x00, 0x00, 0x00, 0x19, 0x01, 0x00
    , 0x00, 0x00, 0x00, 0x00, 0x01, 0x00, 0x00, 0x00, 0x00, 0x66, 0x01, 0x00
    , 0x00, 0x00, 0x00, 0xf7, 0x05, 0x00, 0x00, 0x00, 0x00, 0xff, 0x01, 0x00
    , 0x00, 0x00, 0x00, 0x9a, 0x01, 0x00, 0x00, 0x00, 0x00, 0x05, 0x1c, 0x00
    , 0x00, 0x00, 0x00, 0x00, 0x01, 0x00, 0x00, 0x00, 0x00, 0x0f, 0x01, 0x00
    , 0x00, 0x00, 0x00, 0xb9, 0x05, 0x00, 0x00, 0x00, 0x00, 0xff, 0x01, 0x00
    , 0x00, 0x00, 0x00, 0xf0, 0x01, 0x00, 0x00, 0x00, 0x00, 0x4d, 0x03, 0x00
    , 0x00, 0x00, 0x00, 0x00, 0x01, 0x00, 0x00, 0x00, 0x00, 0x28, 0x01, 0x00
    , 0x00, 0x00, 0x00, 0x94, 0x01, 0x00, 0x00, 0x00, 0x00, 0xc1, 0x01, 0x00
    , 0x00, 0x00, 0x00, 0xcb, 0x01, 0x00, 0x00, 0x00, 0x00, 0x9e, 0x01, 0x00
    , 0x00, 0x00, 0x00, 0x45, 0x1f, 0x00, 0x00, 0x00, 0x00, 0x00, 0x01, 0x00
    , 0x00, 0x00, 0x00, 0x01, 0x01, 0x00, 0x00, 0x00, 0x00, 0x6f, 0x01, 0x00
    , 0x00, 0x00, 0x00, 0xc3, 0x01, 0x00, 0x00, 0x00, 0x00, 0xf1, 0x01, 0x00
    , 0x00, 0x00, 0x00, 0xd6, 0x01, 0x00, 0x00, 0x00, 0x00, 0x9f, 0x01, 0x00
    , 0x00, 0x00, 0x00, 0x1d, 0x02, 0x00, 0x00, 0x00, 0x00, 0x00
};

inline Upp::Image ICON_NAVIGATION_CLOSE_SMALL_48()
{
    return Upp::UiMakeIcon(DATA_NAVIGATION_CLOSE_SMALL_48);
}

// Category: communication | Type: Outlined | Icon: comment | Size: 48x48 | Format: UiMakeIcon RLE
static const unsigned char DATA_COMMUNICATION_COMMENT_48[] = {
    0x30, 0x80, 0x30, 0x00, 0x33, 0x00, 0x00, 0x00, 0x00, 0x00, 0x01, 0x00
    , 0x00, 0x00, 0x00, 0x02, 0x01, 0x00, 0x00, 0x00, 0x00, 0x27, 0x26, 0x00
    , 0x00, 0x00, 0x00, 0x36, 0x01, 0x00, 0x00, 0x00, 0x00, 0x27, 0x01, 0x00
    , 0x00, 0x00, 0x00, 0x02, 0x04, 0x00, 0x00, 0x00, 0x00, 0x00, 0x01, 0x00
    , 0x00, 0x00, 0x00, 0x08, 0x01, 0x00, 0x00, 0x00, 0x00, 0x8c, 0x01, 0x00
    , 0x00, 0x00, 0x00, 0xf4, 0x28, 0x00, 0x00, 0x00, 0x00, 0xff, 0x01, 0x00
    , 0x00, 0x00, 0x00, 0xf4, 0x01, 0x00, 0x00, 0x00, 0x00, 0x8c, 0x01, 0x00
    , 0x00, 0x00, 0x00, 0x07, 0x01, 0x00, 0x00, 0x00, 0x00, 0x00, 0x01, 0x00
    , 0x00, 0x00, 0x00, 0x03, 0x01, 0x00, 0x00, 0x00, 0x00, 0xc4, 0x2c, 0x00
    , 0x00, 0x00, 0x00, 0xff, 0x01, 0x00, 0x00, 0x00, 0x00, 0xc4, 0x01, 0x00
    , 0x00, 0x00, 0x00, 0x03, 0x01, 0x00, 0x00, 0x00, 0x00, 0x77, 0x2e, 0x00
    , 0x00, 0x00, 0x00, 0xff, 0x01, 0x00, 0x00, 0x00, 0x00, 0x76, 0x01, 0x00
    , 0x00, 0x00, 0x00, 0xcb, 0x2e, 0x00, 0x00, 0x00, 0x00, 0xff, 0x01, 0x00
    , 0x00, 0x00, 0x00, 0xca, 0x01, 0x00, 0x00, 0x00, 0x00, 0xf7, 0x03, 0x00
    , 0x00, 0x00, 0x00, 0xff, 0x01, 0x00, 0x00, 0x00, 0x00, 0xea, 0x26, 0x00
    , 0x00, 0x00, 0x00, 0x95, 0x01, 0x00, 0x00, 0x00, 0x00, 0xea, 0x03, 0x00
    , 0x00, 0x00, 0x00, 0xff, 0x01, 0x00, 0x00, 0x00, 0x00, 0xf7, 0x04, 0x00
    , 0x00, 0x00, 0x00, 0xff, 0x01, 0x00, 0x00, 0x00, 0x00, 0xcc, 0x26, 0x00
    , 0x00, 0x00, 0x00, 0x00, 0x01, 0x00, 0x00, 0x00, 0x00, 0xcc, 0x08, 0x00
    , 0x00, 0x00, 0x00, 0xff, 0x01, 0x00, 0x00, 0x00, 0x00, 0xcc, 0x26, 0x00
    , 0x00, 0x00, 0x00, 0x00, 0x01, 0x00, 0x00, 0x00, 0x00, 0xcc, 0x08, 0x00
    , 0x00, 0x00, 0x00, 0xff, 0x01, 0x00, 0x00, 0x00, 0x00, 0xcc, 0x26, 0x00
    , 0x00, 0x00, 0x00, 0x00, 0x01, 0x00, 0x00, 0x00, 0x00, 0xcc, 0x08, 0x00
    , 0x00, 0x00, 0x00, 0xff, 0x01, 0x00, 0x00, 0x00, 0x00, 0xcc, 0x26, 0x00
    , 0x00, 0x00, 0x00, 0x00, 0x01, 0x00, 0x00, 0x00, 0x00, 0xcc, 0x08, 0x00
    , 0x00, 0x00, 0x00, 0xff, 0x01, 0x00, 0x00, 0x00, 0x00, 0xcc, 0x05, 0x00
    , 0x00, 0x00, 0x00, 0x00, 0x01, 0x00, 0x00, 0x00, 0x00, 0x1d, 0x01, 0x00
    , 0x00, 0x00, 0x00, 0x84, 0x18, 0x00, 0x00, 0x00, 0x00, 0x9c, 0x01, 0x00
    , 0x00, 0x00, 0x00, 0x84, 0x01, 0x00, 0x00, 0x00, 0x00, 0x1d, 0x05, 0x00
    , 0x00, 0x00, 0x00, 0x00, 0x01, 0x00, 0x00, 0x00, 0x00, 0xcc, 0x08, 0x00
    , 0x00, 0x00, 0x00, 0xff, 0x01, 0x00, 0x00, 0x00, 0x00, 0xcc, 0x04, 0x00
    , 0x00, 0x00, 0x00, 0x00, 0x01, 0x00, 0x00, 0x00, 0x00, 0x12, 0x01, 0x00
    , 0x00, 0x00, 0x00, 0xe8, 0x1a, 0x00, 0x00, 0x00, 0x00, 0xff, 0x01, 0x00
    , 0x00, 0x00, 0x00, 0xe8, 0x01, 0x00, 0x00, 0x00, 0x00, 0x12, 0x04, 0x00
    , 0x00, 0x00, 0x00, 0x00, 0x01, 0x00, 0x00, 0x00, 0x00, 0xcc, 0x08, 0x00
    , 0x00, 0x00, 0x00, 0xff, 0x01, 0x00, 0x00, 0x00, 0x00, 0xcc, 0x04, 0x00
    , 0x00, 0x00, 0x00, 0x00, 0x01, 0x00, 0x00, 0x00, 0x00, 0x55, 0x1c, 0x00
    , 0x00, 0x00, 0x00, 0xff, 0x01, 0x00, 0x00, 0x00, 0x00, 0x55, 0x04, 0x00
    , 0x00, 0x00, 0x00, 0x00, 0x01, 0x00, 0x00, 0x00, 0x00, 0xcc, 0x08, 0x00
    , 0x00, 0x00, 0x00, 0xff, 0x01, 0x00, 0x00, 0x00, 0x00, 0xcc, 0x04, 0x00
    , 0x00, 0x00, 0x00, 0x00, 0x01, 0x00, 0x00, 0x00, 0x00, 0x3e, 0x1c, 0x00
    , 0x00, 0x00, 0x00, 0xff, 0x01, 0x00, 0x00, 0x00, 0x00, 0x3e, 0x04, 0x00
    , 0x00, 0x00, 0x00, 0x00, 0x01, 0x00, 0x00, 0x00, 0x00, 0xcc, 0x08, 0x00
    , 0x00, 0x00, 0x00, 0xff, 0x01, 0x00, 0x00, 0x00, 0x00, 0xcc, 0x05, 0x00
    , 0x00, 0x00, 0x00, 0x00, 0x01, 0x00, 0x00, 0x00, 0x00, 0x98, 0x01, 0x00
    , 0x00, 0x00, 0x00, 0xfe, 0x18, 0x00, 0x00, 0x00, 0x00, 0xff, 0x01, 0x00
    , 0x00, 0x00, 0x00, 0xfe, 0x01, 0x00, 0x00, 0x00, 0x00, 0x98, 0x05, 0x00
    , 0x00, 0x00, 0x00, 0x00, 0x01, 0x00, 0x00, 0x00, 0x00, 0xcc, 0x08, 0x00
    , 0x00, 0x00, 0x00, 0xff, 0x01, 0x00, 0x00, 0x00, 0x00, 0xcc, 0x06, 0x00
    , 0x00, 0x00, 0x00, 0x00, 0x01, 0x00, 0x00, 0x00, 0x00, 0x16, 0x18, 0x00
    , 0x00, 0x00, 0x00, 0x2e, 0x01, 0x00, 0x00, 0x00, 0x00, 0x16, 0x06, 0x00
    , 0x00, 0x00, 0x00, 0x00, 0x01, 0x00, 0x00, 0x00, 0x00, 0xcc, 0x08, 0x00
    , 0x00, 0x00, 0x00, 0xff, 0x01, 0x00, 0x00, 0x00, 0x00, 0xcc, 0x26, 0x00
    , 0x00, 0x00, 0x00, 0x00, 0x01, 0x00, 0x00, 0x00, 0x00, 0xcc, 0x08, 0x00
    , 0x00, 0x00, 0x00, 0xff, 0x01, 0x00, 0x00, 0x00, 0x00, 0xcc, 0x05, 0x00
    , 0x00, 0x00, 0x00, 0x00, 0x01, 0x00, 0x00, 0x00, 0x00, 0x06, 0x01, 0x00
    , 0x00, 0x00, 0x00, 0x51, 0x18, 0x00, 0x00, 0x00, 0x00, 0x69, 0x01, 0x00
    , 0x00, 0x00, 0x00, 0x51, 0x01, 0x00, 0x00, 0x00, 0x00, 0x06, 0x05, 0x00
    , 0x00, 0x00, 0x00, 0x00, 0x01, 0x00, 0x00, 0x00, 0x00, 0xcc, 0x08, 0x00
    , 0x00, 0x00, 0x00, 0xff, 0x01, 0x00, 0x00, 0x00, 0x00, 0xcc, 0x04, 0x00
    , 0x00, 0x00, 0x00, 0x00, 0x01, 0x00, 0x00, 0x00, 0x00, 0x06, 0x01, 0x00
    , 0x00, 0x00, 0x00, 0xcc, 0x1a, 0x00, 0x00, 0x00, 0x00, 0xff, 0x01, 0x00
    , 0x00, 0x00, 0x00, 0xcc, 0x01, 0x00, 0x00, 0x00, 0x00, 0x06, 0x04, 0x00
    , 0x00, 0x00, 0x00, 0x00, 0x01, 0x00, 0x00, 0x00, 0x00, 0xcc, 0x08, 0x00
    , 0x00, 0x00, 0x00, 0xff, 0x01, 0x00, 0x00, 0x00, 0x00, 0xcc, 0x04, 0x00
    , 0x00, 0x00, 0x00, 0x00, 0x01, 0x00, 0x00, 0x00, 0x00, 0x4e, 0x1c, 0x00
    , 0x00, 0x00, 0x00, 0xff, 0x01, 0x00, 0x00, 0x00, 0x00, 0x4e, 0x04, 0x00
    , 0x00, 0x00, 0x00, 0x00, 0x01, 0x00, 0x00, 0x00, 0x00, 0xcc, 0x08, 0x00
    , 0x00, 0x00, 0x00, 0xff, 0x01, 0x00, 0x00, 0x00, 0x00, 0xcc, 0x04, 0x00
    , 0x00, 0x00, 0x00, 0x00, 0x01, 0x00, 0x00, 0x00, 0x00, 0x4c, 0x1c, 0x00
    , 0x00, 0x00, 0x00, 0xff, 0x01, 0x00, 0x00, 0x00, 0x00, 0x4c, 0x04, 0x00
    , 0x00, 0x00, 0x00, 0x00, 0x01, 0x00, 0x00, 0x00, 0x00, 0xcc, 0x08, 0x00
    , 0x00, 0x00, 0x00, 0xff, 0x01, 0x00, 0x00, 0x00, 0x00, 0xcc, 0x04, 0x00
    , 0x00, 0x00, 0x00, 0x00, 0x01, 0x00, 0x00, 0x00, 0x00, 0x04, 0x01, 0x00
    , 0x00, 0x00, 0x00, 0xc6, 0x1a, 0x00, 0x00, 0x00, 0x00, 0xff, 0x01, 0x00
    , 0x00, 0x00, 0x00, 0xc6, 0x01, 0x00, 0x00, 0x00, 0x00, 0x04, 0x04, 0x00
    , 0x00, 0x00, 0x00, 0x00, 0x01, 0x00, 0x00, 0x00, 0x00, 0xcc, 0x08, 0x00
    , 0x00, 0x00, 0x00, 0xff, 0x01, 0x00, 0x00, 0x00, 0x00, 0xcc, 0x05, 0x00
    , 0x00, 0x00, 0x00, 0x00, 0x01, 0x00, 0x00, 0x00, 0x00, 0x04, 0x01, 0x00
    , 0x00, 0x00, 0x00, 0x49, 0x18, 0x00, 0x00, 0x00, 0x00, 0x62, 0x01, 0x00
    , 0x00, 0x00, 0x00, 0x49, 0x01, 0x00, 0x00, 0x00, 0x00, 0x04, 0x05, 0x00
    , 0x00, 0x00, 0x00, 0x00, 0x01, 0x00, 0x00, 0x00, 0x00, 0xcc, 0x08, 0x00
    , 0x00, 0x00, 0x00, 0xff, 0x01, 0x00, 0x00, 0x00, 0x00, 0xcc, 0x26, 0x00
    , 0x00, 0x00, 0x00, 0x00, 0x01, 0x00, 0x00, 0x00, 0x00, 0xcc, 0x08, 0x00
    , 0x00, 0x00, 0x00, 0xff, 0x01, 0x00, 0x00, 0x00, 0x00, 0xcc, 0x06, 0x00
    , 0x00, 0x00, 0x00, 0x00, 0x01, 0x00, 0x00, 0x00, 0x00, 0x1e, 0x18, 0x00
    , 0x00, 0x00, 0x00, 0x36, 0x01, 0x00, 0x00, 0x00, 0x00, 0x1e, 0x06, 0x00
    , 0x00, 0x00, 0x00, 0x00, 0x01, 0x00, 0x00, 0x00, 0x00, 0xcc, 0x08, 0x00
    , 0x00, 0x00, 0x00, 0xff, 0x01, 0x00, 0x00, 0x00, 0x00, 0xcc, 0x05, 0x00
    , 0x00, 0x00, 0x00, 0x00, 0x01, 0x00, 0x00, 0x00, 0x00, 0xa0, 0x1a, 0x00
    , 0x00, 0x00, 0x00, 0xff, 0x01, 0x00, 0x00, 0x00, 0x00, 0xa0, 0x05, 0x00
    , 0x00, 0x00, 0x00, 0x00, 0x01, 0x00, 0x00, 0x00, 0x00, 0xcc, 0x08, 0x00
    , 0x00, 0x00, 0x00, 0xff, 0x01, 0x00, 0x00, 0x00, 0x00, 0xcc, 0x04, 0x00
    , 0x00, 0x00, 0x00, 0x00, 0x01, 0x00, 0x00, 0x00, 0x00, 0x41, 0x1c, 0x00
    , 0x00, 0x00, 0x00, 0xff, 0x01, 0x00, 0x00, 0x00, 0x00, 0x40, 0x04, 0x00
    , 0x00, 0x00, 0x00, 0x00, 0x01, 0x00, 0x00, 0x00, 0x00, 0xcc, 0x08, 0x00
    , 0x00, 0x00, 0x00, 0xff, 0x01, 0x00, 0x00, 0x00, 0x00, 0xcc, 0x04, 0x00
    , 0x00, 0x00, 0x00, 0x00, 0x01, 0x00, 0x00, 0x00, 0x00, 0x54, 0x1c, 0x00
    , 0x00, 0x00, 0x00, 0xff, 0x01, 0x00, 0x00, 0x00, 0x00, 0x54, 0x04, 0x00
    , 0x00, 0x00, 0x00, 0x00, 0x01, 0x00, 0x00, 0x00, 0x00, 0xcc, 0x08, 0x00
    , 0x00, 0x00, 0x00, 0xff, 0x01, 0x00, 0x00, 0x00, 0x00, 0xcc, 0x04, 0x00
    , 0x00, 0x00, 0x00, 0x00, 0x01, 0x00, 0x00, 0x00, 0x00, 0x10, 0x01, 0x00
    , 0x00, 0x00, 0x00, 0xe5, 0x1a, 0x00, 0x00, 0x00, 0x00, 0xff, 0x01, 0x00
    , 0x00, 0x00, 0x00, 0xe4, 0x01, 0x00, 0x00, 0x00, 0x00, 0x10, 0x04, 0x00
    , 0x00, 0x00, 0x00, 0x00, 0x01, 0x00, 0x00, 0x00, 0x00, 0xcc, 0x08, 0x00
    , 0x00, 0x00, 0x00, 0xff, 0x01, 0x00, 0x00, 0x00, 0x00, 0xcc, 0x05, 0x00
    , 0x00, 0x00, 0x00, 0x00, 0x01, 0x00, 0x00, 0x00, 0x00, 0x19, 0x01, 0x00
    , 0x00, 0x00, 0x00, 0x7d, 0x18, 0x00, 0x00, 0x00, 0x00, 0x95, 0x01, 0x00
    , 0x00, 0x00, 0x00, 0x7d, 0x01, 0x00, 0x00, 0x00, 0x00, 0x19, 0x05, 0x00
    , 0x00, 0x00, 0x00, 0x00, 0x01, 0x00, 0x00, 0x00, 0x00, 0xcc, 0x08, 0x00
    , 0x00, 0x00, 0x00, 0xff, 0x01, 0x00, 0x00, 0x00, 0x00, 0xcc, 0x26, 0x00
    , 0x00, 0x00, 0x00, 0x00, 0x01, 0x00, 0x00, 0x00, 0x00, 0xcc, 0x08, 0x00
    , 0x00, 0x00, 0x00, 0xff, 0x01, 0x00, 0x00, 0x00, 0x00, 0xcc, 0x26, 0x00
    , 0x00, 0x00, 0x00, 0x00, 0x01, 0x00, 0x00, 0x00, 0x00, 0xcc, 0x08, 0x00
    , 0x00, 0x00, 0x00, 0xff, 0x01, 0x00, 0x00, 0x00, 0x00, 0xcc, 0x26, 0x00
    , 0x00, 0x00, 0x00, 0x00, 0x01, 0x00, 0x00, 0x00, 0x00, 0xcc, 0x08, 0x00
    , 0x00, 0x00, 0x00, 0xff, 0x01, 0x00, 0x00, 0x00, 0x00, 0xcc, 0x26, 0x00
    , 0x00, 0x00, 0x00, 0x00, 0x01, 0x00, 0x00, 0x00, 0x00, 0xcc, 0x04, 0x00
    , 0x00, 0x00, 0x00, 0xff, 0x01, 0x00, 0x00, 0x00, 0x00, 0xf6, 0x03, 0x00
    , 0x00, 0x00, 0x00, 0xff, 0x01, 0x00, 0x00, 0x00, 0x00, 0xec, 0x23, 0x00
    , 0x00, 0x00, 0x00, 0x9c, 0x01, 0x00, 0x00, 0x00, 0x00, 0x75, 0x02, 0x00
    , 0x00, 0x00, 0x00, 0x00, 0x01, 0x00, 0x00, 0x00, 0x00, 0xcc, 0x04, 0x00
    , 0x00, 0x00, 0x00, 0xff, 0x01, 0x00, 0x00, 0x00, 0x00, 0xc9, 0x28, 0x00
    , 0x00, 0x00, 0x00, 0xff, 0x01, 0x00, 0x00, 0x00, 0x00, 0x92, 0x01, 0x00
    , 0x00, 0x00, 0x00, 0x00, 0x01, 0x00, 0x00, 0x00, 0x00, 0xcc, 0x04, 0x00
    , 0x00, 0x00, 0x00, 0xff, 0x01, 0x00, 0x00, 0x00, 0x00, 0x72, 0x29, 0x00
    , 0x00, 0x00, 0x00, 0xff, 0x01, 0x00, 0x00, 0x00, 0x00, 0x97, 0x01, 0x00
    , 0x00, 0x00, 0x00, 0xce, 0x04, 0x00, 0x00, 0x00, 0x00, 0xff, 0x01, 0x00
    , 0x00, 0x00, 0x00, 0x02, 0x01, 0x00, 0x00, 0x00, 0x00, 0xbf, 0x2e, 0x00
    , 0x00, 0x00, 0x00, 0xff, 0x01, 0x00, 0x00, 0x00, 0x00, 0x00, 0x01, 0x00
    , 0x00, 0x00, 0x00, 0x05, 0x01, 0x00, 0x00, 0x00, 0x00, 0x84, 0x01, 0x00
    , 0x00, 0x00, 0x00, 0xee, 0x2c, 0x00, 0x00, 0x00, 0x00, 0xff, 0x04, 0x00
    , 0x00, 0x00, 0x00, 0x00, 0x01, 0x00, 0x00, 0x00, 0x00, 0x1e, 0x21, 0x00
    , 0x00, 0x00, 0x00, 0x2e, 0x01, 0x00, 0x00, 0x00, 0x00, 0x5d, 0x01, 0x00
    , 0x00, 0x00, 0x00, 0xfa, 0x08, 0x00, 0x00, 0x00, 0x00, 0xff, 0x27, 0x00
    , 0x00, 0x00, 0x00, 0x00, 0x01, 0x00, 0x00, 0x00, 0x00, 0x4e, 0x01, 0x00
    , 0x00, 0x00, 0x00, 0xfa, 0x07, 0x00, 0x00, 0x00, 0x00, 0xff, 0x28, 0x00
    , 0x00, 0x00, 0x00, 0x00, 0x01, 0x00, 0x00, 0x00, 0x00, 0x4e, 0x01, 0x00
    , 0x00, 0x00, 0x00, 0xfa, 0x06, 0x00, 0x00, 0x00, 0x00, 0xff, 0x29, 0x00
    , 0x00, 0x00, 0x00, 0x00, 0x01, 0x00, 0x00, 0x00, 0x00, 0x4e, 0x01, 0x00
    , 0x00, 0x00, 0x00, 0xfa, 0x05, 0x00, 0x00, 0x00, 0x00, 0xff, 0x2a, 0x00
    , 0x00, 0x00, 0x00, 0x00, 0x01, 0x00, 0x00, 0x00, 0x00, 0x4e, 0x01, 0x00
    , 0x00, 0x00, 0x00, 0xfa, 0x03, 0x00, 0x00, 0x00, 0x00, 0xff, 0x01, 0x00
    , 0x00, 0x00, 0x00, 0xda, 0x2b, 0x00, 0x00, 0x00, 0x00, 0x00, 0x01, 0x00
    , 0x00, 0x00, 0x00, 0x4e, 0x01, 0x00, 0x00, 0x00, 0x00, 0xf1, 0x01, 0x00
    , 0x00, 0x00, 0x00, 0xff, 0x01, 0x00, 0x00, 0x00, 0x00, 0xfb, 0x01, 0x00
    , 0x00, 0x00, 0x00, 0x62, 0x2c, 0x00, 0x00, 0x00, 0x00, 0x00, 0x01, 0x00
    , 0x00, 0x00, 0x00, 0x17, 0x01, 0x00, 0x00, 0x00, 0x00, 0x58, 0x01, 0x00
    , 0x00, 0x00, 0x00, 0x29, 0x31, 0x00, 0x00, 0x00, 0x00, 0x00
};

inline Upp::Image ICON_COMMUNICATION_COMMENT_48()
{
    return Upp::UiMakeIcon(DATA_COMMUNICATION_COMMENT_48);
}

// Category: editor | Type: Outlined | Icon: format_align_center | Size: 48x48 | Format: UiMakeIcon RLE
static const unsigned char DATA_EDITOR_FORMAT_ALIGN_CENTER_48[] = {
    0x30, 0x80, 0x30, 0x00, 0x01, 0x00, 0x00, 0x00, 0x00, 0x17, 0x01, 0x00
    , 0x00, 0x00, 0x00, 0xb1, 0x01, 0x00, 0x00, 0x00, 0x00, 0xf5, 0x2a, 0x00
    , 0x00, 0x00, 0x00, 0xff, 0x01, 0x00, 0x00, 0x00, 0x00, 0xf5, 0x01, 0x00
    , 0x00, 0x00, 0x00, 0xb1, 0x01, 0x00, 0x00, 0x00, 0x00, 0x17, 0x01, 0x00
    , 0x00, 0x00, 0x00, 0xb1, 0x2e, 0x00, 0x00, 0x00, 0x00, 0xff, 0x01, 0x00
    , 0x00, 0x00, 0x00, 0xb0, 0x01, 0x00, 0x00, 0x00, 0x00, 0xf3, 0x2e, 0x00
    , 0x00, 0x00, 0x00, 0xff, 0x01, 0x00, 0x00, 0x00, 0x00, 0xf2, 0x01, 0x00
    , 0x00, 0x00, 0x00, 0xd3, 0x2e, 0x00, 0x00, 0x00, 0x00, 0xff, 0x01, 0x00
    , 0x00, 0x00, 0x00, 0xd3, 0x01, 0x00, 0x00, 0x00, 0x00, 0x42, 0x01, 0x00
    , 0x00, 0x00, 0x00, 0xf1, 0x2c, 0x00, 0x00, 0x00, 0x00, 0xff, 0x01, 0x00
    , 0x00, 0x00, 0x00, 0xf0, 0x01, 0x00, 0x00, 0x00, 0x00, 0x41, 0x01, 0x00
    , 0x00, 0x00, 0x00, 0x00, 0x01, 0x00, 0x00, 0x00, 0x00, 0x14, 0x01, 0x00
    , 0x00, 0x00, 0x00, 0x4a, 0x2a, 0x00, 0x00, 0x00, 0x00, 0x54, 0x01, 0x00
    , 0x00, 0x00, 0x00, 0x4a, 0x01, 0x00, 0x00, 0x00, 0x00, 0x14, 0xcd, 0x00
    , 0x00, 0x00, 0x00, 0x00, 0x01, 0x00, 0x00, 0x00, 0x00, 0x29, 0x01, 0x00
    , 0x00, 0x00, 0x00, 0x52, 0x14, 0x00, 0x00, 0x00, 0x00, 0x54, 0x01, 0x00
    , 0x00, 0x00, 0x00, 0x52, 0x01, 0x00, 0x00, 0x00, 0x00, 0x29, 0x17, 0x00
    , 0x00, 0x00, 0x00, 0x00, 0x01, 0x00, 0x00, 0x00, 0x00, 0x89, 0x18, 0x00
    , 0x00, 0x00, 0x00, 0xff, 0x01, 0x00, 0x00, 0x00, 0x00, 0x88, 0x15, 0x00
    , 0x00, 0x00, 0x00, 0x00, 0x01, 0x00, 0x00, 0x00, 0x00, 0x29, 0x1a, 0x00
    , 0x00, 0x00, 0x00, 0xff, 0x01, 0x00, 0x00, 0x00, 0x00, 0x28, 0x14, 0x00
    , 0x00, 0x00, 0x00, 0x00, 0x01, 0x00, 0x00, 0x00, 0x00, 0x48, 0x1a, 0x00
    , 0x00, 0x00, 0x00, 0xff, 0x01, 0x00, 0x00, 0x00, 0x00, 0x47, 0x14, 0x00
    , 0x00, 0x00, 0x00, 0x00, 0x01, 0x00, 0x00, 0x00, 0x00, 0x14, 0x01, 0x00
    , 0x00, 0x00, 0x00, 0xf1, 0x18, 0x00, 0x00, 0x00, 0x00, 0xff, 0x01, 0x00
    , 0x00, 0x00, 0x00, 0xf1, 0x01, 0x00, 0x00, 0x00, 0x00, 0x14, 0x15, 0x00
    , 0x00, 0x00, 0x00, 0x00, 0x01, 0x00, 0x00, 0x00, 0x00, 0x41, 0x01, 0x00
    , 0x00, 0x00, 0x00, 0xd3, 0x01, 0x00, 0x00, 0x00, 0x00, 0xfd, 0x14, 0x00
    , 0x00, 0x00, 0x00, 0xff, 0x01, 0x00, 0x00, 0x00, 0x00, 0xfd, 0x01, 0x00
    , 0x00, 0x00, 0x00, 0xd3, 0x01, 0x00, 0x00, 0x00, 0x00, 0x41, 0xfc, 0x00
    , 0x00, 0x00, 0x00, 0x00, 0x01, 0x00, 0x00, 0x00, 0x00, 0x5b, 0x01, 0x00
    , 0x00, 0x00, 0x00, 0xa0, 0x2a, 0x00, 0x00, 0x00, 0x00, 0xaa, 0x01, 0x00
    , 0x00, 0x00, 0x00, 0xa0, 0x01, 0x00, 0x00, 0x00, 0x00, 0x5b, 0x01, 0x00
    , 0x00, 0x00, 0x00, 0x00, 0x01, 0x00, 0x00, 0x00, 0x00, 0x7f, 0x2e, 0x00
    , 0x00, 0x00, 0x00, 0xff, 0x01, 0x00, 0x00, 0x00, 0x00, 0x7f, 0x01, 0x00
    , 0x00, 0x00, 0x00, 0xe8, 0x2e, 0x00, 0x00, 0x00, 0x00, 0xff, 0x02, 0x00
    , 0x00, 0x00, 0x00, 0xe8, 0x2e, 0x00, 0x00, 0x00, 0x00, 0xff, 0x01, 0x00
    , 0x00, 0x00, 0x00, 0xe8, 0x01, 0x00, 0x00, 0x00, 0x00, 0x7f, 0x2e, 0x00
    , 0x00, 0x00, 0x00, 0xff, 0x01, 0x00, 0x00, 0x00, 0x00, 0x7f, 0x01, 0x00
    , 0x00, 0x00, 0x00, 0x00, 0x01, 0x00, 0x00, 0x00, 0x00, 0x5b, 0x01, 0x00
    , 0x00, 0x00, 0x00, 0xa0, 0x2a, 0x00, 0x00, 0x00, 0x00, 0xaa, 0x01, 0x00
    , 0x00, 0x00, 0x00, 0xa0, 0x01, 0x00, 0x00, 0x00, 0x00, 0x5b, 0xfc, 0x00
    , 0x00, 0x00, 0x00, 0x00, 0x01, 0x00, 0x00, 0x00, 0x00, 0x42, 0x01, 0x00
    , 0x00, 0x00, 0x00, 0xd3, 0x01, 0x00, 0x00, 0x00, 0x00, 0xfd, 0x14, 0x00
    , 0x00, 0x00, 0x00, 0xff, 0x01, 0x00, 0x00, 0x00, 0x00, 0xfd, 0x01, 0x00
    , 0x00, 0x00, 0x00, 0xd3, 0x01, 0x00, 0x00, 0x00, 0x00, 0x42, 0x15, 0x00
    , 0x00, 0x00, 0x00, 0x00, 0x01, 0x00, 0x00, 0x00, 0x00, 0x14, 0x01, 0x00
    , 0x00, 0x00, 0x00, 0xf1, 0x18, 0x00, 0x00, 0x00, 0x00, 0xff, 0x01, 0x00
    , 0x00, 0x00, 0x00, 0xf1, 0x01, 0x00, 0x00, 0x00, 0x00, 0x14, 0x14, 0x00
    , 0x00, 0x00, 0x00, 0x00, 0x01, 0x00, 0x00, 0x00, 0x00, 0x48, 0x1a, 0x00
    , 0x00, 0x00, 0x00, 0xff, 0x01, 0x00, 0x00, 0x00, 0x00, 0x47, 0x14, 0x00
    , 0x00, 0x00, 0x00, 0x00, 0x01, 0x00, 0x00, 0x00, 0x00, 0x29, 0x1a, 0x00
    , 0x00, 0x00, 0x00, 0xff, 0x01, 0x00, 0x00, 0x00, 0x00, 0x28, 0x15, 0x00
    , 0x00, 0x00, 0x00, 0x00, 0x01, 0x00, 0x00, 0x00, 0x00, 0x88, 0x18, 0x00
    , 0x00, 0x00, 0x00, 0xff, 0x01, 0x00, 0x00, 0x00, 0x00, 0x88, 0x17, 0x00
    , 0x00, 0x00, 0x00, 0x00, 0x01, 0x00, 0x00, 0x00, 0x00, 0x28, 0x01, 0x00
    , 0x00, 0x00, 0x00, 0x52, 0x14, 0x00, 0x00, 0x00, 0x00, 0x54, 0x01, 0x00
    , 0x00, 0x00, 0x00, 0x52, 0x01, 0x00, 0x00, 0x00, 0x00, 0x28, 0xcd, 0x00
    , 0x00, 0x00, 0x00, 0x00, 0x01, 0x00, 0x00, 0x00, 0x00, 0x14, 0x01, 0x00
    , 0x00, 0x00, 0x00, 0x4a, 0x2a, 0x00, 0x00, 0x00, 0x00, 0x54, 0x01, 0x00
    , 0x00, 0x00, 0x00, 0x4a, 0x01, 0x00, 0x00, 0x00, 0x00, 0x14, 0x01, 0x00
    , 0x00, 0x00, 0x00, 0x00, 0x01, 0x00, 0x00, 0x00, 0x00, 0x42, 0x01, 0x00
    , 0x00, 0x00, 0x00, 0xf1, 0x2c, 0x00, 0x00, 0x00, 0x00, 0xff, 0x01, 0x00
    , 0x00, 0x00, 0x00, 0xf1, 0x01, 0x00, 0x00, 0x00, 0x00, 0x41, 0x01, 0x00
    , 0x00, 0x00, 0x00, 0xd3, 0x2e, 0x00, 0x00, 0x00, 0x00, 0xff, 0x01, 0x00
    , 0x00, 0x00, 0x00, 0xd3, 0x01, 0x00, 0x00, 0x00, 0x00, 0xf3, 0x2e, 0x00
    , 0x00, 0x00, 0x00, 0xff, 0x01, 0x00, 0x00, 0x00, 0x00, 0xf2, 0x01, 0x00
    , 0x00, 0x00, 0x00, 0xb1, 0x2e, 0x00, 0x00, 0x00, 0x00, 0xff, 0x01, 0x00
    , 0x00, 0x00, 0x00, 0xb0, 0x01, 0x00, 0x00, 0x00, 0x00, 0x17, 0x01, 0x00
    , 0x00, 0x00, 0x00, 0xb0, 0x01, 0x00, 0x00, 0x00, 0x00, 0xf5, 0x2a, 0x00
    , 0x00, 0x00, 0x00, 0xff, 0x01, 0x00, 0x00, 0x00, 0x00, 0xf5, 0x01, 0x00
    , 0x00, 0x00, 0x00, 0xb0, 0x01, 0x00, 0x00, 0x00, 0x00, 0x17
};

inline Upp::Image ICON_EDITOR_FORMAT_ALIGN_CENTER_48()
{
    return Upp::UiMakeIcon(DATA_EDITOR_FORMAT_ALIGN_CENTER_48);
}

// Category: editor | Type: Outlined | Icon: format_align_justify | Size: 48x48 | Format: UiMakeIcon RLE
static const unsigned char DATA_EDITOR_FORMAT_ALIGN_JUSTIFY_48[] = {
    0x30, 0x80, 0x30, 0x00, 0x01, 0x00, 0x00, 0x00, 0x00, 0x17, 0x01, 0x00
    , 0x00, 0x00, 0x00, 0xb1, 0x01, 0x00, 0x00, 0x00, 0x00, 0xf5, 0x2a, 0x00
    , 0x00, 0x00, 0x00, 0xff, 0x01, 0x00, 0x00, 0x00, 0x00, 0xf5, 0x01, 0x00
    , 0x00, 0x00, 0x00, 0xb1, 0x01, 0x00, 0x00, 0x00, 0x00, 0x17, 0x01, 0x00
    , 0x00, 0x00, 0x00, 0xb1, 0x2e, 0x00, 0x00, 0x00, 0x00, 0xff, 0x01, 0x00
    , 0x00, 0x00, 0x00, 0xb0, 0x01, 0x00, 0x00, 0x00, 0x00, 0xf3, 0x2e, 0x00
    , 0x00, 0x00, 0x00, 0xff, 0x01, 0x00, 0x00, 0x00, 0x00, 0xf2, 0x01, 0x00
    , 0x00, 0x00, 0x00, 0xd3, 0x2e, 0x00, 0x00, 0x00, 0x00, 0xff, 0x01, 0x00
    , 0x00, 0x00, 0x00, 0xd3, 0x01, 0x00, 0x00, 0x00, 0x00, 0x42, 0x01, 0x00
    , 0x00, 0x00, 0x00, 0xf1, 0x2c, 0x00, 0x00, 0x00, 0x00, 0xff, 0x01, 0x00
    , 0x00, 0x00, 0x00, 0xf0, 0x01, 0x00, 0x00, 0x00, 0x00, 0x41, 0x01, 0x00
    , 0x00, 0x00, 0x00, 0x00, 0x01, 0x00, 0x00, 0x00, 0x00, 0x14, 0x01, 0x00
    , 0x00, 0x00, 0x00, 0x4a, 0x2a, 0x00, 0x00, 0x00, 0x00, 0x54, 0x01, 0x00
    , 0x00, 0x00, 0x00, 0x4a, 0x01, 0x00, 0x00, 0x00, 0x00, 0x14, 0xc2, 0x00
    , 0x00, 0x00, 0x00, 0x00, 0x01, 0x00, 0x00, 0x00, 0x00, 0x14, 0x01, 0x00
    , 0x00, 0x00, 0x00, 0x4a, 0x2a, 0x00, 0x00, 0x00, 0x00, 0x54, 0x01, 0x00
    , 0x00, 0x00, 0x00, 0x4a, 0x01, 0x00, 0x00, 0x00, 0x00, 0x14, 0x01, 0x00
    , 0x00, 0x00, 0x00, 0x00, 0x01, 0x00, 0x00, 0x00, 0x00, 0x42, 0x01, 0x00
    , 0x00, 0x00, 0x00, 0xf1, 0x2c, 0x00, 0x00, 0x00, 0x00, 0xff, 0x01, 0x00
    , 0x00, 0x00, 0x00, 0xf1, 0x01, 0x00, 0x00, 0x00, 0x00, 0x41, 0x01, 0x00
    , 0x00, 0x00, 0x00, 0xd3, 0x2e, 0x00, 0x00, 0x00, 0x00, 0xff, 0x01, 0x00
    , 0x00, 0x00, 0x00, 0xd3, 0x01, 0x00, 0x00, 0x00, 0x00, 0xf3, 0x2e, 0x00
    , 0x00, 0x00, 0x00, 0xff, 0x01, 0x00, 0x00, 0x00, 0x00, 0xf2, 0x01, 0x00
    , 0x00, 0x00, 0x00, 0xb1, 0x2e, 0x00, 0x00, 0x00, 0x00, 0xff, 0x01, 0x00
    , 0x00, 0x00, 0x00, 0xb0, 0x01, 0x00, 0x00, 0x00, 0x00, 0x17, 0x01, 0x00
    , 0x00, 0x00, 0x00, 0xb0, 0x01, 0x00, 0x00, 0x00, 0x00, 0xf5, 0x2a, 0x00
    , 0x00, 0x00, 0x00, 0xff, 0x01, 0x00, 0x00, 0x00, 0x00, 0xf5, 0x01, 0x00
    , 0x00, 0x00, 0x00, 0xb0, 0x01, 0x00, 0x00, 0x00, 0x00, 0x17, 0xf1, 0x00
    , 0x00, 0x00, 0x00, 0x00, 0x01, 0x00, 0x00, 0x00, 0x00, 0x5b, 0x01, 0x00
    , 0x00, 0x00, 0x00, 0xa0, 0x2a, 0x00, 0x00, 0x00, 0x00, 0xaa, 0x01, 0x00
    , 0x00, 0x00, 0x00, 0xa0, 0x01, 0x00, 0x00, 0x00, 0x00, 0x5b, 0x01, 0x00
    , 0x00, 0x00, 0x00, 0x00, 0x01, 0x00, 0x00, 0x00, 0x00, 0x7f, 0x2e, 0x00
    , 0x00, 0x00, 0x00, 0xff, 0x01, 0x00, 0x00, 0x00, 0x00, 0x7f, 0x01, 0x00
    , 0x00, 0x00, 0x00, 0xe8, 0x2e, 0x00, 0x00, 0x00, 0x00, 0xff, 0x02, 0x00
    , 0x00, 0x00, 0x00, 0xe8, 0x2e, 0x00, 0x00, 0x00, 0x00, 0xff, 0x01, 0x00
    , 0x00, 0x00, 0x00, 0xe8, 0x01, 0x00, 0x00, 0x00, 0x00, 0x7f, 0x2e, 0x00
    , 0x00, 0x00, 0x00, 0xff, 0x01, 0x00, 0x00, 0x00, 0x00, 0x7f, 0x01, 0x00
    , 0x00, 0x00, 0x00, 0x00, 0x01, 0x00, 0x00, 0x00, 0x00, 0x5b, 0x01, 0x00
    , 0x00, 0x00, 0x00, 0xa0, 0x2a, 0x00, 0x00, 0x00, 0x00, 0xaa, 0x01, 0x00
    , 0x00, 0x00, 0x00, 0xa0, 0x01, 0x00, 0x00, 0x00, 0x00, 0x5b, 0xf1, 0x00
    , 0x00, 0x00, 0x00, 0x00, 0x01, 0x00, 0x00, 0x00, 0x00, 0x17, 0x01, 0x00
    , 0x00, 0x00, 0x00, 0xb1, 0x01, 0x00, 0x00, 0x00, 0x00, 0xf5, 0x2a, 0x00
    , 0x00, 0x00, 0x00, 0xff, 0x01, 0x00, 0x00, 0x00, 0x00, 0xf5, 0x01, 0x00
    , 0x00, 0x00, 0x00, 0xb1, 0x01, 0x00, 0x00, 0x00, 0x00, 0x17, 0x01, 0x00
    , 0x00, 0x00, 0x00, 0xb1, 0x2e, 0x00, 0x00, 0x00, 0x00, 0xff, 0x01, 0x00
    , 0x00, 0x00, 0x00, 0xb0, 0x01, 0x00, 0x00, 0x00, 0x00, 0xf3, 0x2e, 0x00
    , 0x00, 0x00, 0x00, 0xff, 0x01, 0x00, 0x00, 0x00, 0x00, 0xf2, 0x01, 0x00
    , 0x00, 0x00, 0x00, 0xd3, 0x2e, 0x00, 0x00, 0x00, 0x00, 0xff, 0x01, 0x00
    , 0x00, 0x00, 0x00, 0xd3, 0x01, 0x00, 0x00, 0x00, 0x00, 0x42, 0x01, 0x00
    , 0x00, 0x00, 0x00, 0xf1, 0x2c, 0x00, 0x00, 0x00, 0x00, 0xff, 0x01, 0x00
    , 0x00, 0x00, 0x00, 0xf0, 0x01, 0x00, 0x00, 0x00, 0x00, 0x41, 0x01, 0x00
    , 0x00, 0x00, 0x00, 0x00, 0x01, 0x00, 0x00, 0x00, 0x00, 0x14, 0x01, 0x00
    , 0x00, 0x00, 0x00, 0x4a, 0x2a, 0x00, 0x00, 0x00, 0x00, 0x54, 0x01, 0x00
    , 0x00, 0x00, 0x00, 0x4a, 0x01, 0x00, 0x00, 0x00, 0x00, 0x14, 0xc2, 0x00
    , 0x00, 0x00, 0x00, 0x00, 0x01, 0x00, 0x00, 0x00, 0x00, 0x14, 0x01, 0x00
    , 0x00, 0x00, 0x00, 0x4a, 0x2a, 0x00, 0x00, 0x00, 0x00, 0x54, 0x01, 0x00
    , 0x00, 0x00, 0x00, 0x4a, 0x01, 0x00, 0x00, 0x00, 0x00, 0x14, 0x01, 0x00
    , 0x00, 0x00, 0x00, 0x00, 0x01, 0x00, 0x00, 0x00, 0x00, 0x42, 0x01, 0x00
    , 0x00, 0x00, 0x00, 0xf1, 0x2c, 0x00, 0x00, 0x00, 0x00, 0xff, 0x01, 0x00
    , 0x00, 0x00, 0x00, 0xf1, 0x01, 0x00, 0x00, 0x00, 0x00, 0x41, 0x01, 0x00
    , 0x00, 0x00, 0x00, 0xd3, 0x2e, 0x00, 0x00, 0x00, 0x00, 0xff, 0x01, 0x00
    , 0x00, 0x00, 0x00, 0xd3, 0x01, 0x00, 0x00, 0x00, 0x00, 0xf3, 0x2e, 0x00
    , 0x00, 0x00, 0x00, 0xff, 0x01, 0x00, 0x00, 0x00, 0x00, 0xf2, 0x01, 0x00
    , 0x00, 0x00, 0x00, 0xb1, 0x2e, 0x00, 0x00, 0x00, 0x00, 0xff, 0x01, 0x00
    , 0x00, 0x00, 0x00, 0xb0, 0x01, 0x00, 0x00, 0x00, 0x00, 0x17, 0x01, 0x00
    , 0x00, 0x00, 0x00, 0xb0, 0x01, 0x00, 0x00, 0x00, 0x00, 0xf5, 0x2a, 0x00
    , 0x00, 0x00, 0x00, 0xff, 0x01, 0x00, 0x00, 0x00, 0x00, 0xf5, 0x01, 0x00
    , 0x00, 0x00, 0x00, 0xb0, 0x01, 0x00, 0x00, 0x00, 0x00, 0x17
};

inline Upp::Image ICON_EDITOR_FORMAT_ALIGN_JUSTIFY_48()
{
    return Upp::UiMakeIcon(DATA_EDITOR_FORMAT_ALIGN_JUSTIFY_48);
}

// Category: editor | Type: Outlined | Icon: format_align_left | Size: 48x48 | Format: UiMakeIcon RLE
static const unsigned char DATA_EDITOR_FORMAT_ALIGN_LEFT_48[] = {
    0x30, 0x80, 0x30, 0x00, 0x01, 0x00, 0x00, 0x00, 0x00, 0x17, 0x01, 0x00
    , 0x00, 0x00, 0x00, 0xb1, 0x01, 0x00, 0x00, 0x00, 0x00, 0xf5, 0x2a, 0x00
    , 0x00, 0x00, 0x00, 0xff, 0x01, 0x00, 0x00, 0x00, 0x00, 0xf5, 0x01, 0x00
    , 0x00, 0x00, 0x00, 0xb1, 0x01, 0x00, 0x00, 0x00, 0x00, 0x17, 0x01, 0x00
    , 0x00, 0x00, 0x00, 0xb1, 0x2e, 0x00, 0x00, 0x00, 0x00, 0xff, 0x01, 0x00
    , 0x00, 0x00, 0x00, 0xb0, 0x01, 0x00, 0x00, 0x00, 0x00, 0xf3, 0x2e, 0x00
    , 0x00, 0x00, 0x00, 0xff, 0x01, 0x00, 0x00, 0x00, 0x00, 0xf2, 0x01, 0x00
    , 0x00, 0x00, 0x00, 0xd3, 0x2e, 0x00, 0x00, 0x00, 0x00, 0xff, 0x01, 0x00
    , 0x00, 0x00, 0x00, 0xd3, 0x01, 0x00, 0x00, 0x00, 0x00, 0x42, 0x01, 0x00
    , 0x00, 0x00, 0x00, 0xf1, 0x2c, 0x00, 0x00, 0x00, 0x00, 0xff, 0x01, 0x00
    , 0x00, 0x00, 0x00, 0xf0, 0x01, 0x00, 0x00, 0x00, 0x00, 0x41, 0x01, 0x00
    , 0x00, 0x00, 0x00, 0x00, 0x01, 0x00, 0x00, 0x00, 0x00, 0x14, 0x01, 0x00
    , 0x00, 0x00, 0x00, 0x4a, 0x2a, 0x00, 0x00, 0x00, 0x00, 0x54, 0x01, 0x00
    , 0x00, 0x00, 0x00, 0x4a, 0x01, 0x00, 0x00, 0x00, 0x00, 0x14, 0xc2, 0x00
    , 0x00, 0x00, 0x00, 0x00, 0x01, 0x00, 0x00, 0x00, 0x00, 0x14, 0x01, 0x00
    , 0x00, 0x00, 0x00, 0x4a, 0x1a, 0x00, 0x00, 0x00, 0x00, 0x54, 0x01, 0x00
    , 0x00, 0x00, 0x00, 0x4a, 0x01, 0x00, 0x00, 0x00, 0x00, 0x14, 0x11, 0x00
    , 0x00, 0x00, 0x00, 0x00, 0x01, 0x00, 0x00, 0x00, 0x00, 0x42, 0x01, 0x00
    , 0x00, 0x00, 0x00, 0xf1, 0x1c, 0x00, 0x00, 0x00, 0x00, 0xff, 0x01, 0x00
    , 0x00, 0x00, 0x00, 0xf1, 0x01, 0x00, 0x00, 0x00, 0x00, 0x41, 0x10, 0x00
    , 0x00, 0x00, 0x00, 0x00, 0x01, 0x00, 0x00, 0x00, 0x00, 0xd3, 0x1e, 0x00
    , 0x00, 0x00, 0x00, 0xff, 0x01, 0x00, 0x00, 0x00, 0x00, 0xd3, 0x10, 0x00
    , 0x00, 0x00, 0x00, 0x00, 0x01, 0x00, 0x00, 0x00, 0x00, 0xf3, 0x1e, 0x00
    , 0x00, 0x00, 0x00, 0xff, 0x01, 0x00, 0x00, 0x00, 0x00, 0xf2, 0x10, 0x00
    , 0x00, 0x00, 0x00, 0x00, 0x01, 0x00, 0x00, 0x00, 0x00, 0xb1, 0x1e, 0x00
    , 0x00, 0x00, 0x00, 0xff, 0x01, 0x00, 0x00, 0x00, 0x00, 0xb0, 0x10, 0x00
    , 0x00, 0x00, 0x00, 0x00, 0x01, 0x00, 0x00, 0x00, 0x00, 0x17, 0x01, 0x00
    , 0x00, 0x00, 0x00, 0xb0, 0x01, 0x00, 0x00, 0x00, 0x00, 0xf5, 0x1a, 0x00
    , 0x00, 0x00, 0x00, 0xff, 0x01, 0x00, 0x00, 0x00, 0x00, 0xf5, 0x01, 0x00
    , 0x00, 0x00, 0x00, 0xb0, 0x01, 0x00, 0x00, 0x00, 0x00, 0x17, 0x01, 0x01
    , 0x00, 0x00, 0x00, 0x00, 0x01, 0x00, 0x00, 0x00, 0x00, 0x5b, 0x01, 0x00
    , 0x00, 0x00, 0x00, 0xa0, 0x2a, 0x00, 0x00, 0x00, 0x00, 0xaa, 0x01, 0x00
    , 0x00, 0x00, 0x00, 0xa0, 0x01, 0x00, 0x00, 0x00, 0x00, 0x5b, 0x01, 0x00
    , 0x00, 0x00, 0x00, 0x00, 0x01, 0x00, 0x00, 0x00, 0x00, 0x7f, 0x2e, 0x00
    , 0x00, 0x00, 0x00, 0xff, 0x01, 0x00, 0x00, 0x00, 0x00, 0x7f, 0x01, 0x00
    , 0x00, 0x00, 0x00, 0xe8, 0x2e, 0x00, 0x00, 0x00, 0x00, 0xff, 0x02, 0x00
    , 0x00, 0x00, 0x00, 0xe8, 0x2e, 0x00, 0x00, 0x00, 0x00, 0xff, 0x01, 0x00
    , 0x00, 0x00, 0x00, 0xe8, 0x01, 0x00, 0x00, 0x00, 0x00, 0x7f, 0x2e, 0x00
    , 0x00, 0x00, 0x00, 0xff, 0x01, 0x00, 0x00, 0x00, 0x00, 0x7f, 0x01, 0x00
    , 0x00, 0x00, 0x00, 0x00, 0x01, 0x00, 0x00, 0x00, 0x00, 0x5b, 0x01, 0x00
    , 0x00, 0x00, 0x00, 0xa0, 0x2a, 0x00, 0x00, 0x00, 0x00, 0xaa, 0x01, 0x00
    , 0x00, 0x00, 0x00, 0xa0, 0x01, 0x00, 0x00, 0x00, 0x00, 0x5b, 0xf1, 0x00
    , 0x00, 0x00, 0x00, 0x00, 0x01, 0x00, 0x00, 0x00, 0x00, 0x17, 0x01, 0x00
    , 0x00, 0x00, 0x00, 0xb1, 0x01, 0x00, 0x00, 0x00, 0x00, 0xf5, 0x1a, 0x00
    , 0x00, 0x00, 0x00, 0xff, 0x01, 0x00, 0x00, 0x00, 0x00, 0xf5, 0x01, 0x00
    , 0x00, 0x00, 0x00, 0xb1, 0x01, 0x00, 0x00, 0x00, 0x00, 0x17, 0x10, 0x00
    , 0x00, 0x00, 0x00, 0x00, 0x01, 0x00, 0x00, 0x00, 0x00, 0xb1, 0x1e, 0x00
    , 0x00, 0x00, 0x00, 0xff, 0x01, 0x00, 0x00, 0x00, 0x00, 0xb0, 0x10, 0x00
    , 0x00, 0x00, 0x00, 0x00, 0x01, 0x00, 0x00, 0x00, 0x00, 0xf3, 0x1e, 0x00
    , 0x00, 0x00, 0x00, 0xff, 0x01, 0x00, 0x00, 0x00, 0x00, 0xf2, 0x10, 0x00
    , 0x00, 0x00, 0x00, 0x00, 0x01, 0x00, 0x00, 0x00, 0x00, 0xd3, 0x1e, 0x00
    , 0x00, 0x00, 0x00, 0xff, 0x01, 0x00, 0x00, 0x00, 0x00, 0xd3, 0x10, 0x00
    , 0x00, 0x00, 0x00, 0x00, 0x01, 0x00, 0x00, 0x00, 0x00, 0x42, 0x01, 0x00
    , 0x00, 0x00, 0x00, 0xf1, 0x1c, 0x00, 0x00, 0x00, 0x00, 0xff, 0x01, 0x00
    , 0x00, 0x00, 0x00, 0xf0, 0x01, 0x00, 0x00, 0x00, 0x00, 0x41, 0x11, 0x00
    , 0x00, 0x00, 0x00, 0x00, 0x01, 0x00, 0x00, 0x00, 0x00, 0x14, 0x01, 0x00
    , 0x00, 0x00, 0x00, 0x4a, 0x1a, 0x00, 0x00, 0x00, 0x00, 0x54, 0x01, 0x00
    , 0x00, 0x00, 0x00, 0x4a, 0x01, 0x00, 0x00, 0x00, 0x00, 0x14, 0xd2, 0x00
    , 0x00, 0x00, 0x00, 0x00, 0x01, 0x00, 0x00, 0x00, 0x00, 0x14, 0x01, 0x00
    , 0x00, 0x00, 0x00, 0x4a, 0x2a, 0x00, 0x00, 0x00, 0x00, 0x54, 0x01, 0x00
    , 0x00, 0x00, 0x00, 0x4a, 0x01, 0x00, 0x00, 0x00, 0x00, 0x14, 0x01, 0x00
    , 0x00, 0x00, 0x00, 0x00, 0x01, 0x00, 0x00, 0x00, 0x00, 0x42, 0x01, 0x00
    , 0x00, 0x00, 0x00, 0xf1, 0x2c, 0x00, 0x00, 0x00, 0x00, 0xff, 0x01, 0x00
    , 0x00, 0x00, 0x00, 0xf1, 0x01, 0x00, 0x00, 0x00, 0x00, 0x41, 0x01, 0x00
    , 0x00, 0x00, 0x00, 0xd3, 0x2e, 0x00, 0x00, 0x00, 0x00, 0xff, 0x01, 0x00
    , 0x00, 0x00, 0x00, 0xd3, 0x01, 0x00, 0x00, 0x00, 0x00, 0xf3, 0x2e, 0x00
    , 0x00, 0x00, 0x00, 0xff, 0x01, 0x00, 0x00, 0x00, 0x00, 0xf2, 0x01, 0x00
    , 0x00, 0x00, 0x00, 0xb1, 0x2e, 0x00, 0x00, 0x00, 0x00, 0xff, 0x01, 0x00
    , 0x00, 0x00, 0x00, 0xb0, 0x01, 0x00, 0x00, 0x00, 0x00, 0x17, 0x01, 0x00
    , 0x00, 0x00, 0x00, 0xb0, 0x01, 0x00, 0x00, 0x00, 0x00, 0xf5, 0x2a, 0x00
    , 0x00, 0x00, 0x00, 0xff, 0x01, 0x00, 0x00, 0x00, 0x00, 0xf5, 0x01, 0x00
    , 0x00, 0x00, 0x00, 0xb0, 0x01, 0x00, 0x00, 0x00, 0x00, 0x17
};

inline Upp::Image ICON_EDITOR_FORMAT_ALIGN_LEFT_48()
{
    return Upp::UiMakeIcon(DATA_EDITOR_FORMAT_ALIGN_LEFT_48);
}

// Category: editor | Type: Outlined | Icon: format_align_right | Size: 48x48 | Format: UiMakeIcon RLE
static const unsigned char DATA_EDITOR_FORMAT_ALIGN_RIGHT_48[] = {
    0x30, 0x80, 0x30, 0x00, 0x01, 0x00, 0x00, 0x00, 0x00, 0x17, 0x01, 0x00
    , 0x00, 0x00, 0x00, 0xb1, 0x01, 0x00, 0x00, 0x00, 0x00, 0xf5, 0x2a, 0x00
    , 0x00, 0x00, 0x00, 0xff, 0x01, 0x00, 0x00, 0x00, 0x00, 0xf5, 0x01, 0x00
    , 0x00, 0x00, 0x00, 0xb1, 0x01, 0x00, 0x00, 0x00, 0x00, 0x17, 0x01, 0x00
    , 0x00, 0x00, 0x00, 0xb1, 0x2e, 0x00, 0x00, 0x00, 0x00, 0xff, 0x01, 0x00
    , 0x00, 0x00, 0x00, 0xb0, 0x01, 0x00, 0x00, 0x00, 0x00, 0xf3, 0x2e, 0x00
    , 0x00, 0x00, 0x00, 0xff, 0x01, 0x00, 0x00, 0x00, 0x00, 0xf2, 0x01, 0x00
    , 0x00, 0x00, 0x00, 0xd3, 0x2e, 0x00, 0x00, 0x00, 0x00, 0xff, 0x01, 0x00
    , 0x00, 0x00, 0x00, 0xd3, 0x01, 0x00, 0x00, 0x00, 0x00, 0x42, 0x01, 0x00
    , 0x00, 0x00, 0x00, 0xf1, 0x2c, 0x00, 0x00, 0x00, 0x00, 0xff, 0x01, 0x00
    , 0x00, 0x00, 0x00, 0xf0, 0x01, 0x00, 0x00, 0x00, 0x00, 0x41, 0x01, 0x00
    , 0x00, 0x00, 0x00, 0x00, 0x01, 0x00, 0x00, 0x00, 0x00, 0x14, 0x01, 0x00
    , 0x00, 0x00, 0x00, 0x4a, 0x2a, 0x00, 0x00, 0x00, 0x00, 0x54, 0x01, 0x00
    , 0x00, 0x00, 0x00, 0x4a, 0x01, 0x00, 0x00, 0x00, 0x00, 0x14, 0xd2, 0x00
    , 0x00, 0x00, 0x00, 0x00, 0x01, 0x00, 0x00, 0x00, 0x00, 0x14, 0x01, 0x00
    , 0x00, 0x00, 0x00, 0x4a, 0x1a, 0x00, 0x00, 0x00, 0x00, 0x54, 0x01, 0x00
    , 0x00, 0x00, 0x00, 0x4a, 0x01, 0x00, 0x00, 0x00, 0x00, 0x14, 0x11, 0x00
    , 0x00, 0x00, 0x00, 0x00, 0x01, 0x00, 0x00, 0x00, 0x00, 0x42, 0x01, 0x00
    , 0x00, 0x00, 0x00, 0xf1, 0x1c, 0x00, 0x00, 0x00, 0x00, 0xff, 0x01, 0x00
    , 0x00, 0x00, 0x00, 0xf1, 0x01, 0x00, 0x00, 0x00, 0x00, 0x41, 0x10, 0x00
    , 0x00, 0x00, 0x00, 0x00, 0x01, 0x00, 0x00, 0x00, 0x00, 0xd3, 0x1e, 0x00
    , 0x00, 0x00, 0x00, 0xff, 0x01, 0x00, 0x00, 0x00, 0x00, 0xd3, 0x10, 0x00
    , 0x00, 0x00, 0x00, 0x00, 0x01, 0x00, 0x00, 0x00, 0x00, 0xf3, 0x1e, 0x00
    , 0x00, 0x00, 0x00, 0xff, 0x01, 0x00, 0x00, 0x00, 0x00, 0xf2, 0x10, 0x00
    , 0x00, 0x00, 0x00, 0x00, 0x01, 0x00, 0x00, 0x00, 0x00, 0xb1, 0x1e, 0x00
    , 0x00, 0x00, 0x00, 0xff, 0x01, 0x00, 0x00, 0x00, 0x00, 0xb0, 0x10, 0x00
    , 0x00, 0x00, 0x00, 0x00, 0x01, 0x00, 0x00, 0x00, 0x00, 0x17, 0x01, 0x00
    , 0x00, 0x00, 0x00, 0xb0, 0x01, 0x00, 0x00, 0x00, 0x00, 0xf5, 0x1a, 0x00
    , 0x00, 0x00, 0x00, 0xff, 0x01, 0x00, 0x00, 0x00, 0x00, 0xf5, 0x01, 0x00
    , 0x00, 0x00, 0x00, 0xb0, 0x01, 0x00, 0x00, 0x00, 0x00, 0x17, 0xf1, 0x00
    , 0x00, 0x00, 0x00, 0x00, 0x01, 0x00, 0x00, 0x00, 0x00, 0x5b, 0x01, 0x00
    , 0x00, 0x00, 0x00, 0xa0, 0x2a, 0x00, 0x00, 0x00, 0x00, 0xaa, 0x01, 0x00
    , 0x00, 0x00, 0x00, 0xa0, 0x01, 0x00, 0x00, 0x00, 0x00, 0x5b, 0x01, 0x00
    , 0x00, 0x00, 0x00, 0x00, 0x01, 0x00, 0x00, 0x00, 0x00, 0x7f, 0x2e, 0x00
    , 0x00, 0x00, 0x00, 0xff, 0x01, 0x00, 0x00, 0x00, 0x00, 0x7f, 0x01, 0x00
    , 0x00, 0x00, 0x00, 0xe8, 0x2e, 0x00, 0x00, 0x00, 0x00, 0xff, 0x02, 0x00
    , 0x00, 0x00, 0x00, 0xe8, 0x2e, 0x00, 0x00, 0x00, 0x00, 0xff, 0x01, 0x00
    , 0x00, 0x00, 0x00, 0xe8, 0x01, 0x00, 0x00, 0x00, 0x00, 0x7f, 0x2e, 0x00
    , 0x00, 0x00, 0x00, 0xff, 0x01, 0x00, 0x00, 0x00, 0x00, 0x7f, 0x01, 0x00
    , 0x00, 0x00, 0x00, 0x00, 0x01, 0x00, 0x00, 0x00, 0x00, 0x5b, 0x01, 0x00
    , 0x00, 0x00, 0x00, 0xa0, 0x2a, 0x00, 0x00, 0x00, 0x00, 0xaa, 0x01, 0x00
    , 0x00, 0x00, 0x00, 0xa0, 0x01, 0x00, 0x00, 0x00, 0x00, 0x5b, 0x01, 0x01
    , 0x00, 0x00, 0x00, 0x00, 0x01, 0x00, 0x00, 0x00, 0x00, 0x17, 0x01, 0x00
    , 0x00, 0x00, 0x00, 0xb1, 0x01, 0x00, 0x00, 0x00, 0x00, 0xf5, 0x1a, 0x00
    , 0x00, 0x00, 0x00, 0xff, 0x01, 0x00, 0x00, 0x00, 0x00, 0xf5, 0x01, 0x00
    , 0x00, 0x00, 0x00, 0xb1, 0x01, 0x00, 0x00, 0x00, 0x00, 0x17, 0x10, 0x00
    , 0x00, 0x00, 0x00, 0x00, 0x01, 0x00, 0x00, 0x00, 0x00, 0xb1, 0x1e, 0x00
    , 0x00, 0x00, 0x00, 0xff, 0x01, 0x00, 0x00, 0x00, 0x00, 0xb0, 0x10, 0x00
    , 0x00, 0x00, 0x00, 0x00, 0x01, 0x00, 0x00, 0x00, 0x00, 0xf3, 0x1e, 0x00
    , 0x00, 0x00, 0x00, 0xff, 0x01, 0x00, 0x00, 0x00, 0x00, 0xf2, 0x10, 0x00
    , 0x00, 0x00, 0x00, 0x00, 0x01, 0x00, 0x00, 0x00, 0x00, 0xd3, 0x1e, 0x00
    , 0x00, 0x00, 0x00, 0xff, 0x01, 0x00, 0x00, 0x00, 0x00, 0xd3, 0x10, 0x00
    , 0x00, 0x00, 0x00, 0x00, 0x01, 0x00, 0x00, 0x00, 0x00, 0x42, 0x01, 0x00
    , 0x00, 0x00, 0x00, 0xf1, 0x1c, 0x00, 0x00, 0x00, 0x00, 0xff, 0x01, 0x00
    , 0x00, 0x00, 0x00, 0xf0, 0x01, 0x00, 0x00, 0x00, 0x00, 0x41, 0x11, 0x00
    , 0x00, 0x00, 0x00, 0x00, 0x01, 0x00, 0x00, 0x00, 0x00, 0x14, 0x01, 0x00
    , 0x00, 0x00, 0x00, 0x4a, 0x1a, 0x00, 0x00, 0x00, 0x00, 0x54, 0x01, 0x00
    , 0x00, 0x00, 0x00, 0x4a, 0x01, 0x00, 0x00, 0x00, 0x00, 0x14, 0xc2, 0x00
    , 0x00, 0x00, 0x00, 0x00, 0x01, 0x00, 0x00, 0x00, 0x00, 0x14, 0x01, 0x00
    , 0x00, 0x00, 0x00, 0x4a, 0x2a, 0x00, 0x00, 0x00, 0x00, 0x54, 0x01, 0x00
    , 0x00, 0x00, 0x00, 0x4a, 0x01, 0x00, 0x00, 0x00, 0x00, 0x14, 0x01, 0x00
    , 0x00, 0x00, 0x00, 0x00, 0x01, 0x00, 0x00, 0x00, 0x00, 0x42, 0x01, 0x00
    , 0x00, 0x00, 0x00, 0xf1, 0x2c, 0x00, 0x00, 0x00, 0x00, 0xff, 0x01, 0x00
    , 0x00, 0x00, 0x00, 0xf1, 0x01, 0x00, 0x00, 0x00, 0x00, 0x41, 0x01, 0x00
    , 0x00, 0x00, 0x00, 0xd3, 0x2e, 0x00, 0x00, 0x00, 0x00, 0xff, 0x01, 0x00
    , 0x00, 0x00, 0x00, 0xd3, 0x01, 0x00, 0x00, 0x00, 0x00, 0xf3, 0x2e, 0x00
    , 0x00, 0x00, 0x00, 0xff, 0x01, 0x00, 0x00, 0x00, 0x00, 0xf2, 0x01, 0x00
    , 0x00, 0x00, 0x00, 0xb1, 0x2e, 0x00, 0x00, 0x00, 0x00, 0xff, 0x01, 0x00
    , 0x00, 0x00, 0x00, 0xb0, 0x01, 0x00, 0x00, 0x00, 0x00, 0x17, 0x01, 0x00
    , 0x00, 0x00, 0x00, 0xb0, 0x01, 0x00, 0x00, 0x00, 0x00, 0xf5, 0x2a, 0x00
    , 0x00, 0x00, 0x00, 0xff, 0x01, 0x00, 0x00, 0x00, 0x00, 0xf5, 0x01, 0x00
    , 0x00, 0x00, 0x00, 0xb0, 0x01, 0x00, 0x00, 0x00, 0x00, 0x17
};

inline Upp::Image ICON_EDITOR_FORMAT_ALIGN_RIGHT_48()
{
    return Upp::UiMakeIcon(DATA_EDITOR_FORMAT_ALIGN_RIGHT_48);
}

// Category: editor | Type: Outlined | Icon: format_bold | Size: 48x48 | Format: UiMakeIcon RLE
static const unsigned char DATA_EDITOR_FORMAT_BOLD_48[] = {
    0x30, 0x80, 0x30, 0x00, 0x09, 0x00, 0x00, 0x00, 0x00, 0x00, 0x01, 0x00
    , 0x00, 0x00, 0x00, 0x09, 0x01, 0x00, 0x00, 0x00, 0x00, 0x7a, 0x01, 0x00
    , 0x00, 0x00, 0x00, 0xb5, 0x01, 0x00, 0x00, 0x00, 0x00, 0xe6, 0x0c, 0x00
    , 0x00, 0x00, 0x00, 0xff, 0x01, 0x00, 0x00, 0x00, 0x00, 0xf8, 0x01, 0x00
    , 0x00, 0x00, 0x00, 0xe4, 0x01, 0x00, 0x00, 0x00, 0x00, 0xcf, 0x01, 0x00
    , 0x00, 0x00, 0x00, 0xa0, 0x01, 0x00, 0x00, 0x00, 0x00, 0x62, 0x01, 0x00
    , 0x00, 0x00, 0x00, 0x1e, 0x19, 0x00, 0x00, 0x00, 0x00, 0x00, 0x01, 0x00
    , 0x00, 0x00, 0x00, 0x37, 0x01, 0x00, 0x00, 0x00, 0x00, 0xd8, 0x14, 0x00
    , 0x00, 0x00, 0x00, 0xff, 0x01, 0x00, 0x00, 0x00, 0x00, 0xfe, 0x01, 0x00
    , 0x00, 0x00, 0x00, 0xb4, 0x01, 0x00, 0x00, 0x00, 0x00, 0x47, 0x16, 0x00
    , 0x00, 0x00, 0x00, 0x00, 0x01, 0x00, 0x00, 0x00, 0x00, 0x2c, 0x01, 0x00
    , 0x00, 0x00, 0x00, 0xf8, 0x18, 0x00, 0x00, 0x00, 0x00, 0xff, 0x01, 0x00
    , 0x00, 0x00, 0x00, 0xbf, 0x01, 0x00, 0x00, 0x00, 0x00, 0x27, 0x13, 0x00
    , 0x00, 0x00, 0x00, 0x00, 0x01, 0x00, 0x00, 0x00, 0x00, 0x05, 0x01, 0x00
    , 0x00, 0x00, 0x00, 0xce, 0x1a, 0x00, 0x00, 0x00, 0x00, 0xff, 0x01, 0x00
    , 0x00, 0x00, 0x00, 0xf9, 0x01, 0x00, 0x00, 0x00, 0x00, 0x74, 0x12, 0x00
    , 0x00, 0x00, 0x00, 0x00, 0x01, 0x00, 0x00, 0x00, 0x00, 0x5d, 0x1d, 0x00
    , 0x00, 0x00, 0x00, 0xff, 0x01, 0x00, 0x00, 0x00, 0x00, 0x91, 0x01, 0x00
    , 0x00, 0x00, 0x00, 0x01, 0x10, 0x00, 0x00, 0x00, 0x00, 0x00, 0x01, 0x00
    , 0x00, 0x00, 0x00, 0x91, 0x1e, 0x00, 0x00, 0x00, 0x00, 0xff, 0x01, 0x00
    , 0x00, 0x00, 0x00, 0x91, 0x10, 0x00, 0x00, 0x00, 0x00, 0x00, 0x01, 0x00
    , 0x00, 0x00, 0x00, 0xc2, 0x1e, 0x00, 0x00, 0x00, 0x00, 0xff, 0x01, 0x00
    , 0x00, 0x00, 0x00, 0xfe, 0x01, 0x00, 0x00, 0x00, 0x00, 0x42, 0x0f, 0x00
    , 0x00, 0x00, 0x00, 0x00, 0x01, 0x00, 0x00, 0x00, 0x00, 0xd3, 0x1f, 0x00
    , 0x00, 0x00, 0x00, 0xff, 0x01, 0x00, 0x00, 0x00, 0x00, 0xdf, 0x01, 0x00
    , 0x00, 0x00, 0x00, 0x03, 0x0e, 0x00, 0x00, 0x00, 0x00, 0x00, 0x01, 0x00
    , 0x00, 0x00, 0x00, 0xd3, 0x20, 0x00, 0x00, 0x00, 0x00, 0xff, 0x01, 0x00
    , 0x00, 0x00, 0x00, 0x46, 0x0e, 0x00, 0x00, 0x00, 0x00, 0x00, 0x01, 0x00
    , 0x00, 0x00, 0x00, 0xd3, 0x09, 0x00, 0x00, 0x00, 0x00, 0xff, 0x01, 0x00
    , 0x00, 0x00, 0x00, 0xc7, 0x07, 0x00, 0x00, 0x00, 0x00, 0x83, 0x01, 0x00
    , 0x00, 0x00, 0x00, 0x85, 0x01, 0x00, 0x00, 0x00, 0x00, 0xa3, 0x01, 0x00
    , 0x00, 0x00, 0x00, 0xcd, 0x0c, 0x00, 0x00, 0x00, 0x00, 0xff, 0x01, 0x00
    , 0x00, 0x00, 0x00, 0x9f, 0x0e, 0x00, 0x00, 0x00, 0x00, 0x00, 0x01, 0x00
    , 0x00, 0x00, 0x00, 0xd3, 0x09, 0x00, 0x00, 0x00, 0x00, 0xff, 0x01, 0x00
    , 0x00, 0x00, 0x00, 0x8a, 0x0a, 0x00, 0x00, 0x00, 0x00, 0x00, 0x01, 0x00
    , 0x00, 0x00, 0x00, 0x3f, 0x01, 0x00, 0x00, 0x00, 0x00, 0xd5, 0x0a, 0x00
    , 0x00, 0x00, 0x00, 0xff, 0x01, 0x00, 0x00, 0x00, 0x00, 0xdd, 0x0e, 0x00
    , 0x00, 0x00, 0x00, 0x00, 0x01, 0x00, 0x00, 0x00, 0x00, 0xd3, 0x09, 0x00
    , 0x00, 0x00, 0x00, 0xff, 0x01, 0x00, 0x00, 0x00, 0x00, 0x8a, 0x0b, 0x00
    , 0x00, 0x00, 0x00, 0x00, 0x01, 0x00, 0x00, 0x00, 0x00, 0x1b, 0x01, 0x00
    , 0x00, 0x00, 0x00, 0xeb, 0x09, 0x00, 0x00, 0x00, 0x00, 0xff, 0x01, 0x00
    , 0x00, 0x00, 0x00, 0xf6, 0x0e, 0x00, 0x00, 0x00, 0x00, 0x00, 0x01, 0x00
    , 0x00, 0x00, 0x00, 0xd3, 0x09, 0x00, 0x00, 0x00, 0x00, 0xff, 0x01, 0x00
    , 0x00, 0x00, 0x00, 0x8a, 0x0c, 0x00, 0x00, 0x00, 0x00, 0x00, 0x01, 0x00
    , 0x00, 0x00, 0x00, 0x6d, 0x0a, 0x00, 0x00, 0x00, 0x00, 0xff, 0x01, 0x00
    , 0x00, 0x00, 0x00, 0x11, 0x0d, 0x00, 0x00, 0x00, 0x00, 0x00, 0x01, 0x00
    , 0x00, 0x00, 0x00, 0xd3, 0x09, 0x00, 0x00, 0x00, 0x00, 0xff, 0x01, 0x00
    , 0x00, 0x00, 0x00, 0x8a, 0x0c, 0x00, 0x00, 0x00, 0x00, 0x00, 0x01, 0x00
    , 0x00, 0x00, 0x00, 0x36, 0x0a, 0x00, 0x00, 0x00, 0x00, 0xff, 0x01, 0x00
    , 0x00, 0x00, 0x00, 0x0b, 0x0d, 0x00, 0x00, 0x00, 0x00, 0x00, 0x01, 0x00
    , 0x00, 0x00, 0x00, 0xd3, 0x09, 0x00, 0x00, 0x00, 0x00, 0xff, 0x01, 0x00
    , 0x00, 0x00, 0x00, 0x8a, 0x0c, 0x00, 0x00, 0x00, 0x00, 0x00, 0x01, 0x00
    , 0x00, 0x00, 0x00, 0x28, 0x09, 0x00, 0x00, 0x00, 0x00, 0xff, 0x01, 0x00
    , 0x00, 0x00, 0x00, 0xe9, 0x0e, 0x00, 0x00, 0x00, 0x00, 0x00, 0x01, 0x00
    , 0x00, 0x00, 0x00, 0xd3, 0x09, 0x00, 0x00, 0x00, 0x00, 0xff, 0x01, 0x00
    , 0x00, 0x00, 0x00, 0x8a, 0x0c, 0x00, 0x00, 0x00, 0x00, 0x00, 0x01, 0x00
    , 0x00, 0x00, 0x00, 0x58, 0x09, 0x00, 0x00, 0x00, 0x00, 0xff, 0x01, 0x00
    , 0x00, 0x00, 0x00, 0xc8, 0x0e, 0x00, 0x00, 0x00, 0x00, 0x00, 0x01, 0x00
    , 0x00, 0x00, 0x00, 0xd3, 0x09, 0x00, 0x00, 0x00, 0x00, 0xff, 0x01, 0x00
    , 0x00, 0x00, 0x00, 0x8a, 0x0b, 0x00, 0x00, 0x00, 0x00, 0x00, 0x01, 0x00
    , 0x00, 0x00, 0x00, 0x03, 0x01, 0x00, 0x00, 0x00, 0x00, 0xcc, 0x09, 0x00
    , 0x00, 0x00, 0x00, 0xff, 0x01, 0x00, 0x00, 0x00, 0x00, 0xa7, 0x0e, 0x00
    , 0x00, 0x00, 0x00, 0x00, 0x01, 0x00, 0x00, 0x00, 0x00, 0xd3, 0x09, 0x00
    , 0x00, 0x00, 0x00, 0xff, 0x01, 0x00, 0x00, 0x00, 0x00, 0x8a, 0x0a, 0x00
    , 0x00, 0x00, 0x00, 0x00, 0x01, 0x00, 0x00, 0x00, 0x00, 0x07, 0x01, 0x00
    , 0x00, 0x00, 0x00, 0x92, 0x0a, 0x00, 0x00, 0x00, 0x00, 0xff, 0x01, 0x00
    , 0x00, 0x00, 0x00, 0x58, 0x0e, 0x00, 0x00, 0x00, 0x00, 0x00, 0x01, 0x00
    , 0x00, 0x00, 0x00, 0xd3, 0x09, 0x00, 0x00, 0x00, 0x00, 0xff, 0x01, 0x00
    , 0x00, 0x00, 0x00, 0x9b, 0x07, 0x00, 0x00, 0x00, 0x00, 0x24, 0x01, 0x00
    , 0x00, 0x00, 0x00, 0x29, 0x01, 0x00, 0x00, 0x00, 0x00, 0x4a, 0x01, 0x00
    , 0x00, 0x00, 0x00, 0x70, 0x01, 0x00, 0x00, 0x00, 0x00, 0xd6, 0x0a, 0x00
    , 0x00, 0x00, 0x00, 0xff, 0x01, 0x00, 0x00, 0x00, 0x00, 0xde, 0x01, 0x00
    , 0x00, 0x00, 0x00, 0x07, 0x0e, 0x00, 0x00, 0x00, 0x00, 0x00, 0x01, 0x00
    , 0x00, 0x00, 0x00, 0xd3, 0x1e, 0x00, 0x00, 0x00, 0x00, 0xff, 0x01, 0x00
    , 0x00, 0x00, 0x00, 0xfc, 0x01, 0x00, 0x00, 0x00, 0x00, 0x41, 0x0f, 0x00
    , 0x00, 0x00, 0x00, 0x00, 0x01, 0x00, 0x00, 0x00, 0x00, 0xd3, 0x1d, 0x00
    , 0x00, 0x00, 0x00, 0xff, 0x01, 0x00, 0x00, 0x00, 0x00, 0xfe, 0x01, 0x00
    , 0x00, 0x00, 0x00, 0x5e, 0x10, 0x00, 0x00, 0x00, 0x00, 0x00, 0x01, 0x00
    , 0x00, 0x00, 0x00, 0xd3, 0x1c, 0x00, 0x00, 0x00, 0x00, 0xff, 0x01, 0x00
    , 0x00, 0x00, 0x00, 0xfd, 0x01, 0x00, 0x00, 0x00, 0x00, 0x69, 0x11, 0x00
    , 0x00, 0x00, 0x00, 0x00, 0x01, 0x00, 0x00, 0x00, 0x00, 0xd3, 0x1b, 0x00
    , 0x00, 0x00, 0x00, 0xff, 0x01, 0x00, 0x00, 0x00, 0x00, 0xea, 0x01, 0x00
    , 0x00, 0x00, 0x00, 0x44, 0x12, 0x00, 0x00, 0x00, 0x00, 0x00, 0x01, 0x00
    , 0x00, 0x00, 0x00, 0xd3, 0x1b, 0x00, 0x00, 0x00, 0x00, 0xff, 0x01, 0x00
    , 0x00, 0x00, 0x00, 0xe2, 0x01, 0x00, 0x00, 0x00, 0x00, 0x52, 0x12, 0x00
    , 0x00, 0x00, 0x00, 0x00, 0x01, 0x00, 0x00, 0x00, 0x00, 0xd3, 0x1d, 0x00
    , 0x00, 0x00, 0x00, 0xff, 0x01, 0x00, 0x00, 0x00, 0x00, 0xb6, 0x01, 0x00
    , 0x00, 0x00, 0x00, 0x12, 0x10, 0x00, 0x00, 0x00, 0x00, 0x00, 0x01, 0x00
    , 0x00, 0x00, 0x00, 0xd3, 0x1e, 0x00, 0x00, 0x00, 0x00, 0xff, 0x01, 0x00
    , 0x00, 0x00, 0x00, 0xd8, 0x01, 0x00, 0x00, 0x00, 0x00, 0x22, 0x0f, 0x00
    , 0x00, 0x00, 0x00, 0x00, 0x01, 0x00, 0x00, 0x00, 0x00, 0xd3, 0x1f, 0x00
    , 0x00, 0x00, 0x00, 0xff, 0x01, 0x00, 0x00, 0x00, 0x00, 0xea, 0x01, 0x00
    , 0x00, 0x00, 0x00, 0x2f, 0x0e, 0x00, 0x00, 0x00, 0x00, 0x00, 0x01, 0x00
    , 0x00, 0x00, 0x00, 0xd3, 0x20, 0x00, 0x00, 0x00, 0x00, 0xff, 0x01, 0x00
    , 0x00, 0x00, 0x00, 0xdf, 0x01, 0x00, 0x00, 0x00, 0x00, 0x13, 0x0d, 0x00
    , 0x00, 0x00, 0x00, 0x00, 0x01, 0x00, 0x00, 0x00, 0x00, 0xd3, 0x09, 0x00
    , 0x00, 0x00, 0x00, 0xff, 0x01, 0x00, 0x00, 0x00, 0x00, 0x98, 0x08, 0x00
    , 0x00, 0x00, 0x00, 0x1c, 0x01, 0x00, 0x00, 0x00, 0x00, 0x22, 0x01, 0x00
    , 0x00, 0x00, 0x00, 0x32, 0x01, 0x00, 0x00, 0x00, 0x00, 0x55, 0x01, 0x00
    , 0x00, 0x00, 0x00, 0x9a, 0x01, 0x00, 0x00, 0x00, 0x00, 0xf8, 0x0a, 0x00
    , 0x00, 0x00, 0x00, 0xff, 0x01, 0x00, 0x00, 0x00, 0x00, 0x94, 0x0d, 0x00
    , 0x00, 0x00, 0x00, 0x00, 0x01, 0x00, 0x00, 0x00, 0x00, 0xd3, 0x09, 0x00
    , 0x00, 0x00, 0x00, 0xff, 0x01, 0x00, 0x00, 0x00, 0x00, 0x8a, 0x0c, 0x00
    , 0x00, 0x00, 0x00, 0x00, 0x01, 0x00, 0x00, 0x00, 0x00, 0x28, 0x01, 0x00
    , 0x00, 0x00, 0x00, 0xee, 0x09, 0x00, 0x00, 0x00, 0x00, 0xff, 0x01, 0x00
    , 0x00, 0x00, 0x00, 0xf6, 0x01, 0x00, 0x00, 0x00, 0x00, 0x13, 0x0c, 0x00
    , 0x00, 0x00, 0x00, 0x00, 0x01, 0x00, 0x00, 0x00, 0x00, 0xd3, 0x09, 0x00
    , 0x00, 0x00, 0x00, 0xff, 0x01, 0x00, 0x00, 0x00, 0x00, 0x8a, 0x0d, 0x00
    , 0x00, 0x00, 0x00, 0x00, 0x01, 0x00, 0x00, 0x00, 0x00, 0x74, 0x0a, 0x00
    , 0x00, 0x00, 0x00, 0xff, 0x01, 0x00, 0x00, 0x00, 0x00, 0x56, 0x0c, 0x00
    , 0x00, 0x00, 0x00, 0x00, 0x01, 0x00, 0x00, 0x00, 0x00, 0xd3, 0x09, 0x00
    , 0x00, 0x00, 0x00, 0xff, 0x01, 0x00, 0x00, 0x00, 0x00, 0x8a, 0x0d, 0x00
    , 0x00, 0x00, 0x00, 0x00, 0x01, 0x00, 0x00, 0x00, 0x00, 0x26, 0x0a, 0x00
    , 0x00, 0x00, 0x00, 0xff, 0x01, 0x00, 0x00, 0x00, 0x00, 0x92, 0x0c, 0x00
    , 0x00, 0x00, 0x00, 0x00, 0x01, 0x00, 0x00, 0x00, 0x00, 0xd3, 0x09, 0x00
    , 0x00, 0x00, 0x00, 0xff, 0x01, 0x00, 0x00, 0x00, 0x00, 0x8a, 0x0e, 0x00
    , 0x00, 0x00, 0x00, 0x00, 0x01, 0x00, 0x00, 0x00, 0x00, 0xda, 0x09, 0x00
    , 0x00, 0x00, 0x00, 0xff, 0x01, 0x00, 0x00, 0x00, 0x00, 0xb4, 0x0c, 0x00
    , 0x00, 0x00, 0x00, 0x00, 0x01, 0x00, 0x00, 0x00, 0x00, 0xd3, 0x09, 0x00
    , 0x00, 0x00, 0x00, 0xff, 0x01, 0x00, 0x00, 0x00, 0x00, 0x8a, 0x0e, 0x00
    , 0x00, 0x00, 0x00, 0x00, 0x01, 0x00, 0x00, 0x00, 0x00, 0xb8, 0x09, 0x00
    , 0x00, 0x00, 0x00, 0xff, 0x01, 0x00, 0x00, 0x00, 0x00, 0xc5, 0x0c, 0x00
    , 0x00, 0x00, 0x00, 0x00, 0x01, 0x00, 0x00, 0x00, 0x00, 0xd3, 0x09, 0x00
    , 0x00, 0x00, 0x00, 0xff, 0x01, 0x00, 0x00, 0x00, 0x00, 0x8a, 0x0d, 0x00
    , 0x00, 0x00, 0x00, 0x00, 0x01, 0x00, 0x00, 0x00, 0x00, 0x09, 0x01, 0x00
    , 0x00, 0x00, 0x00, 0xf6, 0x09, 0x00, 0x00, 0x00, 0x00, 0xff, 0x01, 0x00
    , 0x00, 0x00, 0x00, 0xcc, 0x0c, 0x00, 0x00, 0x00, 0x00, 0x00, 0x01, 0x00
    , 0x00, 0x00, 0x00, 0xd3, 0x09, 0x00, 0x00, 0x00, 0x00, 0xff, 0x01, 0x00
    , 0x00, 0x00, 0x00, 0x8a, 0x0d, 0x00, 0x00, 0x00, 0x00, 0x00, 0x01, 0x00
    , 0x00, 0x00, 0x00, 0x4a, 0x0a, 0x00, 0x00, 0x00, 0x00, 0xff, 0x01, 0x00
    , 0x00, 0x00, 0x00, 0xb4, 0x0c, 0x00, 0x00, 0x00, 0x00, 0x00, 0x01, 0x00
    , 0x00, 0x00, 0x00, 0xd3, 0x09, 0x00, 0x00, 0x00, 0x00, 0xff, 0x01, 0x00
    , 0x00, 0x00, 0x00, 0x8a, 0x0d, 0x00, 0x00, 0x00, 0x00, 0x00, 0x01, 0x00
    , 0x00, 0x00, 0x00, 0xb0, 0x0a, 0x00, 0x00, 0x00, 0x00, 0xff, 0x01, 0x00
    , 0x00, 0x00, 0x00, 0x9b, 0x0c, 0x00, 0x00, 0x00, 0x00, 0x00, 0x01, 0x00
    , 0x00, 0x00, 0x00, 0xd3, 0x09, 0x00, 0x00, 0x00, 0x00, 0xff, 0x01, 0x00
    , 0x00, 0x00, 0x00, 0x8a, 0x0b, 0x00, 0x00, 0x00, 0x00, 0x00, 0x01, 0x00
    , 0x00, 0x00, 0x00, 0x13, 0x01, 0x00, 0x00, 0x00, 0x00, 0x98, 0x0b, 0x00
    , 0x00, 0x00, 0x00, 0xff, 0x01, 0x00, 0x00, 0x00, 0x00, 0x81, 0x0c, 0x00
    , 0x00, 0x00, 0x00, 0x00, 0x01, 0x00, 0x00, 0x00, 0x00, 0xd3, 0x09, 0x00
    , 0x00, 0x00, 0x00, 0xff, 0x01, 0x00, 0x00, 0x00, 0x00, 0xd1, 0x08, 0x00
    , 0x00, 0x00, 0x00, 0x99, 0x01, 0x00, 0x00, 0x00, 0x00, 0x9c, 0x01, 0x00
    , 0x00, 0x00, 0x00, 0xac, 0x01, 0x00, 0x00, 0x00, 0x00, 0xca, 0x01, 0x00
    , 0x00, 0x00, 0x00, 0xfc, 0x0c, 0x00, 0x00, 0x00, 0x00, 0xff, 0x01, 0x00
    , 0x00, 0x00, 0x00, 0x3c, 0x0c, 0x00, 0x00, 0x00, 0x00, 0x00, 0x01, 0x00
    , 0x00, 0x00, 0x00, 0xd3, 0x21, 0x00, 0x00, 0x00, 0x00, 0xff, 0x01, 0x00
    , 0x00, 0x00, 0x00, 0xe0, 0x01, 0x00, 0x00, 0x00, 0x00, 0x01, 0x0c, 0x00
    , 0x00, 0x00, 0x00, 0x00, 0x01, 0x00, 0x00, 0x00, 0x00, 0xd3, 0x21, 0x00
    , 0x00, 0x00, 0x00, 0xff, 0x01, 0x00, 0x00, 0x00, 0x00, 0x85, 0x0d, 0x00
    , 0x00, 0x00, 0x00, 0x00, 0x01, 0x00, 0x00, 0x00, 0x00, 0xc2, 0x20, 0x00
    , 0x00, 0x00, 0x00, 0xff, 0x01, 0x00, 0x00, 0x00, 0x00, 0xda, 0x01, 0x00
    , 0x00, 0x00, 0x00, 0x0c, 0x0d, 0x00, 0x00, 0x00, 0x00, 0x00, 0x01, 0x00
    , 0x00, 0x00, 0x00, 0x91, 0x1f, 0x00, 0x00, 0x00, 0x00, 0xff, 0x01, 0x00
    , 0x00, 0x00, 0x00, 0xf9, 0x01, 0x00, 0x00, 0x00, 0x00, 0x31, 0x0e, 0x00
    , 0x00, 0x00, 0x00, 0x00, 0x01, 0x00, 0x00, 0x00, 0x00, 0x5d, 0x1e, 0x00
    , 0x00, 0x00, 0x00, 0xff, 0x01, 0x00, 0x00, 0x00, 0x00, 0xec, 0x01, 0x00
    , 0x00, 0x00, 0x00, 0x49, 0x0f, 0x00, 0x00, 0x00, 0x00, 0x00, 0x01, 0x00
    , 0x00, 0x00, 0x00, 0x05, 0x01, 0x00, 0x00, 0x00, 0x00, 0xcd, 0x1c, 0x00
    , 0x00, 0x00, 0x00, 0xff, 0x01, 0x00, 0x00, 0x00, 0x00, 0xc2, 0x01, 0x00
    , 0x00, 0x00, 0x00, 0x1c, 0x11, 0x00, 0x00, 0x00, 0x00, 0x00, 0x01, 0x00
    , 0x00, 0x00, 0x00, 0x2b, 0x01, 0x00, 0x00, 0x00, 0x00, 0xf8, 0x19, 0x00
    , 0x00, 0x00, 0x00, 0xff, 0x01, 0x00, 0x00, 0x00, 0x00, 0xce, 0x01, 0x00
    , 0x00, 0x00, 0x00, 0x52, 0x01, 0x00, 0x00, 0x00, 0x00, 0x01, 0x13, 0x00
    , 0x00, 0x00, 0x00, 0x00, 0x01, 0x00, 0x00, 0x00, 0x00, 0x36, 0x01, 0x00
    , 0x00, 0x00, 0x00, 0xd8, 0x15, 0x00, 0x00, 0x00, 0x00, 0xff, 0x01, 0x00
    , 0x00, 0x00, 0x00, 0xf5, 0x01, 0x00, 0x00, 0x00, 0x00, 0xa6, 0x01, 0x00
    , 0x00, 0x00, 0x00, 0x47, 0x17, 0x00, 0x00, 0x00, 0x00, 0x00, 0x01, 0x00
    , 0x00, 0x00, 0x00, 0x09, 0x01, 0x00, 0x00, 0x00, 0x00, 0x79, 0x01, 0x00
    , 0x00, 0x00, 0x00, 0xb4, 0x01, 0x00, 0x00, 0x00, 0x00, 0xe5, 0x0d, 0x00
    , 0x00, 0x00, 0x00, 0xff, 0x01, 0x00, 0x00, 0x00, 0x00, 0xf1, 0x01, 0x00
    , 0x00, 0x00, 0x00, 0xdd, 0x01, 0x00, 0x00, 0x00, 0x00, 0xc1, 0x01, 0x00
    , 0x00, 0x00, 0x00, 0x89, 0x01, 0x00, 0x00, 0x00, 0x00, 0x50, 0x01, 0x00
    , 0x00, 0x00, 0x00, 0x0c, 0x10, 0x00, 0x00, 0x00, 0x00, 0x00
};

inline Upp::Image ICON_EDITOR_FORMAT_BOLD_48()
{
    return Upp::UiMakeIcon(DATA_EDITOR_FORMAT_BOLD_48);
}

// Category: editor | Type: Outlined | Icon: format_h1 | Size: 48x48 | Format: UiMakeIcon RLE
static const unsigned char DATA_EDITOR_FORMAT_H1_48[] = {
    0x30, 0x80, 0x30, 0x00, 0x22, 0x01, 0x00, 0x00, 0x00, 0x00, 0x01, 0x00
    , 0x00, 0x00, 0x00, 0x02, 0x01, 0x00, 0x00, 0x00, 0x00, 0x19, 0x01, 0x00
    , 0x00, 0x00, 0x00, 0x01, 0x12, 0x00, 0x00, 0x00, 0x00, 0x00, 0x02, 0x00
    , 0x00, 0x00, 0x00, 0x0e, 0x0c, 0x00, 0x00, 0x00, 0x00, 0x00, 0x01, 0x00
    , 0x00, 0x00, 0x00, 0x18, 0x06, 0x00, 0x00, 0x00, 0x00, 0x24, 0x01, 0x00
    , 0x00, 0x00, 0x00, 0x20, 0x01, 0x00, 0x00, 0x00, 0x00, 0x02, 0x02, 0x00
    , 0x00, 0x00, 0x00, 0x00, 0x01, 0x00, 0x00, 0x00, 0x00, 0x02, 0x01, 0x00
    , 0x00, 0x00, 0x00, 0x80, 0x01, 0x00, 0x00, 0x00, 0x00, 0xf5, 0x01, 0x00
    , 0x00, 0x00, 0x00, 0xff, 0x01, 0x00, 0x00, 0x00, 0x00, 0xed, 0x01, 0x00
    , 0x00, 0x00, 0x00, 0x66, 0x0f, 0x00, 0x00, 0x00, 0x00, 0x00, 0x01, 0x00
    , 0x00, 0x00, 0x00, 0x24, 0x01, 0x00, 0x00, 0x00, 0x00, 0xc2, 0x02, 0x00
    , 0x00, 0x00, 0x00, 0xfe, 0x01, 0x00, 0x00, 0x00, 0x00, 0xc2, 0x01, 0x00
    , 0x00, 0x00, 0x00, 0x24, 0x08, 0x00, 0x00, 0x00, 0x00, 0x00, 0x01, 0x00
    , 0x00, 0x00, 0x00, 0x4c, 0x01, 0x00, 0x00, 0x00, 0x00, 0xe2, 0x08, 0x00
    , 0x00, 0x00, 0x00, 0xff, 0x01, 0x00, 0x00, 0x00, 0x00, 0xf5, 0x01, 0x00
    , 0x00, 0x00, 0x00, 0x80, 0x01, 0x00, 0x00, 0x00, 0x00, 0x02, 0x01, 0x00
    , 0x00, 0x00, 0x00, 0x74, 0x05, 0x00, 0x00, 0x00, 0x00, 0xff, 0x01, 0x00
    , 0x00, 0x00, 0x00, 0x4f, 0x0d, 0x00, 0x00, 0x00, 0x00, 0x00, 0x01, 0x00
    , 0x00, 0x00, 0x00, 0x09, 0x01, 0x00, 0x00, 0x00, 0x00, 0xd9, 0x04, 0x00
    , 0x00, 0x00, 0x00, 0xff, 0x01, 0x00, 0x00, 0x00, 0x00, 0xd8, 0x01, 0x00
    , 0x00, 0x00, 0x00, 0x09, 0x06, 0x00, 0x00, 0x00, 0x00, 0x00, 0x01, 0x00
    , 0x00, 0x00, 0x00, 0x30, 0x01, 0x00, 0x00, 0x00, 0x00, 0xfa, 0x0b, 0x00
    , 0x00, 0x00, 0x00, 0xff, 0x01, 0x00, 0x00, 0x00, 0x00, 0x74, 0x01, 0x00
    , 0x00, 0x00, 0x00, 0xdb, 0x05, 0x00, 0x00, 0x00, 0x00, 0xff, 0x01, 0x00
    , 0x00, 0x00, 0x00, 0xb5, 0x0d, 0x00, 0x00, 0x00, 0x00, 0x00, 0x01, 0x00
    , 0x00, 0x00, 0x00, 0x49, 0x06, 0x00, 0x00, 0x00, 0x00, 0xff, 0x01, 0x00
    , 0x00, 0x00, 0x00, 0x48, 0x06, 0x00, 0x00, 0x00, 0x00, 0x00, 0x01, 0x00
    , 0x00, 0x00, 0x00, 0x92, 0x0c, 0x00, 0x00, 0x00, 0x00, 0xff, 0x01, 0x00
    , 0x00, 0x00, 0x00, 0xda, 0x01, 0x00, 0x00, 0x00, 0x00, 0xfe, 0x05, 0x00
    , 0x00, 0x00, 0x00, 0xff, 0x01, 0x00, 0x00, 0x00, 0x00, 0xd9, 0x0d, 0x00
    , 0x00, 0x00, 0x00, 0x00, 0x01, 0x00, 0x00, 0x00, 0x00, 0x6c, 0x06, 0x00
    , 0x00, 0x00, 0x00, 0xff, 0x01, 0x00, 0x00, 0x00, 0x00, 0x6c, 0x06, 0x00
    , 0x00, 0x00, 0x00, 0x00, 0x01, 0x00, 0x00, 0x00, 0x00, 0xa9, 0x0c, 0x00
    , 0x00, 0x00, 0x00, 0xff, 0x01, 0x00, 0x00, 0x00, 0x00, 0xfe, 0x06, 0x00
    , 0x00, 0x00, 0x00, 0xff, 0x01, 0x00, 0x00, 0x00, 0x00, 0xda, 0x0d, 0x00
    , 0x00, 0x00, 0x00, 0x00, 0x01, 0x00, 0x00, 0x00, 0x00, 0x6d, 0x06, 0x00
    , 0x00, 0x00, 0x00, 0xff, 0x01, 0x00, 0x00, 0x00, 0x00, 0x6d, 0x06, 0x00
    , 0x00, 0x00, 0x00, 0x00, 0x01, 0x00, 0x00, 0x00, 0x00, 0x75, 0x13, 0x00
    , 0x00, 0x00, 0x00, 0xff, 0x01, 0x00, 0x00, 0x00, 0x00, 0xda, 0x0d, 0x00
    , 0x00, 0x00, 0x00, 0x00, 0x01, 0x00, 0x00, 0x00, 0x00, 0x6d, 0x06, 0x00
    , 0x00, 0x00, 0x00, 0xff, 0x01, 0x00, 0x00, 0x00, 0x00, 0x6d, 0x06, 0x00
    , 0x00, 0x00, 0x00, 0x00, 0x01, 0x00, 0x00, 0x00, 0x00, 0x09, 0x01, 0x00
    , 0x00, 0x00, 0x00, 0xd1, 0x12, 0x00, 0x00, 0x00, 0x00, 0xff, 0x01, 0x00
    , 0x00, 0x00, 0x00, 0xda, 0x0d, 0x00, 0x00, 0x00, 0x00, 0x00, 0x01, 0x00
    , 0x00, 0x00, 0x00, 0x6d, 0x06, 0x00, 0x00, 0x00, 0x00, 0xff, 0x01, 0x00
    , 0x00, 0x00, 0x00, 0x6d, 0x07, 0x00, 0x00, 0x00, 0x00, 0x00, 0x01, 0x00
    , 0x00, 0x00, 0x00, 0x09, 0x01, 0x00, 0x00, 0x00, 0x00, 0x75, 0x01, 0x00
    , 0x00, 0x00, 0x00, 0xaa, 0x03, 0x00, 0x00, 0x00, 0x00, 0xb6, 0x01, 0x00
    , 0x00, 0x00, 0x00, 0xf5, 0x0c, 0x00, 0x00, 0x00, 0x00, 0xff, 0x01, 0x00
    , 0x00, 0x00, 0x00, 0xda, 0x0d, 0x00, 0x00, 0x00, 0x00, 0x00, 0x01, 0x00
    , 0x00, 0x00, 0x00, 0x6d, 0x06, 0x00, 0x00, 0x00, 0x00, 0xff, 0x01, 0x00
    , 0x00, 0x00, 0x00, 0x6d, 0x0d, 0x00, 0x00, 0x00, 0x00, 0x00, 0x01, 0x00
    , 0x00, 0x00, 0x00, 0xda, 0x0c, 0x00, 0x00, 0x00, 0x00, 0xff, 0x01, 0x00
    , 0x00, 0x00, 0x00, 0xda, 0x0d, 0x00, 0x00, 0x00, 0x00, 0x00, 0x01, 0x00
    , 0x00, 0x00, 0x00, 0x6d, 0x06, 0x00, 0x00, 0x00, 0x00, 0xff, 0x01, 0x00
    , 0x00, 0x00, 0x00, 0x6d, 0x0d, 0x00, 0x00, 0x00, 0x00, 0x00, 0x01, 0x00
    , 0x00, 0x00, 0x00, 0xda, 0x0c, 0x00, 0x00, 0x00, 0x00, 0xff, 0x01, 0x00
    , 0x00, 0x00, 0x00, 0xda, 0x0d, 0x00, 0x00, 0x00, 0x00, 0x00, 0x01, 0x00
    , 0x00, 0x00, 0x00, 0x6d, 0x06, 0x00, 0x00, 0x00, 0x00, 0xff, 0x01, 0x00
    , 0x00, 0x00, 0x00, 0x6d, 0x0d, 0x00, 0x00, 0x00, 0x00, 0x00, 0x01, 0x00
    , 0x00, 0x00, 0x00, 0xda, 0x0c, 0x00, 0x00, 0x00, 0x00, 0xff, 0x01, 0x00
    , 0x00, 0x00, 0x00, 0xda, 0x0d, 0x00, 0x00, 0x00, 0x00, 0x00, 0x01, 0x00
    , 0x00, 0x00, 0x00, 0x6d, 0x06, 0x00, 0x00, 0x00, 0x00, 0xff, 0x01, 0x00
    , 0x00, 0x00, 0x00, 0x6d, 0x0d, 0x00, 0x00, 0x00, 0x00, 0x00, 0x01, 0x00
    , 0x00, 0x00, 0x00, 0xda, 0x0c, 0x00, 0x00, 0x00, 0x00, 0xff, 0x01, 0x00
    , 0x00, 0x00, 0x00, 0xda, 0x0d, 0x00, 0x00, 0x00, 0x00, 0x00, 0x01, 0x00
    , 0x00, 0x00, 0x00, 0x6d, 0x06, 0x00, 0x00, 0x00, 0x00, 0xff, 0x01, 0x00
    , 0x00, 0x00, 0x00, 0x6d, 0x0d, 0x00, 0x00, 0x00, 0x00, 0x00, 0x01, 0x00
    , 0x00, 0x00, 0x00, 0xda, 0x0c, 0x00, 0x00, 0x00, 0x00, 0xff, 0x01, 0x00
    , 0x00, 0x00, 0x00, 0xda, 0x0d, 0x00, 0x00, 0x00, 0x00, 0x00, 0x01, 0x00
    , 0x00, 0x00, 0x00, 0x6d, 0x06, 0x00, 0x00, 0x00, 0x00, 0xff, 0x01, 0x00
    , 0x00, 0x00, 0x00, 0x6d, 0x0d, 0x00, 0x00, 0x00, 0x00, 0x00, 0x01, 0x00
    , 0x00, 0x00, 0x00, 0xda, 0x0c, 0x00, 0x00, 0x00, 0x00, 0xff, 0x01, 0x00
    , 0x00, 0x00, 0x00, 0xea, 0x0d, 0x00, 0x00, 0x00, 0x00, 0x6d, 0x01, 0x00
    , 0x00, 0x00, 0x00, 0xac, 0x06, 0x00, 0x00, 0x00, 0x00, 0xff, 0x01, 0x00
    , 0x00, 0x00, 0x00, 0x6d, 0x0d, 0x00, 0x00, 0x00, 0x00, 0x00, 0x01, 0x00
    , 0x00, 0x00, 0x00, 0xda, 0x21, 0x00, 0x00, 0x00, 0x00, 0xff, 0x01, 0x00
    , 0x00, 0x00, 0x00, 0x6d, 0x0d, 0x00, 0x00, 0x00, 0x00, 0x00, 0x01, 0x00
    , 0x00, 0x00, 0x00, 0xda, 0x21, 0x00, 0x00, 0x00, 0x00, 0xff, 0x01, 0x00
    , 0x00, 0x00, 0x00, 0x6d, 0x0d, 0x00, 0x00, 0x00, 0x00, 0x00, 0x01, 0x00
    , 0x00, 0x00, 0x00, 0xda, 0x21, 0x00, 0x00, 0x00, 0x00, 0xff, 0x01, 0x00
    , 0x00, 0x00, 0x00, 0x6d, 0x0d, 0x00, 0x00, 0x00, 0x00, 0x00, 0x01, 0x00
    , 0x00, 0x00, 0x00, 0xda, 0x21, 0x00, 0x00, 0x00, 0x00, 0xff, 0x01, 0x00
    , 0x00, 0x00, 0x00, 0x6d, 0x0d, 0x00, 0x00, 0x00, 0x00, 0x00, 0x01, 0x00
    , 0x00, 0x00, 0x00, 0xda, 0x21, 0x00, 0x00, 0x00, 0x00, 0xff, 0x01, 0x00
    , 0x00, 0x00, 0x00, 0x6d, 0x0d, 0x00, 0x00, 0x00, 0x00, 0x00, 0x01, 0x00
    , 0x00, 0x00, 0x00, 0xda, 0x21, 0x00, 0x00, 0x00, 0x00, 0xff, 0x01, 0x00
    , 0x00, 0x00, 0x00, 0x6d, 0x0d, 0x00, 0x00, 0x00, 0x00, 0x00, 0x01, 0x00
    , 0x00, 0x00, 0x00, 0xda, 0x0c, 0x00, 0x00, 0x00, 0x00, 0xff, 0x01, 0x00
    , 0x00, 0x00, 0x00, 0xea, 0x0d, 0x00, 0x00, 0x00, 0x00, 0x6d, 0x01, 0x00
    , 0x00, 0x00, 0x00, 0xac, 0x06, 0x00, 0x00, 0x00, 0x00, 0xff, 0x01, 0x00
    , 0x00, 0x00, 0x00, 0x6d, 0x0d, 0x00, 0x00, 0x00, 0x00, 0x00, 0x01, 0x00
    , 0x00, 0x00, 0x00, 0xda, 0x0c, 0x00, 0x00, 0x00, 0x00, 0xff, 0x01, 0x00
    , 0x00, 0x00, 0x00, 0xda, 0x0d, 0x00, 0x00, 0x00, 0x00, 0x00, 0x01, 0x00
    , 0x00, 0x00, 0x00, 0x6d, 0x06, 0x00, 0x00, 0x00, 0x00, 0xff, 0x01, 0x00
    , 0x00, 0x00, 0x00, 0x6d, 0x0d, 0x00, 0x00, 0x00, 0x00, 0x00, 0x01, 0x00
    , 0x00, 0x00, 0x00, 0xda, 0x0c, 0x00, 0x00, 0x00, 0x00, 0xff, 0x01, 0x00
    , 0x00, 0x00, 0x00, 0xda, 0x0d, 0x00, 0x00, 0x00, 0x00, 0x00, 0x01, 0x00
    , 0x00, 0x00, 0x00, 0x6d, 0x06, 0x00, 0x00, 0x00, 0x00, 0xff, 0x01, 0x00
    , 0x00, 0x00, 0x00, 0x6d, 0x0d, 0x00, 0x00, 0x00, 0x00, 0x00, 0x01, 0x00
    , 0x00, 0x00, 0x00, 0xda, 0x0c, 0x00, 0x00, 0x00, 0x00, 0xff, 0x01, 0x00
    , 0x00, 0x00, 0x00, 0xda, 0x0d, 0x00, 0x00, 0x00, 0x00, 0x00, 0x01, 0x00
    , 0x00, 0x00, 0x00, 0x6d, 0x06, 0x00, 0x00, 0x00, 0x00, 0xff, 0x01, 0x00
    , 0x00, 0x00, 0x00, 0x6d, 0x0d, 0x00, 0x00, 0x00, 0x00, 0x00, 0x01, 0x00
    , 0x00, 0x00, 0x00, 0xda, 0x0c, 0x00, 0x00, 0x00, 0x00, 0xff, 0x01, 0x00
    , 0x00, 0x00, 0x00, 0xda, 0x0d, 0x00, 0x00, 0x00, 0x00, 0x00, 0x01, 0x00
    , 0x00, 0x00, 0x00, 0x6d, 0x06, 0x00, 0x00, 0x00, 0x00, 0xff, 0x01, 0x00
    , 0x00, 0x00, 0x00, 0x6d, 0x0d, 0x00, 0x00, 0x00, 0x00, 0x00, 0x01, 0x00
    , 0x00, 0x00, 0x00, 0xda, 0x0c, 0x00, 0x00, 0x00, 0x00, 0xff, 0x01, 0x00
    , 0x00, 0x00, 0x00, 0xda, 0x0d, 0x00, 0x00, 0x00, 0x00, 0x00, 0x01, 0x00
    , 0x00, 0x00, 0x00, 0x6d, 0x06, 0x00, 0x00, 0x00, 0x00, 0xff, 0x01, 0x00
    , 0x00, 0x00, 0x00, 0x6d, 0x0d, 0x00, 0x00, 0x00, 0x00, 0x00, 0x01, 0x00
    , 0x00, 0x00, 0x00, 0xda, 0x0c, 0x00, 0x00, 0x00, 0x00, 0xff, 0x01, 0x00
    , 0x00, 0x00, 0x00, 0xda, 0x0d, 0x00, 0x00, 0x00, 0x00, 0x00, 0x01, 0x00
    , 0x00, 0x00, 0x00, 0x6d, 0x06, 0x00, 0x00, 0x00, 0x00, 0xff, 0x01, 0x00
    , 0x00, 0x00, 0x00, 0x6d, 0x0d, 0x00, 0x00, 0x00, 0x00, 0x00, 0x01, 0x00
    , 0x00, 0x00, 0x00, 0xda, 0x0c, 0x00, 0x00, 0x00, 0x00, 0xff, 0x01, 0x00
    , 0x00, 0x00, 0x00, 0xda, 0x0d, 0x00, 0x00, 0x00, 0x00, 0x00, 0x01, 0x00
    , 0x00, 0x00, 0x00, 0x6d, 0x06, 0x00, 0x00, 0x00, 0x00, 0xff, 0x01, 0x00
    , 0x00, 0x00, 0x00, 0x6d, 0x0d, 0x00, 0x00, 0x00, 0x00, 0x00, 0x01, 0x00
    , 0x00, 0x00, 0x00, 0xda, 0x0c, 0x00, 0x00, 0x00, 0x00, 0xff, 0x01, 0x00
    , 0x00, 0x00, 0x00, 0xda, 0x0d, 0x00, 0x00, 0x00, 0x00, 0x00, 0x01, 0x00
    , 0x00, 0x00, 0x00, 0x6d, 0x06, 0x00, 0x00, 0x00, 0x00, 0xff, 0x01, 0x00
    , 0x00, 0x00, 0x00, 0x6d, 0x0d, 0x00, 0x00, 0x00, 0x00, 0x00, 0x01, 0x00
    , 0x00, 0x00, 0x00, 0xda, 0x0c, 0x00, 0x00, 0x00, 0x00, 0xff, 0x01, 0x00
    , 0x00, 0x00, 0x00, 0xda, 0x0d, 0x00, 0x00, 0x00, 0x00, 0x00, 0x01, 0x00
    , 0x00, 0x00, 0x00, 0x6d, 0x06, 0x00, 0x00, 0x00, 0x00, 0xff, 0x01, 0x00
    , 0x00, 0x00, 0x00, 0x6d, 0x0d, 0x00, 0x00, 0x00, 0x00, 0x00, 0x01, 0x00
    , 0x00, 0x00, 0x00, 0xda, 0x06, 0x00, 0x00, 0x00, 0x00, 0xff, 0x01, 0x00
    , 0x00, 0x00, 0x00, 0xfe, 0x05, 0x00, 0x00, 0x00, 0x00, 0xff, 0x01, 0x00
    , 0x00, 0x00, 0x00, 0xd9, 0x0d, 0x00, 0x00, 0x00, 0x00, 0x00, 0x01, 0x00
    , 0x00, 0x00, 0x00, 0x6c, 0x06, 0x00, 0x00, 0x00, 0x00, 0xff, 0x01, 0x00
    , 0x00, 0x00, 0x00, 0x6c, 0x0d, 0x00, 0x00, 0x00, 0x00, 0x00, 0x01, 0x00
    , 0x00, 0x00, 0x00, 0xd9, 0x05, 0x00, 0x00, 0x00, 0x00, 0xff, 0x01, 0x00
    , 0x00, 0x00, 0x00, 0xfe, 0x01, 0x00, 0x00, 0x00, 0x00, 0xdb, 0x05, 0x00
    , 0x00, 0x00, 0x00, 0xff, 0x01, 0x00, 0x00, 0x00, 0x00, 0xb5, 0x0d, 0x00
    , 0x00, 0x00, 0x00, 0x00, 0x01, 0x00, 0x00, 0x00, 0x00, 0x49, 0x06, 0x00
    , 0x00, 0x00, 0x00, 0xff, 0x01, 0x00, 0x00, 0x00, 0x00, 0x48, 0x0d, 0x00
    , 0x00, 0x00, 0x00, 0x00, 0x01, 0x00, 0x00, 0x00, 0x00, 0xb6, 0x05, 0x00
    , 0x00, 0x00, 0x00, 0xff, 0x01, 0x00, 0x00, 0x00, 0x00, 0xda, 0x01, 0x00
    , 0x00, 0x00, 0x00, 0x74, 0x05, 0x00, 0x00, 0x00, 0x00, 0xff, 0x01, 0x00
    , 0x00, 0x00, 0x00, 0x4e, 0x0d, 0x00, 0x00, 0x00, 0x00, 0x00, 0x01, 0x00
    , 0x00, 0x00, 0x00, 0x08, 0x01, 0x00, 0x00, 0x00, 0x00, 0xd8, 0x04, 0x00
    , 0x00, 0x00, 0x00, 0xff, 0x01, 0x00, 0x00, 0x00, 0x00, 0xd8, 0x01, 0x00
    , 0x00, 0x00, 0x00, 0x08, 0x0d, 0x00, 0x00, 0x00, 0x00, 0x00, 0x01, 0x00
    , 0x00, 0x00, 0x00, 0x4f, 0x05, 0x00, 0x00, 0x00, 0x00, 0xff, 0x01, 0x00
    , 0x00, 0x00, 0x00, 0x74, 0x01, 0x00, 0x00, 0x00, 0x00, 0x02, 0x01, 0x00
    , 0x00, 0x00, 0x00, 0x7f, 0x01, 0x00, 0x00, 0x00, 0x00, 0xf5, 0x01, 0x00
    , 0x00, 0x00, 0x00, 0xff, 0x01, 0x00, 0x00, 0x00, 0x00, 0xed, 0x01, 0x00
    , 0x00, 0x00, 0x00, 0x65, 0x0f, 0x00, 0x00, 0x00, 0x00, 0x00, 0x01, 0x00
    , 0x00, 0x00, 0x00, 0x24, 0x01, 0x00, 0x00, 0x00, 0x00, 0xc2, 0x02, 0x00
    , 0x00, 0x00, 0x00, 0xfe, 0x01, 0x00, 0x00, 0x00, 0x00, 0xc2, 0x01, 0x00
    , 0x00, 0x00, 0x00, 0x24, 0x0f, 0x00, 0x00, 0x00, 0x00, 0x00, 0x01, 0x00
    , 0x00, 0x00, 0x00, 0x65, 0x01, 0x00, 0x00, 0x00, 0x00, 0xed, 0x01, 0x00
    , 0x00, 0x00, 0x00, 0xff, 0x01, 0x00, 0x00, 0x00, 0x00, 0xf5, 0x01, 0x00
    , 0x00, 0x00, 0x00, 0x7f, 0x01, 0x00, 0x00, 0x00, 0x00, 0x02, 0x02, 0x00
    , 0x00, 0x00, 0x00, 0x00, 0x01, 0x00, 0x00, 0x00, 0x00, 0x02, 0x01, 0x00
    , 0x00, 0x00, 0x00, 0x18, 0x13, 0x00, 0x00, 0x00, 0x00, 0x00, 0x02, 0x00
    , 0x00, 0x00, 0x00, 0x0e, 0x13, 0x00, 0x00, 0x00, 0x00, 0x00, 0x01, 0x00
    , 0x00, 0x00, 0x00, 0x18, 0x01, 0x00, 0x00, 0x00, 0x00, 0x02, 0x22, 0x01
    , 0x00, 0x00, 0x00, 0x00
};

inline Upp::Image ICON_EDITOR_FORMAT_H1_48()
{
    return Upp::UiMakeIcon(DATA_EDITOR_FORMAT_H1_48);
}

// Category: editor | Type: Outlined | Icon: format_h2 | Size: 48x48 | Format: UiMakeIcon RLE
static const unsigned char DATA_EDITOR_FORMAT_H2_48[] = {
    0x30, 0x80, 0x30, 0x00, 0xe1, 0x01, 0x00, 0x00, 0x00, 0x00, 0x01, 0x00
    , 0x00, 0x00, 0x00, 0x14, 0x01, 0x00, 0x00, 0x00, 0x00, 0x48, 0x01, 0x00
    , 0x00, 0x00, 0x00, 0x29, 0x0d, 0x00, 0x00, 0x00, 0x00, 0x00, 0x01, 0x00
    , 0x00, 0x00, 0x00, 0x14, 0x01, 0x00, 0x00, 0x00, 0x00, 0x48, 0x01, 0x00
    , 0x00, 0x00, 0x00, 0x29, 0x08, 0x00, 0x00, 0x00, 0x00, 0x00, 0x01, 0x00
    , 0x00, 0x00, 0x00, 0x29, 0x01, 0x00, 0x00, 0x00, 0x00, 0x52, 0x0c, 0x00
    , 0x00, 0x00, 0x00, 0x54, 0x01, 0x00, 0x00, 0x00, 0x00, 0x52, 0x01, 0x00
    , 0x00, 0x00, 0x00, 0x2c, 0x01, 0x00, 0x00, 0x00, 0x00, 0x03, 0x03, 0x00
    , 0x00, 0x00, 0x00, 0x00, 0x01, 0x00, 0x00, 0x00, 0x00, 0x42, 0x01, 0x00
    , 0x00, 0x00, 0x00, 0xf1, 0x02, 0x00, 0x00, 0x00, 0x00, 0xff, 0x01, 0x00
    , 0x00, 0x00, 0x00, 0x88, 0x0b, 0x00, 0x00, 0x00, 0x00, 0x00, 0x01, 0x00
    , 0x00, 0x00, 0x00, 0x42, 0x01, 0x00, 0x00, 0x00, 0x00, 0xf1, 0x02, 0x00
    , 0x00, 0x00, 0x00, 0xff, 0x01, 0x00, 0x00, 0x00, 0x00, 0x88, 0x06, 0x00
    , 0x00, 0x00, 0x00, 0x00, 0x01, 0x00, 0x00, 0x00, 0x00, 0x89, 0x10, 0x00
    , 0x00, 0x00, 0x00, 0xff, 0x01, 0x00, 0x00, 0x00, 0x00, 0xf1, 0x01, 0x00
    , 0x00, 0x00, 0x00, 0x66, 0x02, 0x00, 0x00, 0x00, 0x00, 0x00, 0x01, 0x00
    , 0x00, 0x00, 0x00, 0xd3, 0x04, 0x00, 0x00, 0x00, 0x00, 0xff, 0x01, 0x00
    , 0x00, 0x00, 0x00, 0x28, 0x0a, 0x00, 0x00, 0x00, 0x00, 0x00, 0x01, 0x00
    , 0x00, 0x00, 0x00, 0xd3, 0x04, 0x00, 0x00, 0x00, 0x00, 0xff, 0x01, 0x00
    , 0x00, 0x00, 0x00, 0x28, 0x04, 0x00, 0x00, 0x00, 0x00, 0x00, 0x01, 0x00
    , 0x00, 0x00, 0x00, 0x29, 0x13, 0x00, 0x00, 0x00, 0x00, 0xff, 0x01, 0x00
    , 0x00, 0x00, 0x00, 0x97, 0x01, 0x00, 0x00, 0x00, 0x00, 0x00, 0x01, 0x00
    , 0x00, 0x00, 0x00, 0xfd, 0x04, 0x00, 0x00, 0x00, 0x00, 0xff, 0x01, 0x00
    , 0x00, 0x00, 0x00, 0x52, 0x0a, 0x00, 0x00, 0x00, 0x00, 0x00, 0x01, 0x00
    , 0x00, 0x00, 0x00, 0xfd, 0x04, 0x00, 0x00, 0x00, 0x00, 0xff, 0x01, 0x00
    , 0x00, 0x00, 0x00, 0x52, 0x04, 0x00, 0x00, 0x00, 0x00, 0x00, 0x01, 0x00
    , 0x00, 0x00, 0x00, 0x48, 0x14, 0x00, 0x00, 0x00, 0x00, 0xff, 0x01, 0x00
    , 0x00, 0x00, 0x00, 0x4c, 0x05, 0x00, 0x00, 0x00, 0x00, 0xff, 0x01, 0x00
    , 0x00, 0x00, 0x00, 0x54, 0x0a, 0x00, 0x00, 0x00, 0x00, 0x00, 0x05, 0x00
    , 0x00, 0x00, 0x00, 0xff, 0x01, 0x00, 0x00, 0x00, 0x00, 0x54, 0x04, 0x00
    , 0x00, 0x00, 0x00, 0x00, 0x01, 0x00, 0x00, 0x00, 0x00, 0x14, 0x01, 0x00
    , 0x00, 0x00, 0x00, 0xf1, 0x13, 0x00, 0x00, 0x00, 0x00, 0xff, 0x01, 0x00
    , 0x00, 0x00, 0x00, 0xb6, 0x05, 0x00, 0x00, 0x00, 0x00, 0xff, 0x01, 0x00
    , 0x00, 0x00, 0x00, 0x54, 0x0a, 0x00, 0x00, 0x00, 0x00, 0x00, 0x05, 0x00
    , 0x00, 0x00, 0x00, 0xff, 0x01, 0x00, 0x00, 0x00, 0x00, 0x54, 0x05, 0x00
    , 0x00, 0x00, 0x00, 0x00, 0x01, 0x00, 0x00, 0x00, 0x00, 0x41, 0x01, 0x00
    , 0x00, 0x00, 0x00, 0xd3, 0x01, 0x00, 0x00, 0x00, 0x00, 0xfd, 0x11, 0x00
    , 0x00, 0x00, 0x00, 0xff, 0x01, 0x00, 0x00, 0x00, 0x00, 0xe7, 0x05, 0x00
    , 0x00, 0x00, 0x00, 0xff, 0x01, 0x00, 0x00, 0x00, 0x00, 0x54, 0x0a, 0x00
    , 0x00, 0x00, 0x00, 0x00, 0x05, 0x00, 0x00, 0x00, 0x00, 0xff, 0x01, 0x00
    , 0x00, 0x00, 0x00, 0x54, 0x14, 0x00, 0x00, 0x00, 0x00, 0x00, 0x01, 0x00
    , 0x00, 0x00, 0x00, 0x54, 0x0a, 0x00, 0x00, 0x00, 0x00, 0xff, 0x01, 0x00
    , 0x00, 0x00, 0x00, 0x54, 0x0a, 0x00, 0x00, 0x00, 0x00, 0x00, 0x05, 0x00
    , 0x00, 0x00, 0x00, 0xff, 0x01, 0x00, 0x00, 0x00, 0x00, 0x54, 0x14, 0x00
    , 0x00, 0x00, 0x00, 0x00, 0x01, 0x00, 0x00, 0x00, 0x00, 0x54, 0x0a, 0x00
    , 0x00, 0x00, 0x00, 0xff, 0x01, 0x00, 0x00, 0x00, 0x00, 0x54, 0x0a, 0x00
    , 0x00, 0x00, 0x00, 0x00, 0x05, 0x00, 0x00, 0x00, 0x00, 0xff, 0x01, 0x00
    , 0x00, 0x00, 0x00, 0x54, 0x14, 0x00, 0x00, 0x00, 0x00, 0x00, 0x01, 0x00
    , 0x00, 0x00, 0x00, 0x54, 0x0a, 0x00, 0x00, 0x00, 0x00, 0xff, 0x01, 0x00
    , 0x00, 0x00, 0x00, 0x54, 0x0a, 0x00, 0x00, 0x00, 0x00, 0x00, 0x05, 0x00
    , 0x00, 0x00, 0x00, 0xff, 0x01, 0x00, 0x00, 0x00, 0x00, 0x54, 0x14, 0x00
    , 0x00, 0x00, 0x00, 0x00, 0x01, 0x00, 0x00, 0x00, 0x00, 0x54, 0x0a, 0x00
    , 0x00, 0x00, 0x00, 0xff, 0x01, 0x00, 0x00, 0x00, 0x00, 0x54, 0x0a, 0x00
    , 0x00, 0x00, 0x00, 0x00, 0x05, 0x00, 0x00, 0x00, 0x00, 0xff, 0x01, 0x00
    , 0x00, 0x00, 0x00, 0x54, 0x14, 0x00, 0x00, 0x00, 0x00, 0x00, 0x01, 0x00
    , 0x00, 0x00, 0x00, 0x54, 0x0a, 0x00, 0x00, 0x00, 0x00, 0xff, 0x01, 0x00
    , 0x00, 0x00, 0x00, 0xc7, 0x0a, 0x00, 0x00, 0x00, 0x00, 0xaa, 0x05, 0x00
    , 0x00, 0x00, 0x00, 0xff, 0x01, 0x00, 0x00, 0x00, 0x00, 0x54, 0x07, 0x00
    , 0x00, 0x00, 0x00, 0x00, 0x01, 0x00, 0x00, 0x00, 0x00, 0x11, 0x01, 0x00
    , 0x00, 0x00, 0x00, 0x61, 0x01, 0x00, 0x00, 0x00, 0x00, 0x92, 0x0a, 0x00
    , 0x00, 0x00, 0x00, 0xaa, 0x01, 0x00, 0x00, 0x00, 0x00, 0xc7, 0x04, 0x00
    , 0x00, 0x00, 0x00, 0xff, 0x01, 0x00, 0x00, 0x00, 0x00, 0xf4, 0x15, 0x00
    , 0x00, 0x00, 0x00, 0xff, 0x01, 0x00, 0x00, 0x00, 0x00, 0x54, 0x06, 0x00
    , 0x00, 0x00, 0x00, 0x00, 0x01, 0x00, 0x00, 0x00, 0x00, 0x48, 0x01, 0x00
    , 0x00, 0x00, 0x00, 0xe5, 0x11, 0x00, 0x00, 0x00, 0x00, 0xff, 0x01, 0x00
    , 0x00, 0x00, 0x00, 0xc6, 0x15, 0x00, 0x00, 0x00, 0x00, 0xff, 0x01, 0x00
    , 0x00, 0x00, 0x00, 0x54, 0x05, 0x00, 0x00, 0x00, 0x00, 0x00, 0x01, 0x00
    , 0x00, 0x00, 0x00, 0x32, 0x01, 0x00, 0x00, 0x00, 0x00, 0xfa, 0x12, 0x00
    , 0x00, 0x00, 0x00, 0xff, 0x01, 0x00, 0x00, 0x00, 0x00, 0x7d, 0x15, 0x00
    , 0x00, 0x00, 0x00, 0xff, 0x01, 0x00, 0x00, 0x00, 0x00, 0x54, 0x05, 0x00
    , 0x00, 0x00, 0x00, 0x00, 0x01, 0x00, 0x00, 0x00, 0x00, 0xd2, 0x12, 0x00
    , 0x00, 0x00, 0x00, 0xff, 0x01, 0x00, 0x00, 0x00, 0x00, 0xd0, 0x01, 0x00
    , 0x00, 0x00, 0x00, 0x06, 0x15, 0x00, 0x00, 0x00, 0x00, 0xff, 0x01, 0x00
    , 0x00, 0x00, 0x00, 0x54, 0x04, 0x00, 0x00, 0x00, 0x00, 0x00, 0x01, 0x00
    , 0x00, 0x00, 0x00, 0x1c, 0x12, 0x00, 0x00, 0x00, 0x00, 0xff, 0x01, 0x00
    , 0x00, 0x00, 0x00, 0xba, 0x01, 0x00, 0x00, 0x00, 0x00, 0x1c, 0x01, 0x00
    , 0x00, 0x00, 0x00, 0x00, 0x05, 0x00, 0x00, 0x00, 0x00, 0xff, 0x01, 0x00
    , 0x00, 0x00, 0x00, 0xc7, 0x0a, 0x00, 0x00, 0x00, 0x00, 0xaa, 0x05, 0x00
    , 0x00, 0x00, 0x00, 0xff, 0x01, 0x00, 0x00, 0x00, 0x00, 0x54, 0x04, 0x00
    , 0x00, 0x00, 0x00, 0x00, 0x01, 0x00, 0x00, 0x00, 0x00, 0x4a, 0x05, 0x00
    , 0x00, 0x00, 0x00, 0xff, 0x0a, 0x00, 0x00, 0x00, 0x00, 0xaa, 0x01, 0x00
    , 0x00, 0x00, 0x00, 0xa8, 0x01, 0x00, 0x00, 0x00, 0x00, 0x81, 0x01, 0x00
    , 0x00, 0x00, 0x00, 0x4a, 0x01, 0x00, 0x00, 0x00, 0x00, 0x01, 0x02, 0x00
    , 0x00, 0x00, 0x00, 0x00, 0x05, 0x00, 0x00, 0x00, 0x00, 0xff, 0x01, 0x00
    , 0x00, 0x00, 0x00, 0x54, 0x0a, 0x00, 0x00, 0x00, 0x00, 0x00, 0x05, 0x00
    , 0x00, 0x00, 0x00, 0xff, 0x01, 0x00, 0x00, 0x00, 0x00, 0x54, 0x04, 0x00
    , 0x00, 0x00, 0x00, 0x00, 0x01, 0x00, 0x00, 0x00, 0x00, 0x54, 0x05, 0x00
    , 0x00, 0x00, 0x00, 0xff, 0x10, 0x00, 0x00, 0x00, 0x00, 0x00, 0x05, 0x00
    , 0x00, 0x00, 0x00, 0xff, 0x01, 0x00, 0x00, 0x00, 0x00, 0x54, 0x0a, 0x00
    , 0x00, 0x00, 0x00, 0x00, 0x05, 0x00, 0x00, 0x00, 0x00, 0xff, 0x01, 0x00
    , 0x00, 0x00, 0x00, 0x54, 0x04, 0x00, 0x00, 0x00, 0x00, 0x00, 0x01, 0x00
    , 0x00, 0x00, 0x00, 0x54, 0x05, 0x00, 0x00, 0x00, 0x00, 0xff, 0x10, 0x00
    , 0x00, 0x00, 0x00, 0x00, 0x05, 0x00, 0x00, 0x00, 0x00, 0xff, 0x01, 0x00
    , 0x00, 0x00, 0x00, 0x54, 0x0a, 0x00, 0x00, 0x00, 0x00, 0x00, 0x05, 0x00
    , 0x00, 0x00, 0x00, 0xff, 0x01, 0x00, 0x00, 0x00, 0x00, 0x54, 0x04, 0x00
    , 0x00, 0x00, 0x00, 0x00, 0x01, 0x00, 0x00, 0x00, 0x00, 0x54, 0x05, 0x00
    , 0x00, 0x00, 0x00, 0xff, 0x10, 0x00, 0x00, 0x00, 0x00, 0x00, 0x05, 0x00
    , 0x00, 0x00, 0x00, 0xff, 0x01, 0x00, 0x00, 0x00, 0x00, 0x54, 0x0a, 0x00
    , 0x00, 0x00, 0x00, 0x00, 0x05, 0x00, 0x00, 0x00, 0x00, 0xff, 0x01, 0x00
    , 0x00, 0x00, 0x00, 0x54, 0x04, 0x00, 0x00, 0x00, 0x00, 0x00, 0x01, 0x00
    , 0x00, 0x00, 0x00, 0x54, 0x05, 0x00, 0x00, 0x00, 0x00, 0xff, 0x10, 0x00
    , 0x00, 0x00, 0x00, 0x00, 0x05, 0x00, 0x00, 0x00, 0x00, 0xff, 0x01, 0x00
    , 0x00, 0x00, 0x00, 0x54, 0x0a, 0x00, 0x00, 0x00, 0x00, 0x00, 0x05, 0x00
    , 0x00, 0x00, 0x00, 0xff, 0x01, 0x00, 0x00, 0x00, 0x00, 0x54, 0x04, 0x00
    , 0x00, 0x00, 0x00, 0x00, 0x01, 0x00, 0x00, 0x00, 0x00, 0x54, 0x05, 0x00
    , 0x00, 0x00, 0x00, 0xff, 0x10, 0x00, 0x00, 0x00, 0x00, 0x00, 0x05, 0x00
    , 0x00, 0x00, 0x00, 0xff, 0x01, 0x00, 0x00, 0x00, 0x00, 0x54, 0x0a, 0x00
    , 0x00, 0x00, 0x00, 0x00, 0x05, 0x00, 0x00, 0x00, 0x00, 0xff, 0x01, 0x00
    , 0x00, 0x00, 0x00, 0x54, 0x04, 0x00, 0x00, 0x00, 0x00, 0x00, 0x01, 0x00
    , 0x00, 0x00, 0x00, 0x54, 0x12, 0x00, 0x00, 0x00, 0x00, 0xff, 0x01, 0x00
    , 0x00, 0x00, 0x00, 0xf5, 0x01, 0x00, 0x00, 0x00, 0x00, 0xb1, 0x01, 0x00
    , 0x00, 0x00, 0x00, 0x17, 0x05, 0x00, 0x00, 0x00, 0x00, 0xff, 0x01, 0x00
    , 0x00, 0x00, 0x00, 0x54, 0x0a, 0x00, 0x00, 0x00, 0x00, 0x00, 0x05, 0x00
    , 0x00, 0x00, 0x00, 0xff, 0x01, 0x00, 0x00, 0x00, 0x00, 0x54, 0x04, 0x00
    , 0x00, 0x00, 0x00, 0x00, 0x01, 0x00, 0x00, 0x00, 0x00, 0x54, 0x14, 0x00
    , 0x00, 0x00, 0x00, 0xff, 0x01, 0x00, 0x00, 0x00, 0x00, 0xb0, 0x01, 0x00
    , 0x00, 0x00, 0x00, 0xfd, 0x04, 0x00, 0x00, 0x00, 0x00, 0xff, 0x01, 0x00
    , 0x00, 0x00, 0x00, 0x52, 0x0a, 0x00, 0x00, 0x00, 0x00, 0x00, 0x01, 0x00
    , 0x00, 0x00, 0x00, 0xfd, 0x04, 0x00, 0x00, 0x00, 0x00, 0xff, 0x01, 0x00
    , 0x00, 0x00, 0x00, 0x52, 0x04, 0x00, 0x00, 0x00, 0x00, 0x00, 0x01, 0x00
    , 0x00, 0x00, 0x00, 0x52, 0x14, 0x00, 0x00, 0x00, 0x00, 0xff, 0x01, 0x00
    , 0x00, 0x00, 0x00, 0xf2, 0x01, 0x00, 0x00, 0x00, 0x00, 0xd3, 0x04, 0x00
    , 0x00, 0x00, 0x00, 0xff, 0x01, 0x00, 0x00, 0x00, 0x00, 0x28, 0x0a, 0x00
    , 0x00, 0x00, 0x00, 0x00, 0x01, 0x00, 0x00, 0x00, 0x00, 0xd3, 0x04, 0x00
    , 0x00, 0x00, 0x00, 0xff, 0x01, 0x00, 0x00, 0x00, 0x00, 0x28, 0x04, 0x00
    , 0x00, 0x00, 0x00, 0x00, 0x01, 0x00, 0x00, 0x00, 0x00, 0x29, 0x14, 0x00
    , 0x00, 0x00, 0x00, 0xff, 0x01, 0x00, 0x00, 0x00, 0x00, 0xd3, 0x01, 0x00
    , 0x00, 0x00, 0x00, 0x42, 0x01, 0x00, 0x00, 0x00, 0x00, 0xf1, 0x02, 0x00
    , 0x00, 0x00, 0x00, 0xff, 0x01, 0x00, 0x00, 0x00, 0x00, 0x88, 0x0b, 0x00
    , 0x00, 0x00, 0x00, 0x00, 0x01, 0x00, 0x00, 0x00, 0x00, 0x42, 0x01, 0x00
    , 0x00, 0x00, 0x00, 0xf1, 0x02, 0x00, 0x00, 0x00, 0x00, 0xff, 0x01, 0x00
    , 0x00, 0x00, 0x00, 0x88, 0x06, 0x00, 0x00, 0x00, 0x00, 0x00, 0x01, 0x00
    , 0x00, 0x00, 0x00, 0x88, 0x12, 0x00, 0x00, 0x00, 0x00, 0xff, 0x01, 0x00
    , 0x00, 0x00, 0x00, 0xf0, 0x01, 0x00, 0x00, 0x00, 0x00, 0x41, 0x01, 0x00
    , 0x00, 0x00, 0x00, 0x00, 0x01, 0x00, 0x00, 0x00, 0x00, 0x14, 0x01, 0x00
    , 0x00, 0x00, 0x00, 0x47, 0x01, 0x00, 0x00, 0x00, 0x00, 0x28, 0x0d, 0x00
    , 0x00, 0x00, 0x00, 0x00, 0x01, 0x00, 0x00, 0x00, 0x00, 0x14, 0x01, 0x00
    , 0x00, 0x00, 0x00, 0x47, 0x01, 0x00, 0x00, 0x00, 0x00, 0x28, 0x08, 0x00
    , 0x00, 0x00, 0x00, 0x00, 0x01, 0x00, 0x00, 0x00, 0x00, 0x28, 0x01, 0x00
    , 0x00, 0x00, 0x00, 0x52, 0x0f, 0x00, 0x00, 0x00, 0x00, 0x54, 0x01, 0x00
    , 0x00, 0x00, 0x00, 0x4a, 0x01, 0x00, 0x00, 0x00, 0x00, 0x14, 0xe1, 0x01
    , 0x00, 0x00, 0x00, 0x00
};

inline Upp::Image ICON_EDITOR_FORMAT_H2_48()
{
    return Upp::UiMakeIcon(DATA_EDITOR_FORMAT_H2_48);
}

// Category: editor | Type: Outlined | Icon: format_h3 | Size: 48x48 | Format: UiMakeIcon RLE
static const unsigned char DATA_EDITOR_FORMAT_H3_48[] = {
    0x30, 0x80, 0x30, 0x00, 0xe1, 0x01, 0x00, 0x00, 0x00, 0x00, 0x01, 0x00
    , 0x00, 0x00, 0x00, 0x14, 0x01, 0x00, 0x00, 0x00, 0x00, 0x48, 0x01, 0x00
    , 0x00, 0x00, 0x00, 0x29, 0x0d, 0x00, 0x00, 0x00, 0x00, 0x00, 0x01, 0x00
    , 0x00, 0x00, 0x00, 0x14, 0x01, 0x00, 0x00, 0x00, 0x00, 0x48, 0x01, 0x00
    , 0x00, 0x00, 0x00, 0x29, 0x08, 0x00, 0x00, 0x00, 0x00, 0x00, 0x01, 0x00
    , 0x00, 0x00, 0x00, 0x29, 0x01, 0x00, 0x00, 0x00, 0x00, 0x52, 0x0c, 0x00
    , 0x00, 0x00, 0x00, 0x54, 0x01, 0x00, 0x00, 0x00, 0x00, 0x52, 0x01, 0x00
    , 0x00, 0x00, 0x00, 0x2c, 0x01, 0x00, 0x00, 0x00, 0x00, 0x03, 0x03, 0x00
    , 0x00, 0x00, 0x00, 0x00, 0x01, 0x00, 0x00, 0x00, 0x00, 0x42, 0x01, 0x00
    , 0x00, 0x00, 0x00, 0xf1, 0x02, 0x00, 0x00, 0x00, 0x00, 0xff, 0x01, 0x00
    , 0x00, 0x00, 0x00, 0x88, 0x0b, 0x00, 0x00, 0x00, 0x00, 0x00, 0x01, 0x00
    , 0x00, 0x00, 0x00, 0x42, 0x01, 0x00, 0x00, 0x00, 0x00, 0xf1, 0x02, 0x00
    , 0x00, 0x00, 0x00, 0xff, 0x01, 0x00, 0x00, 0x00, 0x00, 0x88, 0x06, 0x00
    , 0x00, 0x00, 0x00, 0x00, 0x01, 0x00, 0x00, 0x00, 0x00, 0x89, 0x10, 0x00
    , 0x00, 0x00, 0x00, 0xff, 0x01, 0x00, 0x00, 0x00, 0x00, 0xf1, 0x01, 0x00
    , 0x00, 0x00, 0x00, 0x66, 0x02, 0x00, 0x00, 0x00, 0x00, 0x00, 0x01, 0x00
    , 0x00, 0x00, 0x00, 0xd3, 0x04, 0x00, 0x00, 0x00, 0x00, 0xff, 0x01, 0x00
    , 0x00, 0x00, 0x00, 0x28, 0x0a, 0x00, 0x00, 0x00, 0x00, 0x00, 0x01, 0x00
    , 0x00, 0x00, 0x00, 0xd3, 0x04, 0x00, 0x00, 0x00, 0x00, 0xff, 0x01, 0x00
    , 0x00, 0x00, 0x00, 0x28, 0x04, 0x00, 0x00, 0x00, 0x00, 0x00, 0x01, 0x00
    , 0x00, 0x00, 0x00, 0x29, 0x13, 0x00, 0x00, 0x00, 0x00, 0xff, 0x01, 0x00
    , 0x00, 0x00, 0x00, 0x97, 0x01, 0x00, 0x00, 0x00, 0x00, 0x00, 0x01, 0x00
    , 0x00, 0x00, 0x00, 0xfd, 0x04, 0x00, 0x00, 0x00, 0x00, 0xff, 0x01, 0x00
    , 0x00, 0x00, 0x00, 0x52, 0x0a, 0x00, 0x00, 0x00, 0x00, 0x00, 0x01, 0x00
    , 0x00, 0x00, 0x00, 0xfd, 0x04, 0x00, 0x00, 0x00, 0x00, 0xff, 0x01, 0x00
    , 0x00, 0x00, 0x00, 0x52, 0x04, 0x00, 0x00, 0x00, 0x00, 0x00, 0x01, 0x00
    , 0x00, 0x00, 0x00, 0x48, 0x14, 0x00, 0x00, 0x00, 0x00, 0xff, 0x01, 0x00
    , 0x00, 0x00, 0x00, 0x4c, 0x05, 0x00, 0x00, 0x00, 0x00, 0xff, 0x01, 0x00
    , 0x00, 0x00, 0x00, 0x54, 0x0a, 0x00, 0x00, 0x00, 0x00, 0x00, 0x05, 0x00
    , 0x00, 0x00, 0x00, 0xff, 0x01, 0x00, 0x00, 0x00, 0x00, 0x54, 0x04, 0x00
    , 0x00, 0x00, 0x00, 0x00, 0x01, 0x00, 0x00, 0x00, 0x00, 0x14, 0x01, 0x00
    , 0x00, 0x00, 0x00, 0xf1, 0x13, 0x00, 0x00, 0x00, 0x00, 0xff, 0x01, 0x00
    , 0x00, 0x00, 0x00, 0xb6, 0x05, 0x00, 0x00, 0x00, 0x00, 0xff, 0x01, 0x00
    , 0x00, 0x00, 0x00, 0x54, 0x0a, 0x00, 0x00, 0x00, 0x00, 0x00, 0x05, 0x00
    , 0x00, 0x00, 0x00, 0xff, 0x01, 0x00, 0x00, 0x00, 0x00, 0x54, 0x05, 0x00
    , 0x00, 0x00, 0x00, 0x00, 0x01, 0x00, 0x00, 0x00, 0x00, 0x41, 0x01, 0x00
    , 0x00, 0x00, 0x00, 0xd3, 0x01, 0x00, 0x00, 0x00, 0x00, 0xfd, 0x11, 0x00
    , 0x00, 0x00, 0x00, 0xff, 0x01, 0x00, 0x00, 0x00, 0x00, 0xe7, 0x05, 0x00
    , 0x00, 0x00, 0x00, 0xff, 0x01, 0x00, 0x00, 0x00, 0x00, 0x54, 0x0a, 0x00
    , 0x00, 0x00, 0x00, 0x00, 0x05, 0x00, 0x00, 0x00, 0x00, 0xff, 0x01, 0x00
    , 0x00, 0x00, 0x00, 0x54, 0x14, 0x00, 0x00, 0x00, 0x00, 0x00, 0x01, 0x00
    , 0x00, 0x00, 0x00, 0x54, 0x0a, 0x00, 0x00, 0x00, 0x00, 0xff, 0x01, 0x00
    , 0x00, 0x00, 0x00, 0x54, 0x0a, 0x00, 0x00, 0x00, 0x00, 0x00, 0x05, 0x00
    , 0x00, 0x00, 0x00, 0xff, 0x01, 0x00, 0x00, 0x00, 0x00, 0x54, 0x14, 0x00
    , 0x00, 0x00, 0x00, 0x00, 0x01, 0x00, 0x00, 0x00, 0x00, 0x54, 0x0a, 0x00
    , 0x00, 0x00, 0x00, 0xff, 0x01, 0x00, 0x00, 0x00, 0x00, 0x54, 0x0a, 0x00
    , 0x00, 0x00, 0x00, 0x00, 0x05, 0x00, 0x00, 0x00, 0x00, 0xff, 0x01, 0x00
    , 0x00, 0x00, 0x00, 0x54, 0x14, 0x00, 0x00, 0x00, 0x00, 0x00, 0x01, 0x00
    , 0x00, 0x00, 0x00, 0x54, 0x0a, 0x00, 0x00, 0x00, 0x00, 0xff, 0x01, 0x00
    , 0x00, 0x00, 0x00, 0x54, 0x0a, 0x00, 0x00, 0x00, 0x00, 0x00, 0x05, 0x00
    , 0x00, 0x00, 0x00, 0xff, 0x01, 0x00, 0x00, 0x00, 0x00, 0x54, 0x14, 0x00
    , 0x00, 0x00, 0x00, 0x00, 0x01, 0x00, 0x00, 0x00, 0x00, 0x54, 0x0a, 0x00
    , 0x00, 0x00, 0x00, 0xff, 0x01, 0x00, 0x00, 0x00, 0x00, 0x54, 0x0a, 0x00
    , 0x00, 0x00, 0x00, 0x00, 0x05, 0x00, 0x00, 0x00, 0x00, 0xff, 0x01, 0x00
    , 0x00, 0x00, 0x00, 0x54, 0x14, 0x00, 0x00, 0x00, 0x00, 0x00, 0x01, 0x00
    , 0x00, 0x00, 0x00, 0x54, 0x0a, 0x00, 0x00, 0x00, 0x00, 0xff, 0x01, 0x00
    , 0x00, 0x00, 0x00, 0xc7, 0x0a, 0x00, 0x00, 0x00, 0x00, 0xaa, 0x05, 0x00
    , 0x00, 0x00, 0x00, 0xff, 0x01, 0x00, 0x00, 0x00, 0x00, 0x54, 0x0b, 0x00
    , 0x00, 0x00, 0x00, 0x00, 0x01, 0x00, 0x00, 0x00, 0x00, 0x5b, 0x01, 0x00
    , 0x00, 0x00, 0x00, 0xa0, 0x07, 0x00, 0x00, 0x00, 0x00, 0xaa, 0x01, 0x00
    , 0x00, 0x00, 0x00, 0xc7, 0x1a, 0x00, 0x00, 0x00, 0x00, 0xff, 0x01, 0x00
    , 0x00, 0x00, 0x00, 0x54, 0x0a, 0x00, 0x00, 0x00, 0x00, 0x00, 0x01, 0x00
    , 0x00, 0x00, 0x00, 0x7f, 0x24, 0x00, 0x00, 0x00, 0x00, 0xff, 0x01, 0x00
    , 0x00, 0x00, 0x00, 0x54, 0x0a, 0x00, 0x00, 0x00, 0x00, 0x00, 0x01, 0x00
    , 0x00, 0x00, 0x00, 0xe8, 0x24, 0x00, 0x00, 0x00, 0x00, 0xff, 0x01, 0x00
    , 0x00, 0x00, 0x00, 0x54, 0x0a, 0x00, 0x00, 0x00, 0x00, 0x00, 0x01, 0x00
    , 0x00, 0x00, 0x00, 0xe8, 0x24, 0x00, 0x00, 0x00, 0x00, 0xff, 0x01, 0x00
    , 0x00, 0x00, 0x00, 0x54, 0x0a, 0x00, 0x00, 0x00, 0x00, 0x00, 0x01, 0x00
    , 0x00, 0x00, 0x00, 0x7f, 0x14, 0x00, 0x00, 0x00, 0x00, 0xff, 0x01, 0x00
    , 0x00, 0x00, 0x00, 0xc7, 0x0a, 0x00, 0x00, 0x00, 0x00, 0xaa, 0x05, 0x00
    , 0x00, 0x00, 0x00, 0xff, 0x01, 0x00, 0x00, 0x00, 0x00, 0x54, 0x0b, 0x00
    , 0x00, 0x00, 0x00, 0x00, 0x01, 0x00, 0x00, 0x00, 0x00, 0x5b, 0x01, 0x00
    , 0x00, 0x00, 0x00, 0xa0, 0x07, 0x00, 0x00, 0x00, 0x00, 0xaa, 0x01, 0x00
    , 0x00, 0x00, 0x00, 0xc7, 0x0a, 0x00, 0x00, 0x00, 0x00, 0xff, 0x01, 0x00
    , 0x00, 0x00, 0x00, 0x54, 0x0a, 0x00, 0x00, 0x00, 0x00, 0x00, 0x05, 0x00
    , 0x00, 0x00, 0x00, 0xff, 0x01, 0x00, 0x00, 0x00, 0x00, 0x54, 0x14, 0x00
    , 0x00, 0x00, 0x00, 0x00, 0x01, 0x00, 0x00, 0x00, 0x00, 0x54, 0x0a, 0x00
    , 0x00, 0x00, 0x00, 0xff, 0x01, 0x00, 0x00, 0x00, 0x00, 0x54, 0x0a, 0x00
    , 0x00, 0x00, 0x00, 0x00, 0x05, 0x00, 0x00, 0x00, 0x00, 0xff, 0x01, 0x00
    , 0x00, 0x00, 0x00, 0x54, 0x14, 0x00, 0x00, 0x00, 0x00, 0x00, 0x01, 0x00
    , 0x00, 0x00, 0x00, 0x54, 0x0a, 0x00, 0x00, 0x00, 0x00, 0xff, 0x01, 0x00
    , 0x00, 0x00, 0x00, 0x54, 0x0a, 0x00, 0x00, 0x00, 0x00, 0x00, 0x05, 0x00
    , 0x00, 0x00, 0x00, 0xff, 0x01, 0x00, 0x00, 0x00, 0x00, 0x54, 0x14, 0x00
    , 0x00, 0x00, 0x00, 0x00, 0x01, 0x00, 0x00, 0x00, 0x00, 0x54, 0x0a, 0x00
    , 0x00, 0x00, 0x00, 0xff, 0x01, 0x00, 0x00, 0x00, 0x00, 0x54, 0x0a, 0x00
    , 0x00, 0x00, 0x00, 0x00, 0x05, 0x00, 0x00, 0x00, 0x00, 0xff, 0x01, 0x00
    , 0x00, 0x00, 0x00, 0x54, 0x14, 0x00, 0x00, 0x00, 0x00, 0x00, 0x01, 0x00
    , 0x00, 0x00, 0x00, 0x54, 0x0a, 0x00, 0x00, 0x00, 0x00, 0xff, 0x01, 0x00
    , 0x00, 0x00, 0x00, 0x54, 0x0a, 0x00, 0x00, 0x00, 0x00, 0x00, 0x05, 0x00
    , 0x00, 0x00, 0x00, 0xff, 0x01, 0x00, 0x00, 0x00, 0x00, 0x54, 0x14, 0x00
    , 0x00, 0x00, 0x00, 0x00, 0x01, 0x00, 0x00, 0x00, 0x00, 0x54, 0x0a, 0x00
    , 0x00, 0x00, 0x00, 0xff, 0x01, 0x00, 0x00, 0x00, 0x00, 0x54, 0x0a, 0x00
    , 0x00, 0x00, 0x00, 0x00, 0x05, 0x00, 0x00, 0x00, 0x00, 0xff, 0x01, 0x00
    , 0x00, 0x00, 0x00, 0x54, 0x05, 0x00, 0x00, 0x00, 0x00, 0x00, 0x01, 0x00
    , 0x00, 0x00, 0x00, 0x42, 0x01, 0x00, 0x00, 0x00, 0x00, 0xd3, 0x01, 0x00
    , 0x00, 0x00, 0x00, 0xfd, 0x11, 0x00, 0x00, 0x00, 0x00, 0xff, 0x01, 0x00
    , 0x00, 0x00, 0x00, 0xe7, 0x05, 0x00, 0x00, 0x00, 0x00, 0xff, 0x01, 0x00
    , 0x00, 0x00, 0x00, 0x54, 0x0a, 0x00, 0x00, 0x00, 0x00, 0x00, 0x05, 0x00
    , 0x00, 0x00, 0x00, 0xff, 0x01, 0x00, 0x00, 0x00, 0x00, 0x54, 0x04, 0x00
    , 0x00, 0x00, 0x00, 0x00, 0x01, 0x00, 0x00, 0x00, 0x00, 0x14, 0x01, 0x00
    , 0x00, 0x00, 0x00, 0xf1, 0x13, 0x00, 0x00, 0x00, 0x00, 0xff, 0x01, 0x00
    , 0x00, 0x00, 0x00, 0xb6, 0x01, 0x00, 0x00, 0x00, 0x00, 0xfd, 0x04, 0x00
    , 0x00, 0x00, 0x00, 0xff, 0x01, 0x00, 0x00, 0x00, 0x00, 0x52, 0x0a, 0x00
    , 0x00, 0x00, 0x00, 0x00, 0x01, 0x00, 0x00, 0x00, 0x00, 0xfd, 0x04, 0x00
    , 0x00, 0x00, 0x00, 0xff, 0x01, 0x00, 0x00, 0x00, 0x00, 0x52, 0x04, 0x00
    , 0x00, 0x00, 0x00, 0x00, 0x01, 0x00, 0x00, 0x00, 0x00, 0x48, 0x14, 0x00
    , 0x00, 0x00, 0x00, 0xff, 0x01, 0x00, 0x00, 0x00, 0x00, 0x4b, 0x01, 0x00
    , 0x00, 0x00, 0x00, 0xd3, 0x04, 0x00, 0x00, 0x00, 0x00, 0xff, 0x01, 0x00
    , 0x00, 0x00, 0x00, 0x28, 0x0a, 0x00, 0x00, 0x00, 0x00, 0x00, 0x01, 0x00
    , 0x00, 0x00, 0x00, 0xd3, 0x04, 0x00, 0x00, 0x00, 0x00, 0xff, 0x01, 0x00
    , 0x00, 0x00, 0x00, 0x28, 0x04, 0x00, 0x00, 0x00, 0x00, 0x00, 0x01, 0x00
    , 0x00, 0x00, 0x00, 0x29, 0x13, 0x00, 0x00, 0x00, 0x00, 0xff, 0x01, 0x00
    , 0x00, 0x00, 0x00, 0x97, 0x01, 0x00, 0x00, 0x00, 0x00, 0x00, 0x01, 0x00
    , 0x00, 0x00, 0x00, 0x42, 0x01, 0x00, 0x00, 0x00, 0x00, 0xf1, 0x02, 0x00
    , 0x00, 0x00, 0x00, 0xff, 0x01, 0x00, 0x00, 0x00, 0x00, 0x88, 0x0b, 0x00
    , 0x00, 0x00, 0x00, 0x00, 0x01, 0x00, 0x00, 0x00, 0x00, 0x42, 0x01, 0x00
    , 0x00, 0x00, 0x00, 0xf1, 0x02, 0x00, 0x00, 0x00, 0x00, 0xff, 0x01, 0x00
    , 0x00, 0x00, 0x00, 0x88, 0x06, 0x00, 0x00, 0x00, 0x00, 0x00, 0x01, 0x00
    , 0x00, 0x00, 0x00, 0x88, 0x10, 0x00, 0x00, 0x00, 0x00, 0xff, 0x01, 0x00
    , 0x00, 0x00, 0x00, 0xf1, 0x01, 0x00, 0x00, 0x00, 0x00, 0x65, 0x03, 0x00
    , 0x00, 0x00, 0x00, 0x00, 0x01, 0x00, 0x00, 0x00, 0x00, 0x14, 0x01, 0x00
    , 0x00, 0x00, 0x00, 0x47, 0x01, 0x00, 0x00, 0x00, 0x00, 0x28, 0x0d, 0x00
    , 0x00, 0x00, 0x00, 0x00, 0x01, 0x00, 0x00, 0x00, 0x00, 0x14, 0x01, 0x00
    , 0x00, 0x00, 0x00, 0x47, 0x01, 0x00, 0x00, 0x00, 0x00, 0x28, 0x08, 0x00
    , 0x00, 0x00, 0x00, 0x00, 0x01, 0x00, 0x00, 0x00, 0x00, 0x28, 0x01, 0x00
    , 0x00, 0x00, 0x00, 0x52, 0x0c, 0x00, 0x00, 0x00, 0x00, 0x54, 0x01, 0x00
    , 0x00, 0x00, 0x00, 0x52, 0x01, 0x00, 0x00, 0x00, 0x00, 0x2b, 0x01, 0x00
    , 0x00, 0x00, 0x00, 0x03, 0xe3, 0x01, 0x00, 0x00, 0x00, 0x00
};

inline Upp::Image ICON_EDITOR_FORMAT_H3_48()
{
    return Upp::UiMakeIcon(DATA_EDITOR_FORMAT_H3_48);
}

// Category: editor | Type: Outlined | Icon: format_indent_decrease | Size: 48x48 | Format: UiMakeIcon RLE
static const unsigned char DATA_EDITOR_FORMAT_INDENT_DECREASE_48[] = {
    0x30, 0x80, 0x30, 0x00, 0x01, 0x00, 0x00, 0x00, 0x00, 0x17, 0x01, 0x00
    , 0x00, 0x00, 0x00, 0xb1, 0x01, 0x00, 0x00, 0x00, 0x00, 0xf5, 0x2a, 0x00
    , 0x00, 0x00, 0x00, 0xff, 0x01, 0x00, 0x00, 0x00, 0x00, 0xf5, 0x01, 0x00
    , 0x00, 0x00, 0x00, 0xb1, 0x01, 0x00, 0x00, 0x00, 0x00, 0x17, 0x01, 0x00
    , 0x00, 0x00, 0x00, 0xb1, 0x2e, 0x00, 0x00, 0x00, 0x00, 0xff, 0x01, 0x00
    , 0x00, 0x00, 0x00, 0xb0, 0x01, 0x00, 0x00, 0x00, 0x00, 0xf3, 0x2e, 0x00
    , 0x00, 0x00, 0x00, 0xff, 0x01, 0x00, 0x00, 0x00, 0x00, 0xf2, 0x01, 0x00
    , 0x00, 0x00, 0x00, 0xd3, 0x2e, 0x00, 0x00, 0x00, 0x00, 0xff, 0x01, 0x00
    , 0x00, 0x00, 0x00, 0xd3, 0x01, 0x00, 0x00, 0x00, 0x00, 0x42, 0x01, 0x00
    , 0x00, 0x00, 0x00, 0xf1, 0x2c, 0x00, 0x00, 0x00, 0x00, 0xff, 0x01, 0x00
    , 0x00, 0x00, 0x00, 0xf0, 0x01, 0x00, 0x00, 0x00, 0x00, 0x41, 0x01, 0x00
    , 0x00, 0x00, 0x00, 0x00, 0x01, 0x00, 0x00, 0x00, 0x00, 0x14, 0x01, 0x00
    , 0x00, 0x00, 0x00, 0x4a, 0x2a, 0x00, 0x00, 0x00, 0x00, 0x54, 0x01, 0x00
    , 0x00, 0x00, 0x00, 0x4a, 0x01, 0x00, 0x00, 0x00, 0x00, 0x14, 0xd7, 0x00
    , 0x00, 0x00, 0x00, 0x00, 0x01, 0x00, 0x00, 0x00, 0x00, 0x05, 0x01, 0x00
    , 0x00, 0x00, 0x00, 0x3d, 0x15, 0x00, 0x00, 0x00, 0x00, 0x54, 0x01, 0x00
    , 0x00, 0x00, 0x00, 0x4a, 0x01, 0x00, 0x00, 0x00, 0x00, 0x14, 0x16, 0x00
    , 0x00, 0x00, 0x00, 0x00, 0x01, 0x00, 0x00, 0x00, 0x00, 0x0f, 0x01, 0x00
    , 0x00, 0x00, 0x00, 0xcf, 0x17, 0x00, 0x00, 0x00, 0x00, 0xff, 0x01, 0x00
    , 0x00, 0x00, 0x00, 0xf1, 0x01, 0x00, 0x00, 0x00, 0x00, 0x41, 0x15, 0x00
    , 0x00, 0x00, 0x00, 0x00, 0x01, 0x00, 0x00, 0x00, 0x00, 0x7e, 0x19, 0x00
    , 0x00, 0x00, 0x00, 0xff, 0x01, 0x00, 0x00, 0x00, 0x00, 0xd3, 0x15, 0x00
    , 0x00, 0x00, 0x00, 0x00, 0x01, 0x00, 0x00, 0x00, 0x00, 0x9e, 0x19, 0x00
    , 0x00, 0x00, 0x00, 0xff, 0x01, 0x00, 0x00, 0x00, 0x00, 0xf2, 0x15, 0x00
    , 0x00, 0x00, 0x00, 0x00, 0x01, 0x00, 0x00, 0x00, 0x00, 0x5b, 0x19, 0x00
    , 0x00, 0x00, 0x00, 0xff, 0x01, 0x00, 0x00, 0x00, 0x00, 0xb0, 0x08, 0x00
    , 0x00, 0x00, 0x00, 0x00, 0x01, 0x00, 0x00, 0x00, 0x00, 0x6d, 0x01, 0x00
    , 0x00, 0x00, 0x00, 0xc3, 0x01, 0x00, 0x00, 0x00, 0x00, 0x36, 0x0b, 0x00
    , 0x00, 0x00, 0x00, 0x00, 0x01, 0x00, 0x00, 0x00, 0x00, 0x7f, 0x01, 0x00
    , 0x00, 0x00, 0x00, 0xe8, 0x15, 0x00, 0x00, 0x00, 0x00, 0xff, 0x01, 0x00
    , 0x00, 0x00, 0x00, 0xf5, 0x01, 0x00, 0x00, 0x00, 0x00, 0xb0, 0x01, 0x00
    , 0x00, 0x00, 0x00, 0x17, 0x07, 0x00, 0x00, 0x00, 0x00, 0x00, 0x01, 0x00
    , 0x00, 0x00, 0x00, 0x7f, 0x02, 0x00, 0x00, 0x00, 0x00, 0xff, 0x01, 0x00
    , 0x00, 0x00, 0x00, 0xa1, 0x2b, 0x00, 0x00, 0x00, 0x00, 0x00, 0x01, 0x00
    , 0x00, 0x00, 0x00, 0x7f, 0x03, 0x00, 0x00, 0x00, 0x00, 0xff, 0x01, 0x00
    , 0x00, 0x00, 0x00, 0xaa, 0x2a, 0x00, 0x00, 0x00, 0x00, 0x00, 0x01, 0x00
    , 0x00, 0x00, 0x00, 0x7f, 0x04, 0x00, 0x00, 0x00, 0x00, 0xff, 0x01, 0x00
    , 0x00, 0x00, 0x00, 0xaa, 0x29, 0x00, 0x00, 0x00, 0x00, 0x00, 0x01, 0x00
    , 0x00, 0x00, 0x00, 0x7f, 0x05, 0x00, 0x00, 0x00, 0x00, 0xff, 0x01, 0x00
    , 0x00, 0x00, 0x00, 0xaa, 0x28, 0x00, 0x00, 0x00, 0x00, 0x00, 0x01, 0x00
    , 0x00, 0x00, 0x00, 0x7f, 0x06, 0x00, 0x00, 0x00, 0x00, 0xff, 0x01, 0x00
    , 0x00, 0x00, 0x00, 0xaa, 0x27, 0x00, 0x00, 0x00, 0x00, 0x00, 0x01, 0x00
    , 0x00, 0x00, 0x00, 0x7f, 0x07, 0x00, 0x00, 0x00, 0x00, 0xff, 0x01, 0x00
    , 0x00, 0x00, 0x00, 0xaa, 0x0b, 0x00, 0x00, 0x00, 0x00, 0x00, 0x01, 0x00
    , 0x00, 0x00, 0x00, 0x30, 0x01, 0x00, 0x00, 0x00, 0x00, 0x93, 0x15, 0x00
    , 0x00, 0x00, 0x00, 0xaa, 0x01, 0x00, 0x00, 0x00, 0x00, 0xa0, 0x01, 0x00
    , 0x00, 0x00, 0x00, 0x5b, 0x02, 0x00, 0x00, 0x00, 0x00, 0x00, 0x01, 0x00
    , 0x00, 0x00, 0x00, 0x7f, 0x08, 0x00, 0x00, 0x00, 0x00, 0xff, 0x01, 0x00
    , 0x00, 0x00, 0x00, 0xaa, 0x0a, 0x00, 0x00, 0x00, 0x00, 0x00, 0x01, 0x00
    , 0x00, 0x00, 0x00, 0x30, 0x01, 0x00, 0x00, 0x00, 0x00, 0xf9, 0x18, 0x00
    , 0x00, 0x00, 0x00, 0xff, 0x01, 0x00, 0x00, 0x00, 0x00, 0x7f, 0x01, 0x00
    , 0x00, 0x00, 0x00, 0x40, 0x09, 0x00, 0x00, 0x00, 0x00, 0xff, 0x01, 0x00
    , 0x00, 0x00, 0x00, 0xaa, 0x0a, 0x00, 0x00, 0x00, 0x00, 0x00, 0x01, 0x00
    , 0x00, 0x00, 0x00, 0x93, 0x19, 0x00, 0x00, 0x00, 0x00, 0xff, 0x01, 0x00
    , 0x00, 0x00, 0x00, 0xe8, 0x01, 0x00, 0x00, 0x00, 0x00, 0x40, 0x09, 0x00
    , 0x00, 0x00, 0x00, 0xff, 0x01, 0x00, 0x00, 0x00, 0x00, 0xaa, 0x0a, 0x00
    , 0x00, 0x00, 0x00, 0x00, 0x01, 0x00, 0x00, 0x00, 0x00, 0x93, 0x19, 0x00
    , 0x00, 0x00, 0x00, 0xff, 0x01, 0x00, 0x00, 0x00, 0x00, 0xe8, 0x01, 0x00
    , 0x00, 0x00, 0x00, 0x00, 0x01, 0x00, 0x00, 0x00, 0x00, 0x7f, 0x08, 0x00
    , 0x00, 0x00, 0x00, 0xff, 0x01, 0x00, 0x00, 0x00, 0x00, 0xaa, 0x0a, 0x00
    , 0x00, 0x00, 0x00, 0x00, 0x01, 0x00, 0x00, 0x00, 0x00, 0x30, 0x01, 0x00
    , 0x00, 0x00, 0x00, 0xf9, 0x18, 0x00, 0x00, 0x00, 0x00, 0xff, 0x01, 0x00
    , 0x00, 0x00, 0x00, 0x7f, 0x02, 0x00, 0x00, 0x00, 0x00, 0x00, 0x01, 0x00
    , 0x00, 0x00, 0x00, 0x7f, 0x07, 0x00, 0x00, 0x00, 0x00, 0xff, 0x01, 0x00
    , 0x00, 0x00, 0x00, 0xaa, 0x0b, 0x00, 0x00, 0x00, 0x00, 0x00, 0x01, 0x00
    , 0x00, 0x00, 0x00, 0x30, 0x01, 0x00, 0x00, 0x00, 0x00, 0x93, 0x15, 0x00
    , 0x00, 0x00, 0x00, 0xaa, 0x01, 0x00, 0x00, 0x00, 0x00, 0xa0, 0x01, 0x00
    , 0x00, 0x00, 0x00, 0x5b, 0x04, 0x00, 0x00, 0x00, 0x00, 0x00, 0x01, 0x00
    , 0x00, 0x00, 0x00, 0x7f, 0x06, 0x00, 0x00, 0x00, 0x00, 0xff, 0x01, 0x00
    , 0x00, 0x00, 0x00, 0xaa, 0x29, 0x00, 0x00, 0x00, 0x00, 0x00, 0x01, 0x00
    , 0x00, 0x00, 0x00, 0x7f, 0x05, 0x00, 0x00, 0x00, 0x00, 0xff, 0x01, 0x00
    , 0x00, 0x00, 0x00, 0xaa, 0x2a, 0x00, 0x00, 0x00, 0x00, 0x00, 0x01, 0x00
    , 0x00, 0x00, 0x00, 0x7f, 0x04, 0x00, 0x00, 0x00, 0x00, 0xff, 0x01, 0x00
    , 0x00, 0x00, 0x00, 0xaa, 0x2b, 0x00, 0x00, 0x00, 0x00, 0x00, 0x01, 0x00
    , 0x00, 0x00, 0x00, 0x7f, 0x03, 0x00, 0x00, 0x00, 0x00, 0xff, 0x01, 0x00
    , 0x00, 0x00, 0x00, 0xaa, 0x2c, 0x00, 0x00, 0x00, 0x00, 0x00, 0x01, 0x00
    , 0x00, 0x00, 0x00, 0x7f, 0x02, 0x00, 0x00, 0x00, 0x00, 0xff, 0x01, 0x00
    , 0x00, 0x00, 0x00, 0xa1, 0x2d, 0x00, 0x00, 0x00, 0x00, 0x00, 0x01, 0x00
    , 0x00, 0x00, 0x00, 0x6d, 0x01, 0x00, 0x00, 0x00, 0x00, 0xc3, 0x01, 0x00
    , 0x00, 0x00, 0x00, 0x36, 0x0b, 0x00, 0x00, 0x00, 0x00, 0x00, 0x01, 0x00
    , 0x00, 0x00, 0x00, 0x7f, 0x01, 0x00, 0x00, 0x00, 0x00, 0xe8, 0x15, 0x00
    , 0x00, 0x00, 0x00, 0xff, 0x01, 0x00, 0x00, 0x00, 0x00, 0xf5, 0x01, 0x00
    , 0x00, 0x00, 0x00, 0xb1, 0x01, 0x00, 0x00, 0x00, 0x00, 0x17, 0x15, 0x00
    , 0x00, 0x00, 0x00, 0x00, 0x01, 0x00, 0x00, 0x00, 0x00, 0x5b, 0x19, 0x00
    , 0x00, 0x00, 0x00, 0xff, 0x01, 0x00, 0x00, 0x00, 0x00, 0xb0, 0x15, 0x00
    , 0x00, 0x00, 0x00, 0x00, 0x01, 0x00, 0x00, 0x00, 0x00, 0x9e, 0x19, 0x00
    , 0x00, 0x00, 0x00, 0xff, 0x01, 0x00, 0x00, 0x00, 0x00, 0xf2, 0x15, 0x00
    , 0x00, 0x00, 0x00, 0x00, 0x01, 0x00, 0x00, 0x00, 0x00, 0x7e, 0x19, 0x00
    , 0x00, 0x00, 0x00, 0xff, 0x01, 0x00, 0x00, 0x00, 0x00, 0xd3, 0x15, 0x00
    , 0x00, 0x00, 0x00, 0x00, 0x01, 0x00, 0x00, 0x00, 0x00, 0x0e, 0x01, 0x00
    , 0x00, 0x00, 0x00, 0xce, 0x17, 0x00, 0x00, 0x00, 0x00, 0xff, 0x01, 0x00
    , 0x00, 0x00, 0x00, 0xf0, 0x01, 0x00, 0x00, 0x00, 0x00, 0x41, 0x16, 0x00
    , 0x00, 0x00, 0x00, 0x00, 0x01, 0x00, 0x00, 0x00, 0x00, 0x05, 0x01, 0x00
    , 0x00, 0x00, 0x00, 0x3d, 0x15, 0x00, 0x00, 0x00, 0x00, 0x54, 0x01, 0x00
    , 0x00, 0x00, 0x00, 0x4a, 0x01, 0x00, 0x00, 0x00, 0x00, 0x14, 0xc2, 0x00
    , 0x00, 0x00, 0x00, 0x00, 0x01, 0x00, 0x00, 0x00, 0x00, 0x14, 0x01, 0x00
    , 0x00, 0x00, 0x00, 0x4a, 0x2a, 0x00, 0x00, 0x00, 0x00, 0x54, 0x01, 0x00
    , 0x00, 0x00, 0x00, 0x4a, 0x01, 0x00, 0x00, 0x00, 0x00, 0x14, 0x01, 0x00
    , 0x00, 0x00, 0x00, 0x00, 0x01, 0x00, 0x00, 0x00, 0x00, 0x42, 0x01, 0x00
    , 0x00, 0x00, 0x00, 0xf1, 0x2c, 0x00, 0x00, 0x00, 0x00, 0xff, 0x01, 0x00
    , 0x00, 0x00, 0x00, 0xf1, 0x01, 0x00, 0x00, 0x00, 0x00, 0x41, 0x01, 0x00
    , 0x00, 0x00, 0x00, 0xd3, 0x2e, 0x00, 0x00, 0x00, 0x00, 0xff, 0x01, 0x00
    , 0x00, 0x00, 0x00, 0xd3, 0x01, 0x00, 0x00, 0x00, 0x00, 0xf3, 0x2e, 0x00
    , 0x00, 0x00, 0x00, 0xff, 0x01, 0x00, 0x00, 0x00, 0x00, 0xf2, 0x01, 0x00
    , 0x00, 0x00, 0x00, 0xb1, 0x2e, 0x00, 0x00, 0x00, 0x00, 0xff, 0x01, 0x00
    , 0x00, 0x00, 0x00, 0xb0, 0x01, 0x00, 0x00, 0x00, 0x00, 0x17, 0x01, 0x00
    , 0x00, 0x00, 0x00, 0xb0, 0x01, 0x00, 0x00, 0x00, 0x00, 0xf5, 0x2a, 0x00
    , 0x00, 0x00, 0x00, 0xff, 0x01, 0x00, 0x00, 0x00, 0x00, 0xf5, 0x01, 0x00
    , 0x00, 0x00, 0x00, 0xb0, 0x01, 0x00, 0x00, 0x00, 0x00, 0x17
};

inline Upp::Image ICON_EDITOR_FORMAT_INDENT_DECREASE_48()
{
    return Upp::UiMakeIcon(DATA_EDITOR_FORMAT_INDENT_DECREASE_48);
}

// Category: editor | Type: Outlined | Icon: format_indent_increase | Size: 48x48 | Format: UiMakeIcon RLE
static const unsigned char DATA_EDITOR_FORMAT_INDENT_INCREASE_48[] = {
    0x30, 0x80, 0x30, 0x00, 0x01, 0x00, 0x00, 0x00, 0x00, 0x17, 0x01, 0x00
    , 0x00, 0x00, 0x00, 0xb1, 0x01, 0x00, 0x00, 0x00, 0x00, 0xf5, 0x2a, 0x00
    , 0x00, 0x00, 0x00, 0xff, 0x01, 0x00, 0x00, 0x00, 0x00, 0xf5, 0x01, 0x00
    , 0x00, 0x00, 0x00, 0xb1, 0x01, 0x00, 0x00, 0x00, 0x00, 0x17, 0x01, 0x00
    , 0x00, 0x00, 0x00, 0xb1, 0x2e, 0x00, 0x00, 0x00, 0x00, 0xff, 0x01, 0x00
    , 0x00, 0x00, 0x00, 0xb0, 0x01, 0x00, 0x00, 0x00, 0x00, 0xf3, 0x2e, 0x00
    , 0x00, 0x00, 0x00, 0xff, 0x01, 0x00, 0x00, 0x00, 0x00, 0xf2, 0x01, 0x00
    , 0x00, 0x00, 0x00, 0xd3, 0x2e, 0x00, 0x00, 0x00, 0x00, 0xff, 0x01, 0x00
    , 0x00, 0x00, 0x00, 0xd3, 0x01, 0x00, 0x00, 0x00, 0x00, 0x42, 0x01, 0x00
    , 0x00, 0x00, 0x00, 0xf1, 0x2c, 0x00, 0x00, 0x00, 0x00, 0xff, 0x01, 0x00
    , 0x00, 0x00, 0x00, 0xf0, 0x01, 0x00, 0x00, 0x00, 0x00, 0x41, 0x01, 0x00
    , 0x00, 0x00, 0x00, 0x00, 0x01, 0x00, 0x00, 0x00, 0x00, 0x14, 0x01, 0x00
    , 0x00, 0x00, 0x00, 0x4a, 0x2a, 0x00, 0x00, 0x00, 0x00, 0x54, 0x01, 0x00
    , 0x00, 0x00, 0x00, 0x4a, 0x01, 0x00, 0x00, 0x00, 0x00, 0x14, 0xd7, 0x00
    , 0x00, 0x00, 0x00, 0x00, 0x01, 0x00, 0x00, 0x00, 0x00, 0x05, 0x01, 0x00
    , 0x00, 0x00, 0x00, 0x3d, 0x15, 0x00, 0x00, 0x00, 0x00, 0x54, 0x01, 0x00
    , 0x00, 0x00, 0x00, 0x4a, 0x01, 0x00, 0x00, 0x00, 0x00, 0x14, 0x16, 0x00
    , 0x00, 0x00, 0x00, 0x00, 0x01, 0x00, 0x00, 0x00, 0x00, 0x0f, 0x01, 0x00
    , 0x00, 0x00, 0x00, 0xcf, 0x17, 0x00, 0x00, 0x00, 0x00, 0xff, 0x01, 0x00
    , 0x00, 0x00, 0x00, 0xf1, 0x01, 0x00, 0x00, 0x00, 0x00, 0x41, 0x15, 0x00
    , 0x00, 0x00, 0x00, 0x00, 0x01, 0x00, 0x00, 0x00, 0x00, 0x7e, 0x19, 0x00
    , 0x00, 0x00, 0x00, 0xff, 0x01, 0x00, 0x00, 0x00, 0x00, 0xd3, 0x15, 0x00
    , 0x00, 0x00, 0x00, 0x00, 0x01, 0x00, 0x00, 0x00, 0x00, 0x9e, 0x19, 0x00
    , 0x00, 0x00, 0x00, 0xff, 0x01, 0x00, 0x00, 0x00, 0x00, 0xf2, 0x15, 0x00
    , 0x00, 0x00, 0x00, 0x00, 0x01, 0x00, 0x00, 0x00, 0x00, 0x5b, 0x19, 0x00
    , 0x00, 0x00, 0x00, 0xff, 0x01, 0x00, 0x00, 0x00, 0x00, 0xb0, 0x01, 0x00
    , 0x00, 0x00, 0x00, 0x73, 0x01, 0x00, 0x00, 0x00, 0x00, 0xbe, 0x01, 0x00
    , 0x00, 0x00, 0x00, 0x34, 0x13, 0x00, 0x00, 0x00, 0x00, 0x00, 0x01, 0x00
    , 0x00, 0x00, 0x00, 0x7f, 0x01, 0x00, 0x00, 0x00, 0x00, 0xe8, 0x15, 0x00
    , 0x00, 0x00, 0x00, 0xff, 0x01, 0x00, 0x00, 0x00, 0x00, 0xf5, 0x01, 0x00
    , 0x00, 0x00, 0x00, 0xb0, 0x01, 0x00, 0x00, 0x00, 0x00, 0x17, 0x01, 0x00
    , 0x00, 0x00, 0x00, 0xf6, 0x01, 0x00, 0x00, 0x00, 0x00, 0xff, 0x01, 0x00
    , 0x00, 0x00, 0x00, 0xf1, 0x01, 0x00, 0x00, 0x00, 0x00, 0x38, 0x2c, 0x00
    , 0x00, 0x00, 0x00, 0x00, 0x03, 0x00, 0x00, 0x00, 0x00, 0xff, 0x01, 0x00
    , 0x00, 0x00, 0x00, 0xf1, 0x01, 0x00, 0x00, 0x00, 0x00, 0x38, 0x2b, 0x00
    , 0x00, 0x00, 0x00, 0x00, 0x04, 0x00, 0x00, 0x00, 0x00, 0xff, 0x01, 0x00
    , 0x00, 0x00, 0x00, 0xf1, 0x01, 0x00, 0x00, 0x00, 0x00, 0x38, 0x2a, 0x00
    , 0x00, 0x00, 0x00, 0x00, 0x05, 0x00, 0x00, 0x00, 0x00, 0xff, 0x01, 0x00
    , 0x00, 0x00, 0x00, 0xf1, 0x01, 0x00, 0x00, 0x00, 0x00, 0x38, 0x29, 0x00
    , 0x00, 0x00, 0x00, 0x00, 0x06, 0x00, 0x00, 0x00, 0x00, 0xff, 0x01, 0x00
    , 0x00, 0x00, 0x00, 0xf1, 0x01, 0x00, 0x00, 0x00, 0x00, 0x38, 0x28, 0x00
    , 0x00, 0x00, 0x00, 0x00, 0x07, 0x00, 0x00, 0x00, 0x00, 0xff, 0x01, 0x00
    , 0x00, 0x00, 0x00, 0xf1, 0x01, 0x00, 0x00, 0x00, 0x00, 0x38, 0x0d, 0x00
    , 0x00, 0x00, 0x00, 0x00, 0x01, 0x00, 0x00, 0x00, 0x00, 0x30, 0x01, 0x00
    , 0x00, 0x00, 0x00, 0x93, 0x15, 0x00, 0x00, 0x00, 0x00, 0xaa, 0x01, 0x00
    , 0x00, 0x00, 0x00, 0xa0, 0x01, 0x00, 0x00, 0x00, 0x00, 0x5b, 0x01, 0x00
    , 0x00, 0x00, 0x00, 0x00, 0x08, 0x00, 0x00, 0x00, 0x00, 0xff, 0x01, 0x00
    , 0x00, 0x00, 0x00, 0xf1, 0x01, 0x00, 0x00, 0x00, 0x00, 0x38, 0x0b, 0x00
    , 0x00, 0x00, 0x00, 0x00, 0x01, 0x00, 0x00, 0x00, 0x00, 0x30, 0x01, 0x00
    , 0x00, 0x00, 0x00, 0xf9, 0x18, 0x00, 0x00, 0x00, 0x00, 0xff, 0x01, 0x00
    , 0x00, 0x00, 0x00, 0x7f, 0x09, 0x00, 0x00, 0x00, 0x00, 0xff, 0x01, 0x00
    , 0x00, 0x00, 0x00, 0xe5, 0x01, 0x00, 0x00, 0x00, 0x00, 0x05, 0x0a, 0x00
    , 0x00, 0x00, 0x00, 0x00, 0x01, 0x00, 0x00, 0x00, 0x00, 0x93, 0x19, 0x00
    , 0x00, 0x00, 0x00, 0xff, 0x01, 0x00, 0x00, 0x00, 0x00, 0xe8, 0x09, 0x00
    , 0x00, 0x00, 0x00, 0xff, 0x01, 0x00, 0x00, 0x00, 0x00, 0xe5, 0x01, 0x00
    , 0x00, 0x00, 0x00, 0x05, 0x0a, 0x00, 0x00, 0x00, 0x00, 0x00, 0x01, 0x00
    , 0x00, 0x00, 0x00, 0x93, 0x19, 0x00, 0x00, 0x00, 0x00, 0xff, 0x01, 0x00
    , 0x00, 0x00, 0x00, 0xe8, 0x08, 0x00, 0x00, 0x00, 0x00, 0xff, 0x01, 0x00
    , 0x00, 0x00, 0x00, 0xf1, 0x01, 0x00, 0x00, 0x00, 0x00, 0x38, 0x0b, 0x00
    , 0x00, 0x00, 0x00, 0x00, 0x01, 0x00, 0x00, 0x00, 0x00, 0x30, 0x01, 0x00
    , 0x00, 0x00, 0x00, 0xf9, 0x18, 0x00, 0x00, 0x00, 0x00, 0xff, 0x01, 0x00
    , 0x00, 0x00, 0x00, 0x7f, 0x07, 0x00, 0x00, 0x00, 0x00, 0xff, 0x01, 0x00
    , 0x00, 0x00, 0x00, 0xf1, 0x01, 0x00, 0x00, 0x00, 0x00, 0x38, 0x0d, 0x00
    , 0x00, 0x00, 0x00, 0x00, 0x01, 0x00, 0x00, 0x00, 0x00, 0x30, 0x01, 0x00
    , 0x00, 0x00, 0x00, 0x93, 0x15, 0x00, 0x00, 0x00, 0x00, 0xaa, 0x01, 0x00
    , 0x00, 0x00, 0x00, 0xa0, 0x01, 0x00, 0x00, 0x00, 0x00, 0x5b, 0x01, 0x00
    , 0x00, 0x00, 0x00, 0x00, 0x06, 0x00, 0x00, 0x00, 0x00, 0xff, 0x01, 0x00
    , 0x00, 0x00, 0x00, 0xf1, 0x01, 0x00, 0x00, 0x00, 0x00, 0x38, 0x28, 0x00
    , 0x00, 0x00, 0x00, 0x00, 0x05, 0x00, 0x00, 0x00, 0x00, 0xff, 0x01, 0x00
    , 0x00, 0x00, 0x00, 0xf1, 0x01, 0x00, 0x00, 0x00, 0x00, 0x38, 0x29, 0x00
    , 0x00, 0x00, 0x00, 0x00, 0x04, 0x00, 0x00, 0x00, 0x00, 0xff, 0x01, 0x00
    , 0x00, 0x00, 0x00, 0xf1, 0x01, 0x00, 0x00, 0x00, 0x00, 0x38, 0x2a, 0x00
    , 0x00, 0x00, 0x00, 0x00, 0x03, 0x00, 0x00, 0x00, 0x00, 0xff, 0x01, 0x00
    , 0x00, 0x00, 0x00, 0xf1, 0x01, 0x00, 0x00, 0x00, 0x00, 0x38, 0x2b, 0x00
    , 0x00, 0x00, 0x00, 0x00, 0x01, 0x00, 0x00, 0x00, 0x00, 0xf6, 0x01, 0x00
    , 0x00, 0x00, 0x00, 0xff, 0x01, 0x00, 0x00, 0x00, 0x00, 0xf1, 0x01, 0x00
    , 0x00, 0x00, 0x00, 0x38, 0x2c, 0x00, 0x00, 0x00, 0x00, 0x00, 0x01, 0x00
    , 0x00, 0x00, 0x00, 0x73, 0x01, 0x00, 0x00, 0x00, 0x00, 0xbd, 0x01, 0x00
    , 0x00, 0x00, 0x00, 0x34, 0x13, 0x00, 0x00, 0x00, 0x00, 0x00, 0x01, 0x00
    , 0x00, 0x00, 0x00, 0x7f, 0x01, 0x00, 0x00, 0x00, 0x00, 0xe8, 0x15, 0x00
    , 0x00, 0x00, 0x00, 0xff, 0x01, 0x00, 0x00, 0x00, 0x00, 0xf5, 0x01, 0x00
    , 0x00, 0x00, 0x00, 0xb1, 0x01, 0x00, 0x00, 0x00, 0x00, 0x17, 0x15, 0x00
    , 0x00, 0x00, 0x00, 0x00, 0x01, 0x00, 0x00, 0x00, 0x00, 0x5b, 0x19, 0x00
    , 0x00, 0x00, 0x00, 0xff, 0x01, 0x00, 0x00, 0x00, 0x00, 0xb0, 0x15, 0x00
    , 0x00, 0x00, 0x00, 0x00, 0x01, 0x00, 0x00, 0x00, 0x00, 0x9e, 0x19, 0x00
    , 0x00, 0x00, 0x00, 0xff, 0x01, 0x00, 0x00, 0x00, 0x00, 0xf2, 0x15, 0x00
    , 0x00, 0x00, 0x00, 0x00, 0x01, 0x00, 0x00, 0x00, 0x00, 0x7e, 0x19, 0x00
    , 0x00, 0x00, 0x00, 0xff, 0x01, 0x00, 0x00, 0x00, 0x00, 0xd3, 0x15, 0x00
    , 0x00, 0x00, 0x00, 0x00, 0x01, 0x00, 0x00, 0x00, 0x00, 0x0e, 0x01, 0x00
    , 0x00, 0x00, 0x00, 0xce, 0x17, 0x00, 0x00, 0x00, 0x00, 0xff, 0x01, 0x00
    , 0x00, 0x00, 0x00, 0xf0, 0x01, 0x00, 0x00, 0x00, 0x00, 0x41, 0x16, 0x00
    , 0x00, 0x00, 0x00, 0x00, 0x01, 0x00, 0x00, 0x00, 0x00, 0x05, 0x01, 0x00
    , 0x00, 0x00, 0x00, 0x3d, 0x15, 0x00, 0x00, 0x00, 0x00, 0x54, 0x01, 0x00
    , 0x00, 0x00, 0x00, 0x4a, 0x01, 0x00, 0x00, 0x00, 0x00, 0x14, 0xc2, 0x00
    , 0x00, 0x00, 0x00, 0x00, 0x01, 0x00, 0x00, 0x00, 0x00, 0x14, 0x01, 0x00
    , 0x00, 0x00, 0x00, 0x4a, 0x2a, 0x00, 0x00, 0x00, 0x00, 0x54, 0x01, 0x00
    , 0x00, 0x00, 0x00, 0x4a, 0x01, 0x00, 0x00, 0x00, 0x00, 0x14, 0x01, 0x00
    , 0x00, 0x00, 0x00, 0x00, 0x01, 0x00, 0x00, 0x00, 0x00, 0x42, 0x01, 0x00
    , 0x00, 0x00, 0x00, 0xf1, 0x2c, 0x00, 0x00, 0x00, 0x00, 0xff, 0x01, 0x00
    , 0x00, 0x00, 0x00, 0xf1, 0x01, 0x00, 0x00, 0x00, 0x00, 0x41, 0x01, 0x00
    , 0x00, 0x00, 0x00, 0xd3, 0x2e, 0x00, 0x00, 0x00, 0x00, 0xff, 0x01, 0x00
    , 0x00, 0x00, 0x00, 0xd3, 0x01, 0x00, 0x00, 0x00, 0x00, 0xf3, 0x2e, 0x00
    , 0x00, 0x00, 0x00, 0xff, 0x01, 0x00, 0x00, 0x00, 0x00, 0xf2, 0x01, 0x00
    , 0x00, 0x00, 0x00, 0xb1, 0x2e, 0x00, 0x00, 0x00, 0x00, 0xff, 0x01, 0x00
    , 0x00, 0x00, 0x00, 0xb0, 0x01, 0x00, 0x00, 0x00, 0x00, 0x17, 0x01, 0x00
    , 0x00, 0x00, 0x00, 0xb0, 0x01, 0x00, 0x00, 0x00, 0x00, 0xf5, 0x2a, 0x00
    , 0x00, 0x00, 0x00, 0xff, 0x01, 0x00, 0x00, 0x00, 0x00, 0xf5, 0x01, 0x00
    , 0x00, 0x00, 0x00, 0xb0, 0x01, 0x00, 0x00, 0x00, 0x00, 0x17
};

inline Upp::Image ICON_EDITOR_FORMAT_INDENT_INCREASE_48()
{
    return Upp::UiMakeIcon(DATA_EDITOR_FORMAT_INDENT_INCREASE_48);
}

// Category: editor | Type: Outlined | Icon: format_italic | Size: 48x48 | Format: UiMakeIcon RLE
static const unsigned char DATA_EDITOR_FORMAT_ITALIC_48[] = {
    0x30, 0x80, 0x30, 0x00, 0x0d, 0x00, 0x00, 0x00, 0x00, 0x00, 0x01, 0x00
    , 0x00, 0x00, 0x00, 0x0d, 0x01, 0x00, 0x00, 0x00, 0x00, 0x92, 0x01, 0x00
    , 0x00, 0x00, 0x00, 0xda, 0x01, 0x00, 0x00, 0x00, 0x00, 0xfe, 0x19, 0x00
    , 0x00, 0x00, 0x00, 0xff, 0x01, 0x00, 0x00, 0x00, 0x00, 0xe7, 0x01, 0x00
    , 0x00, 0x00, 0x00, 0xb0, 0x01, 0x00, 0x00, 0x00, 0x00, 0x28, 0x0f, 0x00
    , 0x00, 0x00, 0x00, 0x00, 0x01, 0x00, 0x00, 0x00, 0x00, 0x0d, 0x01, 0x00
    , 0x00, 0x00, 0x00, 0xda, 0x1e, 0x00, 0x00, 0x00, 0x00, 0xff, 0x01, 0x00
    , 0x00, 0x00, 0x00, 0xf7, 0x01, 0x00, 0x00, 0x00, 0x00, 0x39, 0x0e, 0x00
    , 0x00, 0x00, 0x00, 0x00, 0x01, 0x00, 0x00, 0x00, 0x00, 0x92, 0x20, 0x00
    , 0x00, 0x00, 0x00, 0xff, 0x01, 0x00, 0x00, 0x00, 0x00, 0xd9, 0x01, 0x00
    , 0x00, 0x00, 0x00, 0x01, 0x0d, 0x00, 0x00, 0x00, 0x00, 0x00, 0x01, 0x00
    , 0x00, 0x00, 0x00, 0xda, 0x21, 0x00, 0x00, 0x00, 0x00, 0xff, 0x01, 0x00
    , 0x00, 0x00, 0x00, 0x22, 0x0d, 0x00, 0x00, 0x00, 0x00, 0x00, 0x01, 0x00
    , 0x00, 0x00, 0x00, 0xf1, 0x21, 0x00, 0x00, 0x00, 0x00, 0xff, 0x01, 0x00
    , 0x00, 0x00, 0x00, 0x3a, 0x0d, 0x00, 0x00, 0x00, 0x00, 0x00, 0x01, 0x00
    , 0x00, 0x00, 0x00, 0xc5, 0x21, 0x00, 0x00, 0x00, 0x00, 0xff, 0x01, 0x00
    , 0x00, 0x00, 0x00, 0x0f, 0x0d, 0x00, 0x00, 0x00, 0x00, 0x00, 0x01, 0x00
    , 0x00, 0x00, 0x00, 0x50, 0x20, 0x00, 0x00, 0x00, 0x00, 0xff, 0x01, 0x00
    , 0x00, 0x00, 0x00, 0x99, 0x0f, 0x00, 0x00, 0x00, 0x00, 0x00, 0x01, 0x00
    , 0x00, 0x00, 0x00, 0x7a, 0x01, 0x00, 0x00, 0x00, 0x00, 0xfb, 0x1d, 0x00
    , 0x00, 0x00, 0x00, 0xff, 0x01, 0x00, 0x00, 0x00, 0x00, 0xb1, 0x01, 0x00
    , 0x00, 0x00, 0x00, 0x0c, 0x10, 0x00, 0x00, 0x00, 0x00, 0x00, 0x01, 0x00
    , 0x00, 0x00, 0x00, 0x29, 0x01, 0x00, 0x00, 0x00, 0x00, 0x6b, 0x01, 0x00
    , 0x00, 0x00, 0x00, 0x90, 0x08, 0x00, 0x00, 0x00, 0x00, 0x91, 0x01, 0x00
    , 0x00, 0x00, 0x00, 0xb9, 0x08, 0x00, 0x00, 0x00, 0x00, 0xff, 0x01, 0x00
    , 0x00, 0x00, 0x00, 0xa9, 0x07, 0x00, 0x00, 0x00, 0x00, 0x91, 0x01, 0x00
    , 0x00, 0x00, 0x00, 0x79, 0x01, 0x00, 0x00, 0x00, 0x00, 0x43, 0x1d, 0x00
    , 0x00, 0x00, 0x00, 0x00, 0x01, 0x00, 0x00, 0x00, 0x00, 0x98, 0x07, 0x00
    , 0x00, 0x00, 0x00, 0xff, 0x01, 0x00, 0x00, 0x00, 0x00, 0xf1, 0x01, 0x00
    , 0x00, 0x00, 0x00, 0x07, 0x25, 0x00, 0x00, 0x00, 0x00, 0x00, 0x01, 0x00
    , 0x00, 0x00, 0x00, 0x03, 0x01, 0x00, 0x00, 0x00, 0x00, 0xea, 0x07, 0x00
    , 0x00, 0x00, 0x00, 0xff, 0x01, 0x00, 0x00, 0x00, 0x00, 0xa3, 0x26, 0x00
    , 0x00, 0x00, 0x00, 0x00, 0x01, 0x00, 0x00, 0x00, 0x00, 0x43, 0x08, 0x00
    , 0x00, 0x00, 0x00, 0xff, 0x01, 0x00, 0x00, 0x00, 0x00, 0x4e, 0x26, 0x00
    , 0x00, 0x00, 0x00, 0x00, 0x01, 0x00, 0x00, 0x00, 0x00, 0x98, 0x07, 0x00
    , 0x00, 0x00, 0x00, 0xff, 0x01, 0x00, 0x00, 0x00, 0x00, 0xf1, 0x01, 0x00
    , 0x00, 0x00, 0x00, 0x07, 0x25, 0x00, 0x00, 0x00, 0x00, 0x00, 0x01, 0x00
    , 0x00, 0x00, 0x00, 0x03, 0x01, 0x00, 0x00, 0x00, 0x00, 0xea, 0x07, 0x00
    , 0x00, 0x00, 0x00, 0xff, 0x01, 0x00, 0x00, 0x00, 0x00, 0xa3, 0x26, 0x00
    , 0x00, 0x00, 0x00, 0x00, 0x01, 0x00, 0x00, 0x00, 0x00, 0x43, 0x08, 0x00
    , 0x00, 0x00, 0x00, 0xff, 0x01, 0x00, 0x00, 0x00, 0x00, 0x4e, 0x26, 0x00
    , 0x00, 0x00, 0x00, 0x00, 0x01, 0x00, 0x00, 0x00, 0x00, 0x98, 0x07, 0x00
    , 0x00, 0x00, 0x00, 0xff, 0x01, 0x00, 0x00, 0x00, 0x00, 0xf1, 0x01, 0x00
    , 0x00, 0x00, 0x00, 0x07, 0x25, 0x00, 0x00, 0x00, 0x00, 0x00, 0x01, 0x00
    , 0x00, 0x00, 0x00, 0x03, 0x01, 0x00, 0x00, 0x00, 0x00, 0xea, 0x07, 0x00
    , 0x00, 0x00, 0x00, 0xff, 0x01, 0x00, 0x00, 0x00, 0x00, 0xa3, 0x26, 0x00
    , 0x00, 0x00, 0x00, 0x00, 0x01, 0x00, 0x00, 0x00, 0x00, 0x43, 0x08, 0x00
    , 0x00, 0x00, 0x00, 0xff, 0x01, 0x00, 0x00, 0x00, 0x00, 0x4e, 0x26, 0x00
    , 0x00, 0x00, 0x00, 0x00, 0x01, 0x00, 0x00, 0x00, 0x00, 0x98, 0x07, 0x00
    , 0x00, 0x00, 0x00, 0xff, 0x01, 0x00, 0x00, 0x00, 0x00, 0xf1, 0x01, 0x00
    , 0x00, 0x00, 0x00, 0x07, 0x25, 0x00, 0x00, 0x00, 0x00, 0x00, 0x01, 0x00
    , 0x00, 0x00, 0x00, 0x03, 0x01, 0x00, 0x00, 0x00, 0x00, 0xea, 0x07, 0x00
    , 0x00, 0x00, 0x00, 0xff, 0x01, 0x00, 0x00, 0x00, 0x00, 0xa3, 0x26, 0x00
    , 0x00, 0x00, 0x00, 0x00, 0x01, 0x00, 0x00, 0x00, 0x00, 0x43, 0x08, 0x00
    , 0x00, 0x00, 0x00, 0xff, 0x01, 0x00, 0x00, 0x00, 0x00, 0x4e, 0x26, 0x00
    , 0x00, 0x00, 0x00, 0x00, 0x01, 0x00, 0x00, 0x00, 0x00, 0x98, 0x07, 0x00
    , 0x00, 0x00, 0x00, 0xff, 0x01, 0x00, 0x00, 0x00, 0x00, 0xf1, 0x01, 0x00
    , 0x00, 0x00, 0x00, 0x07, 0x25, 0x00, 0x00, 0x00, 0x00, 0x00, 0x01, 0x00
    , 0x00, 0x00, 0x00, 0x03, 0x01, 0x00, 0x00, 0x00, 0x00, 0xea, 0x07, 0x00
    , 0x00, 0x00, 0x00, 0xff, 0x01, 0x00, 0x00, 0x00, 0x00, 0xa3, 0x26, 0x00
    , 0x00, 0x00, 0x00, 0x00, 0x01, 0x00, 0x00, 0x00, 0x00, 0x43, 0x08, 0x00
    , 0x00, 0x00, 0x00, 0xff, 0x01, 0x00, 0x00, 0x00, 0x00, 0x4e, 0x26, 0x00
    , 0x00, 0x00, 0x00, 0x00, 0x01, 0x00, 0x00, 0x00, 0x00, 0x98, 0x07, 0x00
    , 0x00, 0x00, 0x00, 0xff, 0x01, 0x00, 0x00, 0x00, 0x00, 0xf1, 0x01, 0x00
    , 0x00, 0x00, 0x00, 0x07, 0x25, 0x00, 0x00, 0x00, 0x00, 0x00, 0x01, 0x00
    , 0x00, 0x00, 0x00, 0x03, 0x01, 0x00, 0x00, 0x00, 0x00, 0xea, 0x07, 0x00
    , 0x00, 0x00, 0x00, 0xff, 0x01, 0x00, 0x00, 0x00, 0x00, 0xa3, 0x26, 0x00
    , 0x00, 0x00, 0x00, 0x00, 0x01, 0x00, 0x00, 0x00, 0x00, 0x43, 0x08, 0x00
    , 0x00, 0x00, 0x00, 0xff, 0x01, 0x00, 0x00, 0x00, 0x00, 0x4e, 0x26, 0x00
    , 0x00, 0x00, 0x00, 0x00, 0x01, 0x00, 0x00, 0x00, 0x00, 0x98, 0x07, 0x00
    , 0x00, 0x00, 0x00, 0xff, 0x01, 0x00, 0x00, 0x00, 0x00, 0xf1, 0x01, 0x00
    , 0x00, 0x00, 0x00, 0x07, 0x25, 0x00, 0x00, 0x00, 0x00, 0x00, 0x01, 0x00
    , 0x00, 0x00, 0x00, 0x03, 0x01, 0x00, 0x00, 0x00, 0x00, 0xea, 0x07, 0x00
    , 0x00, 0x00, 0x00, 0xff, 0x01, 0x00, 0x00, 0x00, 0x00, 0xa3, 0x26, 0x00
    , 0x00, 0x00, 0x00, 0x00, 0x01, 0x00, 0x00, 0x00, 0x00, 0x43, 0x08, 0x00
    , 0x00, 0x00, 0x00, 0xff, 0x01, 0x00, 0x00, 0x00, 0x00, 0x4e, 0x26, 0x00
    , 0x00, 0x00, 0x00, 0x00, 0x01, 0x00, 0x00, 0x00, 0x00, 0x98, 0x07, 0x00
    , 0x00, 0x00, 0x00, 0xff, 0x01, 0x00, 0x00, 0x00, 0x00, 0xf1, 0x01, 0x00
    , 0x00, 0x00, 0x00, 0x07, 0x25, 0x00, 0x00, 0x00, 0x00, 0x00, 0x01, 0x00
    , 0x00, 0x00, 0x00, 0x03, 0x01, 0x00, 0x00, 0x00, 0x00, 0xea, 0x07, 0x00
    , 0x00, 0x00, 0x00, 0xff, 0x01, 0x00, 0x00, 0x00, 0x00, 0xa3, 0x26, 0x00
    , 0x00, 0x00, 0x00, 0x00, 0x01, 0x00, 0x00, 0x00, 0x00, 0x43, 0x08, 0x00
    , 0x00, 0x00, 0x00, 0xff, 0x01, 0x00, 0x00, 0x00, 0x00, 0x4e, 0x26, 0x00
    , 0x00, 0x00, 0x00, 0x00, 0x01, 0x00, 0x00, 0x00, 0x00, 0x98, 0x07, 0x00
    , 0x00, 0x00, 0x00, 0xff, 0x01, 0x00, 0x00, 0x00, 0x00, 0xf1, 0x01, 0x00
    , 0x00, 0x00, 0x00, 0x07, 0x25, 0x00, 0x00, 0x00, 0x00, 0x00, 0x01, 0x00
    , 0x00, 0x00, 0x00, 0x03, 0x01, 0x00, 0x00, 0x00, 0x00, 0xea, 0x07, 0x00
    , 0x00, 0x00, 0x00, 0xff, 0x01, 0x00, 0x00, 0x00, 0x00, 0xa3, 0x26, 0x00
    , 0x00, 0x00, 0x00, 0x00, 0x01, 0x00, 0x00, 0x00, 0x00, 0x43, 0x08, 0x00
    , 0x00, 0x00, 0x00, 0xff, 0x01, 0x00, 0x00, 0x00, 0x00, 0x4e, 0x26, 0x00
    , 0x00, 0x00, 0x00, 0x00, 0x01, 0x00, 0x00, 0x00, 0x00, 0x98, 0x07, 0x00
    , 0x00, 0x00, 0x00, 0xff, 0x01, 0x00, 0x00, 0x00, 0x00, 0xf1, 0x01, 0x00
    , 0x00, 0x00, 0x00, 0x07, 0x25, 0x00, 0x00, 0x00, 0x00, 0x00, 0x01, 0x00
    , 0x00, 0x00, 0x00, 0x03, 0x01, 0x00, 0x00, 0x00, 0x00, 0xea, 0x07, 0x00
    , 0x00, 0x00, 0x00, 0xff, 0x01, 0x00, 0x00, 0x00, 0x00, 0xa3, 0x26, 0x00
    , 0x00, 0x00, 0x00, 0x00, 0x01, 0x00, 0x00, 0x00, 0x00, 0x43, 0x08, 0x00
    , 0x00, 0x00, 0x00, 0xff, 0x01, 0x00, 0x00, 0x00, 0x00, 0x4e, 0x1b, 0x00
    , 0x00, 0x00, 0x00, 0x00, 0x01, 0x00, 0x00, 0x00, 0x00, 0x43, 0x01, 0x00
    , 0x00, 0x00, 0x00, 0x7a, 0x09, 0x00, 0x00, 0x00, 0x00, 0x91, 0x01, 0x00
    , 0x00, 0x00, 0x00, 0xc8, 0x08, 0x00, 0x00, 0x00, 0x00, 0xff, 0x01, 0x00
    , 0x00, 0x00, 0x00, 0x99, 0x06, 0x00, 0x00, 0x00, 0x00, 0x91, 0x01, 0x00
    , 0x00, 0x00, 0x00, 0x90, 0x01, 0x00, 0x00, 0x00, 0x00, 0x6c, 0x01, 0x00
    , 0x00, 0x00, 0x00, 0x29, 0x10, 0x00, 0x00, 0x00, 0x00, 0x00, 0x01, 0x00
    , 0x00, 0x00, 0x00, 0x0d, 0x01, 0x00, 0x00, 0x00, 0x00, 0xb2, 0x1d, 0x00
    , 0x00, 0x00, 0x00, 0xff, 0x01, 0x00, 0x00, 0x00, 0x00, 0xfb, 0x01, 0x00
    , 0x00, 0x00, 0x00, 0x7a, 0x0f, 0x00, 0x00, 0x00, 0x00, 0x00, 0x01, 0x00
    , 0x00, 0x00, 0x00, 0x9a, 0x20, 0x00, 0x00, 0x00, 0x00, 0xff, 0x01, 0x00
    , 0x00, 0x00, 0x00, 0x50, 0x0d, 0x00, 0x00, 0x00, 0x00, 0x00, 0x01, 0x00
    , 0x00, 0x00, 0x00, 0x0f, 0x21, 0x00, 0x00, 0x00, 0x00, 0xff, 0x01, 0x00
    , 0x00, 0x00, 0x00, 0xc4, 0x0d, 0x00, 0x00, 0x00, 0x00, 0x00, 0x01, 0x00
    , 0x00, 0x00, 0x00, 0x3a, 0x21, 0x00, 0x00, 0x00, 0x00, 0xff, 0x01, 0x00
    , 0x00, 0x00, 0x00, 0xf1, 0x0d, 0x00, 0x00, 0x00, 0x00, 0x00, 0x01, 0x00
    , 0x00, 0x00, 0x00, 0x23, 0x21, 0x00, 0x00, 0x00, 0x00, 0xff, 0x01, 0x00
    , 0x00, 0x00, 0x00, 0xd9, 0x0d, 0x00, 0x00, 0x00, 0x00, 0x00, 0x01, 0x00
    , 0x00, 0x00, 0x00, 0x01, 0x01, 0x00, 0x00, 0x00, 0x00, 0xda, 0x20, 0x00
    , 0x00, 0x00, 0x00, 0xff, 0x01, 0x00, 0x00, 0x00, 0x00, 0x91, 0x0e, 0x00
    , 0x00, 0x00, 0x00, 0x00, 0x01, 0x00, 0x00, 0x00, 0x00, 0x3a, 0x01, 0x00
    , 0x00, 0x00, 0x00, 0xf7, 0x1e, 0x00, 0x00, 0x00, 0x00, 0xff, 0x01, 0x00
    , 0x00, 0x00, 0x00, 0xda, 0x01, 0x00, 0x00, 0x00, 0x00, 0x0d, 0x0f, 0x00
    , 0x00, 0x00, 0x00, 0x00, 0x01, 0x00, 0x00, 0x00, 0x00, 0x27, 0x01, 0x00
    , 0x00, 0x00, 0x00, 0xb0, 0x01, 0x00, 0x00, 0x00, 0x00, 0xe7, 0x19, 0x00
    , 0x00, 0x00, 0x00, 0xff, 0x01, 0x00, 0x00, 0x00, 0x00, 0xfe, 0x01, 0x00
    , 0x00, 0x00, 0x00, 0xd9, 0x01, 0x00, 0x00, 0x00, 0x00, 0x91, 0x01, 0x00
    , 0x00, 0x00, 0x00, 0x0d, 0x0d, 0x00, 0x00, 0x00, 0x00, 0x00
};

inline Upp::Image ICON_EDITOR_FORMAT_ITALIC_48()
{
    return Upp::UiMakeIcon(DATA_EDITOR_FORMAT_ITALIC_48);
}

// Category: editor | Type: Outlined | Icon: format_letter_spacing_standard | Size: 48x48 | Format: UiMakeIcon RLE
static const unsigned char DATA_EDITOR_FORMAT_LETTER_SPACING_STANDARD_48[] = {
    0x30, 0x80, 0x30, 0x00, 0x01, 0x00, 0x00, 0x00, 0x00, 0x08, 0x01, 0x00
    , 0x00, 0x00, 0x00, 0x8e, 0x02, 0x00, 0x00, 0x00, 0x00, 0xe8, 0x01, 0x00
    , 0x00, 0x00, 0x00, 0x8e, 0x01, 0x00, 0x00, 0x00, 0x00, 0x07, 0x24, 0x00
    , 0x00, 0x00, 0x00, 0x00, 0x01, 0x00, 0x00, 0x00, 0x00, 0x08, 0x01, 0x00
    , 0x00, 0x00, 0x00, 0x8e, 0x02, 0x00, 0x00, 0x00, 0x00, 0xe8, 0x01, 0x00
    , 0x00, 0x00, 0x00, 0x8e, 0x01, 0x00, 0x00, 0x00, 0x00, 0x07, 0x01, 0x00
    , 0x00, 0x00, 0x00, 0x8e, 0x04, 0x00, 0x00, 0x00, 0x00, 0xff, 0x01, 0x00
    , 0x00, 0x00, 0x00, 0x8e, 0x24, 0x00, 0x00, 0x00, 0x00, 0x00, 0x01, 0x00
    , 0x00, 0x00, 0x00, 0x8e, 0x04, 0x00, 0x00, 0x00, 0x00, 0xff, 0x01, 0x00
    , 0x00, 0x00, 0x00, 0x8e, 0x01, 0x00, 0x00, 0x00, 0x00, 0xe8, 0x04, 0x00
    , 0x00, 0x00, 0x00, 0xff, 0x01, 0x00, 0x00, 0x00, 0x00, 0xe8, 0x24, 0x00
    , 0x00, 0x00, 0x00, 0x00, 0x01, 0x00, 0x00, 0x00, 0x00, 0xe8, 0x04, 0x00
    , 0x00, 0x00, 0x00, 0xff, 0x01, 0x00, 0x00, 0x00, 0x00, 0xe8, 0x06, 0x00
    , 0x00, 0x00, 0x00, 0xff, 0x24, 0x00, 0x00, 0x00, 0x00, 0x00, 0x0c, 0x00
    , 0x00, 0x00, 0x00, 0xff, 0x24, 0x00, 0x00, 0x00, 0x00, 0x00, 0x0c, 0x00
    , 0x00, 0x00, 0x00, 0xff, 0x24, 0x00, 0x00, 0x00, 0x00, 0x00, 0x0c, 0x00
    , 0x00, 0x00, 0x00, 0xff, 0x24, 0x00, 0x00, 0x00, 0x00, 0x00, 0x0c, 0x00
    , 0x00, 0x00, 0x00, 0xff, 0x24, 0x00, 0x00, 0x00, 0x00, 0x00, 0x0c, 0x00
    , 0x00, 0x00, 0x00, 0xff, 0x24, 0x00, 0x00, 0x00, 0x00, 0x00, 0x0c, 0x00
    , 0x00, 0x00, 0x00, 0xff, 0x0f, 0x00, 0x00, 0x00, 0x00, 0x00, 0x01, 0x00
    , 0x00, 0x00, 0x00, 0x5c, 0x01, 0x00, 0x00, 0x00, 0x00, 0xd6, 0x02, 0x00
    , 0x00, 0x00, 0x00, 0xff, 0x01, 0x00, 0x00, 0x00, 0x00, 0xd6, 0x01, 0x00
    , 0x00, 0x00, 0x00, 0x5b, 0x0f, 0x00, 0x00, 0x00, 0x00, 0x00, 0x0c, 0x00
    , 0x00, 0x00, 0x00, 0xff, 0x0e, 0x00, 0x00, 0x00, 0x00, 0x00, 0x01, 0x00
    , 0x00, 0x00, 0x00, 0x30, 0x01, 0x00, 0x00, 0x00, 0x00, 0xfa, 0x04, 0x00
    , 0x00, 0x00, 0x00, 0xff, 0x01, 0x00, 0x00, 0x00, 0x00, 0xfa, 0x01, 0x00
    , 0x00, 0x00, 0x00, 0x30, 0x0e, 0x00, 0x00, 0x00, 0x00, 0x00, 0x0c, 0x00
    , 0x00, 0x00, 0x00, 0xff, 0x0e, 0x00, 0x00, 0x00, 0x00, 0x00, 0x01, 0x00
    , 0x00, 0x00, 0x00, 0x9f, 0x06, 0x00, 0x00, 0x00, 0x00, 0xff, 0x01, 0x00
    , 0x00, 0x00, 0x00, 0x9e, 0x0e, 0x00, 0x00, 0x00, 0x00, 0x00, 0x0c, 0x00
    , 0x00, 0x00, 0x00, 0xff, 0x0d, 0x00, 0x00, 0x00, 0x00, 0x00, 0x01, 0x00
    , 0x00, 0x00, 0x00, 0x0c, 0x01, 0x00, 0x00, 0x00, 0x00, 0xf4, 0x06, 0x00
    , 0x00, 0x00, 0x00, 0xff, 0x01, 0x00, 0x00, 0x00, 0x00, 0xf3, 0x01, 0x00
    , 0x00, 0x00, 0x00, 0x0b, 0x0d, 0x00, 0x00, 0x00, 0x00, 0x00, 0x0c, 0x00
    , 0x00, 0x00, 0x00, 0xff, 0x0d, 0x00, 0x00, 0x00, 0x00, 0x00, 0x01, 0x00
    , 0x00, 0x00, 0x00, 0x60, 0x08, 0x00, 0x00, 0x00, 0x00, 0xff, 0x01, 0x00
    , 0x00, 0x00, 0x00, 0x5e, 0x0d, 0x00, 0x00, 0x00, 0x00, 0x00, 0x0c, 0x00
    , 0x00, 0x00, 0x00, 0xff, 0x0d, 0x00, 0x00, 0x00, 0x00, 0x00, 0x01, 0x00
    , 0x00, 0x00, 0x00, 0xc1, 0x03, 0x00, 0x00, 0x00, 0x00, 0xff, 0x02, 0x00
    , 0x00, 0x00, 0x00, 0xe5, 0x03, 0x00, 0x00, 0x00, 0x00, 0xff, 0x01, 0x00
    , 0x00, 0x00, 0x00, 0xbe, 0x0d, 0x00, 0x00, 0x00, 0x00, 0x00, 0x0c, 0x00
    , 0x00, 0x00, 0x00, 0xff, 0x0c, 0x00, 0x00, 0x00, 0x00, 0x00, 0x01, 0x00
    , 0x00, 0x00, 0x00, 0x23, 0x01, 0x00, 0x00, 0x00, 0x00, 0xfe, 0x03, 0x00
    , 0x00, 0x00, 0x00, 0xff, 0x01, 0x00, 0x00, 0x00, 0x00, 0x84, 0x01, 0x00
    , 0x00, 0x00, 0x00, 0x85, 0x03, 0x00, 0x00, 0x00, 0x00, 0xff, 0x01, 0x00
    , 0x00, 0x00, 0x00, 0xfe, 0x01, 0x00, 0x00, 0x00, 0x00, 0x21, 0x0c, 0x00
    , 0x00, 0x00, 0x00, 0x00, 0x0c, 0x00, 0x00, 0x00, 0x00, 0xff, 0x0c, 0x00
    , 0x00, 0x00, 0x00, 0x00, 0x01, 0x00, 0x00, 0x00, 0x00, 0x82, 0x04, 0x00
    , 0x00, 0x00, 0x00, 0xff, 0x01, 0x00, 0x00, 0x00, 0x00, 0x2a, 0x01, 0x00
    , 0x00, 0x00, 0x00, 0x2b, 0x04, 0x00, 0x00, 0x00, 0x00, 0xff, 0x01, 0x00
    , 0x00, 0x00, 0x00, 0x7f, 0x0c, 0x00, 0x00, 0x00, 0x00, 0x00, 0x0c, 0x00
    , 0x00, 0x00, 0x00, 0xff, 0x0b, 0x00, 0x00, 0x00, 0x00, 0x00, 0x01, 0x00
    , 0x00, 0x00, 0x00, 0x01, 0x01, 0x00, 0x00, 0x00, 0x00, 0xe1, 0x03, 0x00
    , 0x00, 0x00, 0x00, 0xff, 0x01, 0x00, 0x00, 0x00, 0x00, 0xd1, 0x02, 0x00
    , 0x00, 0x00, 0x00, 0x00, 0x01, 0x00, 0x00, 0x00, 0x00, 0xd2, 0x03, 0x00
    , 0x00, 0x00, 0x00, 0xff, 0x01, 0x00, 0x00, 0x00, 0x00, 0xde, 0x01, 0x00
    , 0x00, 0x00, 0x00, 0x01, 0x0b, 0x00, 0x00, 0x00, 0x00, 0x00, 0x0c, 0x00
    , 0x00, 0x00, 0x00, 0xff, 0x0b, 0x00, 0x00, 0x00, 0x00, 0x00, 0x01, 0x00
    , 0x00, 0x00, 0x00, 0x43, 0x04, 0x00, 0x00, 0x00, 0x00, 0xff, 0x01, 0x00
    , 0x00, 0x00, 0x00, 0x77, 0x02, 0x00, 0x00, 0x00, 0x00, 0x00, 0x01, 0x00
    , 0x00, 0x00, 0x00, 0x78, 0x04, 0x00, 0x00, 0x00, 0x00, 0xff, 0x01, 0x00
    , 0x00, 0x00, 0x00, 0x40, 0x0b, 0x00, 0x00, 0x00, 0x00, 0x00, 0x0c, 0x00
    , 0x00, 0x00, 0x00, 0xff, 0x0b, 0x00, 0x00, 0x00, 0x00, 0x00, 0x01, 0x00
    , 0x00, 0x00, 0x00, 0xa4, 0x03, 0x00, 0x00, 0x00, 0x00, 0xff, 0x01, 0x00
    , 0x00, 0x00, 0x00, 0xfe, 0x01, 0x00, 0x00, 0x00, 0x00, 0x1f, 0x02, 0x00
    , 0x00, 0x00, 0x00, 0x00, 0x01, 0x00, 0x00, 0x00, 0x00, 0x20, 0x04, 0x00
    , 0x00, 0x00, 0x00, 0xff, 0x01, 0x00, 0x00, 0x00, 0x00, 0xa0, 0x0b, 0x00
    , 0x00, 0x00, 0x00, 0x00, 0x0c, 0x00, 0x00, 0x00, 0x00, 0xff, 0x0a, 0x00
    , 0x00, 0x00, 0x00, 0x00, 0x01, 0x00, 0x00, 0x00, 0x00, 0x0e, 0x01, 0x00
    , 0x00, 0x00, 0x00, 0xf6, 0x03, 0x00, 0x00, 0x00, 0x00, 0xff, 0x01, 0x00
    , 0x00, 0x00, 0x00, 0xc4, 0x04, 0x00, 0x00, 0x00, 0x00, 0x00, 0x01, 0x00
    , 0x00, 0x00, 0x00, 0xc5, 0x03, 0x00, 0x00, 0x00, 0x00, 0xff, 0x01, 0x00
    , 0x00, 0x00, 0x00, 0xf4, 0x01, 0x00, 0x00, 0x00, 0x00, 0x0c, 0x0a, 0x00
    , 0x00, 0x00, 0x00, 0x00, 0x0c, 0x00, 0x00, 0x00, 0x00, 0xff, 0x0a, 0x00
    , 0x00, 0x00, 0x00, 0x00, 0x01, 0x00, 0x00, 0x00, 0x00, 0x65, 0x04, 0x00
    , 0x00, 0x00, 0x00, 0xff, 0x01, 0x00, 0x00, 0x00, 0x00, 0x6b, 0x04, 0x00
    , 0x00, 0x00, 0x00, 0x00, 0x01, 0x00, 0x00, 0x00, 0x00, 0x6c, 0x04, 0x00
    , 0x00, 0x00, 0x00, 0xff, 0x01, 0x00, 0x00, 0x00, 0x00, 0x60, 0x0a, 0x00
    , 0x00, 0x00, 0x00, 0x00, 0x0c, 0x00, 0x00, 0x00, 0x00, 0xff, 0x0a, 0x00
    , 0x00, 0x00, 0x00, 0x00, 0x01, 0x00, 0x00, 0x00, 0x00, 0xc5, 0x03, 0x00
    , 0x00, 0x00, 0x00, 0xff, 0x01, 0x00, 0x00, 0x00, 0x00, 0xfb, 0x01, 0x00
    , 0x00, 0x00, 0x00, 0x16, 0x04, 0x00, 0x00, 0x00, 0x00, 0x00, 0x01, 0x00
    , 0x00, 0x00, 0x00, 0x16, 0x01, 0x00, 0x00, 0x00, 0x00, 0xfc, 0x03, 0x00
    , 0x00, 0x00, 0x00, 0xff, 0x01, 0x00, 0x00, 0x00, 0x00, 0xc1, 0x0a, 0x00
    , 0x00, 0x00, 0x00, 0x00, 0x0c, 0x00, 0x00, 0x00, 0x00, 0xff, 0x09, 0x00
    , 0x00, 0x00, 0x00, 0x00, 0x01, 0x00, 0x00, 0x00, 0x00, 0x27, 0x04, 0x00
    , 0x00, 0x00, 0x00, 0xff, 0x01, 0x00, 0x00, 0x00, 0x00, 0xb8, 0x06, 0x00
    , 0x00, 0x00, 0x00, 0x00, 0x01, 0x00, 0x00, 0x00, 0x00, 0xb9, 0x03, 0x00
    , 0x00, 0x00, 0x00, 0xff, 0x01, 0x00, 0x00, 0x00, 0x00, 0xfe, 0x01, 0x00
    , 0x00, 0x00, 0x00, 0x23, 0x09, 0x00, 0x00, 0x00, 0x00, 0x00, 0x0c, 0x00
    , 0x00, 0x00, 0x00, 0xff, 0x09, 0x00, 0x00, 0x00, 0x00, 0x00, 0x01, 0x00
    , 0x00, 0x00, 0x00, 0x86, 0x04, 0x00, 0x00, 0x00, 0x00, 0xff, 0x01, 0x00
    , 0x00, 0x00, 0x00, 0x5e, 0x06, 0x00, 0x00, 0x00, 0x00, 0x00, 0x01, 0x00
    , 0x00, 0x00, 0x00, 0x5f, 0x04, 0x00, 0x00, 0x00, 0x00, 0xff, 0x01, 0x00
    , 0x00, 0x00, 0x00, 0x81, 0x09, 0x00, 0x00, 0x00, 0x00, 0x00, 0x0c, 0x00
    , 0x00, 0x00, 0x00, 0xff, 0x08, 0x00, 0x00, 0x00, 0x00, 0x00, 0x01, 0x00
    , 0x00, 0x00, 0x00, 0x02, 0x01, 0x00, 0x00, 0x00, 0x00, 0xe4, 0x03, 0x00
    , 0x00, 0x00, 0x00, 0xff, 0x01, 0x00, 0x00, 0x00, 0x00, 0xf7, 0x01, 0x00
    , 0x00, 0x00, 0x00, 0x0d, 0x06, 0x00, 0x00, 0x00, 0x00, 0x00, 0x01, 0x00
    , 0x00, 0x00, 0x00, 0x0e, 0x01, 0x00, 0x00, 0x00, 0x00, 0xf7, 0x03, 0x00
    , 0x00, 0x00, 0x00, 0xff, 0x01, 0x00, 0x00, 0x00, 0x00, 0xe0, 0x01, 0x00
    , 0x00, 0x00, 0x00, 0x01, 0x08, 0x00, 0x00, 0x00, 0x00, 0x00, 0x0c, 0x00
    , 0x00, 0x00, 0x00, 0xff, 0x08, 0x00, 0x00, 0x00, 0x00, 0x00, 0x01, 0x00
    , 0x00, 0x00, 0x00, 0x47, 0x04, 0x00, 0x00, 0x00, 0x00, 0xff, 0x01, 0x00
    , 0x00, 0x00, 0x00, 0xac, 0x08, 0x00, 0x00, 0x00, 0x00, 0x00, 0x01, 0x00
    , 0x00, 0x00, 0x00, 0xac, 0x04, 0x00, 0x00, 0x00, 0x00, 0xff, 0x01, 0x00
    , 0x00, 0x00, 0x00, 0x42, 0x08, 0x00, 0x00, 0x00, 0x00, 0x00, 0x0c, 0x00
    , 0x00, 0x00, 0x00, 0xff, 0x08, 0x00, 0x00, 0x00, 0x00, 0x00, 0x01, 0x00
    , 0x00, 0x00, 0x00, 0xa8, 0x12, 0x00, 0x00, 0x00, 0x00, 0xff, 0x01, 0x00
    , 0x00, 0x00, 0x00, 0xa2, 0x08, 0x00, 0x00, 0x00, 0x00, 0x00, 0x0c, 0x00
    , 0x00, 0x00, 0x00, 0xff, 0x07, 0x00, 0x00, 0x00, 0x00, 0x00, 0x01, 0x00
    , 0x00, 0x00, 0x00, 0x11, 0x01, 0x00, 0x00, 0x00, 0x00, 0xf8, 0x12, 0x00
    , 0x00, 0x00, 0x00, 0xff, 0x01, 0x00, 0x00, 0x00, 0x00, 0xf5, 0x01, 0x00
    , 0x00, 0x00, 0x00, 0x0d, 0x07, 0x00, 0x00, 0x00, 0x00, 0x00, 0x0c, 0x00
    , 0x00, 0x00, 0x00, 0xff, 0x07, 0x00, 0x00, 0x00, 0x00, 0x00, 0x01, 0x00
    , 0x00, 0x00, 0x00, 0x69, 0x14, 0x00, 0x00, 0x00, 0x00, 0xff, 0x01, 0x00
    , 0x00, 0x00, 0x00, 0x63, 0x07, 0x00, 0x00, 0x00, 0x00, 0x00, 0x0c, 0x00
    , 0x00, 0x00, 0x00, 0xff, 0x07, 0x00, 0x00, 0x00, 0x00, 0x00, 0x01, 0x00
    , 0x00, 0x00, 0x00, 0xca, 0x14, 0x00, 0x00, 0x00, 0x00, 0xff, 0x01, 0x00
    , 0x00, 0x00, 0x00, 0xc3, 0x07, 0x00, 0x00, 0x00, 0x00, 0x00, 0x0c, 0x00
    , 0x00, 0x00, 0x00, 0xff, 0x06, 0x00, 0x00, 0x00, 0x00, 0x00, 0x01, 0x00
    , 0x00, 0x00, 0x00, 0x2b, 0x04, 0x00, 0x00, 0x00, 0x00, 0xff, 0x01, 0x00
    , 0x00, 0x00, 0x00, 0xe0, 0x0c, 0x00, 0x00, 0x00, 0x00, 0x59, 0x01, 0x00
    , 0x00, 0x00, 0x00, 0xe0, 0x04, 0x00, 0x00, 0x00, 0x00, 0xff, 0x01, 0x00
    , 0x00, 0x00, 0x00, 0x24, 0x06, 0x00, 0x00, 0x00, 0x00, 0x00, 0x0c, 0x00
    , 0x00, 0x00, 0x00, 0xff, 0x06, 0x00, 0x00, 0x00, 0x00, 0x00, 0x01, 0x00
    , 0x00, 0x00, 0x00, 0x8b, 0x04, 0x00, 0x00, 0x00, 0x00, 0xff, 0x01, 0x00
    , 0x00, 0x00, 0x00, 0x82, 0x0c, 0x00, 0x00, 0x00, 0x00, 0x00, 0x01, 0x00
    , 0x00, 0x00, 0x00, 0x86, 0x04, 0x00, 0x00, 0x00, 0x00, 0xff, 0x01, 0x00
    , 0x00, 0x00, 0x00, 0x83, 0x06, 0x00, 0x00, 0x00, 0x00, 0x00, 0x0c, 0x00
    , 0x00, 0x00, 0x00, 0xff, 0x05, 0x00, 0x00, 0x00, 0x00, 0x00, 0x01, 0x00
    , 0x00, 0x00, 0x00, 0x04, 0x01, 0x00, 0x00, 0x00, 0x00, 0xe7, 0x04, 0x00
    , 0x00, 0x00, 0x00, 0xff, 0x01, 0x00, 0x00, 0x00, 0x00, 0x27, 0x0c, 0x00
    , 0x00, 0x00, 0x00, 0x00, 0x01, 0x00, 0x00, 0x00, 0x00, 0x2c, 0x04, 0x00
    , 0x00, 0x00, 0x00, 0xff, 0x01, 0x00, 0x00, 0x00, 0x00, 0xe2, 0x01, 0x00
    , 0x00, 0x00, 0x00, 0x02, 0x05, 0x00, 0x00, 0x00, 0x00, 0x00, 0x0c, 0x00
    , 0x00, 0x00, 0x00, 0xff, 0x05, 0x00, 0x00, 0x00, 0x00, 0x00, 0x01, 0x00
    , 0x00, 0x00, 0x00, 0x4c, 0x04, 0x00, 0x00, 0x00, 0x00, 0xff, 0x01, 0x00
    , 0x00, 0x00, 0x00, 0xcb, 0x0e, 0x00, 0x00, 0x00, 0x00, 0x00, 0x01, 0x00
    , 0x00, 0x00, 0x00, 0xd2, 0x04, 0x00, 0x00, 0x00, 0x00, 0xff, 0x01, 0x00
    , 0x00, 0x00, 0x00, 0x44, 0x05, 0x00, 0x00, 0x00, 0x00, 0x00, 0x0c, 0x00
    , 0x00, 0x00, 0x00, 0xff, 0x05, 0x00, 0x00, 0x00, 0x00, 0x00, 0x01, 0x00
    , 0x00, 0x00, 0x00, 0xaa, 0x04, 0x00, 0x00, 0x00, 0x00, 0xff, 0x01, 0x00
    , 0x00, 0x00, 0x00, 0x6f, 0x0e, 0x00, 0x00, 0x00, 0x00, 0x00, 0x01, 0x00
    , 0x00, 0x00, 0x00, 0x79, 0x04, 0x00, 0x00, 0x00, 0x00, 0xff, 0x01, 0x00
    , 0x00, 0x00, 0x00, 0xa3, 0x05, 0x00, 0x00, 0x00, 0x00, 0x00, 0x0c, 0x00
    , 0x00, 0x00, 0x00, 0xff, 0x05, 0x00, 0x00, 0x00, 0x00, 0x00, 0x01, 0x00
    , 0x00, 0x00, 0x00, 0xd8, 0x03, 0x00, 0x00, 0x00, 0x00, 0xff, 0x01, 0x00
    , 0x00, 0x00, 0x00, 0xfc, 0x01, 0x00, 0x00, 0x00, 0x00, 0x17, 0x0e, 0x00
    , 0x00, 0x00, 0x00, 0x00, 0x01, 0x00, 0x00, 0x00, 0x00, 0x20, 0x04, 0x00
    , 0x00, 0x00, 0x00, 0xff, 0x01, 0x00, 0x00, 0x00, 0x00, 0xd9, 0x05, 0x00
    , 0x00, 0x00, 0x00, 0x00, 0x0c, 0x00, 0x00, 0x00, 0x00, 0xff, 0x05, 0x00
    , 0x00, 0x00, 0x00, 0x00, 0x01, 0x00, 0x00, 0x00, 0x00, 0xa2, 0x03, 0x00
    , 0x00, 0x00, 0x00, 0xff, 0x01, 0x00, 0x00, 0x00, 0x00, 0xaa, 0x10, 0x00
    , 0x00, 0x00, 0x00, 0x00, 0x01, 0x00, 0x00, 0x00, 0x00, 0xb0, 0x03, 0x00
    , 0x00, 0x00, 0x00, 0xff, 0x01, 0x00, 0x00, 0x00, 0x00, 0xae, 0x05, 0x00
    , 0x00, 0x00, 0x00, 0x00, 0x0c, 0x00, 0x00, 0x00, 0x00, 0xff, 0x05, 0x00
    , 0x00, 0x00, 0x00, 0x00, 0x01, 0x00, 0x00, 0x00, 0x00, 0x11, 0x01, 0x00
    , 0x00, 0x00, 0x00, 0xb1, 0x01, 0x00, 0x00, 0x00, 0x00, 0xee, 0x01, 0x00
    , 0x00, 0x00, 0x00, 0xb6, 0x01, 0x00, 0x00, 0x00, 0x00, 0x14, 0x10, 0x00
    , 0x00, 0x00, 0x00, 0x00, 0x01, 0x00, 0x00, 0x00, 0x00, 0x13, 0x01, 0x00
    , 0x00, 0x00, 0x00, 0xae, 0x01, 0x00, 0x00, 0x00, 0x00, 0xee, 0x01, 0x00
    , 0x00, 0x00, 0x00, 0xba, 0x01, 0x00, 0x00, 0x00, 0x00, 0x19, 0x05, 0x00
    , 0x00, 0x00, 0x00, 0x00, 0x0c, 0x00, 0x00, 0x00, 0x00, 0xff, 0x24, 0x00
    , 0x00, 0x00, 0x00, 0x00, 0x0c, 0x00, 0x00, 0x00, 0x00, 0xff, 0x24, 0x00
    , 0x00, 0x00, 0x00, 0x00, 0x0c, 0x00, 0x00, 0x00, 0x00, 0xff, 0x24, 0x00
    , 0x00, 0x00, 0x00, 0x00, 0x0c, 0x00, 0x00, 0x00, 0x00, 0xff, 0x24, 0x00
    , 0x00, 0x00, 0x00, 0x00, 0x0c, 0x00, 0x00, 0x00, 0x00, 0xff, 0x24, 0x00
    , 0x00, 0x00, 0x00, 0x00, 0x0c, 0x00, 0x00, 0x00, 0x00, 0xff, 0x24, 0x00
    , 0x00, 0x00, 0x00, 0x00, 0x06, 0x00, 0x00, 0x00, 0x00, 0xff, 0x01, 0x00
    , 0x00, 0x00, 0x00, 0xe8, 0x04, 0x00, 0x00, 0x00, 0x00, 0xff, 0x01, 0x00
    , 0x00, 0x00, 0x00, 0xe8, 0x24, 0x00, 0x00, 0x00, 0x00, 0x00, 0x01, 0x00
    , 0x00, 0x00, 0x00, 0xe8, 0x04, 0x00, 0x00, 0x00, 0x00, 0xff, 0x01, 0x00
    , 0x00, 0x00, 0x00, 0xe8, 0x01, 0x00, 0x00, 0x00, 0x00, 0x8e, 0x04, 0x00
    , 0x00, 0x00, 0x00, 0xff, 0x01, 0x00, 0x00, 0x00, 0x00, 0x8e, 0x24, 0x00
    , 0x00, 0x00, 0x00, 0x00, 0x01, 0x00, 0x00, 0x00, 0x00, 0x8e, 0x04, 0x00
    , 0x00, 0x00, 0x00, 0xff, 0x01, 0x00, 0x00, 0x00, 0x00, 0x8e, 0x01, 0x00
    , 0x00, 0x00, 0x00, 0x07, 0x01, 0x00, 0x00, 0x00, 0x00, 0x8e, 0x02, 0x00
    , 0x00, 0x00, 0x00, 0xe8, 0x01, 0x00, 0x00, 0x00, 0x00, 0x8e, 0x01, 0x00
    , 0x00, 0x00, 0x00, 0x07, 0x24, 0x00, 0x00, 0x00, 0x00, 0x00, 0x01, 0x00
    , 0x00, 0x00, 0x00, 0x07, 0x01, 0x00, 0x00, 0x00, 0x00, 0x8e, 0x02, 0x00
    , 0x00, 0x00, 0x00, 0xe8, 0x01, 0x00, 0x00, 0x00, 0x00, 0x8e, 0x01, 0x00
    , 0x00, 0x00, 0x00, 0x07
};

inline Upp::Image ICON_EDITOR_FORMAT_LETTER_SPACING_STANDARD_48()
{
    return Upp::UiMakeIcon(DATA_EDITOR_FORMAT_LETTER_SPACING_STANDARD_48);
}

// Category: editor | Type: Outlined | Icon: format_line_spacing | Size: 48x48 | Format: UiMakeIcon RLE
static const unsigned char DATA_EDITOR_FORMAT_LINE_SPACING_48[] = {
    0x30, 0x80, 0x30, 0x00, 0xf7, 0x00, 0x00, 0x00, 0x00, 0x00, 0x01, 0x00
    , 0x00, 0x00, 0x00, 0x2f, 0x01, 0x00, 0x00, 0x00, 0x00, 0x82, 0x01, 0x00
    , 0x00, 0x00, 0x00, 0x6d, 0x01, 0x00, 0x00, 0x00, 0x00, 0x09, 0x2b, 0x00
    , 0x00, 0x00, 0x00, 0x00, 0x01, 0x00, 0x00, 0x00, 0x00, 0x55, 0x01, 0x00
    , 0x00, 0x00, 0x00, 0xfa, 0x02, 0x00, 0x00, 0x00, 0x00, 0xff, 0x01, 0x00
    , 0x00, 0x00, 0x00, 0xd0, 0x01, 0x00, 0x00, 0x00, 0x00, 0x14, 0x0d, 0x00
    , 0x00, 0x00, 0x00, 0x00, 0x01, 0x00, 0x00, 0x00, 0x00, 0x12, 0x13, 0x00
    , 0x00, 0x00, 0x00, 0x26, 0x01, 0x00, 0x00, 0x00, 0x00, 0x22, 0x01, 0x00
    , 0x00, 0x00, 0x00, 0x03, 0x06, 0x00, 0x00, 0x00, 0x00, 0x00, 0x01, 0x00
    , 0x00, 0x00, 0x00, 0x55, 0x01, 0x00, 0x00, 0x00, 0x00, 0xfb, 0x04, 0x00
    , 0x00, 0x00, 0x00, 0xff, 0x01, 0x00, 0x00, 0x00, 0x00, 0xd1, 0x01, 0x00
    , 0x00, 0x00, 0x00, 0x13, 0x0a, 0x00, 0x00, 0x00, 0x00, 0x00, 0x01, 0x00
    , 0x00, 0x00, 0x00, 0x01, 0x01, 0x00, 0x00, 0x00, 0x00, 0xa2, 0x15, 0x00
    , 0x00, 0x00, 0x00, 0xff, 0x01, 0x00, 0x00, 0x00, 0x00, 0xe7, 0x01, 0x00
    , 0x00, 0x00, 0x00, 0x3a, 0x04, 0x00, 0x00, 0x00, 0x00, 0x00, 0x01, 0x00
    , 0x00, 0x00, 0x00, 0x55, 0x01, 0x00, 0x00, 0x00, 0x00, 0xfb, 0x06, 0x00
    , 0x00, 0x00, 0x00, 0xff, 0x01, 0x00, 0x00, 0x00, 0x00, 0xd1, 0x01, 0x00
    , 0x00, 0x00, 0x00, 0x13, 0x09, 0x00, 0x00, 0x00, 0x00, 0x00, 0x01, 0x00
    , 0x00, 0x00, 0x00, 0x54, 0x17, 0x00, 0x00, 0x00, 0x00, 0xff, 0x01, 0x00
    , 0x00, 0x00, 0x00, 0xd3, 0x03, 0x00, 0x00, 0x00, 0x00, 0x00, 0x01, 0x00
    , 0x00, 0x00, 0x00, 0x55, 0x01, 0x00, 0x00, 0x00, 0x00, 0xfb, 0x08, 0x00
    , 0x00, 0x00, 0x00, 0xff, 0x01, 0x00, 0x00, 0x00, 0x00, 0xd1, 0x01, 0x00
    , 0x00, 0x00, 0x00, 0x13, 0x08, 0x00, 0x00, 0x00, 0x00, 0x00, 0x01, 0x00
    , 0x00, 0x00, 0x00, 0x73, 0x17, 0x00, 0x00, 0x00, 0x00, 0xff, 0x01, 0x00
    , 0x00, 0x00, 0x00, 0xf1, 0x02, 0x00, 0x00, 0x00, 0x00, 0x00, 0x01, 0x00
    , 0x00, 0x00, 0x00, 0x55, 0x01, 0x00, 0x00, 0x00, 0x00, 0xfb, 0x0a, 0x00
    , 0x00, 0x00, 0x00, 0xff, 0x01, 0x00, 0x00, 0x00, 0x00, 0xd1, 0x01, 0x00
    , 0x00, 0x00, 0x00, 0x13, 0x07, 0x00, 0x00, 0x00, 0x00, 0x00, 0x01, 0x00
    , 0x00, 0x00, 0x00, 0x2b, 0x01, 0x00, 0x00, 0x00, 0x00, 0xfa, 0x16, 0x00
    , 0x00, 0x00, 0x00, 0xff, 0x01, 0x00, 0x00, 0x00, 0x00, 0xa4, 0x01, 0x00
    , 0x00, 0x00, 0x00, 0x00, 0x01, 0x00, 0x00, 0x00, 0x00, 0x55, 0x01, 0x00
    , 0x00, 0x00, 0x00, 0xfb, 0x0c, 0x00, 0x00, 0x00, 0x00, 0xff, 0x01, 0x00
    , 0x00, 0x00, 0x00, 0xd1, 0x01, 0x00, 0x00, 0x00, 0x00, 0x13, 0x07, 0x00
    , 0x00, 0x00, 0x00, 0x00, 0x01, 0x00, 0x00, 0x00, 0x00, 0x3f, 0x01, 0x00
    , 0x00, 0x00, 0x00, 0xa9, 0x13, 0x00, 0x00, 0x00, 0x00, 0xbe, 0x01, 0x00
    , 0x00, 0x00, 0x00, 0xba, 0x01, 0x00, 0x00, 0x00, 0x00, 0x82, 0x01, 0x00
    , 0x00, 0x00, 0x00, 0x0a, 0x01, 0x00, 0x00, 0x00, 0x00, 0x49, 0x01, 0x00
    , 0x00, 0x00, 0x00, 0xfb, 0x0e, 0x00, 0x00, 0x00, 0x00, 0xff, 0x01, 0x00
    , 0x00, 0x00, 0x00, 0xd0, 0x01, 0x00, 0x00, 0x00, 0x00, 0x09, 0x1e, 0x00
    , 0x00, 0x00, 0x00, 0x00, 0x01, 0x00, 0x00, 0x00, 0x00, 0xd4, 0x05, 0x00
    , 0x00, 0x00, 0x00, 0xff, 0x01, 0x00, 0x00, 0x00, 0x00, 0xfc, 0x04, 0x00
    , 0x00, 0x00, 0x00, 0xff, 0x01, 0x00, 0x00, 0x00, 0x00, 0xfc, 0x05, 0x00
    , 0x00, 0x00, 0x00, 0xff, 0x01, 0x00, 0x00, 0x00, 0x00, 0x6e, 0x1e, 0x00
    , 0x00, 0x00, 0x00, 0x00, 0x01, 0x00, 0x00, 0x00, 0x00, 0xe8, 0x04, 0x00
    , 0x00, 0x00, 0x00, 0xff, 0x01, 0x00, 0x00, 0x00, 0x00, 0xa2, 0x01, 0x00
    , 0x00, 0x00, 0x00, 0xac, 0x04, 0x00, 0x00, 0x00, 0x00, 0xff, 0x01, 0x00
    , 0x00, 0x00, 0x00, 0x68, 0x01, 0x00, 0x00, 0x00, 0x00, 0xe7, 0x04, 0x00
    , 0x00, 0x00, 0x00, 0xff, 0x01, 0x00, 0x00, 0x00, 0x00, 0x84, 0x1e, 0x00
    , 0x00, 0x00, 0x00, 0x00, 0x01, 0x00, 0x00, 0x00, 0x00, 0x8f, 0x03, 0x00
    , 0x00, 0x00, 0x00, 0xff, 0x01, 0x00, 0x00, 0x00, 0x00, 0x9d, 0x01, 0x00
    , 0x00, 0x00, 0x00, 0x02, 0x01, 0x00, 0x00, 0x00, 0x00, 0xa8, 0x04, 0x00
    , 0x00, 0x00, 0x00, 0xff, 0x01, 0x00, 0x00, 0x00, 0x00, 0x3d, 0x01, 0x00
    , 0x00, 0x00, 0x00, 0x25, 0x01, 0x00, 0x00, 0x00, 0x00, 0xe3, 0x02, 0x00
    , 0x00, 0x00, 0x00, 0xff, 0x01, 0x00, 0x00, 0x00, 0x00, 0xf9, 0x01, 0x00
    , 0x00, 0x00, 0x00, 0x2d, 0x1e, 0x00, 0x00, 0x00, 0x00, 0x00, 0x01, 0x00
    , 0x00, 0x00, 0x00, 0x02, 0x01, 0x00, 0x00, 0x00, 0x00, 0x66, 0x01, 0x00
    , 0x00, 0x00, 0x00, 0x99, 0x01, 0x00, 0x00, 0x00, 0x00, 0x5c, 0x02, 0x00
    , 0x00, 0x00, 0x00, 0x00, 0x01, 0x00, 0x00, 0x00, 0x00, 0xa8, 0x04, 0x00
    , 0x00, 0x00, 0x00, 0xff, 0x01, 0x00, 0x00, 0x00, 0x00, 0x3d, 0x01, 0x00
    , 0x00, 0x00, 0x00, 0x00, 0x01, 0x00, 0x00, 0x00, 0x00, 0x14, 0x01, 0x00
    , 0x00, 0x00, 0x00, 0x7e, 0x01, 0x00, 0x00, 0x00, 0x00, 0x8b, 0x01, 0x00
    , 0x00, 0x00, 0x00, 0x2f, 0x25, 0x00, 0x00, 0x00, 0x00, 0x00, 0x01, 0x00
    , 0x00, 0x00, 0x00, 0xa8, 0x04, 0x00, 0x00, 0x00, 0x00, 0xff, 0x01, 0x00
    , 0x00, 0x00, 0x00, 0x3d, 0x2a, 0x00, 0x00, 0x00, 0x00, 0x00, 0x01, 0x00
    , 0x00, 0x00, 0x00, 0xa8, 0x04, 0x00, 0x00, 0x00, 0x00, 0xff, 0x01, 0x00
    , 0x00, 0x00, 0x00, 0x3d, 0x2a, 0x00, 0x00, 0x00, 0x00, 0x00, 0x01, 0x00
    , 0x00, 0x00, 0x00, 0xa8, 0x04, 0x00, 0x00, 0x00, 0x00, 0xff, 0x01, 0x00
    , 0x00, 0x00, 0x00, 0x3d, 0x2a, 0x00, 0x00, 0x00, 0x00, 0x00, 0x01, 0x00
    , 0x00, 0x00, 0x00, 0xa8, 0x04, 0x00, 0x00, 0x00, 0x00, 0xff, 0x01, 0x00
    , 0x00, 0x00, 0x00, 0x3d, 0x2a, 0x00, 0x00, 0x00, 0x00, 0x00, 0x01, 0x00
    , 0x00, 0x00, 0x00, 0xa8, 0x04, 0x00, 0x00, 0x00, 0x00, 0xff, 0x01, 0x00
    , 0x00, 0x00, 0x00, 0x3d, 0x0c, 0x00, 0x00, 0x00, 0x00, 0x00, 0x01, 0x00
    , 0x00, 0x00, 0x00, 0x0f, 0x01, 0x00, 0x00, 0x00, 0x00, 0x5e, 0x13, 0x00
    , 0x00, 0x00, 0x00, 0x72, 0x01, 0x00, 0x00, 0x00, 0x00, 0x6e, 0x01, 0x00
    , 0x00, 0x00, 0x00, 0x37, 0x07, 0x00, 0x00, 0x00, 0x00, 0x00, 0x01, 0x00
    , 0x00, 0x00, 0x00, 0xa8, 0x04, 0x00, 0x00, 0x00, 0x00, 0xff, 0x01, 0x00
    , 0x00, 0x00, 0x00, 0x3d, 0x0b, 0x00, 0x00, 0x00, 0x00, 0x00, 0x01, 0x00
    , 0x00, 0x00, 0x00, 0x11, 0x01, 0x00, 0x00, 0x00, 0x00, 0xdf, 0x16, 0x00
    , 0x00, 0x00, 0x00, 0xff, 0x01, 0x00, 0x00, 0x00, 0x00, 0x6f, 0x06, 0x00
    , 0x00, 0x00, 0x00, 0x00, 0x01, 0x00, 0x00, 0x00, 0x00, 0xa8, 0x04, 0x00
    , 0x00, 0x00, 0x00, 0xff, 0x01, 0x00, 0x00, 0x00, 0x00, 0x3d, 0x0b, 0x00
    , 0x00, 0x00, 0x00, 0x00, 0x01, 0x00, 0x00, 0x00, 0x00, 0x69, 0x17, 0x00
    , 0x00, 0x00, 0x00, 0xff, 0x01, 0x00, 0x00, 0x00, 0x00, 0xe8, 0x06, 0x00
    , 0x00, 0x00, 0x00, 0x00, 0x01, 0x00, 0x00, 0x00, 0x00, 0xa8, 0x04, 0x00
    , 0x00, 0x00, 0x00, 0xff, 0x01, 0x00, 0x00, 0x00, 0x00, 0x3d, 0x0b, 0x00
    , 0x00, 0x00, 0x00, 0x00, 0x01, 0x00, 0x00, 0x00, 0x00, 0x69, 0x17, 0x00
    , 0x00, 0x00, 0x00, 0xff, 0x01, 0x00, 0x00, 0x00, 0x00, 0xe8, 0x06, 0x00
    , 0x00, 0x00, 0x00, 0x00, 0x01, 0x00, 0x00, 0x00, 0x00, 0xa8, 0x04, 0x00
    , 0x00, 0x00, 0x00, 0xff, 0x01, 0x00, 0x00, 0x00, 0x00, 0x3d, 0x0b, 0x00
    , 0x00, 0x00, 0x00, 0x00, 0x01, 0x00, 0x00, 0x00, 0x00, 0x11, 0x01, 0x00
    , 0x00, 0x00, 0x00, 0xdf, 0x16, 0x00, 0x00, 0x00, 0x00, 0xff, 0x01, 0x00
    , 0x00, 0x00, 0x00, 0x6f, 0x06, 0x00, 0x00, 0x00, 0x00, 0x00, 0x01, 0x00
    , 0x00, 0x00, 0x00, 0xa8, 0x04, 0x00, 0x00, 0x00, 0x00, 0xff, 0x01, 0x00
    , 0x00, 0x00, 0x00, 0x3d, 0x0c, 0x00, 0x00, 0x00, 0x00, 0x00, 0x01, 0x00
    , 0x00, 0x00, 0x00, 0x0f, 0x01, 0x00, 0x00, 0x00, 0x00, 0x5d, 0x13, 0x00
    , 0x00, 0x00, 0x00, 0x72, 0x01, 0x00, 0x00, 0x00, 0x00, 0x6e, 0x01, 0x00
    , 0x00, 0x00, 0x00, 0x37, 0x07, 0x00, 0x00, 0x00, 0x00, 0x00, 0x01, 0x00
    , 0x00, 0x00, 0x00, 0xa8, 0x04, 0x00, 0x00, 0x00, 0x00, 0xff, 0x01, 0x00
    , 0x00, 0x00, 0x00, 0x3d, 0x2a, 0x00, 0x00, 0x00, 0x00, 0x00, 0x01, 0x00
    , 0x00, 0x00, 0x00, 0xa8, 0x04, 0x00, 0x00, 0x00, 0x00, 0xff, 0x01, 0x00
    , 0x00, 0x00, 0x00, 0x3d, 0x2a, 0x00, 0x00, 0x00, 0x00, 0x00, 0x01, 0x00
    , 0x00, 0x00, 0x00, 0xa8, 0x04, 0x00, 0x00, 0x00, 0x00, 0xff, 0x01, 0x00
    , 0x00, 0x00, 0x00, 0x3d, 0x2a, 0x00, 0x00, 0x00, 0x00, 0x00, 0x01, 0x00
    , 0x00, 0x00, 0x00, 0xa8, 0x04, 0x00, 0x00, 0x00, 0x00, 0xff, 0x01, 0x00
    , 0x00, 0x00, 0x00, 0x3d, 0x24, 0x00, 0x00, 0x00, 0x00, 0x00, 0x01, 0x00
    , 0x00, 0x00, 0x00, 0x02, 0x01, 0x00, 0x00, 0x00, 0x00, 0x62, 0x01, 0x00
    , 0x00, 0x00, 0x00, 0x93, 0x01, 0x00, 0x00, 0x00, 0x00, 0x57, 0x02, 0x00
    , 0x00, 0x00, 0x00, 0x00, 0x01, 0x00, 0x00, 0x00, 0x00, 0xa8, 0x04, 0x00
    , 0x00, 0x00, 0x00, 0xff, 0x01, 0x00, 0x00, 0x00, 0x00, 0x3d, 0x01, 0x00
    , 0x00, 0x00, 0x00, 0x00, 0x01, 0x00, 0x00, 0x00, 0x00, 0x16, 0x01, 0x00
    , 0x00, 0x00, 0x00, 0x86, 0x01, 0x00, 0x00, 0x00, 0x00, 0x92, 0x01, 0x00
    , 0x00, 0x00, 0x00, 0x31, 0x1f, 0x00, 0x00, 0x00, 0x00, 0x00, 0x01, 0x00
    , 0x00, 0x00, 0x00, 0x92, 0x03, 0x00, 0x00, 0x00, 0x00, 0xff, 0x01, 0x00
    , 0x00, 0x00, 0x00, 0x9d, 0x01, 0x00, 0x00, 0x00, 0x00, 0x02, 0x01, 0x00
    , 0x00, 0x00, 0x00, 0xa8, 0x04, 0x00, 0x00, 0x00, 0x00, 0xff, 0x01, 0x00
    , 0x00, 0x00, 0x00, 0x3d, 0x01, 0x00, 0x00, 0x00, 0x00, 0x26, 0x01, 0x00
    , 0x00, 0x00, 0x00, 0xe3, 0x02, 0x00, 0x00, 0x00, 0x00, 0xff, 0x01, 0x00
    , 0x00, 0x00, 0x00, 0xf9, 0x01, 0x00, 0x00, 0x00, 0x00, 0x2b, 0x1e, 0x00
    , 0x00, 0x00, 0x00, 0x00, 0x01, 0x00, 0x00, 0x00, 0x00, 0xf0, 0x04, 0x00
    , 0x00, 0x00, 0x00, 0xff, 0x01, 0x00, 0x00, 0x00, 0x00, 0xa3, 0x01, 0x00
    , 0x00, 0x00, 0x00, 0xac, 0x04, 0x00, 0x00, 0x00, 0x00, 0xff, 0x01, 0x00
    , 0x00, 0x00, 0x00, 0x68, 0x01, 0x00, 0x00, 0x00, 0x00, 0xe7, 0x04, 0x00
    , 0x00, 0x00, 0x00, 0xff, 0x01, 0x00, 0x00, 0x00, 0x00, 0x7d, 0x1e, 0x00
    , 0x00, 0x00, 0x00, 0x00, 0x01, 0x00, 0x00, 0x00, 0x00, 0xd9, 0x05, 0x00
    , 0x00, 0x00, 0x00, 0xff, 0x01, 0x00, 0x00, 0x00, 0x00, 0xfc, 0x04, 0x00
    , 0x00, 0x00, 0x00, 0xff, 0x01, 0x00, 0x00, 0x00, 0x00, 0xfc, 0x05, 0x00
    , 0x00, 0x00, 0x00, 0xff, 0x01, 0x00, 0x00, 0x00, 0x00, 0x68, 0x1e, 0x00
    , 0x00, 0x00, 0x00, 0x00, 0x01, 0x00, 0x00, 0x00, 0x00, 0x49, 0x01, 0x00
    , 0x00, 0x00, 0x00, 0xfb, 0x0e, 0x00, 0x00, 0x00, 0x00, 0xff, 0x01, 0x00
    , 0x00, 0x00, 0x00, 0xd0, 0x01, 0x00, 0x00, 0x00, 0x00, 0x09, 0x1f, 0x00
    , 0x00, 0x00, 0x00, 0x00, 0x01, 0x00, 0x00, 0x00, 0x00, 0x55, 0x01, 0x00
    , 0x00, 0x00, 0x00, 0xfb, 0x0c, 0x00, 0x00, 0x00, 0x00, 0xff, 0x01, 0x00
    , 0x00, 0x00, 0x00, 0xd1, 0x01, 0x00, 0x00, 0x00, 0x00, 0x13, 0x07, 0x00
    , 0x00, 0x00, 0x00, 0x00, 0x01, 0x00, 0x00, 0x00, 0x00, 0x3f, 0x01, 0x00
    , 0x00, 0x00, 0x00, 0xaa, 0x13, 0x00, 0x00, 0x00, 0x00, 0xbe, 0x01, 0x00
    , 0x00, 0x00, 0x00, 0xba, 0x01, 0x00, 0x00, 0x00, 0x00, 0x83, 0x01, 0x00
    , 0x00, 0x00, 0x00, 0x0a, 0x02, 0x00, 0x00, 0x00, 0x00, 0x00, 0x01, 0x00
    , 0x00, 0x00, 0x00, 0x55, 0x01, 0x00, 0x00, 0x00, 0x00, 0xfb, 0x0a, 0x00
    , 0x00, 0x00, 0x00, 0xff, 0x01, 0x00, 0x00, 0x00, 0x00, 0xd1, 0x01, 0x00
    , 0x00, 0x00, 0x00, 0x13, 0x07, 0x00, 0x00, 0x00, 0x00, 0x00, 0x01, 0x00
    , 0x00, 0x00, 0x00, 0x2b, 0x01, 0x00, 0x00, 0x00, 0x00, 0xfa, 0x16, 0x00
    , 0x00, 0x00, 0x00, 0xff, 0x01, 0x00, 0x00, 0x00, 0x00, 0xa4, 0x03, 0x00
    , 0x00, 0x00, 0x00, 0x00, 0x01, 0x00, 0x00, 0x00, 0x00, 0x55, 0x01, 0x00
    , 0x00, 0x00, 0x00, 0xfb, 0x08, 0x00, 0x00, 0x00, 0x00, 0xff, 0x01, 0x00
    , 0x00, 0x00, 0x00, 0xd1, 0x01, 0x00, 0x00, 0x00, 0x00, 0x13, 0x08, 0x00
    , 0x00, 0x00, 0x00, 0x00, 0x01, 0x00, 0x00, 0x00, 0x00, 0x73, 0x17, 0x00
    , 0x00, 0x00, 0x00, 0xff, 0x01, 0x00, 0x00, 0x00, 0x00, 0xf1, 0x04, 0x00
    , 0x00, 0x00, 0x00, 0x00, 0x01, 0x00, 0x00, 0x00, 0x00, 0x55, 0x01, 0x00
    , 0x00, 0x00, 0x00, 0xfb, 0x06, 0x00, 0x00, 0x00, 0x00, 0xff, 0x01, 0x00
    , 0x00, 0x00, 0x00, 0xd1, 0x01, 0x00, 0x00, 0x00, 0x00, 0x13, 0x09, 0x00
    , 0x00, 0x00, 0x00, 0x00, 0x01, 0x00, 0x00, 0x00, 0x00, 0x54, 0x17, 0x00
    , 0x00, 0x00, 0x00, 0xff, 0x01, 0x00, 0x00, 0x00, 0x00, 0xd3, 0x05, 0x00
    , 0x00, 0x00, 0x00, 0x00, 0x01, 0x00, 0x00, 0x00, 0x00, 0x55, 0x01, 0x00
    , 0x00, 0x00, 0x00, 0xfb, 0x04, 0x00, 0x00, 0x00, 0x00, 0xff, 0x01, 0x00
    , 0x00, 0x00, 0x00, 0xd1, 0x01, 0x00, 0x00, 0x00, 0x00, 0x13, 0x0a, 0x00
    , 0x00, 0x00, 0x00, 0x00, 0x01, 0x00, 0x00, 0x00, 0x00, 0x01, 0x01, 0x00
    , 0x00, 0x00, 0x00, 0xa2, 0x15, 0x00, 0x00, 0x00, 0x00, 0xff, 0x01, 0x00
    , 0x00, 0x00, 0x00, 0xe7, 0x01, 0x00, 0x00, 0x00, 0x00, 0x3a, 0x06, 0x00
    , 0x00, 0x00, 0x00, 0x00, 0x01, 0x00, 0x00, 0x00, 0x00, 0x55, 0x01, 0x00
    , 0x00, 0x00, 0x00, 0xfa, 0x02, 0x00, 0x00, 0x00, 0x00, 0xff, 0x01, 0x00
    , 0x00, 0x00, 0x00, 0xd0, 0x01, 0x00, 0x00, 0x00, 0x00, 0x13, 0x0d, 0x00
    , 0x00, 0x00, 0x00, 0x00, 0x01, 0x00, 0x00, 0x00, 0x00, 0x12, 0x13, 0x00
    , 0x00, 0x00, 0x00, 0x26, 0x01, 0x00, 0x00, 0x00, 0x00, 0x22, 0x01, 0x00
    , 0x00, 0x00, 0x00, 0x03, 0x08, 0x00, 0x00, 0x00, 0x00, 0x00, 0x01, 0x00
    , 0x00, 0x00, 0x00, 0x2f, 0x01, 0x00, 0x00, 0x00, 0x00, 0x81, 0x01, 0x00
    , 0x00, 0x00, 0x00, 0x6c, 0x01, 0x00, 0x00, 0x00, 0x00, 0x09, 0x15, 0x01
    , 0x00, 0x00, 0x00, 0x00
};

inline Upp::Image ICON_EDITOR_FORMAT_LINE_SPACING_48()
{
    return Upp::UiMakeIcon(DATA_EDITOR_FORMAT_LINE_SPACING_48);
}

// Category: editor | Type: Outlined | Icon: format_list_bulleted | Size: 48x48 | Format: UiMakeIcon RLE
static const unsigned char DATA_EDITOR_FORMAT_LIST_BULLETED_48[] = {
    0x30, 0x80, 0x30, 0x00, 0x63, 0x00, 0x00, 0x00, 0x00, 0x00, 0x01, 0x00
    , 0x00, 0x00, 0x00, 0x04, 0x01, 0x00, 0x00, 0x00, 0x00, 0x2c, 0x01, 0x00
    , 0x00, 0x00, 0x00, 0x47, 0x01, 0x00, 0x00, 0x00, 0x00, 0x1c, 0x2b, 0x00
    , 0x00, 0x00, 0x00, 0x00, 0x01, 0x00, 0x00, 0x00, 0x00, 0x66, 0x01, 0x00
    , 0x00, 0x00, 0x00, 0xf1, 0x03, 0x00, 0x00, 0x00, 0x00, 0xff, 0x01, 0x00
    , 0x00, 0x00, 0x00, 0xd2, 0x01, 0x00, 0x00, 0x00, 0x00, 0x31, 0x28, 0x00
    , 0x00, 0x00, 0x00, 0x00, 0x01, 0x00, 0x00, 0x00, 0x00, 0x97, 0x06, 0x00
    , 0x00, 0x00, 0x00, 0xff, 0x01, 0x00, 0x00, 0x00, 0x00, 0xfa, 0x01, 0x00
    , 0x00, 0x00, 0x00, 0x47, 0x26, 0x00, 0x00, 0x00, 0x00, 0x00, 0x01, 0x00
    , 0x00, 0x00, 0x00, 0x4c, 0x08, 0x00, 0x00, 0x00, 0x00, 0xff, 0x01, 0x00
    , 0x00, 0x00, 0x00, 0xe5, 0x01, 0x00, 0x00, 0x00, 0x00, 0x11, 0x06, 0x00
    , 0x00, 0x00, 0x00, 0x00, 0x01, 0x00, 0x00, 0x00, 0x00, 0x5b, 0x01, 0x00
    , 0x00, 0x00, 0x00, 0xa0, 0x1a, 0x00, 0x00, 0x00, 0x00, 0xaa, 0x01, 0x00
    , 0x00, 0x00, 0x00, 0xa0, 0x01, 0x00, 0x00, 0x00, 0x00, 0x5b, 0x01, 0x00
    , 0x00, 0x00, 0x00, 0x00, 0x01, 0x00, 0x00, 0x00, 0x00, 0xb7, 0x09, 0x00
    , 0x00, 0x00, 0x00, 0xff, 0x01, 0x00, 0x00, 0x00, 0x00, 0x60, 0x05, 0x00
    , 0x00, 0x00, 0x00, 0x00, 0x01, 0x00, 0x00, 0x00, 0x00, 0x7f, 0x1e, 0x00
    , 0x00, 0x00, 0x00, 0xff, 0x01, 0x00, 0x00, 0x00, 0x00, 0x7f, 0x01, 0x00
    , 0x00, 0x00, 0x00, 0xe7, 0x09, 0x00, 0x00, 0x00, 0x00, 0xff, 0x01, 0x00
    , 0x00, 0x00, 0x00, 0x91, 0x05, 0x00, 0x00, 0x00, 0x00, 0x00, 0x01, 0x00
    , 0x00, 0x00, 0x00, 0xe8, 0x1e, 0x00, 0x00, 0x00, 0x00, 0xff, 0x01, 0x00
    , 0x00, 0x00, 0x00, 0xe8, 0x01, 0x00, 0x00, 0x00, 0x00, 0xe7, 0x09, 0x00
    , 0x00, 0x00, 0x00, 0xff, 0x01, 0x00, 0x00, 0x00, 0x00, 0x91, 0x05, 0x00
    , 0x00, 0x00, 0x00, 0x00, 0x01, 0x00, 0x00, 0x00, 0x00, 0xe8, 0x1e, 0x00
    , 0x00, 0x00, 0x00, 0xff, 0x01, 0x00, 0x00, 0x00, 0x00, 0xe8, 0x01, 0x00
    , 0x00, 0x00, 0x00, 0xb7, 0x09, 0x00, 0x00, 0x00, 0x00, 0xff, 0x01, 0x00
    , 0x00, 0x00, 0x00, 0x60, 0x05, 0x00, 0x00, 0x00, 0x00, 0x00, 0x01, 0x00
    , 0x00, 0x00, 0x00, 0x7f, 0x1e, 0x00, 0x00, 0x00, 0x00, 0xff, 0x01, 0x00
    , 0x00, 0x00, 0x00, 0x7f, 0x01, 0x00, 0x00, 0x00, 0x00, 0x4c, 0x08, 0x00
    , 0x00, 0x00, 0x00, 0xff, 0x01, 0x00, 0x00, 0x00, 0x00, 0xe4, 0x01, 0x00
    , 0x00, 0x00, 0x00, 0x10, 0x06, 0x00, 0x00, 0x00, 0x00, 0x00, 0x01, 0x00
    , 0x00, 0x00, 0x00, 0x5b, 0x01, 0x00, 0x00, 0x00, 0x00, 0xa0, 0x1a, 0x00
    , 0x00, 0x00, 0x00, 0xaa, 0x01, 0x00, 0x00, 0x00, 0x00, 0xa0, 0x01, 0x00
    , 0x00, 0x00, 0x00, 0x5b, 0x02, 0x00, 0x00, 0x00, 0x00, 0x00, 0x01, 0x00
    , 0x00, 0x00, 0x00, 0x97, 0x06, 0x00, 0x00, 0x00, 0x00, 0xff, 0x01, 0x00
    , 0x00, 0x00, 0x00, 0xfa, 0x01, 0x00, 0x00, 0x00, 0x00, 0x47, 0x28, 0x00
    , 0x00, 0x00, 0x00, 0x00, 0x01, 0x00, 0x00, 0x00, 0x00, 0x65, 0x01, 0x00
    , 0x00, 0x00, 0x00, 0xf1, 0x03, 0x00, 0x00, 0x00, 0x00, 0xff, 0x01, 0x00
    , 0x00, 0x00, 0x00, 0xd1, 0x01, 0x00, 0x00, 0x00, 0x00, 0x31, 0x2a, 0x00
    , 0x00, 0x00, 0x00, 0x00, 0x01, 0x00, 0x00, 0x00, 0x00, 0x03, 0x01, 0x00
    , 0x00, 0x00, 0x00, 0x2b, 0x01, 0x00, 0x00, 0x00, 0x00, 0x47, 0x01, 0x00
    , 0x00, 0x00, 0x00, 0x1b, 0xec, 0x00, 0x00, 0x00, 0x00, 0x00, 0x01, 0x00
    , 0x00, 0x00, 0x00, 0x04, 0x01, 0x00, 0x00, 0x00, 0x00, 0x2c, 0x01, 0x00
    , 0x00, 0x00, 0x00, 0x47, 0x01, 0x00, 0x00, 0x00, 0x00, 0x1c, 0x2b, 0x00
    , 0x00, 0x00, 0x00, 0x00, 0x01, 0x00, 0x00, 0x00, 0x00, 0x66, 0x01, 0x00
    , 0x00, 0x00, 0x00, 0xf1, 0x03, 0x00, 0x00, 0x00, 0x00, 0xff, 0x01, 0x00
    , 0x00, 0x00, 0x00, 0xd2, 0x01, 0x00, 0x00, 0x00, 0x00, 0x31, 0x28, 0x00
    , 0x00, 0x00, 0x00, 0x00, 0x01, 0x00, 0x00, 0x00, 0x00, 0x97, 0x06, 0x00
    , 0x00, 0x00, 0x00, 0xff, 0x01, 0x00, 0x00, 0x00, 0x00, 0xfa, 0x01, 0x00
    , 0x00, 0x00, 0x00, 0x47, 0x26, 0x00, 0x00, 0x00, 0x00, 0x00, 0x01, 0x00
    , 0x00, 0x00, 0x00, 0x4c, 0x08, 0x00, 0x00, 0x00, 0x00, 0xff, 0x01, 0x00
    , 0x00, 0x00, 0x00, 0xe5, 0x01, 0x00, 0x00, 0x00, 0x00, 0x11, 0x06, 0x00
    , 0x00, 0x00, 0x00, 0x00, 0x01, 0x00, 0x00, 0x00, 0x00, 0x5b, 0x01, 0x00
    , 0x00, 0x00, 0x00, 0xa0, 0x1a, 0x00, 0x00, 0x00, 0x00, 0xaa, 0x01, 0x00
    , 0x00, 0x00, 0x00, 0xa0, 0x01, 0x00, 0x00, 0x00, 0x00, 0x5b, 0x01, 0x00
    , 0x00, 0x00, 0x00, 0x00, 0x01, 0x00, 0x00, 0x00, 0x00, 0xb7, 0x09, 0x00
    , 0x00, 0x00, 0x00, 0xff, 0x01, 0x00, 0x00, 0x00, 0x00, 0x60, 0x05, 0x00
    , 0x00, 0x00, 0x00, 0x00, 0x01, 0x00, 0x00, 0x00, 0x00, 0x7f, 0x1e, 0x00
    , 0x00, 0x00, 0x00, 0xff, 0x01, 0x00, 0x00, 0x00, 0x00, 0x7f, 0x01, 0x00
    , 0x00, 0x00, 0x00, 0xe7, 0x09, 0x00, 0x00, 0x00, 0x00, 0xff, 0x01, 0x00
    , 0x00, 0x00, 0x00, 0x91, 0x05, 0x00, 0x00, 0x00, 0x00, 0x00, 0x01, 0x00
    , 0x00, 0x00, 0x00, 0xe8, 0x1e, 0x00, 0x00, 0x00, 0x00, 0xff, 0x01, 0x00
    , 0x00, 0x00, 0x00, 0xe8, 0x01, 0x00, 0x00, 0x00, 0x00, 0xe7, 0x09, 0x00
    , 0x00, 0x00, 0x00, 0xff, 0x01, 0x00, 0x00, 0x00, 0x00, 0x91, 0x05, 0x00
    , 0x00, 0x00, 0x00, 0x00, 0x01, 0x00, 0x00, 0x00, 0x00, 0xe8, 0x1e, 0x00
    , 0x00, 0x00, 0x00, 0xff, 0x01, 0x00, 0x00, 0x00, 0x00, 0xe8, 0x01, 0x00
    , 0x00, 0x00, 0x00, 0xb7, 0x09, 0x00, 0x00, 0x00, 0x00, 0xff, 0x01, 0x00
    , 0x00, 0x00, 0x00, 0x60, 0x05, 0x00, 0x00, 0x00, 0x00, 0x00, 0x01, 0x00
    , 0x00, 0x00, 0x00, 0x7f, 0x1e, 0x00, 0x00, 0x00, 0x00, 0xff, 0x01, 0x00
    , 0x00, 0x00, 0x00, 0x7f, 0x01, 0x00, 0x00, 0x00, 0x00, 0x4c, 0x08, 0x00
    , 0x00, 0x00, 0x00, 0xff, 0x01, 0x00, 0x00, 0x00, 0x00, 0xe4, 0x01, 0x00
    , 0x00, 0x00, 0x00, 0x10, 0x06, 0x00, 0x00, 0x00, 0x00, 0x00, 0x01, 0x00
    , 0x00, 0x00, 0x00, 0x5b, 0x01, 0x00, 0x00, 0x00, 0x00, 0xa0, 0x1a, 0x00
    , 0x00, 0x00, 0x00, 0xaa, 0x01, 0x00, 0x00, 0x00, 0x00, 0xa0, 0x01, 0x00
    , 0x00, 0x00, 0x00, 0x5b, 0x02, 0x00, 0x00, 0x00, 0x00, 0x00, 0x01, 0x00
    , 0x00, 0x00, 0x00, 0x97, 0x06, 0x00, 0x00, 0x00, 0x00, 0xff, 0x01, 0x00
    , 0x00, 0x00, 0x00, 0xfa, 0x01, 0x00, 0x00, 0x00, 0x00, 0x47, 0x28, 0x00
    , 0x00, 0x00, 0x00, 0x00, 0x01, 0x00, 0x00, 0x00, 0x00, 0x65, 0x01, 0x00
    , 0x00, 0x00, 0x00, 0xf1, 0x03, 0x00, 0x00, 0x00, 0x00, 0xff, 0x01, 0x00
    , 0x00, 0x00, 0x00, 0xd1, 0x01, 0x00, 0x00, 0x00, 0x00, 0x31, 0x2a, 0x00
    , 0x00, 0x00, 0x00, 0x00, 0x01, 0x00, 0x00, 0x00, 0x00, 0x03, 0x01, 0x00
    , 0x00, 0x00, 0x00, 0x2b, 0x01, 0x00, 0x00, 0x00, 0x00, 0x47, 0x01, 0x00
    , 0x00, 0x00, 0x00, 0x1b, 0xec, 0x00, 0x00, 0x00, 0x00, 0x00, 0x01, 0x00
    , 0x00, 0x00, 0x00, 0x04, 0x01, 0x00, 0x00, 0x00, 0x00, 0x2c, 0x01, 0x00
    , 0x00, 0x00, 0x00, 0x47, 0x01, 0x00, 0x00, 0x00, 0x00, 0x1c, 0x2b, 0x00
    , 0x00, 0x00, 0x00, 0x00, 0x01, 0x00, 0x00, 0x00, 0x00, 0x66, 0x01, 0x00
    , 0x00, 0x00, 0x00, 0xf1, 0x03, 0x00, 0x00, 0x00, 0x00, 0xff, 0x01, 0x00
    , 0x00, 0x00, 0x00, 0xd2, 0x01, 0x00, 0x00, 0x00, 0x00, 0x31, 0x28, 0x00
    , 0x00, 0x00, 0x00, 0x00, 0x01, 0x00, 0x00, 0x00, 0x00, 0x97, 0x06, 0x00
    , 0x00, 0x00, 0x00, 0xff, 0x01, 0x00, 0x00, 0x00, 0x00, 0xfa, 0x01, 0x00
    , 0x00, 0x00, 0x00, 0x47, 0x26, 0x00, 0x00, 0x00, 0x00, 0x00, 0x01, 0x00
    , 0x00, 0x00, 0x00, 0x4c, 0x08, 0x00, 0x00, 0x00, 0x00, 0xff, 0x01, 0x00
    , 0x00, 0x00, 0x00, 0xe5, 0x01, 0x00, 0x00, 0x00, 0x00, 0x11, 0x06, 0x00
    , 0x00, 0x00, 0x00, 0x00, 0x01, 0x00, 0x00, 0x00, 0x00, 0x5b, 0x01, 0x00
    , 0x00, 0x00, 0x00, 0xa0, 0x1a, 0x00, 0x00, 0x00, 0x00, 0xaa, 0x01, 0x00
    , 0x00, 0x00, 0x00, 0xa0, 0x01, 0x00, 0x00, 0x00, 0x00, 0x5b, 0x01, 0x00
    , 0x00, 0x00, 0x00, 0x00, 0x01, 0x00, 0x00, 0x00, 0x00, 0xb7, 0x09, 0x00
    , 0x00, 0x00, 0x00, 0xff, 0x01, 0x00, 0x00, 0x00, 0x00, 0x60, 0x05, 0x00
    , 0x00, 0x00, 0x00, 0x00, 0x01, 0x00, 0x00, 0x00, 0x00, 0x7f, 0x1e, 0x00
    , 0x00, 0x00, 0x00, 0xff, 0x01, 0x00, 0x00, 0x00, 0x00, 0x7f, 0x01, 0x00
    , 0x00, 0x00, 0x00, 0xe7, 0x09, 0x00, 0x00, 0x00, 0x00, 0xff, 0x01, 0x00
    , 0x00, 0x00, 0x00, 0x91, 0x05, 0x00, 0x00, 0x00, 0x00, 0x00, 0x01, 0x00
    , 0x00, 0x00, 0x00, 0xe8, 0x1e, 0x00, 0x00, 0x00, 0x00, 0xff, 0x01, 0x00
    , 0x00, 0x00, 0x00, 0xe8, 0x01, 0x00, 0x00, 0x00, 0x00, 0xe7, 0x09, 0x00
    , 0x00, 0x00, 0x00, 0xff, 0x01, 0x00, 0x00, 0x00, 0x00, 0x91, 0x05, 0x00
    , 0x00, 0x00, 0x00, 0x00, 0x01, 0x00, 0x00, 0x00, 0x00, 0xe8, 0x1e, 0x00
    , 0x00, 0x00, 0x00, 0xff, 0x01, 0x00, 0x00, 0x00, 0x00, 0xe8, 0x01, 0x00
    , 0x00, 0x00, 0x00, 0xb7, 0x09, 0x00, 0x00, 0x00, 0x00, 0xff, 0x01, 0x00
    , 0x00, 0x00, 0x00, 0x60, 0x05, 0x00, 0x00, 0x00, 0x00, 0x00, 0x01, 0x00
    , 0x00, 0x00, 0x00, 0x7f, 0x1e, 0x00, 0x00, 0x00, 0x00, 0xff, 0x01, 0x00
    , 0x00, 0x00, 0x00, 0x7f, 0x01, 0x00, 0x00, 0x00, 0x00, 0x4c, 0x08, 0x00
    , 0x00, 0x00, 0x00, 0xff, 0x01, 0x00, 0x00, 0x00, 0x00, 0xe4, 0x01, 0x00
    , 0x00, 0x00, 0x00, 0x10, 0x06, 0x00, 0x00, 0x00, 0x00, 0x00, 0x01, 0x00
    , 0x00, 0x00, 0x00, 0x5b, 0x01, 0x00, 0x00, 0x00, 0x00, 0xa0, 0x1a, 0x00
    , 0x00, 0x00, 0x00, 0xaa, 0x01, 0x00, 0x00, 0x00, 0x00, 0xa0, 0x01, 0x00
    , 0x00, 0x00, 0x00, 0x5b, 0x02, 0x00, 0x00, 0x00, 0x00, 0x00, 0x01, 0x00
    , 0x00, 0x00, 0x00, 0x97, 0x06, 0x00, 0x00, 0x00, 0x00, 0xff, 0x01, 0x00
    , 0x00, 0x00, 0x00, 0xfa, 0x01, 0x00, 0x00, 0x00, 0x00, 0x47, 0x28, 0x00
    , 0x00, 0x00, 0x00, 0x00, 0x01, 0x00, 0x00, 0x00, 0x00, 0x65, 0x01, 0x00
    , 0x00, 0x00, 0x00, 0xf1, 0x03, 0x00, 0x00, 0x00, 0x00, 0xff, 0x01, 0x00
    , 0x00, 0x00, 0x00, 0xd1, 0x01, 0x00, 0x00, 0x00, 0x00, 0x31, 0x2a, 0x00
    , 0x00, 0x00, 0x00, 0x00, 0x01, 0x00, 0x00, 0x00, 0x00, 0x03, 0x01, 0x00
    , 0x00, 0x00, 0x00, 0x2b, 0x01, 0x00, 0x00, 0x00, 0x00, 0x47, 0x01, 0x00
    , 0x00, 0x00, 0x00, 0x1b, 0x89, 0x00, 0x00, 0x00, 0x00, 0x00
};

inline Upp::Image ICON_EDITOR_FORMAT_LIST_BULLETED_48()
{
    return Upp::UiMakeIcon(DATA_EDITOR_FORMAT_LIST_BULLETED_48);
}

// Category: editor | Type: Outlined | Icon: format_list_numbered_rtl | Size: 48x48 | Format: UiMakeIcon RLE
static const unsigned char DATA_EDITOR_FORMAT_LIST_NUMBERED_RTL_48[] = {
    0x30, 0x80, 0x30, 0x00, 0x24, 0x00, 0x00, 0x00, 0x00, 0x00, 0x01, 0x00
    , 0x00, 0x00, 0x00, 0x55, 0x01, 0x00, 0x00, 0x00, 0x00, 0xdf, 0x03, 0x00
    , 0x00, 0x00, 0x00, 0xff, 0x01, 0x00, 0x00, 0x00, 0x00, 0xed, 0x01, 0x00
    , 0x00, 0x00, 0x00, 0x7a, 0x29, 0x00, 0x00, 0x00, 0x00, 0x00, 0x01, 0x00
    , 0x00, 0x00, 0x00, 0xdd, 0x05, 0x00, 0x00, 0x00, 0x00, 0xff, 0x01, 0x00
    , 0x00, 0x00, 0x00, 0xfb, 0x01, 0x00, 0x00, 0x00, 0x00, 0x17, 0x28, 0x00
    , 0x00, 0x00, 0x00, 0x00, 0x01, 0x00, 0x00, 0x00, 0x00, 0xb9, 0x06, 0x00
    , 0x00, 0x00, 0x00, 0xff, 0x01, 0x00, 0x00, 0x00, 0x00, 0x32, 0x28, 0x00
    , 0x00, 0x00, 0x00, 0x00, 0x01, 0x00, 0x00, 0x00, 0x00, 0x17, 0x01, 0x00
    , 0x00, 0x00, 0x00, 0x79, 0x01, 0x00, 0x00, 0x00, 0x00, 0x99, 0x01, 0x00
    , 0x00, 0x00, 0x00, 0xc2, 0x03, 0x00, 0x00, 0x00, 0x00, 0xff, 0x01, 0x00
    , 0x00, 0x00, 0x00, 0x32, 0x2b, 0x00, 0x00, 0x00, 0x00, 0x00, 0x01, 0x00
    , 0x00, 0x00, 0x00, 0x65, 0x03, 0x00, 0x00, 0x00, 0x00, 0xff, 0x01, 0x00
    , 0x00, 0x00, 0x00, 0x32, 0x2b, 0x00, 0x00, 0x00, 0x00, 0x00, 0x01, 0x00
    , 0x00, 0x00, 0x00, 0x65, 0x03, 0x00, 0x00, 0x00, 0x00, 0xff, 0x01, 0x00
    , 0x00, 0x00, 0x00, 0x32, 0x2b, 0x00, 0x00, 0x00, 0x00, 0x00, 0x01, 0x00
    , 0x00, 0x00, 0x00, 0x65, 0x03, 0x00, 0x00, 0x00, 0x00, 0xff, 0x01, 0x00
    , 0x00, 0x00, 0x00, 0x32, 0x07, 0x00, 0x00, 0x00, 0x00, 0x00, 0x01, 0x00
    , 0x00, 0x00, 0x00, 0x60, 0x01, 0x00, 0x00, 0x00, 0x00, 0xbe, 0x18, 0x00
    , 0x00, 0x00, 0x00, 0xcc, 0x01, 0x00, 0x00, 0x00, 0x00, 0xa8, 0x01, 0x00
    , 0x00, 0x00, 0x00, 0x25, 0x08, 0x00, 0x00, 0x00, 0x00, 0x00, 0x01, 0x00
    , 0x00, 0x00, 0x00, 0x65, 0x03, 0x00, 0x00, 0x00, 0x00, 0xff, 0x01, 0x00
    , 0x00, 0x00, 0x00, 0x32, 0x06, 0x00, 0x00, 0x00, 0x00, 0x00, 0x01, 0x00
    , 0x00, 0x00, 0x00, 0x4a, 0x1b, 0x00, 0x00, 0x00, 0x00, 0xff, 0x01, 0x00
    , 0x00, 0x00, 0x00, 0xde, 0x01, 0x00, 0x00, 0x00, 0x00, 0x05, 0x07, 0x00
    , 0x00, 0x00, 0x00, 0x00, 0x01, 0x00, 0x00, 0x00, 0x00, 0x65, 0x03, 0x00
    , 0x00, 0x00, 0x00, 0xff, 0x01, 0x00, 0x00, 0x00, 0x00, 0x32, 0x06, 0x00
    , 0x00, 0x00, 0x00, 0x00, 0x01, 0x00, 0x00, 0x00, 0x00, 0x8d, 0x1c, 0x00
    , 0x00, 0x00, 0x00, 0xff, 0x01, 0x00, 0x00, 0x00, 0x00, 0x26, 0x07, 0x00
    , 0x00, 0x00, 0x00, 0x00, 0x01, 0x00, 0x00, 0x00, 0x00, 0x65, 0x03, 0x00
    , 0x00, 0x00, 0x00, 0xff, 0x01, 0x00, 0x00, 0x00, 0x00, 0x32, 0x06, 0x00
    , 0x00, 0x00, 0x00, 0x00, 0x01, 0x00, 0x00, 0x00, 0x00, 0x61, 0x1b, 0x00
    , 0x00, 0x00, 0x00, 0xff, 0x01, 0x00, 0x00, 0x00, 0x00, 0xf0, 0x01, 0x00
    , 0x00, 0x00, 0x00, 0x0a, 0x07, 0x00, 0x00, 0x00, 0x00, 0x00, 0x01, 0x00
    , 0x00, 0x00, 0x00, 0x65, 0x03, 0x00, 0x00, 0x00, 0x00, 0xff, 0x01, 0x00
    , 0x00, 0x00, 0x00, 0x32, 0x06, 0x00, 0x00, 0x00, 0x00, 0x00, 0x01, 0x00
    , 0x00, 0x00, 0x00, 0x02, 0x01, 0x00, 0x00, 0x00, 0x00, 0x93, 0x01, 0x00
    , 0x00, 0x00, 0x00, 0xf0, 0x18, 0x00, 0x00, 0x00, 0x00, 0xff, 0x01, 0x00
    , 0x00, 0x00, 0x00, 0xda, 0x01, 0x00, 0x00, 0x00, 0x00, 0x46, 0x08, 0x00
    , 0x00, 0x00, 0x00, 0x00, 0x01, 0x00, 0x00, 0x00, 0x00, 0x65, 0x03, 0x00
    , 0x00, 0x00, 0x00, 0xff, 0x01, 0x00, 0x00, 0x00, 0x00, 0x32, 0x2b, 0x00
    , 0x00, 0x00, 0x00, 0x00, 0x01, 0x00, 0x00, 0x00, 0x00, 0x5e, 0x03, 0x00
    , 0x00, 0x00, 0x00, 0xff, 0x01, 0x00, 0x00, 0x00, 0x00, 0x2a, 0x2b, 0x00
    , 0x00, 0x00, 0x00, 0x00, 0x01, 0x00, 0x00, 0x00, 0x00, 0x13, 0x01, 0x00
    , 0x00, 0x00, 0x00, 0xf5, 0x01, 0x00, 0x00, 0x00, 0x00, 0xff, 0x01, 0x00
    , 0x00, 0x00, 0x00, 0xd4, 0x2d, 0x00, 0x00, 0x00, 0x00, 0x00, 0x01, 0x00
    , 0x00, 0x00, 0x00, 0x12, 0x01, 0x00, 0x00, 0x00, 0x00, 0x4b, 0x01, 0x00
    , 0x00, 0x00, 0x00, 0x08, 0x5a, 0x00, 0x00, 0x00, 0x00, 0x00, 0x01, 0x00
    , 0x00, 0x00, 0x00, 0x17, 0x05, 0x00, 0x00, 0x00, 0x00, 0x32, 0x01, 0x00
    , 0x00, 0x00, 0x00, 0x24, 0x01, 0x00, 0x00, 0x00, 0x00, 0x01, 0x27, 0x00
    , 0x00, 0x00, 0x00, 0x00, 0x01, 0x00, 0x00, 0x00, 0x00, 0x7b, 0x01, 0x00
    , 0x00, 0x00, 0x00, 0xfb, 0x06, 0x00, 0x00, 0x00, 0x00, 0xff, 0x01, 0x00
    , 0x00, 0x00, 0x00, 0xc5, 0x01, 0x00, 0x00, 0x00, 0x00, 0x0c, 0x26, 0x00
    , 0x00, 0x00, 0x00, 0x00, 0x01, 0x00, 0x00, 0x00, 0x00, 0xe5, 0x08, 0x00
    , 0x00, 0x00, 0x00, 0xff, 0x01, 0x00, 0x00, 0x00, 0x00, 0x74, 0x26, 0x00
    , 0x00, 0x00, 0x00, 0x00, 0x01, 0x00, 0x00, 0x00, 0x00, 0xa1, 0x08, 0x00
    , 0x00, 0x00, 0x00, 0xff, 0x01, 0x00, 0x00, 0x00, 0x00, 0x99, 0x26, 0x00
    , 0x00, 0x00, 0x00, 0x00, 0x01, 0x00, 0x00, 0x00, 0x00, 0x02, 0x01, 0x00
    , 0x00, 0x00, 0x00, 0x45, 0x04, 0x00, 0x00, 0x00, 0x00, 0x65, 0x03, 0x00
    , 0x00, 0x00, 0x00, 0xff, 0x01, 0x00, 0x00, 0x00, 0x00, 0x99, 0x05, 0x00
    , 0x00, 0x00, 0x00, 0x00, 0x01, 0x00, 0x00, 0x00, 0x00, 0x12, 0x01, 0x00
    , 0x00, 0x00, 0x00, 0x57, 0x18, 0x00, 0x00, 0x00, 0x00, 0x65, 0x01, 0x00
    , 0x00, 0x00, 0x00, 0x41, 0x0c, 0x00, 0x00, 0x00, 0x00, 0x00, 0x03, 0x00
    , 0x00, 0x00, 0x00, 0xff, 0x01, 0x00, 0x00, 0x00, 0x00, 0x99, 0x04, 0x00
    , 0x00, 0x00, 0x00, 0x00, 0x01, 0x00, 0x00, 0x00, 0x00, 0x1c, 0x01, 0x00
    , 0x00, 0x00, 0x00, 0xe7, 0x1a, 0x00, 0x00, 0x00, 0x00, 0xff, 0x01, 0x00
    , 0x00, 0x00, 0x00, 0x9d, 0x05, 0x00, 0x00, 0x00, 0x00, 0x00, 0x01, 0x00
    , 0x00, 0x00, 0x00, 0x12, 0x01, 0x00, 0x00, 0x00, 0x00, 0x95, 0x01, 0x00
    , 0x00, 0x00, 0x00, 0xc9, 0x03, 0x00, 0x00, 0x00, 0x00, 0xcc, 0x03, 0x00
    , 0x00, 0x00, 0x00, 0xff, 0x01, 0x00, 0x00, 0x00, 0x00, 0x99, 0x04, 0x00
    , 0x00, 0x00, 0x00, 0x00, 0x01, 0x00, 0x00, 0x00, 0x00, 0x81, 0x1c, 0x00
    , 0x00, 0x00, 0x00, 0xff, 0x01, 0x00, 0x00, 0x00, 0x00, 0x1b, 0x04, 0x00
    , 0x00, 0x00, 0x00, 0x00, 0x01, 0x00, 0x00, 0x00, 0x00, 0xb0, 0x08, 0x00
    , 0x00, 0x00, 0x00, 0xff, 0x01, 0x00, 0x00, 0x00, 0x00, 0x91, 0x04, 0x00
    , 0x00, 0x00, 0x00, 0x00, 0x01, 0x00, 0x00, 0x00, 0x00, 0x81, 0x1c, 0x00
    , 0x00, 0x00, 0x00, 0xff, 0x01, 0x00, 0x00, 0x00, 0x00, 0x1b, 0x04, 0x00
    , 0x00, 0x00, 0x00, 0x00, 0x01, 0x00, 0x00, 0x00, 0x00, 0xf7, 0x08, 0x00
    , 0x00, 0x00, 0x00, 0xff, 0x01, 0x00, 0x00, 0x00, 0x00, 0x49, 0x04, 0x00
    , 0x00, 0x00, 0x00, 0x00, 0x01, 0x00, 0x00, 0x00, 0x00, 0x1c, 0x01, 0x00
    , 0x00, 0x00, 0x00, 0xe7, 0x1a, 0x00, 0x00, 0x00, 0x00, 0xff, 0x01, 0x00
    , 0x00, 0x00, 0x00, 0x9d, 0x05, 0x00, 0x00, 0x00, 0x00, 0x00, 0x03, 0x00
    , 0x00, 0x00, 0x00, 0xff, 0x01, 0x00, 0x00, 0x00, 0x00, 0xeb, 0x03, 0x00
    , 0x00, 0x00, 0x00, 0xcc, 0x01, 0x00, 0x00, 0x00, 0x00, 0xbd, 0x01, 0x00
    , 0x00, 0x00, 0x00, 0x60, 0x06, 0x00, 0x00, 0x00, 0x00, 0x00, 0x01, 0x00
    , 0x00, 0x00, 0x00, 0x12, 0x01, 0x00, 0x00, 0x00, 0x00, 0x56, 0x18, 0x00
    , 0x00, 0x00, 0x00, 0x65, 0x01, 0x00, 0x00, 0x00, 0x00, 0x40, 0x06, 0x00
    , 0x00, 0x00, 0x00, 0x00, 0x03, 0x00, 0x00, 0x00, 0x00, 0xff, 0x01, 0x00
    , 0x00, 0x00, 0x00, 0x99, 0x2c, 0x00, 0x00, 0x00, 0x00, 0x00, 0x03, 0x00
    , 0x00, 0x00, 0x00, 0xff, 0x01, 0x00, 0x00, 0x00, 0x00, 0xc2, 0x03, 0x00
    , 0x00, 0x00, 0x00, 0x65, 0x01, 0x00, 0x00, 0x00, 0x00, 0x64, 0x01, 0x00
    , 0x00, 0x00, 0x00, 0x21, 0x27, 0x00, 0x00, 0x00, 0x00, 0x00, 0x08, 0x00
    , 0x00, 0x00, 0x00, 0xff, 0x01, 0x00, 0x00, 0x00, 0x00, 0xfe, 0x01, 0x00
    , 0x00, 0x00, 0x00, 0x3c, 0x26, 0x00, 0x00, 0x00, 0x00, 0x00, 0x01, 0x00
    , 0x00, 0x00, 0x00, 0xed, 0x08, 0x00, 0x00, 0x00, 0x00, 0xff, 0x01, 0x00
    , 0x00, 0x00, 0x00, 0x7f, 0x26, 0x00, 0x00, 0x00, 0x00, 0x00, 0x01, 0x00
    , 0x00, 0x00, 0x00, 0x7a, 0x01, 0x00, 0x00, 0x00, 0x00, 0xfb, 0x06, 0x00
    , 0x00, 0x00, 0x00, 0xff, 0x01, 0x00, 0x00, 0x00, 0x00, 0xe7, 0x01, 0x00
    , 0x00, 0x00, 0x00, 0x28, 0x27, 0x00, 0x00, 0x00, 0x00, 0x00, 0x01, 0x00
    , 0x00, 0x00, 0x00, 0x17, 0x05, 0x00, 0x00, 0x00, 0x00, 0x32, 0x01, 0x00
    , 0x00, 0x00, 0x00, 0x30, 0x01, 0x00, 0x00, 0x00, 0x00, 0x04, 0x57, 0x00
    , 0x00, 0x00, 0x00, 0x00, 0x01, 0x00, 0x00, 0x00, 0x00, 0x02, 0x01, 0x00
    , 0x00, 0x00, 0x00, 0x45, 0x05, 0x00, 0x00, 0x00, 0x00, 0x65, 0x01, 0x00
    , 0x00, 0x00, 0x00, 0x57, 0x01, 0x00, 0x00, 0x00, 0x00, 0x12, 0x27, 0x00
    , 0x00, 0x00, 0x00, 0x00, 0x01, 0x00, 0x00, 0x00, 0x00, 0xa1, 0x07, 0x00
    , 0x00, 0x00, 0x00, 0xff, 0x01, 0x00, 0x00, 0x00, 0x00, 0xe7, 0x01, 0x00
    , 0x00, 0x00, 0x00, 0x1c, 0x26, 0x00, 0x00, 0x00, 0x00, 0x00, 0x01, 0x00
    , 0x00, 0x00, 0x00, 0xe5, 0x08, 0x00, 0x00, 0x00, 0x00, 0xff, 0x01, 0x00
    , 0x00, 0x00, 0x00, 0x81, 0x04, 0x00, 0x00, 0x00, 0x00, 0x00, 0x01, 0x00
    , 0x00, 0x00, 0x00, 0x02, 0x01, 0x00, 0x00, 0x00, 0x00, 0x93, 0x01, 0x00
    , 0x00, 0x00, 0x00, 0xf1, 0x18, 0x00, 0x00, 0x00, 0x00, 0xff, 0x01, 0x00
    , 0x00, 0x00, 0x00, 0xdb, 0x01, 0x00, 0x00, 0x00, 0x00, 0x46, 0x05, 0x00
    , 0x00, 0x00, 0x00, 0x00, 0x01, 0x00, 0x00, 0x00, 0x00, 0x7a, 0x01, 0x00
    , 0x00, 0x00, 0x00, 0xfb, 0x07, 0x00, 0x00, 0x00, 0x00, 0xff, 0x01, 0x00
    , 0x00, 0x00, 0x00, 0x99, 0x04, 0x00, 0x00, 0x00, 0x00, 0x00, 0x01, 0x00
    , 0x00, 0x00, 0x00, 0x61, 0x1b, 0x00, 0x00, 0x00, 0x00, 0xff, 0x01, 0x00
    , 0x00, 0x00, 0x00, 0xf0, 0x01, 0x00, 0x00, 0x00, 0x00, 0x0a, 0x05, 0x00
    , 0x00, 0x00, 0x00, 0x00, 0x01, 0x00, 0x00, 0x00, 0x00, 0x17, 0x04, 0x00
    , 0x00, 0x00, 0x00, 0x32, 0x03, 0x00, 0x00, 0x00, 0x00, 0xff, 0x01, 0x00
    , 0x00, 0x00, 0x00, 0x99, 0x04, 0x00, 0x00, 0x00, 0x00, 0x00, 0x01, 0x00
    , 0x00, 0x00, 0x00, 0x8d, 0x1c, 0x00, 0x00, 0x00, 0x00, 0xff, 0x01, 0x00
    , 0x00, 0x00, 0x00, 0x26, 0x0a, 0x00, 0x00, 0x00, 0x00, 0x00, 0x03, 0x00
    , 0x00, 0x00, 0x00, 0xff, 0x01, 0x00, 0x00, 0x00, 0x00, 0x91, 0x04, 0x00
    , 0x00, 0x00, 0x00, 0x00, 0x01, 0x00, 0x00, 0x00, 0x00, 0x4a, 0x1b, 0x00
    , 0x00, 0x00, 0x00, 0xff, 0x01, 0x00, 0x00, 0x00, 0x00, 0xde, 0x01, 0x00
    , 0x00, 0x00, 0x00, 0x05, 0x06, 0x00, 0x00, 0x00, 0x00, 0x00, 0x01, 0x00
    , 0x00, 0x00, 0x00, 0x17, 0x01, 0x00, 0x00, 0x00, 0x00, 0xb9, 0x01, 0x00
    , 0x00, 0x00, 0x00, 0xfe, 0x04, 0x00, 0x00, 0x00, 0x00, 0xff, 0x01, 0x00
    , 0x00, 0x00, 0x00, 0x49, 0x05, 0x00, 0x00, 0x00, 0x00, 0x00, 0x01, 0x00
    , 0x00, 0x00, 0x00, 0x60, 0x01, 0x00, 0x00, 0x00, 0x00, 0xbd, 0x18, 0x00
    , 0x00, 0x00, 0x00, 0xcc, 0x01, 0x00, 0x00, 0x00, 0x00, 0xa7, 0x01, 0x00
    , 0x00, 0x00, 0x00, 0x25, 0x07, 0x00, 0x00, 0x00, 0x00, 0x00, 0x01, 0x00
    , 0x00, 0x00, 0x00, 0x77, 0x04, 0x00, 0x00, 0x00, 0x00, 0xff, 0x01, 0x00
    , 0x00, 0x00, 0x00, 0xe1, 0x01, 0x00, 0x00, 0x00, 0x00, 0x62, 0x29, 0x00
    , 0x00, 0x00, 0x00, 0x00, 0x01, 0x00, 0x00, 0x00, 0x00, 0x53, 0x05, 0x00
    , 0x00, 0x00, 0x00, 0xff, 0x01, 0x00, 0x00, 0x00, 0x00, 0xc5, 0x01, 0x00
    , 0x00, 0x00, 0x00, 0x0c, 0x28, 0x00, 0x00, 0x00, 0x00, 0x00, 0x01, 0x00
    , 0x00, 0x00, 0x00, 0x02, 0x01, 0x00, 0x00, 0x00, 0x00, 0x52, 0x01, 0x00
    , 0x00, 0x00, 0x00, 0x97, 0x01, 0x00, 0x00, 0x00, 0x00, 0x99, 0x03, 0x00
    , 0x00, 0x00, 0x00, 0xff, 0x01, 0x00, 0x00, 0x00, 0x00, 0x74, 0x2c, 0x00
    , 0x00, 0x00, 0x00, 0x00, 0x03, 0x00, 0x00, 0x00, 0x00, 0xff, 0x01, 0x00
    , 0x00, 0x00, 0x00, 0x99, 0x26, 0x00, 0x00, 0x00, 0x00, 0x00, 0x01, 0x00
    , 0x00, 0x00, 0x00, 0x17, 0x01, 0x00, 0x00, 0x00, 0x00, 0x79, 0x04, 0x00
    , 0x00, 0x00, 0x00, 0x99, 0x03, 0x00, 0x00, 0x00, 0x00, 0xff, 0x01, 0x00
    , 0x00, 0x00, 0x00, 0x99, 0x26, 0x00, 0x00, 0x00, 0x00, 0x00, 0x01, 0x00
    , 0x00, 0x00, 0x00, 0xb9, 0x08, 0x00, 0x00, 0x00, 0x00, 0xff, 0x01, 0x00
    , 0x00, 0x00, 0x00, 0x96, 0x26, 0x00, 0x00, 0x00, 0x00, 0x00, 0x01, 0x00
    , 0x00, 0x00, 0x00, 0xdd, 0x08, 0x00, 0x00, 0x00, 0x00, 0xff, 0x01, 0x00
    , 0x00, 0x00, 0x00, 0x61, 0x26, 0x00, 0x00, 0x00, 0x00, 0x00, 0x01, 0x00
    , 0x00, 0x00, 0x00, 0x55, 0x01, 0x00, 0x00, 0x00, 0x00, 0xdf, 0x05, 0x00
    , 0x00, 0x00, 0x00, 0xff, 0x01, 0x00, 0x00, 0x00, 0x00, 0xf0, 0x01, 0x00
    , 0x00, 0x00, 0x00, 0x93, 0x01, 0x00, 0x00, 0x00, 0x00, 0x02, 0x02, 0x00
    , 0x00, 0x00, 0x00, 0x00
};

inline Upp::Image ICON_EDITOR_FORMAT_LIST_NUMBERED_RTL_48()
{
    return Upp::UiMakeIcon(DATA_EDITOR_FORMAT_LIST_NUMBERED_RTL_48);
}

// Category: editor | Type: Outlined | Icon: format_quote | Size: 48x48 | Format: UiMakeIcon RLE
static const unsigned char DATA_EDITOR_FORMAT_QUOTE_48[] = {
    0x30, 0x80, 0x30, 0x00, 0x56, 0x01, 0x00, 0x00, 0x00, 0x00, 0x01, 0x00
    , 0x00, 0x00, 0x00, 0x04, 0x01, 0x00, 0x00, 0x00, 0x00, 0x45, 0x01, 0x00
    , 0x00, 0x00, 0x00, 0x92, 0x01, 0x00, 0x00, 0x00, 0x00, 0xc6, 0x01, 0x00
    , 0x00, 0x00, 0x00, 0xde, 0x01, 0x00, 0x00, 0x00, 0x00, 0xea, 0x01, 0x00
    , 0x00, 0x00, 0x00, 0xd4, 0x01, 0x00, 0x00, 0x00, 0x00, 0xb7, 0x01, 0x00
    , 0x00, 0x00, 0x00, 0x72, 0x01, 0x00, 0x00, 0x00, 0x00, 0x23, 0x10, 0x00
    , 0x00, 0x00, 0x00, 0x00, 0x01, 0x00, 0x00, 0x00, 0x00, 0x23, 0x01, 0x00
    , 0x00, 0x00, 0x00, 0x72, 0x01, 0x00, 0x00, 0x00, 0x00, 0xb7, 0x01, 0x00
    , 0x00, 0x00, 0x00, 0xd4, 0x01, 0x00, 0x00, 0x00, 0x00, 0xea, 0x01, 0x00
    , 0x00, 0x00, 0x00, 0xde, 0x01, 0x00, 0x00, 0x00, 0x00, 0xc6, 0x01, 0x00
    , 0x00, 0x00, 0x00, 0x92, 0x01, 0x00, 0x00, 0x00, 0x00, 0x45, 0x01, 0x00
    , 0x00, 0x00, 0x00, 0x03, 0x0b, 0x00, 0x00, 0x00, 0x00, 0x00, 0x01, 0x00
    , 0x00, 0x00, 0x00, 0x50, 0x01, 0x00, 0x00, 0x00, 0x00, 0xd8, 0x08, 0x00
    , 0x00, 0x00, 0x00, 0xff, 0x01, 0x00, 0x00, 0x00, 0x00, 0xfd, 0x01, 0x00
    , 0x00, 0x00, 0x00, 0xa2, 0x01, 0x00, 0x00, 0x00, 0x00, 0x1e, 0x0c, 0x00
    , 0x00, 0x00, 0x00, 0x00, 0x01, 0x00, 0x00, 0x00, 0x00, 0x1e, 0x01, 0x00
    , 0x00, 0x00, 0x00, 0xa2, 0x01, 0x00, 0x00, 0x00, 0x00, 0xfe, 0x08, 0x00
    , 0x00, 0x00, 0x00, 0xff, 0x01, 0x00, 0x00, 0x00, 0x00, 0xd8, 0x01, 0x00
    , 0x00, 0x00, 0x00, 0x50, 0x08, 0x00, 0x00, 0x00, 0x00, 0x00, 0x01, 0x00
    , 0x00, 0x00, 0x00, 0x05, 0x01, 0x00, 0x00, 0x00, 0x00, 0x9c, 0x0c, 0x00
    , 0x00, 0x00, 0x00, 0xff, 0x01, 0x00, 0x00, 0x00, 0x00, 0xf0, 0x01, 0x00
    , 0x00, 0x00, 0x00, 0x47, 0x0a, 0x00, 0x00, 0x00, 0x00, 0x00, 0x01, 0x00
    , 0x00, 0x00, 0x00, 0x47, 0x01, 0x00, 0x00, 0x00, 0x00, 0xf0, 0x0c, 0x00
    , 0x00, 0x00, 0x00, 0xff, 0x01, 0x00, 0x00, 0x00, 0x00, 0x9b, 0x01, 0x00
    , 0x00, 0x00, 0x00, 0x05, 0x05, 0x00, 0x00, 0x00, 0x00, 0x00, 0x01, 0x00
    , 0x00, 0x00, 0x00, 0x06, 0x01, 0x00, 0x00, 0x00, 0x00, 0xbc, 0x0e, 0x00
    , 0x00, 0x00, 0x00, 0xff, 0x01, 0x00, 0x00, 0x00, 0x00, 0xfc, 0x01, 0x00
    , 0x00, 0x00, 0x00, 0x5c, 0x08, 0x00, 0x00, 0x00, 0x00, 0x00, 0x01, 0x00
    , 0x00, 0x00, 0x00, 0x5c, 0x01, 0x00, 0x00, 0x00, 0x00, 0xfc, 0x0e, 0x00
    , 0x00, 0x00, 0x00, 0xff, 0x01, 0x00, 0x00, 0x00, 0x00, 0xbc, 0x01, 0x00
    , 0x00, 0x00, 0x00, 0x06, 0x04, 0x00, 0x00, 0x00, 0x00, 0x00, 0x01, 0x00
    , 0x00, 0x00, 0x00, 0x9f, 0x10, 0x00, 0x00, 0x00, 0x00, 0xff, 0x01, 0x00
    , 0x00, 0x00, 0x00, 0xf9, 0x01, 0x00, 0x00, 0x00, 0x00, 0x3b, 0x06, 0x00
    , 0x00, 0x00, 0x00, 0x00, 0x01, 0x00, 0x00, 0x00, 0x00, 0x3c, 0x01, 0x00
    , 0x00, 0x00, 0x00, 0xf9, 0x10, 0x00, 0x00, 0x00, 0x00, 0xff, 0x01, 0x00
    , 0x00, 0x00, 0x00, 0x9e, 0x03, 0x00, 0x00, 0x00, 0x00, 0x00, 0x01, 0x00
    , 0x00, 0x00, 0x00, 0x56, 0x12, 0x00, 0x00, 0x00, 0x00, 0xff, 0x01, 0x00
    , 0x00, 0x00, 0x00, 0xe3, 0x01, 0x00, 0x00, 0x00, 0x00, 0x09, 0x04, 0x00
    , 0x00, 0x00, 0x00, 0x00, 0x01, 0x00, 0x00, 0x00, 0x00, 0x09, 0x01, 0x00
    , 0x00, 0x00, 0x00, 0xe4, 0x12, 0x00, 0x00, 0x00, 0x00, 0xff, 0x01, 0x00
    , 0x00, 0x00, 0x00, 0x56, 0x01, 0x00, 0x00, 0x00, 0x00, 0x00, 0x01, 0x00
    , 0x00, 0x00, 0x00, 0x05, 0x01, 0x00, 0x00, 0x00, 0x00, 0xdc, 0x13, 0x00
    , 0x00, 0x00, 0x00, 0xff, 0x01, 0x00, 0x00, 0x00, 0x00, 0x77, 0x04, 0x00
    , 0x00, 0x00, 0x00, 0x00, 0x01, 0x00, 0x00, 0x00, 0x00, 0x78, 0x13, 0x00
    , 0x00, 0x00, 0x00, 0xff, 0x01, 0x00, 0x00, 0x00, 0x00, 0xdc, 0x01, 0x00
    , 0x00, 0x00, 0x00, 0x05, 0x01, 0x00, 0x00, 0x00, 0x00, 0x50, 0x07, 0x00
    , 0x00, 0x00, 0x00, 0xff, 0x01, 0x00, 0x00, 0x00, 0x00, 0xfc, 0x01, 0x00
    , 0x00, 0x00, 0x00, 0x8f, 0x01, 0x00, 0x00, 0x00, 0x00, 0x43, 0x01, 0x00
    , 0x00, 0x00, 0x00, 0x2c, 0x01, 0x00, 0x00, 0x00, 0x00, 0x58, 0x01, 0x00
    , 0x00, 0x00, 0x00, 0xcb, 0x07, 0x00, 0x00, 0x00, 0x00, 0xff, 0x01, 0x00
    , 0x00, 0x00, 0x00, 0xe4, 0x03, 0x00, 0x00, 0x00, 0x00, 0x00, 0x01, 0x00
    , 0x00, 0x00, 0x00, 0x01, 0x01, 0x00, 0x00, 0x00, 0x00, 0xe5, 0x07, 0x00
    , 0x00, 0x00, 0x00, 0xff, 0x01, 0x00, 0x00, 0x00, 0x00, 0xcb, 0x01, 0x00
    , 0x00, 0x00, 0x00, 0x58, 0x01, 0x00, 0x00, 0x00, 0x00, 0x2c, 0x01, 0x00
    , 0x00, 0x00, 0x00, 0x43, 0x01, 0x00, 0x00, 0x00, 0x00, 0x8f, 0x01, 0x00
    , 0x00, 0x00, 0x00, 0xfc, 0x07, 0x00, 0x00, 0x00, 0x00, 0xff, 0x01, 0x00
    , 0x00, 0x00, 0x00, 0x4f, 0x01, 0x00, 0x00, 0x00, 0x00, 0x9c, 0x06, 0x00
    , 0x00, 0x00, 0x00, 0xff, 0x01, 0x00, 0x00, 0x00, 0x00, 0xfb, 0x01, 0x00
    , 0x00, 0x00, 0x00, 0x41, 0x04, 0x00, 0x00, 0x00, 0x00, 0x00, 0x01, 0x00
    , 0x00, 0x00, 0x00, 0x04, 0x01, 0x00, 0x00, 0x00, 0x00, 0xa3, 0x07, 0x00
    , 0x00, 0x00, 0x00, 0xff, 0x01, 0x00, 0x00, 0x00, 0x00, 0x32, 0x02, 0x00
    , 0x00, 0x00, 0x00, 0x00, 0x01, 0x00, 0x00, 0x00, 0x00, 0x33, 0x07, 0x00
    , 0x00, 0x00, 0x00, 0xff, 0x01, 0x00, 0x00, 0x00, 0x00, 0xa3, 0x01, 0x00
    , 0x00, 0x00, 0x00, 0x04, 0x04, 0x00, 0x00, 0x00, 0x00, 0x00, 0x01, 0x00
    , 0x00, 0x00, 0x00, 0x42, 0x01, 0x00, 0x00, 0x00, 0x00, 0xfc, 0x06, 0x00
    , 0x00, 0x00, 0x00, 0xff, 0x01, 0x00, 0x00, 0x00, 0x00, 0x9b, 0x01, 0x00
    , 0x00, 0x00, 0x00, 0xd4, 0x06, 0x00, 0x00, 0x00, 0x00, 0xff, 0x01, 0x00
    , 0x00, 0x00, 0x00, 0x88, 0x06, 0x00, 0x00, 0x00, 0x00, 0x00, 0x01, 0x00
    , 0x00, 0x00, 0x00, 0x0d, 0x01, 0x00, 0x00, 0x00, 0x00, 0xe5, 0x06, 0x00
    , 0x00, 0x00, 0x00, 0xff, 0x01, 0x00, 0x00, 0x00, 0x00, 0x6a, 0x02, 0x00
    , 0x00, 0x00, 0x00, 0x00, 0x01, 0x00, 0x00, 0x00, 0x00, 0x6b, 0x06, 0x00
    , 0x00, 0x00, 0x00, 0xff, 0x01, 0x00, 0x00, 0x00, 0x00, 0xe5, 0x01, 0x00
    , 0x00, 0x00, 0x00, 0x0d, 0x06, 0x00, 0x00, 0x00, 0x00, 0x00, 0x01, 0x00
    , 0x00, 0x00, 0x00, 0x89, 0x06, 0x00, 0x00, 0x00, 0x00, 0xff, 0x01, 0x00
    , 0x00, 0x00, 0x00, 0xd3, 0x01, 0x00, 0x00, 0x00, 0x00, 0xec, 0x06, 0x00
    , 0x00, 0x00, 0x00, 0xff, 0x01, 0x00, 0x00, 0x00, 0x00, 0x37, 0x07, 0x00
    , 0x00, 0x00, 0x00, 0x00, 0x01, 0x00, 0x00, 0x00, 0x00, 0xa2, 0x06, 0x00
    , 0x00, 0x00, 0x00, 0xff, 0x01, 0x00, 0x00, 0x00, 0x00, 0x82, 0x02, 0x00
    , 0x00, 0x00, 0x00, 0x00, 0x01, 0x00, 0x00, 0x00, 0x00, 0x83, 0x06, 0x00
    , 0x00, 0x00, 0x00, 0xff, 0x01, 0x00, 0x00, 0x00, 0x00, 0xa1, 0x07, 0x00
    , 0x00, 0x00, 0x00, 0x00, 0x01, 0x00, 0x00, 0x00, 0x00, 0x38, 0x06, 0x00
    , 0x00, 0x00, 0x00, 0xff, 0x01, 0x00, 0x00, 0x00, 0x00, 0xeb, 0x01, 0x00
    , 0x00, 0x00, 0x00, 0xf9, 0x06, 0x00, 0x00, 0x00, 0x00, 0xff, 0x01, 0x00
    , 0x00, 0x00, 0x00, 0x1c, 0x07, 0x00, 0x00, 0x00, 0x00, 0x00, 0x01, 0x00
    , 0x00, 0x00, 0x00, 0x85, 0x06, 0x00, 0x00, 0x00, 0x00, 0xff, 0x01, 0x00
    , 0x00, 0x00, 0x00, 0x8e, 0x02, 0x00, 0x00, 0x00, 0x00, 0x00, 0x01, 0x00
    , 0x00, 0x00, 0x00, 0x90, 0x06, 0x00, 0x00, 0x00, 0x00, 0xff, 0x01, 0x00
    , 0x00, 0x00, 0x00, 0x85, 0x07, 0x00, 0x00, 0x00, 0x00, 0x00, 0x01, 0x00
    , 0x00, 0x00, 0x00, 0x1c, 0x06, 0x00, 0x00, 0x00, 0x00, 0xff, 0x01, 0x00
    , 0x00, 0x00, 0x00, 0xf7, 0x01, 0x00, 0x00, 0x00, 0x00, 0xe5, 0x06, 0x00
    , 0x00, 0x00, 0x00, 0xff, 0x01, 0x00, 0x00, 0x00, 0x00, 0x46, 0x07, 0x00
    , 0x00, 0x00, 0x00, 0x00, 0x01, 0x00, 0x00, 0x00, 0x00, 0xb0, 0x06, 0x00
    , 0x00, 0x00, 0x00, 0xff, 0x01, 0x00, 0x00, 0x00, 0x00, 0x70, 0x02, 0x00
    , 0x00, 0x00, 0x00, 0x00, 0x01, 0x00, 0x00, 0x00, 0x00, 0x7c, 0x06, 0x00
    , 0x00, 0x00, 0x00, 0xff, 0x01, 0x00, 0x00, 0x00, 0x00, 0xaf, 0x07, 0x00
    , 0x00, 0x00, 0x00, 0x00, 0x01, 0x00, 0x00, 0x00, 0x00, 0x46, 0x06, 0x00
    , 0x00, 0x00, 0x00, 0xff, 0x01, 0x00, 0x00, 0x00, 0x00, 0xd9, 0x01, 0x00
    , 0x00, 0x00, 0x00, 0xc9, 0x06, 0x00, 0x00, 0x00, 0x00, 0xff, 0x01, 0x00
    , 0x00, 0x00, 0x00, 0xb6, 0x06, 0x00, 0x00, 0x00, 0x00, 0x00, 0x01, 0x00
    , 0x00, 0x00, 0x00, 0x2a, 0x01, 0x00, 0x00, 0x00, 0x00, 0xf8, 0x06, 0x00
    , 0x00, 0x00, 0x00, 0xff, 0x01, 0x00, 0x00, 0x00, 0x00, 0x4e, 0x02, 0x00
    , 0x00, 0x00, 0x00, 0x00, 0x01, 0x00, 0x00, 0x00, 0x00, 0x60, 0x06, 0x00
    , 0x00, 0x00, 0x00, 0xff, 0x01, 0x00, 0x00, 0x00, 0x00, 0xf7, 0x01, 0x00
    , 0x00, 0x00, 0x00, 0x29, 0x06, 0x00, 0x00, 0x00, 0x00, 0x00, 0x01, 0x00
    , 0x00, 0x00, 0x00, 0xb7, 0x06, 0x00, 0x00, 0x00, 0x00, 0xff, 0x01, 0x00
    , 0x00, 0x00, 0x00, 0xb8, 0x01, 0x00, 0x00, 0x00, 0x00, 0x86, 0x07, 0x00
    , 0x00, 0x00, 0x00, 0xff, 0x01, 0x00, 0x00, 0x00, 0x00, 0x8a, 0x01, 0x00
    , 0x00, 0x00, 0x00, 0x05, 0x03, 0x00, 0x00, 0x00, 0x00, 0x00, 0x01, 0x00
    , 0x00, 0x00, 0x00, 0x26, 0x01, 0x00, 0x00, 0x00, 0x00, 0xd3, 0x06, 0x00
    , 0x00, 0x00, 0x00, 0xff, 0x01, 0x00, 0x00, 0x00, 0x00, 0xfd, 0x01, 0x00
    , 0x00, 0x00, 0x00, 0x1f, 0x02, 0x00, 0x00, 0x00, 0x00, 0x00, 0x01, 0x00
    , 0x00, 0x00, 0x00, 0x1e, 0x07, 0x00, 0x00, 0x00, 0x00, 0xff, 0x01, 0x00
    , 0x00, 0x00, 0x00, 0xd3, 0x01, 0x00, 0x00, 0x00, 0x00, 0x25, 0x03, 0x00
    , 0x00, 0x00, 0x00, 0x00, 0x01, 0x00, 0x00, 0x00, 0x00, 0x05, 0x01, 0x00
    , 0x00, 0x00, 0x00, 0x8a, 0x07, 0x00, 0x00, 0x00, 0x00, 0xff, 0x01, 0x00
    , 0x00, 0x00, 0x00, 0x86, 0x01, 0x00, 0x00, 0x00, 0x00, 0x36, 0x08, 0x00
    , 0x00, 0x00, 0x00, 0xff, 0x01, 0x00, 0x00, 0x00, 0x00, 0xd5, 0x01, 0x00
    , 0x00, 0x00, 0x00, 0x8f, 0x01, 0x00, 0x00, 0x00, 0x00, 0x77, 0x01, 0x00
    , 0x00, 0x00, 0x00, 0xa4, 0x01, 0x00, 0x00, 0x00, 0x00, 0xf6, 0x07, 0x00
    , 0x00, 0x00, 0x00, 0xff, 0x01, 0x00, 0x00, 0x00, 0x00, 0xb1, 0x04, 0x00
    , 0x00, 0x00, 0x00, 0x00, 0x01, 0x00, 0x00, 0x00, 0x00, 0xcc, 0x07, 0x00
    , 0x00, 0x00, 0x00, 0xff, 0x01, 0x00, 0x00, 0x00, 0x00, 0xf5, 0x01, 0x00
    , 0x00, 0x00, 0x00, 0xa4, 0x01, 0x00, 0x00, 0x00, 0x00, 0x77, 0x01, 0x00
    , 0x00, 0x00, 0x00, 0x8f, 0x01, 0x00, 0x00, 0x00, 0x00, 0xd6, 0x07, 0x00
    , 0x00, 0x00, 0x00, 0xff, 0x01, 0x00, 0x00, 0x00, 0x00, 0xfc, 0x01, 0x00
    , 0x00, 0x00, 0x00, 0x1e, 0x01, 0x00, 0x00, 0x00, 0x00, 0x00, 0x01, 0x00
    , 0x00, 0x00, 0x00, 0xb9, 0x13, 0x00, 0x00, 0x00, 0x00, 0xff, 0x01, 0x00
    , 0x00, 0x00, 0x00, 0x40, 0x04, 0x00, 0x00, 0x00, 0x00, 0x00, 0x01, 0x00
    , 0x00, 0x00, 0x00, 0x50, 0x13, 0x00, 0x00, 0x00, 0x00, 0xff, 0x01, 0x00
    , 0x00, 0x00, 0x00, 0xa9, 0x02, 0x00, 0x00, 0x00, 0x00, 0x00, 0x01, 0x00
    , 0x00, 0x00, 0x00, 0x2e, 0x01, 0x00, 0x00, 0x00, 0x00, 0xf9, 0x11, 0x00
    , 0x00, 0x00, 0x00, 0xff, 0x01, 0x00, 0x00, 0x00, 0x00, 0xbe, 0x06, 0x00
    , 0x00, 0x00, 0x00, 0x00, 0x01, 0x00, 0x00, 0x00, 0x00, 0xbe, 0x11, 0x00
    , 0x00, 0x00, 0x00, 0xff, 0x01, 0x00, 0x00, 0x00, 0x00, 0xfc, 0x01, 0x00
    , 0x00, 0x00, 0x00, 0x2b, 0x03, 0x00, 0x00, 0x00, 0x00, 0x00, 0x01, 0x00
    , 0x00, 0x00, 0x00, 0x5f, 0x10, 0x00, 0x00, 0x00, 0x00, 0xff, 0x01, 0x00
    , 0x00, 0x00, 0x00, 0xfc, 0x01, 0x00, 0x00, 0x00, 0x00, 0x2e, 0x06, 0x00
    , 0x00, 0x00, 0x00, 0x00, 0x01, 0x00, 0x00, 0x00, 0x00, 0x15, 0x01, 0x00
    , 0x00, 0x00, 0x00, 0xe0, 0x10, 0x00, 0x00, 0x00, 0x00, 0xff, 0x01, 0x00
    , 0x00, 0x00, 0x00, 0x93, 0x05, 0x00, 0x00, 0x00, 0x00, 0x00, 0x01, 0x00
    , 0x00, 0x00, 0x00, 0x76, 0x01, 0x00, 0x00, 0x00, 0x00, 0xfe, 0x0e, 0x00
    , 0x00, 0x00, 0x00, 0xff, 0x01, 0x00, 0x00, 0x00, 0x00, 0x96, 0x08, 0x00
    , 0x00, 0x00, 0x00, 0x00, 0x01, 0x00, 0x00, 0x00, 0x00, 0x29, 0x01, 0x00
    , 0x00, 0x00, 0x00, 0xe1, 0x0e, 0x00, 0x00, 0x00, 0x00, 0xff, 0x01, 0x00
    , 0x00, 0x00, 0x00, 0xed, 0x01, 0x00, 0x00, 0x00, 0x00, 0x12, 0x06, 0x00
    , 0x00, 0x00, 0x00, 0x00, 0x01, 0x00, 0x00, 0x00, 0x00, 0x52, 0x01, 0x00
    , 0x00, 0x00, 0x00, 0xf1, 0x0c, 0x00, 0x00, 0x00, 0x00, 0xff, 0x01, 0x00
    , 0x00, 0x00, 0x00, 0xee, 0x01, 0x00, 0x00, 0x00, 0x00, 0x14, 0x09, 0x00
    , 0x00, 0x00, 0x00, 0x00, 0x01, 0x00, 0x00, 0x00, 0x00, 0x17, 0x01, 0x00
    , 0x00, 0x00, 0x00, 0xc2, 0x0d, 0x00, 0x00, 0x00, 0x00, 0xff, 0x01, 0x00
    , 0x00, 0x00, 0x00, 0x6b, 0x08, 0x00, 0x00, 0x00, 0x00, 0x00, 0x01, 0x00
    , 0x00, 0x00, 0x00, 0x13, 0x01, 0x00, 0x00, 0x00, 0x00, 0x8f, 0x01, 0x00
    , 0x00, 0x00, 0x00, 0xf2, 0x0a, 0x00, 0x00, 0x00, 0x00, 0xff, 0x01, 0x00
    , 0x00, 0x00, 0x00, 0x6f, 0x0b, 0x00, 0x00, 0x00, 0x00, 0x00, 0x01, 0x00
    , 0x00, 0x00, 0x00, 0x01, 0x01, 0x00, 0x00, 0x00, 0x00, 0x55, 0x01, 0x00
    , 0x00, 0x00, 0x00, 0xd5, 0x0a, 0x00, 0x00, 0x00, 0x00, 0xff, 0x01, 0x00
    , 0x00, 0x00, 0x00, 0xd4, 0x01, 0x00, 0x00, 0x00, 0x00, 0x03, 0x0a, 0x00
    , 0x00, 0x00, 0x00, 0x00, 0x01, 0x00, 0x00, 0x00, 0x00, 0x06, 0x01, 0x00
    , 0x00, 0x00, 0x00, 0x46, 0x01, 0x00, 0x00, 0x00, 0x00, 0x7b, 0x01, 0x00
    , 0x00, 0x00, 0x00, 0x92, 0x01, 0x00, 0x00, 0x00, 0x00, 0xed, 0x05, 0x00
    , 0x00, 0x00, 0x00, 0xff, 0x01, 0x00, 0x00, 0x00, 0x00, 0xd6, 0x01, 0x00
    , 0x00, 0x00, 0x00, 0x04, 0x0e, 0x00, 0x00, 0x00, 0x00, 0x00, 0x01, 0x00
    , 0x00, 0x00, 0x00, 0x26, 0x01, 0x00, 0x00, 0x00, 0x00, 0x6b, 0x01, 0x00
    , 0x00, 0x00, 0x00, 0x88, 0x01, 0x00, 0x00, 0x00, 0x00, 0xc3, 0x06, 0x00
    , 0x00, 0x00, 0x00, 0xff, 0x01, 0x00, 0x00, 0x00, 0x00, 0x44, 0x0e, 0x00
    , 0x00, 0x00, 0x00, 0x00, 0x01, 0x00, 0x00, 0x00, 0x00, 0x35, 0x01, 0x00
    , 0x00, 0x00, 0x00, 0xfe, 0x05, 0x00, 0x00, 0x00, 0x00, 0xff, 0x01, 0x00
    , 0x00, 0x00, 0x00, 0x47, 0x11, 0x00, 0x00, 0x00, 0x00, 0x00, 0x01, 0x00
    , 0x00, 0x00, 0x00, 0x01, 0x01, 0x00, 0x00, 0x00, 0x00, 0xc8, 0x05, 0x00
    , 0x00, 0x00, 0x00, 0xff, 0x01, 0x00, 0x00, 0x00, 0x00, 0xb0, 0x0e, 0x00
    , 0x00, 0x00, 0x00, 0x00, 0x01, 0x00, 0x00, 0x00, 0x00, 0x01, 0x01, 0x00
    , 0x00, 0x00, 0x00, 0xc7, 0x05, 0x00, 0x00, 0x00, 0x00, 0xff, 0x01, 0x00
    , 0x00, 0x00, 0x00, 0xb3, 0x12, 0x00, 0x00, 0x00, 0x00, 0x00, 0x01, 0x00
    , 0x00, 0x00, 0x00, 0x5e, 0x05, 0x00, 0x00, 0x00, 0x00, 0xff, 0x01, 0x00
    , 0x00, 0x00, 0x00, 0xf9, 0x01, 0x00, 0x00, 0x00, 0x00, 0x23, 0x0e, 0x00
    , 0x00, 0x00, 0x00, 0x00, 0x01, 0x00, 0x00, 0x00, 0x00, 0x5c, 0x05, 0x00
    , 0x00, 0x00, 0x00, 0xff, 0x01, 0x00, 0x00, 0x00, 0x00, 0xfa, 0x01, 0x00
    , 0x00, 0x00, 0x00, 0x26, 0x11, 0x00, 0x00, 0x00, 0x00, 0x00, 0x01, 0x00
    , 0x00, 0x00, 0x00, 0x0c, 0x01, 0x00, 0x00, 0x00, 0x00, 0xe6, 0x05, 0x00
    , 0x00, 0x00, 0x00, 0xff, 0x01, 0x00, 0x00, 0x00, 0x00, 0x89, 0x0e, 0x00
    , 0x00, 0x00, 0x00, 0x00, 0x01, 0x00, 0x00, 0x00, 0x00, 0x0c, 0x01, 0x00
    , 0x00, 0x00, 0x00, 0xe5, 0x05, 0x00, 0x00, 0x00, 0x00, 0xff, 0x01, 0x00
    , 0x00, 0x00, 0x00, 0x8c, 0x12, 0x00, 0x00, 0x00, 0x00, 0x00, 0x01, 0x00
    , 0x00, 0x00, 0x00, 0x87, 0x05, 0x00, 0x00, 0x00, 0x00, 0xff, 0x01, 0x00
    , 0x00, 0x00, 0x00, 0xe8, 0x01, 0x00, 0x00, 0x00, 0x00, 0x0d, 0x0e, 0x00
    , 0x00, 0x00, 0x00, 0x00, 0x01, 0x00, 0x00, 0x00, 0x00, 0x85, 0x05, 0x00
    , 0x00, 0x00, 0x00, 0xff, 0x01, 0x00, 0x00, 0x00, 0x00, 0xe9, 0x01, 0x00
    , 0x00, 0x00, 0x00, 0x0f, 0x11, 0x00, 0x00, 0x00, 0x00, 0x00, 0x01, 0x00
    , 0x00, 0x00, 0x00, 0x23, 0x01, 0x00, 0x00, 0x00, 0x00, 0xf8, 0x05, 0x00
    , 0x00, 0x00, 0x00, 0xff, 0x01, 0x00, 0x00, 0x00, 0x00, 0x61, 0x0e, 0x00
    , 0x00, 0x00, 0x00, 0x00, 0x01, 0x00, 0x00, 0x00, 0x00, 0x22, 0x01, 0x00
    , 0x00, 0x00, 0x00, 0xf8, 0x05, 0x00, 0x00, 0x00, 0x00, 0xff, 0x01, 0x00
    , 0x00, 0x00, 0x00, 0x64, 0x12, 0x00, 0x00, 0x00, 0x00, 0x00, 0x01, 0x00
    , 0x00, 0x00, 0x00, 0xb0, 0x05, 0x00, 0x00, 0x00, 0x00, 0xff, 0x01, 0x00
    , 0x00, 0x00, 0x00, 0xcb, 0x01, 0x00, 0x00, 0x00, 0x00, 0x01, 0x0e, 0x00
    , 0x00, 0x00, 0x00, 0x00, 0x01, 0x00, 0x00, 0x00, 0x00, 0xab, 0x05, 0x00
    , 0x00, 0x00, 0x00, 0xff, 0x01, 0x00, 0x00, 0x00, 0x00, 0xcf, 0x01, 0x00
    , 0x00, 0x00, 0x00, 0x02, 0x11, 0x00, 0x00, 0x00, 0x00, 0x00, 0x01, 0x00
    , 0x00, 0x00, 0x00, 0x41, 0x06, 0x00, 0x00, 0x00, 0x00, 0xff, 0x01, 0x00
    , 0x00, 0x00, 0x00, 0x3b, 0x0e, 0x00, 0x00, 0x00, 0x00, 0x00, 0x01, 0x00
    , 0x00, 0x00, 0x00, 0x0a, 0x01, 0x00, 0x00, 0x00, 0x00, 0xf9, 0x05, 0x00
    , 0x00, 0x00, 0x00, 0xff, 0x01, 0x00, 0x00, 0x00, 0x00, 0x3e, 0x12, 0x00
    , 0x00, 0x00, 0x00, 0x00, 0x01, 0x00, 0x00, 0x00, 0x00, 0x9a, 0x05, 0x00
    , 0x00, 0x00, 0x00, 0xff, 0x01, 0x00, 0x00, 0x00, 0x00, 0xa6, 0x0f, 0x00
    , 0x00, 0x00, 0x00, 0x00, 0x01, 0x00, 0x00, 0x00, 0x00, 0x13, 0x01, 0x00
    , 0x00, 0x00, 0x00, 0xfd, 0x04, 0x00, 0x00, 0x00, 0x00, 0xff, 0x01, 0x00
    , 0x00, 0x00, 0x00, 0xa9, 0x13, 0x00, 0x00, 0x00, 0x00, 0x00, 0x01, 0x00
    , 0x00, 0x00, 0x00, 0xa7, 0x04, 0x00, 0x00, 0x00, 0x00, 0xff, 0x01, 0x00
    , 0x00, 0x00, 0x00, 0xf5, 0x01, 0x00, 0x00, 0x00, 0x00, 0x1d, 0x10, 0x00
    , 0x00, 0x00, 0x00, 0x00, 0x01, 0x00, 0x00, 0x00, 0x00, 0xb3, 0x03, 0x00
    , 0x00, 0x00, 0x00, 0xff, 0x01, 0x00, 0x00, 0x00, 0x00, 0xec, 0x01, 0x00
    , 0x00, 0x00, 0x00, 0x1e, 0x13, 0x00, 0x00, 0x00, 0x00, 0x00, 0x01, 0x00
    , 0x00, 0x00, 0x00, 0x4b, 0x01, 0x00, 0x00, 0x00, 0x00, 0xfe, 0x03, 0x00
    , 0x00, 0x00, 0x00, 0xff, 0x01, 0x00, 0x00, 0x00, 0x00, 0x74, 0x11, 0x00
    , 0x00, 0x00, 0x00, 0x00, 0x01, 0x00, 0x00, 0x00, 0x00, 0x0d, 0x01, 0x00
    , 0x00, 0x00, 0x00, 0xa0, 0x01, 0x00, 0x00, 0x00, 0x00, 0xde, 0x01, 0x00
    , 0x00, 0x00, 0x00, 0xb5, 0x01, 0x00, 0x00, 0x00, 0x00, 0x31, 0x15, 0x00
    , 0x00, 0x00, 0x00, 0x00, 0x01, 0x00, 0x00, 0x00, 0x00, 0x61, 0x01, 0x00
    , 0x00, 0x00, 0x00, 0xcb, 0x01, 0x00, 0x00, 0x00, 0x00, 0xd2, 0x01, 0x00
    , 0x00, 0x00, 0x00, 0x74, 0x5b, 0x01, 0x00, 0x00, 0x00, 0x00
};

inline Upp::Image ICON_EDITOR_FORMAT_QUOTE_48()
{
    return Upp::UiMakeIcon(DATA_EDITOR_FORMAT_QUOTE_48);
}

// Category: editor | Type: Outlined | Icon: format_size | Size: 48x48 | Format: UiMakeIcon RLE
static const unsigned char DATA_EDITOR_FORMAT_SIZE_48[] = {
    0x30, 0x80, 0x30, 0x00, 0xd3, 0x00, 0x00, 0x00, 0x00, 0x00, 0x01, 0x00
    , 0x00, 0x00, 0x00, 0x0a, 0x01, 0x00, 0x00, 0x00, 0x00, 0x2f, 0x17, 0x00
    , 0x00, 0x00, 0x00, 0x32, 0x01, 0x00, 0x00, 0x00, 0x00, 0x2a, 0x01, 0x00
    , 0x00, 0x00, 0x00, 0x04, 0x13, 0x00, 0x00, 0x00, 0x00, 0x00, 0x01, 0x00
    , 0x00, 0x00, 0x00, 0x09, 0x01, 0x00, 0x00, 0x00, 0x00, 0x96, 0x01, 0x00
    , 0x00, 0x00, 0x00, 0xfd, 0x19, 0x00, 0x00, 0x00, 0x00, 0xff, 0x01, 0x00
    , 0x00, 0x00, 0x00, 0xf6, 0x01, 0x00, 0x00, 0x00, 0x00, 0x74, 0x12, 0x00
    , 0x00, 0x00, 0x00, 0x00, 0x01, 0x00, 0x00, 0x00, 0x00, 0x96, 0x1d, 0x00
    , 0x00, 0x00, 0x00, 0xff, 0x01, 0x00, 0x00, 0x00, 0x00, 0x62, 0x10, 0x00
    , 0x00, 0x00, 0x00, 0x00, 0x01, 0x00, 0x00, 0x00, 0x00, 0x0a, 0x01, 0x00
    , 0x00, 0x00, 0x00, 0xfd, 0x1d, 0x00, 0x00, 0x00, 0x00, 0xff, 0x01, 0x00
    , 0x00, 0x00, 0x00, 0xd4, 0x10, 0x00, 0x00, 0x00, 0x00, 0x00, 0x01, 0x00
    , 0x00, 0x00, 0x00, 0x26, 0x1e, 0x00, 0x00, 0x00, 0x00, 0xff, 0x01, 0x00
    , 0x00, 0x00, 0x00, 0xf3, 0x10, 0x00, 0x00, 0x00, 0x00, 0x00, 0x01, 0x00
    , 0x00, 0x00, 0x00, 0x05, 0x01, 0x00, 0x00, 0x00, 0x00, 0xf6, 0x1d, 0x00
    , 0x00, 0x00, 0x00, 0xff, 0x01, 0x00, 0x00, 0x00, 0x00, 0xc8, 0x11, 0x00
    , 0x00, 0x00, 0x00, 0x00, 0x01, 0x00, 0x00, 0x00, 0x00, 0x74, 0x1c, 0x00
    , 0x00, 0x00, 0x00, 0xff, 0x01, 0x00, 0x00, 0x00, 0x00, 0xfe, 0x01, 0x00
    , 0x00, 0x00, 0x00, 0x42, 0x12, 0x00, 0x00, 0x00, 0x00, 0x00, 0x01, 0x00
    , 0x00, 0x00, 0x00, 0x62, 0x01, 0x00, 0x00, 0x00, 0x00, 0xd4, 0x01, 0x00
    , 0x00, 0x00, 0x00, 0xfc, 0x17, 0x00, 0x00, 0x00, 0x00, 0xff, 0x01, 0x00
    , 0x00, 0x00, 0x00, 0xf7, 0x01, 0x00, 0x00, 0x00, 0x00, 0xc8, 0x01, 0x00
    , 0x00, 0x00, 0x00, 0x42, 0x1d, 0x00, 0x00, 0x00, 0x00, 0x00, 0x01, 0x00
    , 0x00, 0x00, 0x00, 0x32, 0x07, 0x00, 0x00, 0x00, 0x00, 0xff, 0x28, 0x00
    , 0x00, 0x00, 0x00, 0x00, 0x01, 0x00, 0x00, 0x00, 0x00, 0x32, 0x07, 0x00
    , 0x00, 0x00, 0x00, 0xff, 0x28, 0x00, 0x00, 0x00, 0x00, 0x00, 0x01, 0x00
    , 0x00, 0x00, 0x00, 0x32, 0x07, 0x00, 0x00, 0x00, 0x00, 0xff, 0x28, 0x00
    , 0x00, 0x00, 0x00, 0x00, 0x01, 0x00, 0x00, 0x00, 0x00, 0x32, 0x07, 0x00
    , 0x00, 0x00, 0x00, 0xff, 0x0e, 0x00, 0x00, 0x00, 0x00, 0x00, 0x01, 0x00
    , 0x00, 0x00, 0x00, 0x05, 0x01, 0x00, 0x00, 0x00, 0x00, 0x2a, 0x0e, 0x00
    , 0x00, 0x00, 0x00, 0x32, 0x01, 0x00, 0x00, 0x00, 0x00, 0x1a, 0x09, 0x00
    , 0x00, 0x00, 0x00, 0x00, 0x01, 0x00, 0x00, 0x00, 0x00, 0x32, 0x07, 0x00
    , 0x00, 0x00, 0x00, 0xff, 0x0d, 0x00, 0x00, 0x00, 0x00, 0x00, 0x01, 0x00
    , 0x00, 0x00, 0x00, 0x74, 0x01, 0x00, 0x00, 0x00, 0x00, 0xf6, 0x10, 0x00
    , 0x00, 0x00, 0x00, 0xff, 0x01, 0x00, 0x00, 0x00, 0x00, 0xd3, 0x01, 0x00
    , 0x00, 0x00, 0x00, 0x31, 0x07, 0x00, 0x00, 0x00, 0x00, 0x00, 0x01, 0x00
    , 0x00, 0x00, 0x00, 0x32, 0x07, 0x00, 0x00, 0x00, 0x00, 0xff, 0x0c, 0x00
    , 0x00, 0x00, 0x00, 0x00, 0x01, 0x00, 0x00, 0x00, 0x00, 0x63, 0x13, 0x00
    , 0x00, 0x00, 0x00, 0xff, 0x01, 0x00, 0x00, 0x00, 0x00, 0xe8, 0x01, 0x00
    , 0x00, 0x00, 0x00, 0x13, 0x06, 0x00, 0x00, 0x00, 0x00, 0x00, 0x01, 0x00
    , 0x00, 0x00, 0x00, 0x32, 0x07, 0x00, 0x00, 0x00, 0x00, 0xff, 0x0c, 0x00
    , 0x00, 0x00, 0x00, 0x00, 0x01, 0x00, 0x00, 0x00, 0x00, 0xd4, 0x14, 0x00
    , 0x00, 0x00, 0x00, 0xff, 0x01, 0x00, 0x00, 0x00, 0x00, 0x6d, 0x06, 0x00
    , 0x00, 0x00, 0x00, 0x00, 0x01, 0x00, 0x00, 0x00, 0x00, 0x32, 0x07, 0x00
    , 0x00, 0x00, 0x00, 0xff, 0x0c, 0x00, 0x00, 0x00, 0x00, 0x00, 0x01, 0x00
    , 0x00, 0x00, 0x00, 0xf3, 0x14, 0x00, 0x00, 0x00, 0x00, 0xff, 0x01, 0x00
    , 0x00, 0x00, 0x00, 0x8c, 0x06, 0x00, 0x00, 0x00, 0x00, 0x00, 0x01, 0x00
    , 0x00, 0x00, 0x00, 0x32, 0x07, 0x00, 0x00, 0x00, 0x00, 0xff, 0x0c, 0x00
    , 0x00, 0x00, 0x00, 0x00, 0x01, 0x00, 0x00, 0x00, 0x00, 0xc8, 0x14, 0x00
    , 0x00, 0x00, 0x00, 0xff, 0x01, 0x00, 0x00, 0x00, 0x00, 0x61, 0x06, 0x00
    , 0x00, 0x00, 0x00, 0x00, 0x01, 0x00, 0x00, 0x00, 0x00, 0x32, 0x07, 0x00
    , 0x00, 0x00, 0x00, 0xff, 0x0c, 0x00, 0x00, 0x00, 0x00, 0x00, 0x01, 0x00
    , 0x00, 0x00, 0x00, 0x42, 0x01, 0x00, 0x00, 0x00, 0x00, 0xfe, 0x12, 0x00
    , 0x00, 0x00, 0x00, 0xff, 0x01, 0x00, 0x00, 0x00, 0x00, 0xd3, 0x01, 0x00
    , 0x00, 0x00, 0x00, 0x06, 0x06, 0x00, 0x00, 0x00, 0x00, 0x00, 0x01, 0x00
    , 0x00, 0x00, 0x00, 0x32, 0x07, 0x00, 0x00, 0x00, 0x00, 0xff, 0x0d, 0x00
    , 0x00, 0x00, 0x00, 0x00, 0x01, 0x00, 0x00, 0x00, 0x00, 0x42, 0x01, 0x00
    , 0x00, 0x00, 0x00, 0xc8, 0x01, 0x00, 0x00, 0x00, 0x00, 0xf7, 0x0e, 0x00
    , 0x00, 0x00, 0x00, 0xff, 0x01, 0x00, 0x00, 0x00, 0x00, 0xe7, 0x01, 0x00
    , 0x00, 0x00, 0x00, 0x9f, 0x01, 0x00, 0x00, 0x00, 0x00, 0x13, 0x07, 0x00
    , 0x00, 0x00, 0x00, 0x00, 0x01, 0x00, 0x00, 0x00, 0x00, 0x32, 0x07, 0x00
    , 0x00, 0x00, 0x00, 0xff, 0x13, 0x00, 0x00, 0x00, 0x00, 0x00, 0x01, 0x00
    , 0x00, 0x00, 0x00, 0xcc, 0x06, 0x00, 0x00, 0x00, 0x00, 0xff, 0x01, 0x00
    , 0x00, 0x00, 0x00, 0x65, 0x0d, 0x00, 0x00, 0x00, 0x00, 0x00, 0x01, 0x00
    , 0x00, 0x00, 0x00, 0x32, 0x07, 0x00, 0x00, 0x00, 0x00, 0xff, 0x13, 0x00
    , 0x00, 0x00, 0x00, 0x00, 0x01, 0x00, 0x00, 0x00, 0x00, 0xcc, 0x06, 0x00
    , 0x00, 0x00, 0x00, 0xff, 0x01, 0x00, 0x00, 0x00, 0x00, 0x65, 0x0d, 0x00
    , 0x00, 0x00, 0x00, 0x00, 0x01, 0x00, 0x00, 0x00, 0x00, 0x32, 0x07, 0x00
    , 0x00, 0x00, 0x00, 0xff, 0x13, 0x00, 0x00, 0x00, 0x00, 0x00, 0x01, 0x00
    , 0x00, 0x00, 0x00, 0xcc, 0x06, 0x00, 0x00, 0x00, 0x00, 0xff, 0x01, 0x00
    , 0x00, 0x00, 0x00, 0x65, 0x0d, 0x00, 0x00, 0x00, 0x00, 0x00, 0x01, 0x00
    , 0x00, 0x00, 0x00, 0x32, 0x07, 0x00, 0x00, 0x00, 0x00, 0xff, 0x13, 0x00
    , 0x00, 0x00, 0x00, 0x00, 0x01, 0x00, 0x00, 0x00, 0x00, 0xcc, 0x06, 0x00
    , 0x00, 0x00, 0x00, 0xff, 0x01, 0x00, 0x00, 0x00, 0x00, 0x65, 0x0d, 0x00
    , 0x00, 0x00, 0x00, 0x00, 0x01, 0x00, 0x00, 0x00, 0x00, 0x32, 0x07, 0x00
    , 0x00, 0x00, 0x00, 0xff, 0x13, 0x00, 0x00, 0x00, 0x00, 0x00, 0x01, 0x00
    , 0x00, 0x00, 0x00, 0xcc, 0x06, 0x00, 0x00, 0x00, 0x00, 0xff, 0x01, 0x00
    , 0x00, 0x00, 0x00, 0x65, 0x0d, 0x00, 0x00, 0x00, 0x00, 0x00, 0x01, 0x00
    , 0x00, 0x00, 0x00, 0x32, 0x07, 0x00, 0x00, 0x00, 0x00, 0xff, 0x13, 0x00
    , 0x00, 0x00, 0x00, 0x00, 0x01, 0x00, 0x00, 0x00, 0x00, 0xcc, 0x06, 0x00
    , 0x00, 0x00, 0x00, 0xff, 0x01, 0x00, 0x00, 0x00, 0x00, 0x65, 0x0d, 0x00
    , 0x00, 0x00, 0x00, 0x00, 0x01, 0x00, 0x00, 0x00, 0x00, 0x32, 0x07, 0x00
    , 0x00, 0x00, 0x00, 0xff, 0x13, 0x00, 0x00, 0x00, 0x00, 0x00, 0x01, 0x00
    , 0x00, 0x00, 0x00, 0xcc, 0x06, 0x00, 0x00, 0x00, 0x00, 0xff, 0x01, 0x00
    , 0x00, 0x00, 0x00, 0x65, 0x0d, 0x00, 0x00, 0x00, 0x00, 0x00, 0x01, 0x00
    , 0x00, 0x00, 0x00, 0x32, 0x07, 0x00, 0x00, 0x00, 0x00, 0xff, 0x13, 0x00
    , 0x00, 0x00, 0x00, 0x00, 0x01, 0x00, 0x00, 0x00, 0x00, 0xcc, 0x06, 0x00
    , 0x00, 0x00, 0x00, 0xff, 0x01, 0x00, 0x00, 0x00, 0x00, 0x65, 0x0d, 0x00
    , 0x00, 0x00, 0x00, 0x00, 0x01, 0x00, 0x00, 0x00, 0x00, 0x32, 0x07, 0x00
    , 0x00, 0x00, 0x00, 0xff, 0x13, 0x00, 0x00, 0x00, 0x00, 0x00, 0x01, 0x00
    , 0x00, 0x00, 0x00, 0xcc, 0x06, 0x00, 0x00, 0x00, 0x00, 0xff, 0x01, 0x00
    , 0x00, 0x00, 0x00, 0x65, 0x0d, 0x00, 0x00, 0x00, 0x00, 0x00, 0x01, 0x00
    , 0x00, 0x00, 0x00, 0x32, 0x07, 0x00, 0x00, 0x00, 0x00, 0xff, 0x13, 0x00
    , 0x00, 0x00, 0x00, 0x00, 0x01, 0x00, 0x00, 0x00, 0x00, 0xcc, 0x06, 0x00
    , 0x00, 0x00, 0x00, 0xff, 0x01, 0x00, 0x00, 0x00, 0x00, 0x65, 0x0d, 0x00
    , 0x00, 0x00, 0x00, 0x00, 0x01, 0x00, 0x00, 0x00, 0x00, 0x32, 0x07, 0x00
    , 0x00, 0x00, 0x00, 0xff, 0x13, 0x00, 0x00, 0x00, 0x00, 0x00, 0x01, 0x00
    , 0x00, 0x00, 0x00, 0xcc, 0x06, 0x00, 0x00, 0x00, 0x00, 0xff, 0x01, 0x00
    , 0x00, 0x00, 0x00, 0x65, 0x0d, 0x00, 0x00, 0x00, 0x00, 0x00, 0x01, 0x00
    , 0x00, 0x00, 0x00, 0x32, 0x07, 0x00, 0x00, 0x00, 0x00, 0xff, 0x13, 0x00
    , 0x00, 0x00, 0x00, 0x00, 0x01, 0x00, 0x00, 0x00, 0x00, 0xcc, 0x06, 0x00
    , 0x00, 0x00, 0x00, 0xff, 0x01, 0x00, 0x00, 0x00, 0x00, 0x65, 0x0d, 0x00
    , 0x00, 0x00, 0x00, 0x00, 0x01, 0x00, 0x00, 0x00, 0x00, 0x32, 0x07, 0x00
    , 0x00, 0x00, 0x00, 0xff, 0x13, 0x00, 0x00, 0x00, 0x00, 0x00, 0x01, 0x00
    , 0x00, 0x00, 0x00, 0xcc, 0x06, 0x00, 0x00, 0x00, 0x00, 0xff, 0x01, 0x00
    , 0x00, 0x00, 0x00, 0x65, 0x0d, 0x00, 0x00, 0x00, 0x00, 0x00, 0x01, 0x00
    , 0x00, 0x00, 0x00, 0x32, 0x07, 0x00, 0x00, 0x00, 0x00, 0xff, 0x13, 0x00
    , 0x00, 0x00, 0x00, 0x00, 0x01, 0x00, 0x00, 0x00, 0x00, 0xcc, 0x06, 0x00
    , 0x00, 0x00, 0x00, 0xff, 0x01, 0x00, 0x00, 0x00, 0x00, 0x65, 0x0d, 0x00
    , 0x00, 0x00, 0x00, 0x00, 0x01, 0x00, 0x00, 0x00, 0x00, 0x32, 0x07, 0x00
    , 0x00, 0x00, 0x00, 0xff, 0x13, 0x00, 0x00, 0x00, 0x00, 0x00, 0x01, 0x00
    , 0x00, 0x00, 0x00, 0xcc, 0x06, 0x00, 0x00, 0x00, 0x00, 0xff, 0x01, 0x00
    , 0x00, 0x00, 0x00, 0x65, 0x0d, 0x00, 0x00, 0x00, 0x00, 0x00, 0x01, 0x00
    , 0x00, 0x00, 0x00, 0x32, 0x07, 0x00, 0x00, 0x00, 0x00, 0xff, 0x13, 0x00
    , 0x00, 0x00, 0x00, 0x00, 0x01, 0x00, 0x00, 0x00, 0x00, 0xc9, 0x06, 0x00
    , 0x00, 0x00, 0x00, 0xff, 0x01, 0x00, 0x00, 0x00, 0x00, 0x62, 0x0d, 0x00
    , 0x00, 0x00, 0x00, 0x00, 0x01, 0x00, 0x00, 0x00, 0x00, 0x2f, 0x06, 0x00
    , 0x00, 0x00, 0x00, 0xff, 0x01, 0x00, 0x00, 0x00, 0x00, 0xfc, 0x13, 0x00
    , 0x00, 0x00, 0x00, 0x00, 0x01, 0x00, 0x00, 0x00, 0x00, 0xa1, 0x06, 0x00
    , 0x00, 0x00, 0x00, 0xff, 0x01, 0x00, 0x00, 0x00, 0x00, 0x3a, 0x0d, 0x00
    , 0x00, 0x00, 0x00, 0x00, 0x01, 0x00, 0x00, 0x00, 0x00, 0x0a, 0x01, 0x00
    , 0x00, 0x00, 0x00, 0xfd, 0x05, 0x00, 0x00, 0x00, 0x00, 0xff, 0x01, 0x00
    , 0x00, 0x00, 0x00, 0xd4, 0x13, 0x00, 0x00, 0x00, 0x00, 0x00, 0x01, 0x00
    , 0x00, 0x00, 0x00, 0x35, 0x01, 0x00, 0x00, 0x00, 0x00, 0xfb, 0x04, 0x00
    , 0x00, 0x00, 0x00, 0xff, 0x01, 0x00, 0x00, 0x00, 0x00, 0xc6, 0x01, 0x00
    , 0x00, 0x00, 0x00, 0x02, 0x0e, 0x00, 0x00, 0x00, 0x00, 0x00, 0x01, 0x00
    , 0x00, 0x00, 0x00, 0x96, 0x05, 0x00, 0x00, 0x00, 0x00, 0xff, 0x01, 0x00
    , 0x00, 0x00, 0x00, 0x62, 0x14, 0x00, 0x00, 0x00, 0x00, 0x00, 0x01, 0x00
    , 0x00, 0x00, 0x00, 0x4f, 0x01, 0x00, 0x00, 0x00, 0x00, 0xe7, 0x02, 0x00
    , 0x00, 0x00, 0x00, 0xff, 0x01, 0x00, 0x00, 0x00, 0x00, 0xb7, 0x01, 0x00
    , 0x00, 0x00, 0x00, 0x19, 0x0f, 0x00, 0x00, 0x00, 0x00, 0x00, 0x01, 0x00
    , 0x00, 0x00, 0x00, 0x09, 0x01, 0x00, 0x00, 0x00, 0x00, 0x95, 0x01, 0x00
    , 0x00, 0x00, 0x00, 0xfd, 0x01, 0x00, 0x00, 0x00, 0x00, 0xff, 0x01, 0x00
    , 0x00, 0x00, 0x00, 0xf6, 0x01, 0x00, 0x00, 0x00, 0x00, 0x73, 0x16, 0x00
    , 0x00, 0x00, 0x00, 0x00, 0x01, 0x00, 0x00, 0x00, 0x00, 0x01, 0x01, 0x00
    , 0x00, 0x00, 0x00, 0x22, 0x01, 0x00, 0x00, 0x00, 0x00, 0x11, 0x13, 0x00
    , 0x00, 0x00, 0x00, 0x00, 0x01, 0x00, 0x00, 0x00, 0x00, 0x0a, 0x01, 0x00
    , 0x00, 0x00, 0x00, 0x25, 0x01, 0x00, 0x00, 0x00, 0x00, 0x04, 0xce, 0x00
    , 0x00, 0x00, 0x00, 0x00
};

inline Upp::Image ICON_EDITOR_FORMAT_SIZE_48()
{
    return Upp::UiMakeIcon(DATA_EDITOR_FORMAT_SIZE_48);
}

// Category: editor | Type: Outlined | Icon: format_strikethrough | Size: 48x48 | Format: UiMakeIcon RLE
static const unsigned char DATA_EDITOR_FORMAT_STRIKETHROUGH_48[] = {
    0x30, 0x80, 0x30, 0x00, 0xc9, 0x00, 0x00, 0x00, 0x00, 0x00, 0x01, 0x00
    , 0x00, 0x00, 0x00, 0x01, 0x01, 0x00, 0x00, 0x00, 0x00, 0x23, 0x1a, 0x00
    , 0x00, 0x00, 0x00, 0x32, 0x01, 0x00, 0x00, 0x00, 0x00, 0x23, 0x01, 0x00
    , 0x00, 0x00, 0x00, 0x01, 0x11, 0x00, 0x00, 0x00, 0x00, 0x00, 0x01, 0x00
    , 0x00, 0x00, 0x00, 0x4f, 0x01, 0x00, 0x00, 0x00, 0x00, 0xe8, 0x1c, 0x00
    , 0x00, 0x00, 0x00, 0xff, 0x01, 0x00, 0x00, 0x00, 0x00, 0xe8, 0x01, 0x00
    , 0x00, 0x00, 0x00, 0x4f, 0x0f, 0x00, 0x00, 0x00, 0x00, 0x00, 0x01, 0x00
    , 0x00, 0x00, 0x00, 0x35, 0x01, 0x00, 0x00, 0x00, 0x00, 0xfb, 0x1e, 0x00
    , 0x00, 0x00, 0x00, 0xff, 0x01, 0x00, 0x00, 0x00, 0x00, 0xfb, 0x01, 0x00
    , 0x00, 0x00, 0x00, 0x34, 0x0e, 0x00, 0x00, 0x00, 0x00, 0x00, 0x01, 0x00
    , 0x00, 0x00, 0x00, 0xa1, 0x20, 0x00, 0x00, 0x00, 0x00, 0xff, 0x01, 0x00
    , 0x00, 0x00, 0x00, 0xa1, 0x0e, 0x00, 0x00, 0x00, 0x00, 0x00, 0x01, 0x00
    , 0x00, 0x00, 0x00, 0xc0, 0x20, 0x00, 0x00, 0x00, 0x00, 0xff, 0x01, 0x00
    , 0x00, 0x00, 0x00, 0xc0, 0x0e, 0x00, 0x00, 0x00, 0x00, 0x00, 0x01, 0x00
    , 0x00, 0x00, 0x00, 0x95, 0x20, 0x00, 0x00, 0x00, 0x00, 0xff, 0x01, 0x00
    , 0x00, 0x00, 0x00, 0x95, 0x0e, 0x00, 0x00, 0x00, 0x00, 0x00, 0x01, 0x00
    , 0x00, 0x00, 0x00, 0x1d, 0x01, 0x00, 0x00, 0x00, 0x00, 0xf0, 0x1e, 0x00
    , 0x00, 0x00, 0x00, 0xff, 0x01, 0x00, 0x00, 0x00, 0x00, 0xf0, 0x01, 0x00
    , 0x00, 0x00, 0x00, 0x1d, 0x0f, 0x00, 0x00, 0x00, 0x00, 0x00, 0x01, 0x00
    , 0x00, 0x00, 0x00, 0x27, 0x01, 0x00, 0x00, 0x00, 0x00, 0xb6, 0x01, 0x00
    , 0x00, 0x00, 0x00, 0xf0, 0x1a, 0x00, 0x00, 0x00, 0x00, 0xff, 0x01, 0x00
    , 0x00, 0x00, 0x00, 0xf0, 0x01, 0x00, 0x00, 0x00, 0x00, 0xb6, 0x01, 0x00
    , 0x00, 0x00, 0x00, 0x26, 0x1c, 0x00, 0x00, 0x00, 0x00, 0x00, 0x01, 0x00
    , 0x00, 0x00, 0x00, 0x99, 0x06, 0x00, 0x00, 0x00, 0x00, 0xff, 0x01, 0x00
    , 0x00, 0x00, 0x00, 0x99, 0x28, 0x00, 0x00, 0x00, 0x00, 0x00, 0x01, 0x00
    , 0x00, 0x00, 0x00, 0x99, 0x06, 0x00, 0x00, 0x00, 0x00, 0xff, 0x01, 0x00
    , 0x00, 0x00, 0x00, 0x99, 0x28, 0x00, 0x00, 0x00, 0x00, 0x00, 0x01, 0x00
    , 0x00, 0x00, 0x00, 0x99, 0x06, 0x00, 0x00, 0x00, 0x00, 0xff, 0x01, 0x00
    , 0x00, 0x00, 0x00, 0x99, 0x28, 0x00, 0x00, 0x00, 0x00, 0x00, 0x01, 0x00
    , 0x00, 0x00, 0x00, 0x99, 0x06, 0x00, 0x00, 0x00, 0x00, 0xff, 0x01, 0x00
    , 0x00, 0x00, 0x00, 0x99, 0x28, 0x00, 0x00, 0x00, 0x00, 0x00, 0x01, 0x00
    , 0x00, 0x00, 0x00, 0x99, 0x06, 0x00, 0x00, 0x00, 0x00, 0xff, 0x01, 0x00
    , 0x00, 0x00, 0x00, 0x99, 0x28, 0x00, 0x00, 0x00, 0x00, 0x00, 0x01, 0x00
    , 0x00, 0x00, 0x00, 0x99, 0x06, 0x00, 0x00, 0x00, 0x00, 0xff, 0x01, 0x00
    , 0x00, 0x00, 0x00, 0x99, 0x28, 0x00, 0x00, 0x00, 0x00, 0x00, 0x01, 0x00
    , 0x00, 0x00, 0x00, 0x99, 0x06, 0x00, 0x00, 0x00, 0x00, 0xff, 0x01, 0x00
    , 0x00, 0x00, 0x00, 0x99, 0x28, 0x00, 0x00, 0x00, 0x00, 0x00, 0x01, 0x00
    , 0x00, 0x00, 0x00, 0x1e, 0x06, 0x00, 0x00, 0x00, 0x00, 0x32, 0x01, 0x00
    , 0x00, 0x00, 0x00, 0x1e, 0xd4, 0x00, 0x00, 0x00, 0x00, 0x00, 0x01, 0x00
    , 0x00, 0x00, 0x00, 0x29, 0x01, 0x00, 0x00, 0x00, 0x00, 0xc8, 0x01, 0x00
    , 0x00, 0x00, 0x00, 0xfc, 0x2a, 0x00, 0x00, 0x00, 0x00, 0xff, 0x01, 0x00
    , 0x00, 0x00, 0x00, 0xfc, 0x01, 0x00, 0x00, 0x00, 0x00, 0xc8, 0x01, 0x00
    , 0x00, 0x00, 0x00, 0x28, 0x01, 0x00, 0x00, 0x00, 0x00, 0xc8, 0x2e, 0x00
    , 0x00, 0x00, 0x00, 0xff, 0x01, 0x00, 0x00, 0x00, 0x00, 0xc8, 0x01, 0x00
    , 0x00, 0x00, 0x00, 0xf3, 0x2e, 0x00, 0x00, 0x00, 0x00, 0xff, 0x01, 0x00
    , 0x00, 0x00, 0x00, 0xf3, 0x01, 0x00, 0x00, 0x00, 0x00, 0xb0, 0x2e, 0x00
    , 0x00, 0x00, 0x00, 0xff, 0x01, 0x00, 0x00, 0x00, 0x00, 0xb0, 0x01, 0x00
    , 0x00, 0x00, 0x00, 0x11, 0x01, 0x00, 0x00, 0x00, 0x00, 0x95, 0x01, 0x00
    , 0x00, 0x00, 0x00, 0xc9, 0x2a, 0x00, 0x00, 0x00, 0x00, 0xcc, 0x01, 0x00
    , 0x00, 0x00, 0x00, 0xc9, 0x01, 0x00, 0x00, 0x00, 0x00, 0x95, 0x01, 0x00
    , 0x00, 0x00, 0x00, 0x11, 0xd4, 0x00, 0x00, 0x00, 0x00, 0x00, 0x01, 0x00
    , 0x00, 0x00, 0x00, 0x3d, 0x06, 0x00, 0x00, 0x00, 0x00, 0x65, 0x01, 0x00
    , 0x00, 0x00, 0x00, 0x3d, 0x28, 0x00, 0x00, 0x00, 0x00, 0x00, 0x01, 0x00
    , 0x00, 0x00, 0x00, 0x99, 0x06, 0x00, 0x00, 0x00, 0x00, 0xff, 0x01, 0x00
    , 0x00, 0x00, 0x00, 0x99, 0x28, 0x00, 0x00, 0x00, 0x00, 0x00, 0x01, 0x00
    , 0x00, 0x00, 0x00, 0x99, 0x06, 0x00, 0x00, 0x00, 0x00, 0xff, 0x01, 0x00
    , 0x00, 0x00, 0x00, 0x99, 0x28, 0x00, 0x00, 0x00, 0x00, 0x00, 0x01, 0x00
    , 0x00, 0x00, 0x00, 0x99, 0x06, 0x00, 0x00, 0x00, 0x00, 0xff, 0x01, 0x00
    , 0x00, 0x00, 0x00, 0x99, 0x28, 0x00, 0x00, 0x00, 0x00, 0x00, 0x01, 0x00
    , 0x00, 0x00, 0x00, 0x99, 0x06, 0x00, 0x00, 0x00, 0x00, 0xff, 0x01, 0x00
    , 0x00, 0x00, 0x00, 0x99, 0x28, 0x00, 0x00, 0x00, 0x00, 0x00, 0x01, 0x00
    , 0x00, 0x00, 0x00, 0x99, 0x06, 0x00, 0x00, 0x00, 0x00, 0xff, 0x01, 0x00
    , 0x00, 0x00, 0x00, 0x99, 0x28, 0x00, 0x00, 0x00, 0x00, 0x00, 0x01, 0x00
    , 0x00, 0x00, 0x00, 0x96, 0x06, 0x00, 0x00, 0x00, 0x00, 0xff, 0x01, 0x00
    , 0x00, 0x00, 0x00, 0x96, 0x28, 0x00, 0x00, 0x00, 0x00, 0x00, 0x01, 0x00
    , 0x00, 0x00, 0x00, 0x6e, 0x06, 0x00, 0x00, 0x00, 0x00, 0xff, 0x01, 0x00
    , 0x00, 0x00, 0x00, 0x6d, 0x28, 0x00, 0x00, 0x00, 0x00, 0x00, 0x01, 0x00
    , 0x00, 0x00, 0x00, 0x14, 0x01, 0x00, 0x00, 0x00, 0x00, 0xe9, 0x04, 0x00
    , 0x00, 0x00, 0x00, 0xff, 0x01, 0x00, 0x00, 0x00, 0x00, 0xe8, 0x01, 0x00
    , 0x00, 0x00, 0x00, 0x13, 0x29, 0x00, 0x00, 0x00, 0x00, 0x00, 0x01, 0x00
    , 0x00, 0x00, 0x00, 0x31, 0x01, 0x00, 0x00, 0x00, 0x00, 0xd2, 0x02, 0x00
    , 0x00, 0x00, 0x00, 0xff, 0x01, 0x00, 0x00, 0x00, 0x00, 0xd2, 0x01, 0x00
    , 0x00, 0x00, 0x00, 0x30, 0x2c, 0x00, 0x00, 0x00, 0x00, 0x00, 0x02, 0x00
    , 0x00, 0x00, 0x00, 0x1a, 0xd7, 0x00, 0x00, 0x00, 0x00, 0x00
};

inline Upp::Image ICON_EDITOR_FORMAT_STRIKETHROUGH_48()
{
    return Upp::UiMakeIcon(DATA_EDITOR_FORMAT_STRIKETHROUGH_48);
}

// Category: editor | Type: Outlined | Icon: margin | Size: 48x48 | Format: UiMakeIcon RLE
static const unsigned char DATA_EDITOR_MARGIN_48[] = {
    0x30, 0x80, 0x30, 0x00, 0x02, 0x00, 0x00, 0x00, 0x00, 0x00, 0x01, 0x00
    , 0x00, 0x00, 0x00, 0x20, 0x01, 0x00, 0x00, 0x00, 0x00, 0xa1, 0x01, 0x00
    , 0x00, 0x00, 0x00, 0xd7, 0x01, 0x00, 0x00, 0x00, 0x00, 0xfd, 0x24, 0x00
    , 0x00, 0x00, 0x00, 0xff, 0x01, 0x00, 0x00, 0x00, 0x00, 0xfd, 0x01, 0x00
    , 0x00, 0x00, 0x00, 0xd7, 0x01, 0x00, 0x00, 0x00, 0x00, 0xa0, 0x01, 0x00
    , 0x00, 0x00, 0x00, 0x1f, 0x03, 0x00, 0x00, 0x00, 0x00, 0x00, 0x01, 0x00
    , 0x00, 0x00, 0x00, 0x51, 0x01, 0x00, 0x00, 0x00, 0x00, 0xf2, 0x2a, 0x00
    , 0x00, 0x00, 0x00, 0xff, 0x01, 0x00, 0x00, 0x00, 0x00, 0xf2, 0x01, 0x00
    , 0x00, 0x00, 0x00, 0x50, 0x01, 0x00, 0x00, 0x00, 0x00, 0x00, 0x01, 0x00
    , 0x00, 0x00, 0x00, 0x1f, 0x01, 0x00, 0x00, 0x00, 0x00, 0xf2, 0x2c, 0x00
    , 0x00, 0x00, 0x00, 0xff, 0x01, 0x00, 0x00, 0x00, 0x00, 0xf2, 0x01, 0x00
    , 0x00, 0x00, 0x00, 0x1f, 0x01, 0x00, 0x00, 0x00, 0x00, 0xa0, 0x2e, 0x00
    , 0x00, 0x00, 0x00, 0xff, 0x01, 0x00, 0x00, 0x00, 0x00, 0xa0, 0x01, 0x00
    , 0x00, 0x00, 0x00, 0xd7, 0x2e, 0x00, 0x00, 0x00, 0x00, 0xff, 0x01, 0x00
    , 0x00, 0x00, 0x00, 0xd6, 0x01, 0x00, 0x00, 0x00, 0x00, 0xfd, 0x04, 0x00
    , 0x00, 0x00, 0x00, 0xff, 0x01, 0x00, 0x00, 0x00, 0x00, 0x8d, 0x24, 0x00
    , 0x00, 0x00, 0x00, 0x54, 0x01, 0x00, 0x00, 0x00, 0x00, 0x8d, 0x04, 0x00
    , 0x00, 0x00, 0x00, 0xff, 0x01, 0x00, 0x00, 0x00, 0x00, 0xfd, 0x05, 0x00
    , 0x00, 0x00, 0x00, 0xff, 0x01, 0x00, 0x00, 0x00, 0x00, 0x54, 0x24, 0x00
    , 0x00, 0x00, 0x00, 0x00, 0x01, 0x00, 0x00, 0x00, 0x00, 0x54, 0x0a, 0x00
    , 0x00, 0x00, 0x00, 0xff, 0x01, 0x00, 0x00, 0x00, 0x00, 0x54, 0x24, 0x00
    , 0x00, 0x00, 0x00, 0x00, 0x01, 0x00, 0x00, 0x00, 0x00, 0x54, 0x0a, 0x00
    , 0x00, 0x00, 0x00, 0xff, 0x01, 0x00, 0x00, 0x00, 0x00, 0x54, 0x24, 0x00
    , 0x00, 0x00, 0x00, 0x00, 0x01, 0x00, 0x00, 0x00, 0x00, 0x54, 0x0a, 0x00
    , 0x00, 0x00, 0x00, 0xff, 0x01, 0x00, 0x00, 0x00, 0x00, 0x54, 0x24, 0x00
    , 0x00, 0x00, 0x00, 0x00, 0x01, 0x00, 0x00, 0x00, 0x00, 0x54, 0x0a, 0x00
    , 0x00, 0x00, 0x00, 0xff, 0x01, 0x00, 0x00, 0x00, 0x00, 0x54, 0x06, 0x00
    , 0x00, 0x00, 0x00, 0x00, 0x01, 0x00, 0x00, 0x00, 0x00, 0x28, 0x01, 0x00
    , 0x00, 0x00, 0x00, 0x47, 0x01, 0x00, 0x00, 0x00, 0x00, 0x13, 0x07, 0x00
    , 0x00, 0x00, 0x00, 0x00, 0x01, 0x00, 0x00, 0x00, 0x00, 0x04, 0x02, 0x00
    , 0x00, 0x00, 0x00, 0x3d, 0x01, 0x00, 0x00, 0x00, 0x00, 0x04, 0x07, 0x00
    , 0x00, 0x00, 0x00, 0x00, 0x01, 0x00, 0x00, 0x00, 0x00, 0x13, 0x01, 0x00
    , 0x00, 0x00, 0x00, 0x47, 0x01, 0x00, 0x00, 0x00, 0x00, 0x28, 0x06, 0x00
    , 0x00, 0x00, 0x00, 0x00, 0x01, 0x00, 0x00, 0x00, 0x00, 0x54, 0x0a, 0x00
    , 0x00, 0x00, 0x00, 0xff, 0x01, 0x00, 0x00, 0x00, 0x00, 0x54, 0x05, 0x00
    , 0x00, 0x00, 0x00, 0x00, 0x01, 0x00, 0x00, 0x00, 0x00, 0x88, 0x01, 0x00
    , 0x00, 0x00, 0x00, 0xfe, 0x01, 0x00, 0x00, 0x00, 0x00, 0xff, 0x01, 0x00
    , 0x00, 0x00, 0x00, 0xf0, 0x01, 0x00, 0x00, 0x00, 0x00, 0x40, 0x05, 0x00
    , 0x00, 0x00, 0x00, 0x00, 0x01, 0x00, 0x00, 0x00, 0x00, 0x0e, 0x01, 0x00
    , 0x00, 0x00, 0x00, 0xce, 0x02, 0x00, 0x00, 0x00, 0x00, 0xff, 0x01, 0x00
    , 0x00, 0x00, 0x00, 0xcd, 0x01, 0x00, 0x00, 0x00, 0x00, 0x0d, 0x05, 0x00
    , 0x00, 0x00, 0x00, 0x00, 0x01, 0x00, 0x00, 0x00, 0x00, 0x41, 0x01, 0x00
    , 0x00, 0x00, 0x00, 0xf0, 0x01, 0x00, 0x00, 0x00, 0x00, 0xff, 0x01, 0x00
    , 0x00, 0x00, 0x00, 0xfe, 0x01, 0x00, 0x00, 0x00, 0x00, 0x87, 0x05, 0x00
    , 0x00, 0x00, 0x00, 0x00, 0x01, 0x00, 0x00, 0x00, 0x00, 0x54, 0x0a, 0x00
    , 0x00, 0x00, 0x00, 0xff, 0x01, 0x00, 0x00, 0x00, 0x00, 0x54, 0x04, 0x00
    , 0x00, 0x00, 0x00, 0x00, 0x01, 0x00, 0x00, 0x00, 0x00, 0x28, 0x01, 0x00
    , 0x00, 0x00, 0x00, 0xfe, 0x03, 0x00, 0x00, 0x00, 0x00, 0xff, 0x01, 0x00
    , 0x00, 0x00, 0x00, 0xd2, 0x05, 0x00, 0x00, 0x00, 0x00, 0x00, 0x01, 0x00
    , 0x00, 0x00, 0x00, 0x7d, 0x04, 0x00, 0x00, 0x00, 0x00, 0xff, 0x01, 0x00
    , 0x00, 0x00, 0x00, 0x7d, 0x05, 0x00, 0x00, 0x00, 0x00, 0x00, 0x01, 0x00
    , 0x00, 0x00, 0x00, 0xd2, 0x03, 0x00, 0x00, 0x00, 0x00, 0xff, 0x01, 0x00
    , 0x00, 0x00, 0x00, 0xfe, 0x01, 0x00, 0x00, 0x00, 0x00, 0x27, 0x04, 0x00
    , 0x00, 0x00, 0x00, 0x00, 0x01, 0x00, 0x00, 0x00, 0x00, 0x54, 0x0a, 0x00
    , 0x00, 0x00, 0x00, 0xff, 0x01, 0x00, 0x00, 0x00, 0x00, 0x54, 0x04, 0x00
    , 0x00, 0x00, 0x00, 0x00, 0x01, 0x00, 0x00, 0x00, 0x00, 0x47, 0x04, 0x00
    , 0x00, 0x00, 0x00, 0xff, 0x01, 0x00, 0x00, 0x00, 0x00, 0xf1, 0x05, 0x00
    , 0x00, 0x00, 0x00, 0x00, 0x01, 0x00, 0x00, 0x00, 0x00, 0x9d, 0x04, 0x00
    , 0x00, 0x00, 0x00, 0xff, 0x01, 0x00, 0x00, 0x00, 0x00, 0x9c, 0x05, 0x00
    , 0x00, 0x00, 0x00, 0x00, 0x01, 0x00, 0x00, 0x00, 0x00, 0xf2, 0x04, 0x00
    , 0x00, 0x00, 0x00, 0xff, 0x01, 0x00, 0x00, 0x00, 0x00, 0x46, 0x04, 0x00
    , 0x00, 0x00, 0x00, 0x00, 0x01, 0x00, 0x00, 0x00, 0x00, 0x54, 0x0a, 0x00
    , 0x00, 0x00, 0x00, 0xff, 0x01, 0x00, 0x00, 0x00, 0x00, 0x54, 0x04, 0x00
    , 0x00, 0x00, 0x00, 0x00, 0x01, 0x00, 0x00, 0x00, 0x00, 0x13, 0x01, 0x00
    , 0x00, 0x00, 0x00, 0xf0, 0x03, 0x00, 0x00, 0x00, 0x00, 0xff, 0x01, 0x00
    , 0x00, 0x00, 0x00, 0xaf, 0x05, 0x00, 0x00, 0x00, 0x00, 0x00, 0x01, 0x00
    , 0x00, 0x00, 0x00, 0x5a, 0x04, 0x00, 0x00, 0x00, 0x00, 0xff, 0x01, 0x00
    , 0x00, 0x00, 0x00, 0x5a, 0x05, 0x00, 0x00, 0x00, 0x00, 0x00, 0x01, 0x00
    , 0x00, 0x00, 0x00, 0xb0, 0x03, 0x00, 0x00, 0x00, 0x00, 0xff, 0x01, 0x00
    , 0x00, 0x00, 0x00, 0xf0, 0x01, 0x00, 0x00, 0x00, 0x00, 0x13, 0x04, 0x00
    , 0x00, 0x00, 0x00, 0x00, 0x01, 0x00, 0x00, 0x00, 0x00, 0x54, 0x0a, 0x00
    , 0x00, 0x00, 0x00, 0xff, 0x01, 0x00, 0x00, 0x00, 0x00, 0x54, 0x05, 0x00
    , 0x00, 0x00, 0x00, 0x00, 0x01, 0x00, 0x00, 0x00, 0x00, 0x40, 0x01, 0x00
    , 0x00, 0x00, 0x00, 0xd2, 0x01, 0x00, 0x00, 0x00, 0x00, 0xf1, 0x01, 0x00
    , 0x00, 0x00, 0x00, 0xaf, 0x01, 0x00, 0x00, 0x00, 0x00, 0x16, 0x06, 0x00
    , 0x00, 0x00, 0x00, 0x00, 0x01, 0x00, 0x00, 0x00, 0x00, 0x7e, 0x02, 0x00
    , 0x00, 0x00, 0x00, 0xe7, 0x01, 0x00, 0x00, 0x00, 0x00, 0x7e, 0x06, 0x00
    , 0x00, 0x00, 0x00, 0x00, 0x01, 0x00, 0x00, 0x00, 0x00, 0x16, 0x01, 0x00
    , 0x00, 0x00, 0x00, 0xaf, 0x01, 0x00, 0x00, 0x00, 0x00, 0xf1, 0x01, 0x00
    , 0x00, 0x00, 0x00, 0xd2, 0x01, 0x00, 0x00, 0x00, 0x00, 0x40, 0x05, 0x00
    , 0x00, 0x00, 0x00, 0x00, 0x01, 0x00, 0x00, 0x00, 0x00, 0x54, 0x0a, 0x00
    , 0x00, 0x00, 0x00, 0xff, 0x01, 0x00, 0x00, 0x00, 0x00, 0x54, 0x24, 0x00
    , 0x00, 0x00, 0x00, 0x00, 0x01, 0x00, 0x00, 0x00, 0x00, 0x54, 0x0a, 0x00
    , 0x00, 0x00, 0x00, 0xff, 0x01, 0x00, 0x00, 0x00, 0x00, 0x54, 0x24, 0x00
    , 0x00, 0x00, 0x00, 0x00, 0x01, 0x00, 0x00, 0x00, 0x00, 0x54, 0x0a, 0x00
    , 0x00, 0x00, 0x00, 0xff, 0x01, 0x00, 0x00, 0x00, 0x00, 0x54, 0x24, 0x00
    , 0x00, 0x00, 0x00, 0x00, 0x01, 0x00, 0x00, 0x00, 0x00, 0x54, 0x0a, 0x00
    , 0x00, 0x00, 0x00, 0xff, 0x01, 0x00, 0x00, 0x00, 0x00, 0x54, 0x24, 0x00
    , 0x00, 0x00, 0x00, 0x00, 0x01, 0x00, 0x00, 0x00, 0x00, 0x54, 0x0a, 0x00
    , 0x00, 0x00, 0x00, 0xff, 0x01, 0x00, 0x00, 0x00, 0x00, 0x54, 0x24, 0x00
    , 0x00, 0x00, 0x00, 0x00, 0x01, 0x00, 0x00, 0x00, 0x00, 0x54, 0x0a, 0x00
    , 0x00, 0x00, 0x00, 0xff, 0x01, 0x00, 0x00, 0x00, 0x00, 0x54, 0x05, 0x00
    , 0x00, 0x00, 0x00, 0x00, 0x01, 0x00, 0x00, 0x00, 0x00, 0x0e, 0x01, 0x00
    , 0x00, 0x00, 0x00, 0x7d, 0x01, 0x00, 0x00, 0x00, 0x00, 0x9d, 0x01, 0x00
    , 0x00, 0x00, 0x00, 0x5a, 0x07, 0x00, 0x00, 0x00, 0x00, 0x00, 0x01, 0x00
    , 0x00, 0x00, 0x00, 0x2f, 0x02, 0x00, 0x00, 0x00, 0x00, 0x93, 0x01, 0x00
    , 0x00, 0x00, 0x00, 0x2f, 0x07, 0x00, 0x00, 0x00, 0x00, 0x00, 0x01, 0x00
    , 0x00, 0x00, 0x00, 0x5a, 0x01, 0x00, 0x00, 0x00, 0x00, 0x9d, 0x01, 0x00
    , 0x00, 0x00, 0x00, 0x7d, 0x01, 0x00, 0x00, 0x00, 0x00, 0x0d, 0x05, 0x00
    , 0x00, 0x00, 0x00, 0x00, 0x01, 0x00, 0x00, 0x00, 0x00, 0x54, 0x0a, 0x00
    , 0x00, 0x00, 0x00, 0xff, 0x01, 0x00, 0x00, 0x00, 0x00, 0x54, 0x04, 0x00
    , 0x00, 0x00, 0x00, 0x00, 0x01, 0x00, 0x00, 0x00, 0x00, 0x04, 0x01, 0x00
    , 0x00, 0x00, 0x00, 0xce, 0x03, 0x00, 0x00, 0x00, 0x00, 0xff, 0x01, 0x00
    , 0x00, 0x00, 0x00, 0x7e, 0x05, 0x00, 0x00, 0x00, 0x00, 0x00, 0x01, 0x00
    , 0x00, 0x00, 0x00, 0x2f, 0x01, 0x00, 0x00, 0x00, 0x00, 0xf8, 0x02, 0x00
    , 0x00, 0x00, 0x00, 0xff, 0x01, 0x00, 0x00, 0x00, 0x00, 0xf8, 0x01, 0x00
    , 0x00, 0x00, 0x00, 0x2f, 0x05, 0x00, 0x00, 0x00, 0x00, 0x00, 0x01, 0x00
    , 0x00, 0x00, 0x00, 0x7e, 0x03, 0x00, 0x00, 0x00, 0x00, 0xff, 0x01, 0x00
    , 0x00, 0x00, 0x00, 0xcd, 0x01, 0x00, 0x00, 0x00, 0x00, 0x04, 0x04, 0x00
    , 0x00, 0x00, 0x00, 0x00, 0x01, 0x00, 0x00, 0x00, 0x00, 0x54, 0x0a, 0x00
    , 0x00, 0x00, 0x00, 0xff, 0x01, 0x00, 0x00, 0x00, 0x00, 0x54, 0x04, 0x00
    , 0x00, 0x00, 0x00, 0x00, 0x01, 0x00, 0x00, 0x00, 0x00, 0x3d, 0x04, 0x00
    , 0x00, 0x00, 0x00, 0xff, 0x01, 0x00, 0x00, 0x00, 0x00, 0xe7, 0x05, 0x00
    , 0x00, 0x00, 0x00, 0x00, 0x01, 0x00, 0x00, 0x00, 0x00, 0x93, 0x04, 0x00
    , 0x00, 0x00, 0x00, 0xff, 0x01, 0x00, 0x00, 0x00, 0x00, 0x92, 0x05, 0x00
    , 0x00, 0x00, 0x00, 0x00, 0x01, 0x00, 0x00, 0x00, 0x00, 0xe8, 0x04, 0x00
    , 0x00, 0x00, 0x00, 0xff, 0x01, 0x00, 0x00, 0x00, 0x00, 0x3c, 0x04, 0x00
    , 0x00, 0x00, 0x00, 0x00, 0x01, 0x00, 0x00, 0x00, 0x00, 0x54, 0x0a, 0x00
    , 0x00, 0x00, 0x00, 0xff, 0x01, 0x00, 0x00, 0x00, 0x00, 0x54, 0x04, 0x00
    , 0x00, 0x00, 0x00, 0x00, 0x01, 0x00, 0x00, 0x00, 0x00, 0x3d, 0x04, 0x00
    , 0x00, 0x00, 0x00, 0xff, 0x01, 0x00, 0x00, 0x00, 0x00, 0xe7, 0x05, 0x00
    , 0x00, 0x00, 0x00, 0x00, 0x01, 0x00, 0x00, 0x00, 0x00, 0x93, 0x04, 0x00
    , 0x00, 0x00, 0x00, 0xff, 0x01, 0x00, 0x00, 0x00, 0x00, 0x92, 0x05, 0x00
    , 0x00, 0x00, 0x00, 0x00, 0x01, 0x00, 0x00, 0x00, 0x00, 0xe8, 0x04, 0x00
    , 0x00, 0x00, 0x00, 0xff, 0x01, 0x00, 0x00, 0x00, 0x00, 0x3c, 0x04, 0x00
    , 0x00, 0x00, 0x00, 0x00, 0x01, 0x00, 0x00, 0x00, 0x00, 0x54, 0x0a, 0x00
    , 0x00, 0x00, 0x00, 0xff, 0x01, 0x00, 0x00, 0x00, 0x00, 0x54, 0x04, 0x00
    , 0x00, 0x00, 0x00, 0x00, 0x01, 0x00, 0x00, 0x00, 0x00, 0x04, 0x01, 0x00
    , 0x00, 0x00, 0x00, 0xcd, 0x03, 0x00, 0x00, 0x00, 0x00, 0xff, 0x01, 0x00
    , 0x00, 0x00, 0x00, 0x7e, 0x05, 0x00, 0x00, 0x00, 0x00, 0x00, 0x01, 0x00
    , 0x00, 0x00, 0x00, 0x2f, 0x01, 0x00, 0x00, 0x00, 0x00, 0xf8, 0x02, 0x00
    , 0x00, 0x00, 0x00, 0xff, 0x01, 0x00, 0x00, 0x00, 0x00, 0xf8, 0x01, 0x00
    , 0x00, 0x00, 0x00, 0x2f, 0x05, 0x00, 0x00, 0x00, 0x00, 0x00, 0x01, 0x00
    , 0x00, 0x00, 0x00, 0x7e, 0x03, 0x00, 0x00, 0x00, 0x00, 0xff, 0x01, 0x00
    , 0x00, 0x00, 0x00, 0xcd, 0x01, 0x00, 0x00, 0x00, 0x00, 0x04, 0x04, 0x00
    , 0x00, 0x00, 0x00, 0x00, 0x01, 0x00, 0x00, 0x00, 0x00, 0x54, 0x0a, 0x00
    , 0x00, 0x00, 0x00, 0xff, 0x01, 0x00, 0x00, 0x00, 0x00, 0x54, 0x05, 0x00
    , 0x00, 0x00, 0x00, 0x00, 0x01, 0x00, 0x00, 0x00, 0x00, 0x0d, 0x01, 0x00
    , 0x00, 0x00, 0x00, 0x7d, 0x01, 0x00, 0x00, 0x00, 0x00, 0x9c, 0x01, 0x00
    , 0x00, 0x00, 0x00, 0x5a, 0x07, 0x00, 0x00, 0x00, 0x00, 0x00, 0x01, 0x00
    , 0x00, 0x00, 0x00, 0x2f, 0x02, 0x00, 0x00, 0x00, 0x00, 0x92, 0x01, 0x00
    , 0x00, 0x00, 0x00, 0x2f, 0x07, 0x00, 0x00, 0x00, 0x00, 0x00, 0x01, 0x00
    , 0x00, 0x00, 0x00, 0x5a, 0x01, 0x00, 0x00, 0x00, 0x00, 0x9c, 0x01, 0x00
    , 0x00, 0x00, 0x00, 0x7d, 0x01, 0x00, 0x00, 0x00, 0x00, 0x0d, 0x05, 0x00
    , 0x00, 0x00, 0x00, 0x00, 0x01, 0x00, 0x00, 0x00, 0x00, 0x54, 0x0a, 0x00
    , 0x00, 0x00, 0x00, 0xff, 0x01, 0x00, 0x00, 0x00, 0x00, 0x54, 0x24, 0x00
    , 0x00, 0x00, 0x00, 0x00, 0x01, 0x00, 0x00, 0x00, 0x00, 0x54, 0x0a, 0x00
    , 0x00, 0x00, 0x00, 0xff, 0x01, 0x00, 0x00, 0x00, 0x00, 0x54, 0x24, 0x00
    , 0x00, 0x00, 0x00, 0x00, 0x01, 0x00, 0x00, 0x00, 0x00, 0x54, 0x0a, 0x00
    , 0x00, 0x00, 0x00, 0xff, 0x01, 0x00, 0x00, 0x00, 0x00, 0x54, 0x24, 0x00
    , 0x00, 0x00, 0x00, 0x00, 0x01, 0x00, 0x00, 0x00, 0x00, 0x54, 0x0a, 0x00
    , 0x00, 0x00, 0x00, 0xff, 0x01, 0x00, 0x00, 0x00, 0x00, 0x54, 0x24, 0x00
    , 0x00, 0x00, 0x00, 0x00, 0x01, 0x00, 0x00, 0x00, 0x00, 0x54, 0x0a, 0x00
    , 0x00, 0x00, 0x00, 0xff, 0x01, 0x00, 0x00, 0x00, 0x00, 0x54, 0x24, 0x00
    , 0x00, 0x00, 0x00, 0x00, 0x01, 0x00, 0x00, 0x00, 0x00, 0x54, 0x0a, 0x00
    , 0x00, 0x00, 0x00, 0xff, 0x01, 0x00, 0x00, 0x00, 0x00, 0x54, 0x24, 0x00
    , 0x00, 0x00, 0x00, 0x00, 0x01, 0x00, 0x00, 0x00, 0x00, 0x54, 0x0a, 0x00
    , 0x00, 0x00, 0x00, 0xff, 0x01, 0x00, 0x00, 0x00, 0x00, 0x54, 0x24, 0x00
    , 0x00, 0x00, 0x00, 0x00, 0x01, 0x00, 0x00, 0x00, 0x00, 0x54, 0x0a, 0x00
    , 0x00, 0x00, 0x00, 0xff, 0x01, 0x00, 0x00, 0x00, 0x00, 0x54, 0x24, 0x00
    , 0x00, 0x00, 0x00, 0x00, 0x01, 0x00, 0x00, 0x00, 0x00, 0x54, 0x0a, 0x00
    , 0x00, 0x00, 0x00, 0xff, 0x01, 0x00, 0x00, 0x00, 0x00, 0x54, 0x24, 0x00
    , 0x00, 0x00, 0x00, 0x00, 0x01, 0x00, 0x00, 0x00, 0x00, 0x54, 0x0a, 0x00
    , 0x00, 0x00, 0x00, 0xff, 0x01, 0x00, 0x00, 0x00, 0x00, 0x54, 0x24, 0x00
    , 0x00, 0x00, 0x00, 0x00, 0x01, 0x00, 0x00, 0x00, 0x00, 0x54, 0x0a, 0x00
    , 0x00, 0x00, 0x00, 0xff, 0x01, 0x00, 0x00, 0x00, 0x00, 0x54, 0x24, 0x00
    , 0x00, 0x00, 0x00, 0x00, 0x01, 0x00, 0x00, 0x00, 0x00, 0x54, 0x0a, 0x00
    , 0x00, 0x00, 0x00, 0xff, 0x01, 0x00, 0x00, 0x00, 0x00, 0x54, 0x24, 0x00
    , 0x00, 0x00, 0x00, 0x00, 0x01, 0x00, 0x00, 0x00, 0x00, 0x54, 0x0a, 0x00
    , 0x00, 0x00, 0x00, 0xff, 0x01, 0x00, 0x00, 0x00, 0x00, 0x54, 0x24, 0x00
    , 0x00, 0x00, 0x00, 0x00, 0x01, 0x00, 0x00, 0x00, 0x00, 0x54, 0x0a, 0x00
    , 0x00, 0x00, 0x00, 0xff, 0x01, 0x00, 0x00, 0x00, 0x00, 0x54, 0x24, 0x00
    , 0x00, 0x00, 0x00, 0x00, 0x01, 0x00, 0x00, 0x00, 0x00, 0x54, 0x0a, 0x00
    , 0x00, 0x00, 0x00, 0xff, 0x01, 0x00, 0x00, 0x00, 0x00, 0x54, 0x24, 0x00
    , 0x00, 0x00, 0x00, 0x00, 0x01, 0x00, 0x00, 0x00, 0x00, 0x54, 0x05, 0x00
    , 0x00, 0x00, 0x00, 0xff, 0x01, 0x00, 0x00, 0x00, 0x00, 0xfd, 0x04, 0x00
    , 0x00, 0x00, 0x00, 0xff, 0x01, 0x00, 0x00, 0x00, 0x00, 0x8d, 0x24, 0x00
    , 0x00, 0x00, 0x00, 0x54, 0x01, 0x00, 0x00, 0x00, 0x00, 0x8d, 0x04, 0x00
    , 0x00, 0x00, 0x00, 0xff, 0x01, 0x00, 0x00, 0x00, 0x00, 0xfd, 0x01, 0x00
    , 0x00, 0x00, 0x00, 0xd7, 0x2e, 0x00, 0x00, 0x00, 0x00, 0xff, 0x01, 0x00
    , 0x00, 0x00, 0x00, 0xd6, 0x01, 0x00, 0x00, 0x00, 0x00, 0xa0, 0x2e, 0x00
    , 0x00, 0x00, 0x00, 0xff, 0x01, 0x00, 0x00, 0x00, 0x00, 0xa0, 0x01, 0x00
    , 0x00, 0x00, 0x00, 0x1f, 0x01, 0x00, 0x00, 0x00, 0x00, 0xf2, 0x2c, 0x00
    , 0x00, 0x00, 0x00, 0xff, 0x01, 0x00, 0x00, 0x00, 0x00, 0xf1, 0x01, 0x00
    , 0x00, 0x00, 0x00, 0x1f, 0x01, 0x00, 0x00, 0x00, 0x00, 0x00, 0x01, 0x00
    , 0x00, 0x00, 0x00, 0x50, 0x01, 0x00, 0x00, 0x00, 0x00, 0xf2, 0x2a, 0x00
    , 0x00, 0x00, 0x00, 0xff, 0x01, 0x00, 0x00, 0x00, 0x00, 0xf2, 0x01, 0x00
    , 0x00, 0x00, 0x00, 0x50, 0x03, 0x00, 0x00, 0x00, 0x00, 0x00, 0x01, 0x00
    , 0x00, 0x00, 0x00, 0x1f, 0x01, 0x00, 0x00, 0x00, 0x00, 0xa0, 0x01, 0x00
    , 0x00, 0x00, 0x00, 0xd6, 0x01, 0x00, 0x00, 0x00, 0x00, 0xfd, 0x24, 0x00
    , 0x00, 0x00, 0x00, 0xff, 0x01, 0x00, 0x00, 0x00, 0x00, 0xfd, 0x01, 0x00
    , 0x00, 0x00, 0x00, 0xd6, 0x01, 0x00, 0x00, 0x00, 0x00, 0xa0, 0x01, 0x00
    , 0x00, 0x00, 0x00, 0x1f, 0x02, 0x00, 0x00, 0x00, 0x00, 0x00
};

inline Upp::Image ICON_EDITOR_MARGIN_48()
{
    return Upp::UiMakeIcon(DATA_EDITOR_MARGIN_48);
}

// Category: editor | Type: Outlined | Icon: mode_off_on | Size: 48x48 | Format: UiMakeIcon RLE
static const unsigned char DATA_EDITOR_MODE_OFF_ON_48[] = {
    0x30, 0x80, 0x30, 0x00, 0x16, 0x00, 0x00, 0x00, 0x00, 0x00, 0x01, 0x00
    , 0x00, 0x00, 0x00, 0x75, 0x02, 0x00, 0x00, 0x00, 0x00, 0xe8, 0x01, 0x00
    , 0x00, 0x00, 0x00, 0x75, 0x2b, 0x00, 0x00, 0x00, 0x00, 0x00, 0x01, 0x00
    , 0x00, 0x00, 0x00, 0x44, 0x04, 0x00, 0x00, 0x00, 0x00, 0xff, 0x01, 0x00
    , 0x00, 0x00, 0x00, 0x43, 0x2a, 0x00, 0x00, 0x00, 0x00, 0x00, 0x01, 0x00
    , 0x00, 0x00, 0x00, 0x80, 0x04, 0x00, 0x00, 0x00, 0x00, 0xff, 0x01, 0x00
    , 0x00, 0x00, 0x00, 0x80, 0x2a, 0x00, 0x00, 0x00, 0x00, 0x00, 0x01, 0x00
    , 0x00, 0x00, 0x00, 0x86, 0x04, 0x00, 0x00, 0x00, 0x00, 0xff, 0x01, 0x00
    , 0x00, 0x00, 0x00, 0x86, 0x2a, 0x00, 0x00, 0x00, 0x00, 0x00, 0x01, 0x00
    , 0x00, 0x00, 0x00, 0x86, 0x04, 0x00, 0x00, 0x00, 0x00, 0xff, 0x01, 0x00
    , 0x00, 0x00, 0x00, 0x86, 0x2a, 0x00, 0x00, 0x00, 0x00, 0x00, 0x01, 0x00
    , 0x00, 0x00, 0x00, 0x86, 0x04, 0x00, 0x00, 0x00, 0x00, 0xff, 0x01, 0x00
    , 0x00, 0x00, 0x00, 0x86, 0x2a, 0x00, 0x00, 0x00, 0x00, 0x00, 0x01, 0x00
    , 0x00, 0x00, 0x00, 0x86, 0x04, 0x00, 0x00, 0x00, 0x00, 0xff, 0x01, 0x00
    , 0x00, 0x00, 0x00, 0x86, 0x2a, 0x00, 0x00, 0x00, 0x00, 0x00, 0x01, 0x00
    , 0x00, 0x00, 0x00, 0x86, 0x04, 0x00, 0x00, 0x00, 0x00, 0xff, 0x01, 0x00
    , 0x00, 0x00, 0x00, 0x86, 0x2a, 0x00, 0x00, 0x00, 0x00, 0x00, 0x01, 0x00
    , 0x00, 0x00, 0x00, 0x86, 0x04, 0x00, 0x00, 0x00, 0x00, 0xff, 0x01, 0x00
    , 0x00, 0x00, 0x00, 0x86, 0x2a, 0x00, 0x00, 0x00, 0x00, 0x00, 0x01, 0x00
    , 0x00, 0x00, 0x00, 0x86, 0x04, 0x00, 0x00, 0x00, 0x00, 0xff, 0x01, 0x00
    , 0x00, 0x00, 0x00, 0x86, 0x1b, 0x00, 0x00, 0x00, 0x00, 0x00, 0x01, 0x00
    , 0x00, 0x00, 0x00, 0x2f, 0x01, 0x00, 0x00, 0x00, 0x00, 0xa5, 0x01, 0x00
    , 0x00, 0x00, 0x00, 0x9d, 0x01, 0x00, 0x00, 0x00, 0x00, 0x2a, 0x0b, 0x00
    , 0x00, 0x00, 0x00, 0x00, 0x01, 0x00, 0x00, 0x00, 0x00, 0x86, 0x04, 0x00
    , 0x00, 0x00, 0x00, 0xff, 0x01, 0x00, 0x00, 0x00, 0x00, 0x86, 0x0b, 0x00
    , 0x00, 0x00, 0x00, 0x00, 0x01, 0x00, 0x00, 0x00, 0x00, 0x30, 0x01, 0x00
    , 0x00, 0x00, 0x00, 0x95, 0x01, 0x00, 0x00, 0x00, 0x00, 0x8f, 0x01, 0x00
    , 0x00, 0x00, 0x00, 0x1c, 0x0b, 0x00, 0x00, 0x00, 0x00, 0x00, 0x01, 0x00
    , 0x00, 0x00, 0x00, 0x1e, 0x01, 0x00, 0x00, 0x00, 0x00, 0xf1, 0x02, 0x00
    , 0x00, 0x00, 0x00, 0xff, 0x01, 0x00, 0x00, 0x00, 0x00, 0xf4, 0x01, 0x00
    , 0x00, 0x00, 0x00, 0x23, 0x0a, 0x00, 0x00, 0x00, 0x00, 0x00, 0x01, 0x00
    , 0x00, 0x00, 0x00, 0x86, 0x04, 0x00, 0x00, 0x00, 0x00, 0xff, 0x01, 0x00
    , 0x00, 0x00, 0x00, 0x86, 0x0a, 0x00, 0x00, 0x00, 0x00, 0x00, 0x01, 0x00
    , 0x00, 0x00, 0x00, 0x2f, 0x01, 0x00, 0x00, 0x00, 0x00, 0xf9, 0x02, 0x00
    , 0x00, 0x00, 0x00, 0xff, 0x01, 0x00, 0x00, 0x00, 0x00, 0xe1, 0x01, 0x00
    , 0x00, 0x00, 0x00, 0x0f, 0x0a, 0x00, 0x00, 0x00, 0x00, 0x00, 0x01, 0x00
    , 0x00, 0x00, 0x00, 0xba, 0x04, 0x00, 0x00, 0x00, 0x00, 0xff, 0x01, 0x00
    , 0x00, 0x00, 0x00, 0x6e, 0x0a, 0x00, 0x00, 0x00, 0x00, 0x00, 0x01, 0x00
    , 0x00, 0x00, 0x00, 0x86, 0x04, 0x00, 0x00, 0x00, 0x00, 0xff, 0x01, 0x00
    , 0x00, 0x00, 0x00, 0x86, 0x0a, 0x00, 0x00, 0x00, 0x00, 0x00, 0x01, 0x00
    , 0x00, 0x00, 0x00, 0x7f, 0x04, 0x00, 0x00, 0x00, 0x00, 0xff, 0x01, 0x00
    , 0x00, 0x00, 0x00, 0xa0, 0x09, 0x00, 0x00, 0x00, 0x00, 0x00, 0x01, 0x00
    , 0x00, 0x00, 0x00, 0x65, 0x05, 0x00, 0x00, 0x00, 0x00, 0xff, 0x01, 0x00
    , 0x00, 0x00, 0x00, 0x3b, 0x0a, 0x00, 0x00, 0x00, 0x00, 0x00, 0x01, 0x00
    , 0x00, 0x00, 0x00, 0x86, 0x04, 0x00, 0x00, 0x00, 0x00, 0xff, 0x01, 0x00
    , 0x00, 0x00, 0x00, 0x86, 0x0a, 0x00, 0x00, 0x00, 0x00, 0x00, 0x01, 0x00
    , 0x00, 0x00, 0x00, 0x46, 0x05, 0x00, 0x00, 0x00, 0x00, 0xff, 0x01, 0x00
    , 0x00, 0x00, 0x00, 0x50, 0x07, 0x00, 0x00, 0x00, 0x00, 0x00, 0x01, 0x00
    , 0x00, 0x00, 0x00, 0x10, 0x01, 0x00, 0x00, 0x00, 0x00, 0xf1, 0x04, 0x00
    , 0x00, 0x00, 0x00, 0xff, 0x01, 0x00, 0x00, 0x00, 0x00, 0xda, 0x0b, 0x00
    , 0x00, 0x00, 0x00, 0x00, 0x01, 0x00, 0x00, 0x00, 0x00, 0x86, 0x04, 0x00
    , 0x00, 0x00, 0x00, 0xff, 0x01, 0x00, 0x00, 0x00, 0x00, 0x86, 0x0a, 0x00
    , 0x00, 0x00, 0x00, 0x00, 0x01, 0x00, 0x00, 0x00, 0x00, 0x02, 0x01, 0x00
    , 0x00, 0x00, 0x00, 0xda, 0x04, 0x00, 0x00, 0x00, 0x00, 0xff, 0x01, 0x00
    , 0x00, 0x00, 0x00, 0xe8, 0x01, 0x00, 0x00, 0x00, 0x00, 0x09, 0x06, 0x00
    , 0x00, 0x00, 0x00, 0x00, 0x01, 0x00, 0x00, 0x00, 0x00, 0x75, 0x05, 0x00
    , 0x00, 0x00, 0x00, 0xff, 0x01, 0x00, 0x00, 0x00, 0x00, 0x4b, 0x0b, 0x00
    , 0x00, 0x00, 0x00, 0x00, 0x01, 0x00, 0x00, 0x00, 0x00, 0x86, 0x04, 0x00
    , 0x00, 0x00, 0x00, 0xff, 0x01, 0x00, 0x00, 0x00, 0x00, 0x86, 0x0b, 0x00
    , 0x00, 0x00, 0x00, 0x00, 0x01, 0x00, 0x00, 0x00, 0x00, 0x41, 0x01, 0x00
    , 0x00, 0x00, 0x00, 0xfe, 0x04, 0x00, 0x00, 0x00, 0x00, 0xff, 0x01, 0x00
    , 0x00, 0x00, 0x00, 0x68, 0x05, 0x00, 0x00, 0x00, 0x00, 0x00, 0x01, 0x00
    , 0x00, 0x00, 0x00, 0x04, 0x01, 0x00, 0x00, 0x00, 0x00, 0xe3, 0x04, 0x00
    , 0x00, 0x00, 0x00, 0xff, 0x01, 0x00, 0x00, 0x00, 0x00, 0xaa, 0x0c, 0x00
    , 0x00, 0x00, 0x00, 0x00, 0x01, 0x00, 0x00, 0x00, 0x00, 0x86, 0x04, 0x00
    , 0x00, 0x00, 0x00, 0xff, 0x01, 0x00, 0x00, 0x00, 0x00, 0x86, 0x0c, 0x00
    , 0x00, 0x00, 0x00, 0x00, 0x01, 0x00, 0x00, 0x00, 0x00, 0x95, 0x04, 0x00
    , 0x00, 0x00, 0x00, 0xff, 0x01, 0x00, 0x00, 0x00, 0x00, 0xdb, 0x01, 0x00
    , 0x00, 0x00, 0x00, 0x02, 0x04, 0x00, 0x00, 0x00, 0x00, 0x00, 0x01, 0x00
    , 0x00, 0x00, 0x00, 0x58, 0x04, 0x00, 0x00, 0x00, 0x00, 0xff, 0x01, 0x00
    , 0x00, 0x00, 0x00, 0xfd, 0x01, 0x00, 0x00, 0x00, 0x00, 0x21, 0x0c, 0x00
    , 0x00, 0x00, 0x00, 0x00, 0x01, 0x00, 0x00, 0x00, 0x00, 0x86, 0x04, 0x00
    , 0x00, 0x00, 0x00, 0xff, 0x01, 0x00, 0x00, 0x00, 0x00, 0x86, 0x0c, 0x00
    , 0x00, 0x00, 0x00, 0x00, 0x01, 0x00, 0x00, 0x00, 0x00, 0x14, 0x01, 0x00
    , 0x00, 0x00, 0x00, 0xf8, 0x04, 0x00, 0x00, 0x00, 0x00, 0xff, 0x01, 0x00
    , 0x00, 0x00, 0x00, 0x52, 0x04, 0x00, 0x00, 0x00, 0x00, 0x00, 0x01, 0x00
    , 0x00, 0x00, 0x00, 0xa8, 0x04, 0x00, 0x00, 0x00, 0x00, 0xff, 0x01, 0x00
    , 0x00, 0x00, 0x00, 0xb3, 0x0d, 0x00, 0x00, 0x00, 0x00, 0x00, 0x01, 0x00
    , 0x00, 0x00, 0x00, 0x86, 0x04, 0x00, 0x00, 0x00, 0x00, 0xff, 0x01, 0x00
    , 0x00, 0x00, 0x00, 0x86, 0x0d, 0x00, 0x00, 0x00, 0x00, 0x00, 0x01, 0x00
    , 0x00, 0x00, 0x00, 0xa2, 0x04, 0x00, 0x00, 0x00, 0x00, 0xff, 0x01, 0x00
    , 0x00, 0x00, 0x00, 0xa3, 0x03, 0x00, 0x00, 0x00, 0x00, 0x00, 0x01, 0x00
    , 0x00, 0x00, 0x00, 0x01, 0x01, 0x00, 0x00, 0x00, 0x00, 0xe9, 0x04, 0x00
    , 0x00, 0x00, 0x00, 0xff, 0x01, 0x00, 0x00, 0x00, 0x00, 0x4a, 0x0d, 0x00
    , 0x00, 0x00, 0x00, 0x00, 0x01, 0x00, 0x00, 0x00, 0x00, 0x86, 0x04, 0x00
    , 0x00, 0x00, 0x00, 0xff, 0x01, 0x00, 0x00, 0x00, 0x00, 0x86, 0x0d, 0x00
    , 0x00, 0x00, 0x00, 0x00, 0x01, 0x00, 0x00, 0x00, 0x00, 0x3a, 0x04, 0x00
    , 0x00, 0x00, 0x00, 0xff, 0x01, 0x00, 0x00, 0x00, 0x00, 0xe6, 0x03, 0x00
    , 0x00, 0x00, 0x00, 0x00, 0x01, 0x00, 0x00, 0x00, 0x00, 0x2c, 0x04, 0x00
    , 0x00, 0x00, 0x00, 0xff, 0x01, 0x00, 0x00, 0x00, 0x00, 0xf8, 0x01, 0x00
    , 0x00, 0x00, 0x00, 0x08, 0x0d, 0x00, 0x00, 0x00, 0x00, 0x00, 0x01, 0x00
    , 0x00, 0x00, 0x00, 0x86, 0x04, 0x00, 0x00, 0x00, 0x00, 0xff, 0x01, 0x00
    , 0x00, 0x00, 0x00, 0x86, 0x0d, 0x00, 0x00, 0x00, 0x00, 0x00, 0x01, 0x00
    , 0x00, 0x00, 0x00, 0x03, 0x01, 0x00, 0x00, 0x00, 0x00, 0xf3, 0x04, 0x00
    , 0x00, 0x00, 0x00, 0xff, 0x01, 0x00, 0x00, 0x00, 0x00, 0x2a, 0x02, 0x00
    , 0x00, 0x00, 0x00, 0x00, 0x01, 0x00, 0x00, 0x00, 0x00, 0x68, 0x04, 0x00
    , 0x00, 0x00, 0x00, 0xff, 0x01, 0x00, 0x00, 0x00, 0x00, 0xc3, 0x0e, 0x00
    , 0x00, 0x00, 0x00, 0x00, 0x01, 0x00, 0x00, 0x00, 0x00, 0x86, 0x04, 0x00
    , 0x00, 0x00, 0x00, 0xff, 0x01, 0x00, 0x00, 0x00, 0x00, 0x86, 0x0e, 0x00
    , 0x00, 0x00, 0x00, 0x00, 0x01, 0x00, 0x00, 0x00, 0x00, 0xbc, 0x04, 0x00
    , 0x00, 0x00, 0x00, 0xff, 0x01, 0x00, 0x00, 0x00, 0x00, 0x67, 0x02, 0x00
    , 0x00, 0x00, 0x00, 0x00, 0x01, 0x00, 0x00, 0x00, 0x00, 0x82, 0x04, 0x00
    , 0x00, 0x00, 0x00, 0xff, 0x01, 0x00, 0x00, 0x00, 0x00, 0x8c, 0x0e, 0x00
    , 0x00, 0x00, 0x00, 0x00, 0x01, 0x00, 0x00, 0x00, 0x00, 0x85, 0x04, 0x00
    , 0x00, 0x00, 0x00, 0xff, 0x01, 0x00, 0x00, 0x00, 0x00, 0x85, 0x0e, 0x00
    , 0x00, 0x00, 0x00, 0x00, 0x01, 0x00, 0x00, 0x00, 0x00, 0x88, 0x04, 0x00
    , 0x00, 0x00, 0x00, 0xff, 0x01, 0x00, 0x00, 0x00, 0x00, 0x80, 0x02, 0x00
    , 0x00, 0x00, 0x00, 0x00, 0x01, 0x00, 0x00, 0x00, 0x00, 0x97, 0x04, 0x00
    , 0x00, 0x00, 0x00, 0xff, 0x01, 0x00, 0x00, 0x00, 0x00, 0x73, 0x0e, 0x00
    , 0x00, 0x00, 0x00, 0x00, 0x01, 0x00, 0x00, 0x00, 0x00, 0x5e, 0x04, 0x00
    , 0x00, 0x00, 0x00, 0xff, 0x01, 0x00, 0x00, 0x00, 0x00, 0x5d, 0x0e, 0x00
    , 0x00, 0x00, 0x00, 0x00, 0x01, 0x00, 0x00, 0x00, 0x00, 0x72, 0x04, 0x00
    , 0x00, 0x00, 0x00, 0xff, 0x01, 0x00, 0x00, 0x00, 0x00, 0x96, 0x02, 0x00
    , 0x00, 0x00, 0x00, 0x00, 0x01, 0x00, 0x00, 0x00, 0x00, 0xad, 0x04, 0x00
    , 0x00, 0x00, 0x00, 0xff, 0x01, 0x00, 0x00, 0x00, 0x00, 0x5f, 0x0e, 0x00
    , 0x00, 0x00, 0x00, 0x00, 0x01, 0x00, 0x00, 0x00, 0x00, 0x04, 0x01, 0x00
    , 0x00, 0x00, 0x00, 0xb7, 0x02, 0x00, 0x00, 0x00, 0x00, 0xff, 0x01, 0x00
    , 0x00, 0x00, 0x00, 0xb7, 0x01, 0x00, 0x00, 0x00, 0x00, 0x04, 0x0e, 0x00
    , 0x00, 0x00, 0x00, 0x00, 0x01, 0x00, 0x00, 0x00, 0x00, 0x5f, 0x04, 0x00
    , 0x00, 0x00, 0x00, 0xff, 0x01, 0x00, 0x00, 0x00, 0x00, 0xab, 0x02, 0x00
    , 0x00, 0x00, 0x00, 0x00, 0x01, 0x00, 0x00, 0x00, 0x00, 0xb5, 0x04, 0x00
    , 0x00, 0x00, 0x00, 0xff, 0x01, 0x00, 0x00, 0x00, 0x00, 0x57, 0x0f, 0x00
    , 0x00, 0x00, 0x00, 0x00, 0x01, 0x00, 0x00, 0x00, 0x00, 0x01, 0x02, 0x00
    , 0x00, 0x00, 0x00, 0x2b, 0x10, 0x00, 0x00, 0x00, 0x00, 0x00, 0x01, 0x00
    , 0x00, 0x00, 0x00, 0x58, 0x04, 0x00, 0x00, 0x00, 0x00, 0xff, 0x01, 0x00
    , 0x00, 0x00, 0x00, 0xb5, 0x02, 0x00, 0x00, 0x00, 0x00, 0x00, 0x01, 0x00
    , 0x00, 0x00, 0x00, 0x9e, 0x04, 0x00, 0x00, 0x00, 0x00, 0xff, 0x01, 0x00
    , 0x00, 0x00, 0x00, 0x6d, 0x22, 0x00, 0x00, 0x00, 0x00, 0x00, 0x01, 0x00
    , 0x00, 0x00, 0x00, 0x6e, 0x04, 0x00, 0x00, 0x00, 0x00, 0xff, 0x01, 0x00
    , 0x00, 0x00, 0x00, 0x9d, 0x02, 0x00, 0x00, 0x00, 0x00, 0x00, 0x01, 0x00
    , 0x00, 0x00, 0x00, 0x84, 0x04, 0x00, 0x00, 0x00, 0x00, 0xff, 0x01, 0x00
    , 0x00, 0x00, 0x00, 0x84, 0x22, 0x00, 0x00, 0x00, 0x00, 0x00, 0x01, 0x00
    , 0x00, 0x00, 0x00, 0x85, 0x04, 0x00, 0x00, 0x00, 0x00, 0xff, 0x01, 0x00
    , 0x00, 0x00, 0x00, 0x83, 0x02, 0x00, 0x00, 0x00, 0x00, 0x00, 0x01, 0x00
    , 0x00, 0x00, 0x00, 0x6b, 0x04, 0x00, 0x00, 0x00, 0x00, 0xff, 0x01, 0x00
    , 0x00, 0x00, 0x00, 0x9c, 0x22, 0x00, 0x00, 0x00, 0x00, 0x00, 0x01, 0x00
    , 0x00, 0x00, 0x00, 0x9c, 0x04, 0x00, 0x00, 0x00, 0x00, 0xff, 0x01, 0x00
    , 0x00, 0x00, 0x00, 0x6a, 0x02, 0x00, 0x00, 0x00, 0x00, 0x00, 0x01, 0x00
    , 0x00, 0x00, 0x00, 0x51, 0x04, 0x00, 0x00, 0x00, 0x00, 0xff, 0x01, 0x00
    , 0x00, 0x00, 0x00, 0xd5, 0x22, 0x00, 0x00, 0x00, 0x00, 0x00, 0x01, 0x00
    , 0x00, 0x00, 0x00, 0xd6, 0x04, 0x00, 0x00, 0x00, 0x00, 0xff, 0x01, 0x00
    , 0x00, 0x00, 0x00, 0x51, 0x02, 0x00, 0x00, 0x00, 0x00, 0x00, 0x01, 0x00
    , 0x00, 0x00, 0x00, 0x17, 0x01, 0x00, 0x00, 0x00, 0x00, 0xfd, 0x04, 0x00
    , 0x00, 0x00, 0x00, 0xff, 0x01, 0x00, 0x00, 0x00, 0x00, 0x21, 0x20, 0x00
    , 0x00, 0x00, 0x00, 0x00, 0x01, 0x00, 0x00, 0x00, 0x00, 0x22, 0x04, 0x00
    , 0x00, 0x00, 0x00, 0xff, 0x01, 0x00, 0x00, 0x00, 0x00, 0xfd, 0x01, 0x00
    , 0x00, 0x00, 0x00, 0x16, 0x03, 0x00, 0x00, 0x00, 0x00, 0x00, 0x01, 0x00
    , 0x00, 0x00, 0x00, 0xc4, 0x04, 0x00, 0x00, 0x00, 0x00, 0xff, 0x01, 0x00
    , 0x00, 0x00, 0x00, 0x6c, 0x20, 0x00, 0x00, 0x00, 0x00, 0x00, 0x01, 0x00
    , 0x00, 0x00, 0x00, 0x6d, 0x04, 0x00, 0x00, 0x00, 0x00, 0xff, 0x01, 0x00
    , 0x00, 0x00, 0x00, 0xc3, 0x04, 0x00, 0x00, 0x00, 0x00, 0x00, 0x01, 0x00
    , 0x00, 0x00, 0x00, 0x74, 0x04, 0x00, 0x00, 0x00, 0x00, 0xff, 0x01, 0x00
    , 0x00, 0x00, 0x00, 0xd0, 0x01, 0x00, 0x00, 0x00, 0x00, 0x01, 0x1e, 0x00
    , 0x00, 0x00, 0x00, 0x00, 0x01, 0x00, 0x00, 0x00, 0x00, 0x01, 0x01, 0x00
    , 0x00, 0x00, 0x00, 0xd0, 0x04, 0x00, 0x00, 0x00, 0x00, 0xff, 0x01, 0x00
    , 0x00, 0x00, 0x00, 0x73, 0x04, 0x00, 0x00, 0x00, 0x00, 0x00, 0x01, 0x00
    , 0x00, 0x00, 0x00, 0x24, 0x05, 0x00, 0x00, 0x00, 0x00, 0xff, 0x01, 0x00
    , 0x00, 0x00, 0x00, 0x5a, 0x1e, 0x00, 0x00, 0x00, 0x00, 0x00, 0x01, 0x00
    , 0x00, 0x00, 0x00, 0x5b, 0x05, 0x00, 0x00, 0x00, 0x00, 0xff, 0x01, 0x00
    , 0x00, 0x00, 0x00, 0x23, 0x05, 0x00, 0x00, 0x00, 0x00, 0x00, 0x01, 0x00
    , 0x00, 0x00, 0x00, 0xbd, 0x04, 0x00, 0x00, 0x00, 0x00, 0xff, 0x01, 0x00
    , 0x00, 0x00, 0x00, 0xde, 0x01, 0x00, 0x00, 0x00, 0x00, 0x06, 0x1c, 0x00
    , 0x00, 0x00, 0x00, 0x00, 0x01, 0x00, 0x00, 0x00, 0x00, 0x06, 0x01, 0x00
    , 0x00, 0x00, 0x00, 0xdf, 0x04, 0x00, 0x00, 0x00, 0x00, 0xff, 0x01, 0x00
    , 0x00, 0x00, 0x00, 0xbc, 0x06, 0x00, 0x00, 0x00, 0x00, 0x00, 0x01, 0x00
    , 0x00, 0x00, 0x00, 0x32, 0x01, 0x00, 0x00, 0x00, 0x00, 0xfe, 0x04, 0x00
    , 0x00, 0x00, 0x00, 0xff, 0x01, 0x00, 0x00, 0x00, 0x00, 0x8e, 0x1c, 0x00
    , 0x00, 0x00, 0x00, 0x00, 0x01, 0x00, 0x00, 0x00, 0x00, 0x8e, 0x04, 0x00
    , 0x00, 0x00, 0x00, 0xff, 0x01, 0x00, 0x00, 0x00, 0x00, 0xfe, 0x01, 0x00
    , 0x00, 0x00, 0x00, 0x32, 0x07, 0x00, 0x00, 0x00, 0x00, 0x00, 0x01, 0x00
    , 0x00, 0x00, 0x00, 0xa4, 0x05, 0x00, 0x00, 0x00, 0x00, 0xff, 0x01, 0x00
    , 0x00, 0x00, 0x00, 0x62, 0x1a, 0x00, 0x00, 0x00, 0x00, 0x00, 0x01, 0x00
    , 0x00, 0x00, 0x00, 0x63, 0x05, 0x00, 0x00, 0x00, 0x00, 0xff, 0x01, 0x00
    , 0x00, 0x00, 0x00, 0xa3, 0x08, 0x00, 0x00, 0x00, 0x00, 0x00, 0x01, 0x00
    , 0x00, 0x00, 0x00, 0x20, 0x01, 0x00, 0x00, 0x00, 0x00, 0xf8, 0x04, 0x00
    , 0x00, 0x00, 0x00, 0xff, 0x01, 0x00, 0x00, 0x00, 0x00, 0xf9, 0x01, 0x00
    , 0x00, 0x00, 0x00, 0x3f, 0x18, 0x00, 0x00, 0x00, 0x00, 0x00, 0x01, 0x00
    , 0x00, 0x00, 0x00, 0x3f, 0x01, 0x00, 0x00, 0x00, 0x00, 0xf9, 0x04, 0x00
    , 0x00, 0x00, 0x00, 0xff, 0x01, 0x00, 0x00, 0x00, 0x00, 0xf8, 0x01, 0x00
    , 0x00, 0x00, 0x00, 0x1f, 0x09, 0x00, 0x00, 0x00, 0x00, 0x00, 0x01, 0x00
    , 0x00, 0x00, 0x00, 0x69, 0x05, 0x00, 0x00, 0x00, 0x00, 0xff, 0x01, 0x00
    , 0x00, 0x00, 0x00, 0xf6, 0x01, 0x00, 0x00, 0x00, 0x00, 0x57, 0x16, 0x00
    , 0x00, 0x00, 0x00, 0x00, 0x01, 0x00, 0x00, 0x00, 0x00, 0x58, 0x01, 0x00
    , 0x00, 0x00, 0x00, 0xf6, 0x05, 0x00, 0x00, 0x00, 0x00, 0xff, 0x01, 0x00
    , 0x00, 0x00, 0x00, 0x68, 0x0b, 0x00, 0x00, 0x00, 0x00, 0x00, 0x01, 0x00
    , 0x00, 0x00, 0x00, 0x96, 0x06, 0x00, 0x00, 0x00, 0x00, 0xff, 0x01, 0x00
    , 0x00, 0x00, 0x00, 0x82, 0x01, 0x00, 0x00, 0x00, 0x00, 0x01, 0x12, 0x00
    , 0x00, 0x00, 0x00, 0x00, 0x01, 0x00, 0x00, 0x00, 0x00, 0x01, 0x01, 0x00
    , 0x00, 0x00, 0x00, 0x82, 0x06, 0x00, 0x00, 0x00, 0x00, 0xff, 0x01, 0x00
    , 0x00, 0x00, 0x00, 0x95, 0x0c, 0x00, 0x00, 0x00, 0x00, 0x00, 0x01, 0x00
    , 0x00, 0x00, 0x00, 0x04, 0x01, 0x00, 0x00, 0x00, 0x00, 0xbe, 0x06, 0x00
    , 0x00, 0x00, 0x00, 0xff, 0x01, 0x00, 0x00, 0x00, 0x00, 0xc6, 0x01, 0x00
    , 0x00, 0x00, 0x00, 0x3d, 0x10, 0x00, 0x00, 0x00, 0x00, 0x00, 0x01, 0x00
    , 0x00, 0x00, 0x00, 0x3d, 0x01, 0x00, 0x00, 0x00, 0x00, 0xc6, 0x06, 0x00
    , 0x00, 0x00, 0x00, 0xff, 0x01, 0x00, 0x00, 0x00, 0x00, 0xbd, 0x01, 0x00
    , 0x00, 0x00, 0x00, 0x04, 0x0d, 0x00, 0x00, 0x00, 0x00, 0x00, 0x01, 0x00
    , 0x00, 0x00, 0x00, 0x12, 0x01, 0x00, 0x00, 0x00, 0x00, 0xc7, 0x07, 0x00
    , 0x00, 0x00, 0x00, 0xff, 0x01, 0x00, 0x00, 0x00, 0x00, 0xb3, 0x01, 0x00
    , 0x00, 0x00, 0x00, 0x3f, 0x01, 0x00, 0x00, 0x00, 0x00, 0x04, 0x0a, 0x00
    , 0x00, 0x00, 0x00, 0x00, 0x01, 0x00, 0x00, 0x00, 0x00, 0x04, 0x01, 0x00
    , 0x00, 0x00, 0x00, 0x3f, 0x01, 0x00, 0x00, 0x00, 0x00, 0xb3, 0x07, 0x00
    , 0x00, 0x00, 0x00, 0xff, 0x01, 0x00, 0x00, 0x00, 0x00, 0xc7, 0x01, 0x00
    , 0x00, 0x00, 0x00, 0x12, 0x0f, 0x00, 0x00, 0x00, 0x00, 0x00, 0x01, 0x00
    , 0x00, 0x00, 0x00, 0x07, 0x01, 0x00, 0x00, 0x00, 0x00, 0xa2, 0x08, 0x00
    , 0x00, 0x00, 0x00, 0xff, 0x01, 0x00, 0x00, 0x00, 0x00, 0xef, 0x01, 0x00
    , 0x00, 0x00, 0x00, 0xa7, 0x01, 0x00, 0x00, 0x00, 0x00, 0x64, 0x01, 0x00
    , 0x00, 0x00, 0x00, 0x47, 0x01, 0x00, 0x00, 0x00, 0x00, 0x30, 0x02, 0x00
    , 0x00, 0x00, 0x00, 0x18, 0x01, 0x00, 0x00, 0x00, 0x00, 0x30, 0x01, 0x00
    , 0x00, 0x00, 0x00, 0x47, 0x01, 0x00, 0x00, 0x00, 0x00, 0x64, 0x01, 0x00
    , 0x00, 0x00, 0x00, 0xa7, 0x01, 0x00, 0x00, 0x00, 0x00, 0xef, 0x08, 0x00
    , 0x00, 0x00, 0x00, 0xff, 0x01, 0x00, 0x00, 0x00, 0x00, 0xa1, 0x01, 0x00
    , 0x00, 0x00, 0x00, 0x07, 0x12, 0x00, 0x00, 0x00, 0x00, 0x00, 0x01, 0x00
    , 0x00, 0x00, 0x00, 0x75, 0x01, 0x00, 0x00, 0x00, 0x00, 0xfd, 0x18, 0x00
    , 0x00, 0x00, 0x00, 0xff, 0x01, 0x00, 0x00, 0x00, 0x00, 0xfd, 0x01, 0x00
    , 0x00, 0x00, 0x00, 0x74, 0x15, 0x00, 0x00, 0x00, 0x00, 0x00, 0x01, 0x00
    , 0x00, 0x00, 0x00, 0x37, 0x01, 0x00, 0x00, 0x00, 0x00, 0xc3, 0x16, 0x00
    , 0x00, 0x00, 0x00, 0xff, 0x01, 0x00, 0x00, 0x00, 0x00, 0xc2, 0x01, 0x00
    , 0x00, 0x00, 0x00, 0x37, 0x18, 0x00, 0x00, 0x00, 0x00, 0x00, 0x01, 0x00
    , 0x00, 0x00, 0x00, 0x4e, 0x01, 0x00, 0x00, 0x00, 0x00, 0xd7, 0x12, 0x00
    , 0x00, 0x00, 0x00, 0xff, 0x01, 0x00, 0x00, 0x00, 0x00, 0xd7, 0x01, 0x00
    , 0x00, 0x00, 0x00, 0x4e, 0x1b, 0x00, 0x00, 0x00, 0x00, 0x00, 0x01, 0x00
    , 0x00, 0x00, 0x00, 0x03, 0x01, 0x00, 0x00, 0x00, 0x00, 0x50, 0x01, 0x00
    , 0x00, 0x00, 0x00, 0xa1, 0x01, 0x00, 0x00, 0x00, 0x00, 0xee, 0x0c, 0x00
    , 0x00, 0x00, 0x00, 0xff, 0x01, 0x00, 0x00, 0x00, 0x00, 0xed, 0x01, 0x00
    , 0x00, 0x00, 0x00, 0xa1, 0x01, 0x00, 0x00, 0x00, 0x00, 0x50, 0x01, 0x00
    , 0x00, 0x00, 0x00, 0x03, 0x1f, 0x00, 0x00, 0x00, 0x00, 0x00, 0x01, 0x00
    , 0x00, 0x00, 0x00, 0x04, 0x01, 0x00, 0x00, 0x00, 0x00, 0x42, 0x01, 0x00
    , 0x00, 0x00, 0x00, 0x8a, 0x01, 0x00, 0x00, 0x00, 0x00, 0xa7, 0x01, 0x00
    , 0x00, 0x00, 0x00, 0xc0, 0x01, 0x00, 0x00, 0x00, 0x00, 0xd9, 0x02, 0x00
    , 0x00, 0x00, 0x00, 0xf2, 0x01, 0x00, 0x00, 0x00, 0x00, 0xd9, 0x01, 0x00
    , 0x00, 0x00, 0x00, 0xc0, 0x01, 0x00, 0x00, 0x00, 0x00, 0xa7, 0x01, 0x00
    , 0x00, 0x00, 0x00, 0x8a, 0x01, 0x00, 0x00, 0x00, 0x00, 0x42, 0x01, 0x00
    , 0x00, 0x00, 0x00, 0x04, 0x11, 0x00, 0x00, 0x00, 0x00, 0x00
};

inline Upp::Image ICON_EDITOR_MODE_OFF_ON_48()
{
    return Upp::UiMakeIcon(DATA_EDITOR_MODE_OFF_ON_48);
}

// Category: brand | Type: Outlined | Icon: upplogo2 | Size: 48x48 | Format: UiMakeIcon RLE
static const unsigned char DATA_BRAND_UPPLOGO2_48[] = {
    0x30, 0x80, 0x30, 0x00, 0x0e, 0x00, 0x00, 0x00, 0x00, 0x00, 0x01, 0x00
    , 0x05, 0x05, 0x08, 0x20, 0x01, 0x00, 0x0d, 0x12, 0x22, 0x8f, 0x01, 0x00
    , 0x12, 0x19, 0x2e, 0xb5, 0x03, 0x00, 0x15, 0x1d, 0x34, 0xc0, 0x01, 0x00
    , 0x14, 0x1d, 0x33, 0xc0, 0x07, 0x00, 0x15, 0x1d, 0x34, 0xc0, 0x01, 0x00
    , 0x16, 0x1d, 0x34, 0xc0, 0x02, 0x00, 0x15, 0x1d, 0x34, 0xc0, 0x01, 0x00
    , 0x14, 0x1b, 0x31, 0xba, 0x01, 0x00, 0x0d, 0x10, 0x1d, 0x78, 0x01, 0x00
    , 0x03, 0x03, 0x03, 0x0c, 0x1c, 0x00, 0x00, 0x00, 0x00, 0x00, 0x01, 0x00
    , 0x0d, 0x11, 0x1d, 0x75, 0x01, 0x00, 0x16, 0x20, 0x3f, 0xf6, 0x01, 0x00
    , 0x16, 0x23, 0x43, 0xff, 0x02, 0x00, 0x13, 0x21, 0x43, 0xff, 0x01, 0x00
    , 0x14, 0x21, 0x43, 0xff, 0x02, 0x00, 0x16, 0x22, 0x43, 0xff, 0x01, 0x00
    , 0x16, 0x21, 0x41, 0xff, 0x01, 0x00, 0x16, 0x20, 0x40, 0xff, 0x01, 0x00
    , 0x15, 0x20, 0x3f, 0xff, 0x01, 0x00, 0x16, 0x21, 0x41, 0xff, 0x01, 0x00
    , 0x16, 0x23, 0x44, 0xff, 0x01, 0x00, 0x16, 0x21, 0x42, 0xff, 0x01, 0x00
    , 0x16, 0x1f, 0x40, 0xff, 0x01, 0x00, 0x16, 0x1e, 0x40, 0xff, 0x01, 0x00
    , 0x16, 0x1f, 0x40, 0xff, 0x01, 0x00, 0x16, 0x20, 0x41, 0xff, 0x01, 0x00
    , 0x12, 0x1a, 0x36, 0xe7, 0x01, 0x00, 0x08, 0x0a, 0x10, 0x46, 0x01, 0x00
    , 0x01, 0x01, 0x01, 0x01, 0x1a, 0x00, 0x00, 0x00, 0x00, 0x00, 0x01, 0x00
    , 0x06, 0x06, 0x09, 0x1c, 0x01, 0x00, 0x15, 0x1d, 0x37, 0xdb, 0x01, 0x00
    , 0x24, 0x2e, 0x4c, 0xff, 0x01, 0x00, 0x54, 0x5b, 0x71, 0xff, 0x02, 0x00
    , 0x81, 0x87, 0x95, 0xff, 0x01, 0x00, 0x7d, 0x82, 0x91, 0xff, 0x01, 0x00
    , 0x2c, 0x36, 0x52, 0xff, 0x01, 0x00, 0x1a, 0x2a, 0x4b, 0xff, 0x01, 0x00
    , 0x21, 0x48, 0x72, 0xff, 0x01, 0x00, 0x26, 0x5c, 0x8b, 0xff, 0x01, 0x00
    , 0x26, 0x5d, 0x8d, 0xff, 0x01, 0x00, 0x21, 0x4b, 0x76, 0xff, 0x01, 0x00
    , 0x19, 0x24, 0x43, 0xff, 0x01, 0x00, 0x3c, 0x50, 0x67, 0xff, 0x01, 0x00
    , 0x6a, 0x87, 0x97, 0xff, 0x01, 0x00, 0x6f, 0x8d, 0x9c, 0xff, 0x01, 0x00
    , 0x6f, 0x8c, 0x9b, 0xff, 0x01, 0x00, 0x4c, 0x64, 0x79, 0xff, 0x01, 0x00
    , 0x17, 0x23, 0x43, 0xff, 0x01, 0x00, 0x10, 0x15, 0x26, 0x9e, 0x01, 0x00
    , 0x07, 0x07, 0x08, 0x1e, 0x1a, 0x00, 0x00, 0x00, 0x00, 0x00, 0x01, 0x00
    , 0x00, 0x01, 0x08, 0x30, 0x01, 0x00, 0x14, 0x1e, 0x3d, 0xef, 0x01, 0x00
    , 0x4d, 0x55, 0x6c, 0xff, 0x01, 0x00, 0xc1, 0xc3, 0xc9, 0xff, 0x02, 0x00
    , 0xff, 0xff, 0xff, 0xff, 0x01, 0x00, 0xf2, 0xf2, 0xf4, 0xff, 0x01, 0x00
    , 0x40, 0x48, 0x63, 0xff, 0x01, 0x00, 0x1b, 0x2e, 0x51, 0xff, 0x01, 0x00
    , 0x28, 0x66, 0x9a, 0xff, 0x01, 0x00, 0x31, 0x8a, 0xc8, 0xff, 0x01, 0x00
    , 0x31, 0x8d, 0xcc, 0xff, 0x01, 0x00, 0x28, 0x6b, 0x9f, 0xff, 0x01, 0x00
    , 0x18, 0x22, 0x41, 0xff, 0x01, 0x00, 0x7b, 0x7f, 0x8f, 0xff, 0x01, 0x00
    , 0xf4, 0xf2, 0xf3, 0xff, 0x02, 0x00, 0xfe, 0xff, 0xff, 0xff, 0x01, 0x00
    , 0xb2, 0xc8, 0xcf, 0xff, 0x01, 0x00, 0x14, 0x23, 0x42, 0xff, 0x01, 0x00
    , 0x0f, 0x16, 0x29, 0xaf, 0x01, 0x00, 0x04, 0x04, 0x07, 0x30, 0x1a, 0x00
    , 0x00, 0x00, 0x00, 0x00, 0x01, 0x00, 0x01, 0x02, 0x0a, 0x2f, 0x01, 0x00
    , 0x15, 0x20, 0x3e, 0xee, 0x01, 0x00, 0x4e, 0x56, 0x6d, 0xff, 0x01, 0x00
    , 0xc3, 0xc5, 0xca, 0xff, 0x01, 0x00, 0xfe, 0xfe, 0xff, 0xff, 0x01, 0x00
    , 0xff, 0xff, 0xff, 0xff, 0x01, 0x00, 0xf1, 0xf1, 0xf3, 0xff, 0x01, 0x00
    , 0x3f, 0x47, 0x62, 0xff, 0x01, 0x00, 0x1b, 0x2e, 0x51, 0xff, 0x01, 0x00
    , 0x27, 0x65, 0x99, 0xff, 0x01, 0x00, 0x31, 0x8a, 0xc8, 0xff, 0x01, 0x00
    , 0x32, 0x8d, 0xcc, 0xff, 0x01, 0x00, 0x29, 0x6b, 0x9f, 0xff, 0x01, 0x00
    , 0x18, 0x22, 0x41, 0xff, 0x01, 0x00, 0x7a, 0x7e, 0x8e, 0xff, 0x01, 0x00
    , 0xf2, 0xf2, 0xf2, 0xff, 0x02, 0x00, 0xfe, 0xff, 0xff, 0xff, 0x01, 0x00
    , 0xae, 0xc9, 0xd0, 0xff, 0x01, 0x00, 0x13, 0x24, 0x43, 0xff, 0x01, 0x00
    , 0x0f, 0x16, 0x2a, 0xaf, 0x01, 0x00, 0x02, 0x03, 0x06, 0x2f, 0x1a, 0x00
    , 0x00, 0x00, 0x00, 0x00, 0x01, 0x00, 0x01, 0x02, 0x0a, 0x2f, 0x01, 0x00
    , 0x15, 0x20, 0x3e, 0xee, 0x01, 0x00, 0x4e, 0x56, 0x6d, 0xff, 0x01, 0x00
    , 0xc3, 0xc5, 0xca, 0xff, 0x02, 0x00, 0xfe, 0xfe, 0xfe, 0xff, 0x01, 0x00
    , 0xf1, 0xf1, 0xf3, 0xff, 0x01, 0x00, 0x3f, 0x47, 0x62, 0xff, 0x01, 0x00
    , 0x1b, 0x2f, 0x51, 0xff, 0x01, 0x00, 0x28, 0x66, 0x99, 0xff, 0x01, 0x00
    , 0x30, 0x8a, 0xc8, 0xff, 0x01, 0x00, 0x32, 0x8d, 0xcc, 0xff, 0x01, 0x00
    , 0x29, 0x6b, 0x9f, 0xff, 0x01, 0x00, 0x18, 0x22, 0x41, 0xff, 0x01, 0x00
    , 0x7a, 0x7e, 0x8e, 0xff, 0x01, 0x00, 0xf2, 0xf2, 0xf2, 0xff, 0x02, 0x00
    , 0xfe, 0xff, 0xff, 0xff, 0x01, 0x00, 0xaf, 0xc9, 0xd1, 0xff, 0x01, 0x00
    , 0x13, 0x24, 0x44, 0xff, 0x01, 0x00, 0x0e, 0x16, 0x2b, 0xaf, 0x01, 0x00
    , 0x00, 0x01, 0x06, 0x2f, 0x13, 0x00, 0x00, 0x00, 0x00, 0x00, 0x01, 0x00
    , 0x01, 0x01, 0x01, 0x01, 0x01, 0x00, 0x07, 0x07, 0x09, 0x14, 0x01, 0x00
    , 0x04, 0x05, 0x09, 0x32, 0x01, 0x00, 0x01, 0x03, 0x08, 0x34, 0x01, 0x00
    , 0x02, 0x03, 0x08, 0x34, 0x01, 0x00, 0x03, 0x05, 0x0a, 0x34, 0x01, 0x00
    , 0x02, 0x04, 0x08, 0x34, 0x01, 0x00, 0x03, 0x06, 0x11, 0x59, 0x01, 0x00
    , 0x15, 0x20, 0x3e, 0xf1, 0x01, 0x00, 0x4e, 0x57, 0x6c, 0xff, 0x01, 0x00
    , 0xc3, 0xc5, 0xca, 0xff, 0x01, 0x00, 0xfe, 0xff, 0xfe, 0xff, 0x01, 0x00
    , 0xfe, 0xfe, 0xfe, 0xff, 0x01, 0x00, 0xf1, 0xf1, 0xf3, 0xff, 0x01, 0x00
    , 0x3f, 0x47, 0x61, 0xff, 0x01, 0x00, 0x1b, 0x2f, 0x51, 0xff, 0x01, 0x00
    , 0x27, 0x66, 0x99, 0xff, 0x01, 0x00, 0x30, 0x8a, 0xc8, 0xff, 0x01, 0x00
    , 0x32, 0x8d, 0xcc, 0xff, 0x01, 0x00, 0x28, 0x6b, 0x9f, 0xff, 0x01, 0x00
    , 0x18, 0x22, 0x41, 0xff, 0x01, 0x00, 0x7a, 0x7e, 0x8e, 0xff, 0x01, 0x00
    , 0xf2, 0xf2, 0xf2, 0xff, 0x02, 0x00, 0xfe, 0xff, 0xff, 0xff, 0x01, 0x00
    , 0xaf, 0xc9, 0xd1, 0xff, 0x01, 0x00, 0x13, 0x24, 0x44, 0xff, 0x01, 0x00
    , 0x14, 0x1c, 0x34, 0xbf, 0x01, 0x00, 0x0a, 0x0c, 0x15, 0x59, 0x02, 0x00
    , 0x02, 0x03, 0x08, 0x34, 0x01, 0x00, 0x01, 0x03, 0x08, 0x34, 0x01, 0x00
    , 0x03, 0x04, 0x09, 0x34, 0x01, 0x00, 0x07, 0x08, 0x0b, 0x28, 0x01, 0x00
    , 0x05, 0x05, 0x06, 0x0e, 0x0d, 0x00, 0x00, 0x00, 0x00, 0x00, 0x01, 0x00
    , 0x09, 0x0a, 0x0f, 0x3d, 0x01, 0x00, 0x0f, 0x12, 0x21, 0x89, 0x01, 0x00
    , 0x10, 0x17, 0x2d, 0xb2, 0x02, 0x00, 0x0f, 0x17, 0x2d, 0xb4, 0x01, 0x00
    , 0x0f, 0x17, 0x2e, 0xb4, 0x01, 0x00, 0x10, 0x18, 0x2e, 0xb4, 0x01, 0x00
    , 0x10, 0x18, 0x30, 0xc1, 0x01, 0x00, 0x18, 0x23, 0x43, 0xfa, 0x01, 0x00
    , 0x4e, 0x57, 0x6d, 0xff, 0x01, 0x00, 0xc3, 0xc5, 0xca, 0xff, 0x01, 0x00
    , 0xfe, 0xff, 0xff, 0xff, 0x01, 0x00, 0xfe, 0xfe, 0xfe, 0xff, 0x01, 0x00
    , 0xf1, 0xf1, 0xf3, 0xff, 0x01, 0x00, 0x3f, 0x47, 0x61, 0xff, 0x01, 0x00
    , 0x1b, 0x2e, 0x51, 0xff, 0x01, 0x00, 0x27, 0x66, 0x99, 0xff, 0x01, 0x00
    , 0x30, 0x8a, 0xc8, 0xff, 0x01, 0x00, 0x31, 0x8d, 0xcc, 0xff, 0x01, 0x00
    , 0x28, 0x6b, 0x9f, 0xff, 0x01, 0x00, 0x18, 0x22, 0x41, 0xff, 0x01, 0x00
    , 0x7a, 0x7e, 0x8e, 0xff, 0x01, 0x00, 0xf2, 0xf2, 0xf2, 0xff, 0x02, 0x00
    , 0xfe, 0xff, 0xff, 0xff, 0x01, 0x00, 0xae, 0xc9, 0xd1, 0xff, 0x01, 0x00
    , 0x13, 0x24, 0x44, 0xff, 0x01, 0x00, 0x18, 0x23, 0x40, 0xe7, 0x01, 0x00
    , 0x15, 0x1d, 0x35, 0xc1, 0x01, 0x00, 0x10, 0x17, 0x2d, 0xb4, 0x02, 0x00
    , 0x0f, 0x17, 0x2d, 0xb4, 0x01, 0x00, 0x10, 0x18, 0x2e, 0xb4, 0x01, 0x00
    , 0x11, 0x17, 0x2a, 0xa8, 0x01, 0x00, 0x0c, 0x0f, 0x1c, 0x7d, 0x01, 0x00
    , 0x04, 0x04, 0x05, 0x16, 0x0b, 0x00, 0x00, 0x00, 0x00, 0x00, 0x01, 0x00
    , 0x07, 0x07, 0x0a, 0x22, 0x01, 0x00, 0x13, 0x1b, 0x33, 0xd5, 0x01, 0x00
    , 0x16, 0x22, 0x42, 0xff, 0x01, 0x00, 0x14, 0x1e, 0x3f, 0xff, 0x02, 0x00
    , 0x13, 0x1c, 0x3d, 0xff, 0x02, 0x00, 0x13, 0x1d, 0x3c, 0xff, 0x01, 0x00
    , 0x14, 0x1e, 0x3e, 0xff, 0x01, 0x00, 0x19, 0x25, 0x45, 0xff, 0x01, 0x00
    , 0x4e, 0x56, 0x6d, 0xff, 0x01, 0x00, 0xc3, 0xc5, 0xca, 0xff, 0x02, 0x00
    , 0xff, 0xfe, 0xff, 0xff, 0x01, 0x00, 0xf1, 0xf1, 0xf3, 0xff, 0x01, 0x00
    , 0x3f, 0x47, 0x61, 0xff, 0x01, 0x00, 0x1b, 0x2e, 0x51, 0xff, 0x01, 0x00
    , 0x27, 0x66, 0x99, 0xff, 0x01, 0x00, 0x31, 0x8a, 0xc8, 0xff, 0x01, 0x00
    , 0x31, 0x8d, 0xcc, 0xff, 0x01, 0x00, 0x28, 0x6b, 0x9f, 0xff, 0x01, 0x00
    , 0x18, 0x22, 0x41, 0xff, 0x01, 0x00, 0x7a, 0x7e, 0x8e, 0xff, 0x01, 0x00
    , 0xf2, 0xf2, 0xf2, 0xff, 0x02, 0x00, 0xfe, 0xff, 0xff, 0xff, 0x01, 0x00
    , 0xaf, 0xc9, 0xd1, 0xff, 0x01, 0x00, 0x13, 0x24, 0x44, 0xff, 0x01, 0x00
    , 0x19, 0x24, 0x44, 0xff, 0x01, 0x00, 0x19, 0x22, 0x41, 0xff, 0x04, 0x00
    , 0x19, 0x21, 0x40, 0xff, 0x01, 0x00, 0x19, 0x22, 0x43, 0xff, 0x01, 0x00
    , 0x16, 0x21, 0x41, 0xff, 0x01, 0x00, 0x0f, 0x13, 0x23, 0x94, 0x01, 0x00
    , 0x01, 0x01, 0x01, 0x03, 0x0a, 0x00, 0x00, 0x00, 0x00, 0x00, 0x01, 0x00
    , 0x0b, 0x0e, 0x17, 0x5f, 0x01, 0x00, 0x14, 0x20, 0x3f, 0xff, 0x01, 0x00
    , 0x2c, 0x35, 0x51, 0xff, 0x01, 0x00, 0x92, 0x93, 0xa0, 0xff, 0x01, 0x00
    , 0xa5, 0xa6, 0xaf, 0xff, 0x01, 0x00, 0xa5, 0xa5, 0xaf, 0xff, 0x01, 0x00
    , 0xa1, 0xa2, 0xac, 0xff, 0x01, 0x00, 0x9f, 0xa0, 0xab, 0xff, 0x01, 0x00
    , 0x84, 0x86, 0x96, 0xff, 0x01, 0x00, 0x1c, 0x27, 0x47, 0xff, 0x01, 0x00
    , 0x4e, 0x56, 0x6c, 0xff, 0x01, 0x00, 0xc3, 0xc5, 0xca, 0xff, 0x01, 0x00
    , 0xfe, 0xfe, 0xff, 0xff, 0x01, 0x00, 0xfe, 0xfe, 0xfe, 0xff, 0x01, 0x00
    , 0xf1, 0xf1, 0xf3, 0xff, 0x01, 0x00, 0x3f, 0x47, 0x61, 0xff, 0x01, 0x00
    , 0x1b, 0x2e, 0x51, 0xff, 0x01, 0x00, 0x27, 0x65, 0x99, 0xff, 0x01, 0x00
    , 0x31, 0x8a, 0xc8, 0xff, 0x01, 0x00, 0x31, 0x8d, 0xcc, 0xff, 0x01, 0x00
    , 0x29, 0x6b, 0x9f, 0xff, 0x01, 0x00, 0x18, 0x22, 0x41, 0xff, 0x01, 0x00
    , 0x7a, 0x7e, 0x8e, 0xff, 0x01, 0x00, 0xf2, 0xf2, 0xf2, 0xff, 0x02, 0x00
    , 0xfe, 0xff, 0xff, 0xff, 0x01, 0x00, 0xaf, 0xc9, 0xd0, 0xff, 0x01, 0x00
    , 0x13, 0x24, 0x44, 0xff, 0x01, 0x00, 0x20, 0x49, 0x63, 0xff, 0x01, 0x00
    , 0x29, 0x84, 0x97, 0xff, 0x01, 0x00, 0x2c, 0x94, 0xa8, 0xff, 0x02, 0x00
    , 0x2c, 0x95, 0xa7, 0xff, 0x01, 0x00, 0x2c, 0x95, 0xa8, 0xff, 0x01, 0x00
    , 0x25, 0x6a, 0x7f, 0xff, 0x01, 0x00, 0x1c, 0x32, 0x4f, 0xff, 0x01, 0x00
    , 0x17, 0x20, 0x3b, 0xe2, 0x01, 0x00, 0x07, 0x08, 0x0b, 0x23, 0x0a, 0x00
    , 0x00, 0x00, 0x00, 0x00, 0x01, 0x00, 0x0c, 0x0f, 0x1b, 0x69, 0x01, 0x00
    , 0x16, 0x22, 0x42, 0xff, 0x01, 0x00, 0x46, 0x4e, 0x65, 0xff, 0x01, 0x00
    , 0xf6, 0xf5, 0xf5, 0xff, 0x01, 0x00, 0xff, 0xff, 0xff, 0xff, 0x02, 0x00
    , 0xff, 0xfe, 0xff, 0xff, 0x01, 0x00, 0xfe, 0xff, 0xff, 0xff, 0x01, 0x00
    , 0xd1, 0xd3, 0xd9, 0xff, 0x01, 0x00, 0x1f, 0x29, 0x48, 0xff, 0x01, 0x00
    , 0x4e, 0x56, 0x6c, 0xff, 0x01, 0x00, 0xc3, 0xc5, 0xca, 0xff, 0x01, 0x00
    , 0xfe, 0xfe, 0xff, 0xff, 0x01, 0x00, 0xfe, 0xff, 0xff, 0xff, 0x01, 0x00
    , 0xf1, 0xf1, 0xf3, 0xff, 0x01, 0x00, 0x3f, 0x47, 0x61, 0xff, 0x01, 0x00
    , 0x1b, 0x2e, 0x51, 0xff, 0x01, 0x00, 0x27, 0x66, 0x99, 0xff, 0x01, 0x00
    , 0x30, 0x8a, 0xc8, 0xff, 0x01, 0x00, 0x31, 0x8e, 0xcc, 0xff, 0x01, 0x00
    , 0x29, 0x6b, 0x9f, 0xff, 0x01, 0x00, 0x18, 0x22, 0x41, 0xff, 0x01, 0x00
    , 0x7a, 0x7e, 0x8e, 0xff, 0x01, 0x00, 0xf2, 0xf2, 0xf2, 0xff, 0x02, 0x00
    , 0xfe, 0xff, 0xff, 0xff, 0x01, 0x00, 0xaf, 0xc9, 0xd1, 0xff, 0x01, 0x00
    , 0x13, 0x24, 0x44, 0xff, 0x01, 0x00, 0x22, 0x5a, 0x73, 0xff, 0x01, 0x00
    , 0x31, 0xaf, 0xc0, 0xff, 0x03, 0x00, 0x35, 0xc7, 0xd8, 0xff, 0x01, 0x00
    , 0x35, 0xc7, 0xd9, 0xff, 0x01, 0x00, 0x2d, 0x9c, 0xae, 0xff, 0x01, 0x00
    , 0x1f, 0x47, 0x61, 0xff, 0x01, 0x00, 0x16, 0x1f, 0x3e, 0xed, 0x01, 0x00
    , 0x02, 0x03, 0x0a, 0x2e, 0x0a, 0x00, 0x00, 0x00, 0x00, 0x00, 0x01, 0x00
    , 0x0b, 0x0f, 0x1b, 0x69, 0x01, 0x00, 0x16, 0x22, 0x42, 0xff, 0x01, 0x00
    , 0x4b, 0x53, 0x6a, 0xff, 0x01, 0x00, 0xfa, 0xf9, 0xf9, 0xff, 0x01, 0x00
    , 0xff, 0xff, 0xff, 0xff, 0x02, 0x00, 0xff, 0xfe, 0xff, 0xff, 0x01, 0x00
    , 0xfe, 0xfe, 0xff, 0xff, 0x01, 0x00, 0xd1, 0xd2, 0xd9, 0xff, 0x01, 0x00
    , 0x1e, 0x28, 0x47, 0xff, 0x01, 0x00, 0x4e, 0x56, 0x6c, 0xff, 0x01, 0x00
    , 0xc3, 0xc5, 0xca, 0xff, 0x01, 0x00, 0xff, 0xfe, 0xff, 0xff, 0x01, 0x00
    , 0xff, 0xff, 0xff, 0xff, 0x01, 0x00, 0xf1, 0xf1, 0xf3, 0xff, 0x01, 0x00
    , 0x3f, 0x47, 0x61, 0xff, 0x01, 0x00, 0x1b, 0x2e, 0x51, 0xff, 0x01, 0x00
    , 0x27, 0x66, 0x99, 0xff, 0x01, 0x00, 0x31, 0x8a, 0xc8, 0xff, 0x01, 0x00
    , 0x31, 0x8e, 0xcc, 0xff, 0x01, 0x00, 0x29, 0x6c, 0x9f, 0xff, 0x01, 0x00
    , 0x18, 0x22, 0x41, 0xff, 0x01, 0x00, 0x7a, 0x7e, 0x8e, 0xff, 0x01, 0x00
    , 0xf2, 0xf2, 0xf2, 0xff, 0x02, 0x00, 0xfe, 0xff, 0xff, 0xff, 0x01, 0x00
    , 0xaf, 0xc9, 0xd1, 0xff, 0x01, 0x00, 0x13, 0x24, 0x44, 0xff, 0x01, 0x00
    , 0x22, 0x58, 0x71, 0xff, 0x01, 0x00, 0x2f, 0xaa, 0xbb, 0xff, 0x03, 0x00
    , 0x34, 0xc1, 0xd2, 0xff, 0x01, 0x00, 0x33, 0xc1, 0xd2, 0xff, 0x01, 0x00
    , 0x2d, 0x9b, 0xad, 0xff, 0x01, 0x00, 0x1f, 0x4b, 0x65, 0xff, 0x01, 0x00
    , 0x16, 0x20, 0x3e, 0xed, 0x01, 0x00, 0x02, 0x03, 0x0a, 0x2d, 0x0a, 0x00
    , 0x00, 0x00, 0x00, 0x00, 0x01, 0x00, 0x0c, 0x0f, 0x1b, 0x69, 0x01, 0x00
    , 0x16, 0x22, 0x42, 0xff, 0x01, 0x00, 0x4b, 0x53, 0x6a, 0xff, 0x01, 0x00
    , 0xfa, 0xf9, 0xf9, 0xff, 0x01, 0x00, 0xff, 0xff, 0xff, 0xff, 0x02, 0x00
    , 0xff, 0xfe, 0xff, 0xff, 0x01, 0x00, 0xff, 0xff, 0xff, 0xff, 0x01, 0x00
    , 0xd1, 0xd2, 0xd9, 0xff, 0x01, 0x00, 0x1e, 0x28, 0x47, 0xff, 0x01, 0x00
    , 0x4e, 0x56, 0x6c, 0xff, 0x01, 0x00, 0xc3, 0xc5, 0xca, 0xff, 0x02, 0x00
    , 0xff, 0xfe, 0xff, 0xff, 0x01, 0x00, 0xf1, 0xf1, 0xf3, 0xff, 0x01, 0x00
    , 0x3f, 0x47, 0x61, 0xff, 0x01, 0x00, 0x1b, 0x2f, 0x51, 0xff, 0x01, 0x00
    , 0x27, 0x66, 0x99, 0xff, 0x01, 0x00, 0x31, 0x8a, 0xc8, 0xff, 0x01, 0x00
    , 0x32, 0x8e, 0xcc, 0xff, 0x01, 0x00, 0x28, 0x6b, 0x9f, 0xff, 0x01, 0x00
    , 0x18, 0x22, 0x41, 0xff, 0x01, 0x00, 0x7a, 0x7e, 0x8e, 0xff, 0x01, 0x00
    , 0xf2, 0xf2, 0xf2, 0xff, 0x02, 0x00, 0xfe, 0xff, 0xff, 0xff, 0x01, 0x00
    , 0xaf, 0xc9, 0xd1, 0xff, 0x01, 0x00, 0x13, 0x24, 0x44, 0xff, 0x01, 0x00
    , 0x22, 0x58, 0x71, 0xff, 0x01, 0x00, 0x2f, 0xaa, 0xbb, 0xff, 0x03, 0x00
    , 0x33, 0xc1, 0xd2, 0xff, 0x01, 0x00, 0x34, 0xc1, 0xd2, 0xff, 0x01, 0x00
    , 0x2c, 0x9c, 0xae, 0xff, 0x01, 0x00, 0x1f, 0x4c, 0x66, 0xff, 0x01, 0x00
    , 0x16, 0x20, 0x3e, 0xed, 0x01, 0x00, 0x02, 0x03, 0x0a, 0x2d, 0x0a, 0x00
    , 0x00, 0x00, 0x00, 0x00, 0x01, 0x00, 0x0c, 0x0f, 0x1b, 0x69, 0x01, 0x00
    , 0x16, 0x22, 0x42, 0xff, 0x01, 0x00, 0x4b, 0x53, 0x6a, 0xff, 0x01, 0x00
    , 0xfa, 0xf9, 0xf9, 0xff, 0x04, 0x00, 0xff, 0xff, 0xff, 0xff, 0x01, 0x00
    , 0xd1, 0xd2, 0xd9, 0xff, 0x01, 0x00, 0x1e, 0x28, 0x47, 0xff, 0x01, 0x00
    , 0x4e, 0x56, 0x6c, 0xff, 0x01, 0x00, 0xc3, 0xc5, 0xca, 0xff, 0x02, 0x00
    , 0xff, 0xfe, 0xff, 0xff, 0x01, 0x00, 0xf1, 0xf1, 0xf3, 0xff, 0x01, 0x00
    , 0x3f, 0x47, 0x61, 0xff, 0x01, 0x00, 0x1b, 0x2e, 0x51, 0xff, 0x01, 0x00
    , 0x27, 0x66, 0x99, 0xff, 0x01, 0x00, 0x31, 0x8a, 0xc8, 0xff, 0x01, 0x00
    , 0x32, 0x8e, 0xcc, 0xff, 0x01, 0x00, 0x29, 0x6c, 0xa0, 0xff, 0x01, 0x00
    , 0x18, 0x22, 0x41, 0xff, 0x01, 0x00, 0x7a, 0x7e, 0x8e, 0xff, 0x01, 0x00
    , 0xf2, 0xf2, 0xf2, 0xff, 0x02, 0x00, 0xfe, 0xff, 0xff, 0xff, 0x01, 0x00
    , 0xaf, 0xc9, 0xd0, 0xff, 0x01, 0x00, 0x13, 0x24, 0x44, 0xff, 0x01, 0x00
    , 0x22, 0x58, 0x71, 0xff, 0x01, 0x00, 0x2f, 0xaa, 0xbb, 0xff, 0x03, 0x00
    , 0x33, 0xc1, 0xd2, 0xff, 0x01, 0x00, 0x34, 0xc1, 0xd2, 0xff, 0x01, 0x00
    , 0x2d, 0x9b, 0xae, 0xff, 0x01, 0x00, 0x20, 0x4b, 0x66, 0xff, 0x01, 0x00
    , 0x16, 0x20, 0x3e, 0xed, 0x01, 0x00, 0x02, 0x03, 0x0a, 0x2d, 0x0a, 0x00
    , 0x00, 0x00, 0x00, 0x00, 0x01, 0x00, 0x0b, 0x0f, 0x1a, 0x69, 0x01, 0x00
    , 0x16, 0x22, 0x42, 0xff, 0x01, 0x00, 0x4b, 0x54, 0x6a, 0xff, 0x01, 0x00
    , 0xfa, 0xf9, 0xf9, 0xff, 0x01, 0x00, 0xff, 0xff, 0xff, 0xff, 0x01, 0x00
    , 0xff, 0xff, 0xfe, 0xff, 0x02, 0x00, 0xff, 0xff, 0xff, 0xff, 0x01, 0x00
    , 0xd1, 0xd2, 0xd9, 0xff, 0x01, 0x00, 0x1e, 0x28, 0x47, 0xff, 0x01, 0x00
    , 0x4e, 0x56, 0x6c, 0xff, 0x01, 0x00, 0xc3, 0xc5, 0xca, 0xff, 0x02, 0x00
    , 0xff, 0xfe, 0xfe, 0xff, 0x01, 0x00, 0xf1, 0xf1, 0xf3, 0xff, 0x01, 0x00
    , 0x3f, 0x47, 0x61, 0xff, 0x01, 0x00, 0x1b, 0x2e, 0x51, 0xff, 0x01, 0x00
    , 0x27, 0x66, 0x99, 0xff, 0x01, 0x00, 0x30, 0x8b, 0xc8, 0xff, 0x01, 0x00
    , 0x31, 0x8e, 0xcc, 0xff, 0x01, 0x00, 0x29, 0x6c, 0x9f, 0xff, 0x01, 0x00
    , 0x18, 0x22, 0x41, 0xff, 0x01, 0x00, 0x7a, 0x7e, 0x8e, 0xff, 0x01, 0x00
    , 0xf2, 0xf2, 0xf2, 0xff, 0x02, 0x00, 0xfe, 0xff, 0xff, 0xff, 0x01, 0x00
    , 0xaf, 0xc9, 0xd0, 0xff, 0x01, 0x00, 0x13, 0x24, 0x44, 0xff, 0x01, 0x00
    , 0x22, 0x58, 0x71, 0xff, 0x01, 0x00, 0x2f, 0xaa, 0xbb, 0xff, 0x03, 0x00
    , 0x33, 0xc0, 0xd2, 0xff, 0x01, 0x00, 0x33, 0xc1, 0xd2, 0xff, 0x01, 0x00
    , 0x2d, 0x9b, 0xae, 0xff, 0x01, 0x00, 0x20, 0x4b, 0x65, 0xff, 0x01, 0x00
    , 0x16, 0x1f, 0x3d, 0xed, 0x01, 0x00, 0x02, 0x03, 0x09, 0x2d, 0x06, 0x00
    , 0x00, 0x00, 0x00, 0x00, 0x01, 0x00, 0x03, 0x03, 0x05, 0x19, 0x01, 0x00
    , 0x0c, 0x0e, 0x16, 0x56, 0x02, 0x00, 0x0d, 0x10, 0x1a, 0x62, 0x01, 0x00
    , 0x13, 0x18, 0x2a, 0xa2, 0x01, 0x00, 0x16, 0x22, 0x43, 0xff, 0x01, 0x00
    , 0x37, 0x40, 0x5b, 0xff, 0x01, 0x00, 0x9b, 0x9c, 0xa8, 0xff, 0x04, 0x00
    , 0x9c, 0x9d, 0xa9, 0xff, 0x01, 0x00, 0x83, 0x86, 0x95, 0xff, 0x01, 0x00
    , 0x1d, 0x27, 0x47, 0xff, 0x01, 0x00, 0x4e, 0x56, 0x6c, 0xff, 0x01, 0x00
    , 0xc3, 0xc5, 0xca, 0xff, 0x01, 0x00, 0xff, 0xff, 0xff, 0xff, 0x01, 0x00
    , 0xfe, 0xff, 0xff, 0xff, 0x01, 0x00, 0xf1, 0xf1, 0xf3, 0xff, 0x01, 0x00
    , 0x3f, 0x47, 0x61, 0xff, 0x01, 0x00, 0x1b, 0x2e, 0x51, 0xff, 0x01, 0x00
    , 0x27, 0x66, 0x99, 0xff, 0x01, 0x00, 0x31, 0x8a, 0xc8, 0xff, 0x01, 0x00
    , 0x31, 0x8e, 0xcc, 0xff, 0x01, 0x00, 0x29, 0x6b, 0x9f, 0xff, 0x01, 0x00
    , 0x18, 0x22, 0x40, 0xff, 0x01, 0x00, 0x7a, 0x7e, 0x8e, 0xff, 0x01, 0x00
    , 0xf2, 0xf2, 0xf2, 0xff, 0x02, 0x00, 0xfe, 0xff, 0xff, 0xff, 0x01, 0x00
    , 0xaf, 0xc9, 0xd1, 0xff, 0x01, 0x00, 0x13, 0x24, 0x44, 0xff, 0x01, 0x00
    , 0x1e, 0x44, 0x5e, 0xff, 0x01, 0x00, 0x27, 0x75, 0x8a, 0xff, 0x01, 0x00
    , 0x29, 0x83, 0x98, 0xff, 0x01, 0x00, 0x29, 0x83, 0x99, 0xff, 0x01, 0x00
    , 0x2a, 0x83, 0x99, 0xff, 0x01, 0x00, 0x29, 0x83, 0x98, 0xff, 0x01, 0x00
    , 0x25, 0x6c, 0x83, 0xff, 0x01, 0x00, 0x1d, 0x3c, 0x58, 0xff, 0x01, 0x00
    , 0x16, 0x20, 0x3f, 0xf3, 0x01, 0x00, 0x0c, 0x10, 0x1f, 0x80, 0x01, 0x00
    , 0x0b, 0x0e, 0x19, 0x66, 0x01, 0x00, 0x0b, 0x0f, 0x19, 0x64, 0x01, 0x00
    , 0x08, 0x0a, 0x0f, 0x3a, 0x01, 0x00, 0x03, 0x03, 0x04, 0x10, 0x01, 0x00
    , 0x00, 0x00, 0x00, 0x00, 0x01, 0x00, 0x05, 0x06, 0x09, 0x27, 0x01, 0x00
    , 0x0d, 0x10, 0x1e, 0x81, 0x01, 0x00, 0x18, 0x20, 0x39, 0xd5, 0x01, 0x00
    , 0x19, 0x23, 0x3e, 0xe2, 0x01, 0x00, 0x1a, 0x23, 0x3e, 0xe2, 0x01, 0x00
    , 0x1b, 0x25, 0x41, 0xed, 0x01, 0x00, 0x18, 0x25, 0x45, 0xff, 0x01, 0x00
    , 0x1d, 0x28, 0x47, 0xff, 0x01, 0x00, 0x29, 0x30, 0x4d, 0xff, 0x04, 0x00
    , 0x29, 0x31, 0x4d, 0xff, 0x01, 0x00, 0x27, 0x2f, 0x4c, 0xff, 0x01, 0x00
    , 0x1a, 0x26, 0x46, 0xff, 0x01, 0x00, 0x4e, 0x56, 0x6c, 0xff, 0x01, 0x00
    , 0xc3, 0xc5, 0xca, 0xff, 0x01, 0x00, 0xff, 0xff, 0xff, 0xff, 0x01, 0x00
    , 0xff, 0xfe, 0xff, 0xff, 0x01, 0x00, 0xf1, 0xf1, 0xf3, 0xff, 0x01, 0x00
    , 0x3f, 0x47, 0x61, 0xff, 0x01, 0x00, 0x1b, 0x2e, 0x51, 0xff, 0x01, 0x00
    , 0x27, 0x65, 0x99, 0xff, 0x01, 0x00, 0x30, 0x8a, 0xc8, 0xff, 0x01, 0x00
    , 0x31, 0x8e, 0xcc, 0xff, 0x01, 0x00, 0x28, 0x6b, 0x9f, 0xff, 0x01, 0x00
    , 0x18, 0x22, 0x41, 0xff, 0x01, 0x00, 0x7a, 0x7e, 0x8e, 0xff, 0x01, 0x00
    , 0xf2, 0xf2, 0xf2, 0xff, 0x02, 0x00, 0xfe, 0xff, 0xff, 0xff, 0x01, 0x00
    , 0xae, 0xc9, 0xd1, 0xff, 0x01, 0x00, 0x13, 0x24, 0x44, 0xff, 0x01, 0x00
    , 0x1a, 0x28, 0x47, 0xff, 0x01, 0x00, 0x1b, 0x2d, 0x4a, 0xff, 0x03, 0x00
    , 0x1b, 0x2e, 0x4c, 0xff, 0x01, 0x00, 0x1b, 0x2e, 0x4b, 0xff, 0x01, 0x00
    , 0x1b, 0x2c, 0x4a, 0xff, 0x01, 0x00, 0x1a, 0x28, 0x47, 0xff, 0x01, 0x00
    , 0x19, 0x25, 0x45, 0xfd, 0x01, 0x00, 0x18, 0x23, 0x3f, 0xe9, 0x01, 0x00
    , 0x18, 0x21, 0x3d, 0xe5, 0x01, 0x00, 0x18, 0x22, 0x3c, 0xe3, 0x01, 0x00
    , 0x13, 0x1b, 0x30, 0xb9, 0x01, 0x00, 0x0a, 0x0e, 0x19, 0x6b, 0x01, 0x00
    , 0x03, 0x03, 0x06, 0x1b, 0x01, 0x00, 0x0d, 0x12, 0x24, 0x9a, 0x01, 0x00
    , 0x16, 0x20, 0x3f, 0xfa, 0x01, 0x00, 0x1e, 0x28, 0x46, 0xff, 0x01, 0x00
    , 0x2e, 0x36, 0x50, 0xff, 0x02, 0x00, 0x2e, 0x36, 0x51, 0xff, 0x01, 0x00
    , 0x2e, 0x35, 0x50, 0xff, 0x01, 0x00, 0x2d, 0x35, 0x50, 0xff, 0x01, 0x00
    , 0x2d, 0x34, 0x4f, 0xff, 0x02, 0x00, 0x2c, 0x34, 0x4f, 0xff, 0x02, 0x00
    , 0x2c, 0x34, 0x4e, 0xff, 0x01, 0x00, 0x2e, 0x36, 0x50, 0xff, 0x01, 0x00
    , 0x31, 0x3b, 0x56, 0xff, 0x01, 0x00, 0x56, 0x5d, 0x72, 0xff, 0x01, 0x00
    , 0xc4, 0xc6, 0xcb, 0xff, 0x01, 0x00, 0xff, 0xff, 0xfe, 0xff, 0x01, 0x00
    , 0xff, 0xfe, 0xff, 0xff, 0x01, 0x00, 0xf1, 0xf1, 0xf3, 0xff, 0x01, 0x00
    , 0x3f, 0x46, 0x61, 0xff, 0x01, 0x00, 0x1b, 0x2e, 0x51, 0xff, 0x01, 0x00
    , 0x27, 0x65, 0x98, 0xff, 0x01, 0x00, 0x30, 0x8a, 0xc8, 0xff, 0x01, 0x00
    , 0x31, 0x8e, 0xcc, 0xff, 0x01, 0x00, 0x28, 0x6b, 0x9f, 0xff, 0x01, 0x00
    , 0x18, 0x22, 0x41, 0xff, 0x01, 0x00, 0x7a, 0x7e, 0x8e, 0xff, 0x01, 0x00
    , 0xf2, 0xf2, 0xf2, 0xff, 0x02, 0x00, 0xfe, 0xff, 0xff, 0xff, 0x01, 0x00
    , 0xce, 0xe1, 0xe5, 0xff, 0x01, 0x00, 0x50, 0x5d, 0x72, 0xff, 0x0b, 0x00
    , 0x4f, 0x53, 0x6b, 0xff, 0x01, 0x00, 0x40, 0x46, 0x60, 0xff, 0x01, 0x00
    , 0x18, 0x24, 0x44, 0xff, 0x01, 0x00, 0x14, 0x1e, 0x3c, 0xf3, 0x01, 0x00
    , 0x0c, 0x10, 0x20, 0x86, 0x01, 0x00, 0x13, 0x1b, 0x32, 0xc3, 0x01, 0x00
    , 0x14, 0x1f, 0x40, 0xff, 0x01, 0x00, 0x81, 0x84, 0x93, 0xff, 0x01, 0x00
    , 0xe1, 0xe1, 0xe3, 0xff, 0x02, 0x00, 0xe1, 0xe2, 0xe4, 0xff, 0x01, 0x00
    , 0xe0, 0xe1, 0xe4, 0xff, 0x01, 0x00, 0xe0, 0xe1, 0xe3, 0xff, 0x01, 0x00
    , 0xdf, 0xe0, 0xe3, 0xff, 0x01, 0x00, 0xde, 0xdf, 0xe2, 0xff, 0x01, 0x00
    , 0xdf, 0xe0, 0xe2, 0xff, 0x02, 0x00, 0xde, 0xdf, 0xe2, 0xff, 0x01, 0x00
    , 0xdf, 0xe0, 0xe2, 0xff, 0x01, 0x00, 0xdd, 0xde, 0xe1, 0xff, 0x01, 0x00
    , 0xda, 0xdb, 0xdf, 0xff, 0x01, 0x00, 0xf1, 0xf1, 0xf3, 0xff, 0x01, 0x00
    , 0xfe, 0xff, 0xff, 0xff, 0x01, 0x00, 0xfe, 0xfe, 0xff, 0xff, 0x01, 0x00
    , 0xf1, 0xf1, 0xf3, 0xff, 0x01, 0x00, 0x3f, 0x46, 0x61, 0xff, 0x01, 0x00
    , 0x1b, 0x2e, 0x51, 0xff, 0x01, 0x00, 0x27, 0x66, 0x99, 0xff, 0x01, 0x00
    , 0x31, 0x8a, 0xc8, 0xff, 0x01, 0x00, 0x32, 0x8e, 0xcc, 0xff, 0x01, 0x00
    , 0x28, 0x6b, 0x9f, 0xff, 0x01, 0x00, 0x18, 0x22, 0x41, 0xff, 0x01, 0x00
    , 0x7a, 0x7f, 0x8e, 0xff, 0x01, 0x00, 0xf2, 0xf2, 0xf2, 0xff, 0x02, 0x00
    , 0xfe, 0xff, 0xff, 0xff, 0x01, 0x00, 0xfd, 0xff, 0xff, 0xff, 0x01, 0x00
    , 0xfe, 0xff, 0xff, 0xff, 0x0b, 0x00, 0xff, 0xff, 0xff, 0xff, 0x01, 0x00
    , 0xe7, 0xee, 0xf0, 0xff, 0x01, 0x00, 0x3c, 0x4c, 0x65, 0xff, 0x01, 0x00
    , 0x15, 0x20, 0x41, 0xff, 0x01, 0x00, 0x10, 0x18, 0x2f, 0xbc, 0x01, 0x00
    , 0x15, 0x1e, 0x35, 0xc5, 0x01, 0x00, 0x11, 0x1b, 0x3d, 0xff, 0x01, 0x00
    , 0x9d, 0x9e, 0xa9, 0xff, 0x01, 0x00, 0xfe, 0xff, 0xff, 0xff, 0x01, 0x00
    , 0xfe, 0xfe, 0xff, 0xff, 0x01, 0x00, 0xff, 0xfe, 0xfe, 0xff, 0x02, 0x00
    , 0xfe, 0xff, 0xff, 0xff, 0x01, 0x00, 0xff, 0xff, 0xff, 0xff, 0x02, 0x00
    , 0xff, 0xfe, 0xff, 0xff, 0x06, 0x00, 0xff, 0xff, 0xff, 0xff, 0x01, 0x00
    , 0xfe, 0xff, 0xff, 0xff, 0x01, 0x00, 0xfe, 0xfe, 0xff, 0xff, 0x01, 0x00
    , 0xf1, 0xf1, 0xf3, 0xff, 0x01, 0x00, 0x3f, 0x47, 0x61, 0xff, 0x01, 0x00
    , 0x1b, 0x2e, 0x51, 0xff, 0x01, 0x00, 0x27, 0x65, 0x99, 0xff, 0x01, 0x00
    , 0x31, 0x8a, 0xc8, 0xff, 0x01, 0x00, 0x32, 0x8e, 0xcc, 0xff, 0x01, 0x00
    , 0x29, 0x6b, 0x9f, 0xff, 0x01, 0x00, 0x18, 0x22, 0x41, 0xff, 0x01, 0x00
    , 0x7a, 0x7e, 0x8e, 0xff, 0x01, 0x00, 0xf2, 0xf2, 0xf2, 0xff, 0x04, 0x00
    , 0xfe, 0xff, 0xff, 0xff, 0x0b, 0x00, 0xff, 0xff, 0xff, 0xff, 0x01, 0x00
    , 0xfe, 0xff, 0xff, 0xff, 0x01, 0x00, 0x54, 0x61, 0x78, 0xff, 0x01, 0x00
    , 0x16, 0x1f, 0x40, 0xff, 0x01, 0x00, 0x11, 0x1a, 0x31, 0xc3, 0x01, 0x00
    , 0x14, 0x1d, 0x34, 0xc5, 0x01, 0x00, 0x11, 0x1b, 0x3d, 0xff, 0x01, 0x00
    , 0x9c, 0x9e, 0xa9, 0xff, 0x01, 0x00, 0xff, 0xfe, 0xff, 0xff, 0x02, 0x00
    , 0xff, 0xff, 0xff, 0xff, 0x02, 0x00, 0xfe, 0xff, 0xff, 0xff, 0x01, 0x00
    , 0xfe, 0xfe, 0xfe, 0xff, 0x01, 0x00, 0xff, 0xfe, 0xfe, 0xff, 0x01, 0x00
    , 0xff, 0xfe, 0xff, 0xff, 0x06, 0x00, 0xff, 0xff, 0xff, 0xff, 0x01, 0x00
    , 0xff, 0xfe, 0xff, 0xff, 0x01, 0x00, 0xfe, 0xff, 0xff, 0xff, 0x01, 0x00
    , 0xf1, 0xf1, 0xf3, 0xff, 0x01, 0x00, 0x3f, 0x47, 0x61, 0xff, 0x01, 0x00
    , 0x1b, 0x2f, 0x51, 0xff, 0x01, 0x00, 0x28, 0x66, 0x99, 0xff, 0x01, 0x00
    , 0x31, 0x8b, 0xc8, 0xff, 0x01, 0x00, 0x32, 0x8e, 0xcc, 0xff, 0x01, 0x00
    , 0x28, 0x6b, 0x9f, 0xff, 0x01, 0x00, 0x18, 0x22, 0x41, 0xff, 0x01, 0x00
    , 0x7a, 0x7e, 0x8e, 0xff, 0x01, 0x00, 0xf2, 0xf2, 0xf2, 0xff, 0x04, 0x00
    , 0xfe, 0xff, 0xff, 0xff, 0x0b, 0x00, 0xff, 0xff, 0xff, 0xff, 0x01, 0x00
    , 0xfa, 0xff, 0xff, 0xff, 0x01, 0x00, 0x4d, 0x61, 0x78, 0xff, 0x01, 0x00
    , 0x18, 0x1f, 0x40, 0xff, 0x01, 0x00, 0x12, 0x1a, 0x32, 0xc3, 0x01, 0x00
    , 0x14, 0x1d, 0x35, 0xc5, 0x01, 0x00, 0x11, 0x1b, 0x3d, 0xff, 0x01, 0x00
    , 0x9c, 0x9e, 0xa9, 0xff, 0x01, 0x00, 0xfe, 0xff, 0xff, 0xff, 0x01, 0x00
    , 0xfe, 0xfe, 0xff, 0xff, 0x01, 0x00, 0xff, 0xfe, 0xff, 0xff, 0x02, 0x00
    , 0xfe, 0xff, 0xfe, 0xff, 0x01, 0x00, 0xfe, 0xfe, 0xfe, 0xff, 0x01, 0x00
    , 0xff, 0xfe, 0xfe, 0xff, 0x01, 0x00, 0xff, 0xff, 0xfe, 0xff, 0x06, 0x00
    , 0xff, 0xff, 0xff, 0xff, 0x01, 0x00, 0xfe, 0xfe, 0xff, 0xff, 0x01, 0x00
    , 0xfe, 0xff, 0xfe, 0xff, 0x01, 0x00, 0xf1, 0xf1, 0xf3, 0xff, 0x01, 0x00
    , 0x3f, 0x47, 0x61, 0xff, 0x01, 0x00, 0x1b, 0x2e, 0x51, 0xff, 0x01, 0x00
    , 0x28, 0x66, 0x99, 0xff, 0x01, 0x00, 0x31, 0x8b, 0xc8, 0xff, 0x01, 0x00
    , 0x32, 0x8e, 0xcc, 0xff, 0x01, 0x00, 0x28, 0x6c, 0x9f, 0xff, 0x01, 0x00
    , 0x18, 0x22, 0x41, 0xff, 0x01, 0x00, 0x7a, 0x7f, 0x8e, 0xff, 0x01, 0x00
    , 0xf2, 0xf2, 0xf2, 0xff, 0x04, 0x00, 0xfe, 0xff, 0xff, 0xff, 0x0b, 0x00
    , 0xff, 0xff, 0xff, 0xff, 0x01, 0x00, 0xfe, 0xff, 0xff, 0xff, 0x01, 0x00
    , 0x55, 0x61, 0x78, 0xff, 0x01, 0x00, 0x16, 0x1f, 0x40, 0xff, 0x01, 0x00
    , 0x12, 0x1a, 0x32, 0xc3, 0x01, 0x00, 0x14, 0x1d, 0x35, 0xc5, 0x01, 0x00
    , 0x11, 0x1b, 0x3d, 0xff, 0x01, 0x00, 0x9d, 0x9e, 0xa9, 0xff, 0x03, 0x00
    , 0xfe, 0xfe, 0xff, 0xff, 0x02, 0x00, 0xff, 0xff, 0xff, 0xff, 0x02, 0x00
    , 0xff, 0xfe, 0xfe, 0xff, 0x01, 0x00, 0xfe, 0xfe, 0xfe, 0xff, 0x06, 0x00
    , 0xff, 0xff, 0xff, 0xff, 0x01, 0x00, 0xfe, 0xff, 0xff, 0xff, 0x01, 0x00
    , 0xfe, 0xff, 0xfe, 0xff, 0x01, 0x00, 0xf1, 0xf1, 0xf3, 0xff, 0x01, 0x00
    , 0x3f, 0x47, 0x61, 0xff, 0x01, 0x00, 0x1b, 0x2e, 0x51, 0xff, 0x01, 0x00
    , 0x27, 0x66, 0x99, 0xff, 0x01, 0x00, 0x31, 0x8b, 0xc8, 0xff, 0x01, 0x00
    , 0x32, 0x8e, 0xcc, 0xff, 0x01, 0x00, 0x28, 0x6c, 0x9f, 0xff, 0x01, 0x00
    , 0x17, 0x22, 0x41, 0xff, 0x01, 0x00, 0x7a, 0x7f, 0x8f, 0xff, 0x01, 0x00
    , 0xf2, 0xf2, 0xf2, 0xff, 0x04, 0x00, 0xfe, 0xff, 0xff, 0xff, 0x0b, 0x00
    , 0xff, 0xff, 0xff, 0xff, 0x01, 0x00, 0xfe, 0xff, 0xff, 0xff, 0x01, 0x00
    , 0x54, 0x61, 0x78, 0xff, 0x01, 0x00, 0x17, 0x1f, 0x40, 0xff, 0x01, 0x00
    , 0x12, 0x1a, 0x32, 0xc3, 0x01, 0x00, 0x14, 0x1d, 0x35, 0xc5, 0x01, 0x00
    , 0x11, 0x1b, 0x3d, 0xff, 0x01, 0x00, 0x9c, 0x9e, 0xa9, 0xff, 0x03, 0x00
    , 0xfe, 0xfe, 0xff, 0xff, 0x03, 0x00, 0xfe, 0xfe, 0xfe, 0xff, 0x03, 0x00
    , 0xff, 0xfe, 0xff, 0xff, 0x05, 0x00, 0xff, 0xff, 0xff, 0xff, 0x01, 0x00
    , 0xfe, 0xfe, 0xff, 0xff, 0x01, 0x00, 0xfe, 0xff, 0xff, 0xff, 0x01, 0x00
    , 0xf1, 0xf1, 0xf3, 0xff, 0x01, 0x00, 0x3f, 0x47, 0x61, 0xff, 0x01, 0x00
    , 0x1b, 0x2e, 0x51, 0xff, 0x01, 0x00, 0x27, 0x66, 0x99, 0xff, 0x01, 0x00
    , 0x31, 0x8b, 0xc8, 0xff, 0x01, 0x00, 0x32, 0x8e, 0xcc, 0xff, 0x01, 0x00
    , 0x28, 0x6c, 0x9f, 0xff, 0x01, 0x00, 0x17, 0x22, 0x41, 0xff, 0x01, 0x00
    , 0x7a, 0x7f, 0x8e, 0xff, 0x01, 0x00, 0xf2, 0xf2, 0xf2, 0xff, 0x04, 0x00
    , 0xfe, 0xff, 0xff, 0xff, 0x0b, 0x00, 0xff, 0xff, 0xff, 0xff, 0x01, 0x00
    , 0xfe, 0xff, 0xff, 0xff, 0x01, 0x00, 0x54, 0x61, 0x78, 0xff, 0x01, 0x00
    , 0x16, 0x1f, 0x40, 0xff, 0x01, 0x00, 0x12, 0x1a, 0x32, 0xc3, 0x01, 0x00
    , 0x14, 0x1d, 0x35, 0xc5, 0x01, 0x00, 0x11, 0x1c, 0x3d, 0xff, 0x01, 0x00
    , 0x9c, 0x9e, 0xa9, 0xff, 0x03, 0x00, 0xfe, 0xfe, 0xff, 0xff, 0x01, 0x00
    , 0xfe, 0xfe, 0xfe, 0xff, 0x02, 0x00, 0xfe, 0xfe, 0xff, 0xff, 0x02, 0x00
    , 0xfe, 0xfe, 0xfe, 0xff, 0x01, 0x00, 0xff, 0xfe, 0xff, 0xff, 0x05, 0x00
    , 0xff, 0xff, 0xff, 0xff, 0x02, 0x00, 0xff, 0xff, 0xfe, 0xff, 0x01, 0x00
    , 0xf1, 0xf1, 0xf3, 0xff, 0x01, 0x00, 0x3f, 0x47, 0x61, 0xff, 0x01, 0x00
    , 0x1b, 0x2f, 0x51, 0xff, 0x01, 0x00, 0x27, 0x66, 0x99, 0xff, 0x01, 0x00
    , 0x31, 0x8b, 0xc8, 0xff, 0x01, 0x00, 0x32, 0x8e, 0xcc, 0xff, 0x01, 0x00
    , 0x28, 0x6c, 0x9f, 0xff, 0x01, 0x00, 0x17, 0x22, 0x41, 0xff, 0x01, 0x00
    , 0x79, 0x7f, 0x8e, 0xff, 0x01, 0x00, 0xf2, 0xf2, 0xf2, 0xff, 0x04, 0x00
    , 0xfe, 0xff, 0xff, 0xff, 0x0b, 0x00, 0xff, 0xff, 0xff, 0xff, 0x01, 0x00
    , 0xfe, 0xff, 0xff, 0xff, 0x01, 0x00, 0x57, 0x61, 0x78, 0xff, 0x01, 0x00
    , 0x16, 0x1f, 0x40, 0xff, 0x01, 0x00, 0x12, 0x1a, 0x32, 0xc3, 0x01, 0x00
    , 0x14, 0x1d, 0x35, 0xc5, 0x01, 0x00, 0x11, 0x1b, 0x3d, 0xff, 0x01, 0x00
    , 0x9c, 0x9e, 0xa9, 0xff, 0x01, 0x00, 0xfe, 0xfe, 0xff, 0xff, 0x01, 0x00
    , 0xff, 0xfe, 0xff, 0xff, 0x06, 0x00, 0xfe, 0xfe, 0xff, 0xff, 0x06, 0x00
    , 0xff, 0xff, 0xff, 0xff, 0x01, 0x00, 0xff, 0xfe, 0xfe, 0xff, 0x01, 0x00
    , 0xff, 0xff, 0xfe, 0xff, 0x01, 0x00, 0xf1, 0xf1, 0xf3, 0xff, 0x01, 0x00
    , 0x3f, 0x47, 0x62, 0xff, 0x01, 0x00, 0x1b, 0x2f, 0x51, 0xff, 0x01, 0x00
    , 0x27, 0x66, 0x99, 0xff, 0x01, 0x00, 0x31, 0x8a, 0xc8, 0xff, 0x01, 0x00
    , 0x32, 0x8e, 0xcd, 0xff, 0x01, 0x00, 0x28, 0x6b, 0xa0, 0xff, 0x01, 0x00
    , 0x18, 0x22, 0x41, 0xff, 0x01, 0x00, 0x79, 0x7f, 0x8e, 0xff, 0x01, 0x00
    , 0xf2, 0xf2, 0xf2, 0xff, 0x04, 0x00, 0xfe, 0xff, 0xff, 0xff, 0x0b, 0x00
    , 0xff, 0xff, 0xff, 0xff, 0x01, 0x00, 0xfd, 0xff, 0xff, 0xff, 0x01, 0x00
    , 0x52, 0x61, 0x78, 0xff, 0x01, 0x00, 0x17, 0x1f, 0x40, 0xff, 0x01, 0x00
    , 0x12, 0x1a, 0x32, 0xc3, 0x01, 0x00, 0x14, 0x1d, 0x35, 0xc5, 0x01, 0x00
    , 0x11, 0x1b, 0x3d, 0xff, 0x01, 0x00, 0x9c, 0x9e, 0xa9, 0xff, 0x01, 0x00
    , 0xfe, 0xff, 0xff, 0xff, 0x01, 0x00, 0xfe, 0xfe, 0xff, 0xff, 0x01, 0x00
    , 0xfe, 0xff, 0xff, 0xff, 0x02, 0x00, 0xfe, 0xfe, 0xff, 0xff, 0x01, 0x00
    , 0xfe, 0xfe, 0xfe, 0xff, 0x01, 0x00, 0xff, 0xfe, 0xfe, 0xff, 0x02, 0x00
    , 0xff, 0xfe, 0xff, 0xff, 0x05, 0x00, 0xff, 0xff, 0xff, 0xff, 0x02, 0x00
    , 0xfe, 0xff, 0xfe, 0xff, 0x01, 0x00, 0xf1, 0xf1, 0xf3, 0xff, 0x01, 0x00
    , 0x3f, 0x47, 0x61, 0xff, 0x01, 0x00, 0x1b, 0x2e, 0x51, 0xff, 0x01, 0x00
    , 0x27, 0x66, 0x99, 0xff, 0x01, 0x00, 0x30, 0x8b, 0xc8, 0xff, 0x01, 0x00
    , 0x32, 0x8e, 0xcc, 0xff, 0x01, 0x00, 0x28, 0x6c, 0xa0, 0xff, 0x01, 0x00
    , 0x18, 0x22, 0x41, 0xff, 0x01, 0x00, 0x79, 0x7f, 0x8e, 0xff, 0x01, 0x00
    , 0xf1, 0xf2, 0xf2, 0xff, 0x04, 0x00, 0xfe, 0xff, 0xff, 0xff, 0x0b, 0x00
    , 0xff, 0xff, 0xff, 0xff, 0x01, 0x00, 0xfd, 0xff, 0xff, 0xff, 0x01, 0x00
    , 0x53, 0x61, 0x78, 0xff, 0x01, 0x00, 0x17, 0x1f, 0x40, 0xff, 0x01, 0x00
    , 0x12, 0x1b, 0x32, 0xc3, 0x01, 0x00, 0x15, 0x1d, 0x35, 0xc5, 0x01, 0x00
    , 0x11, 0x1b, 0x3d, 0xff, 0x01, 0x00, 0x9c, 0x9e, 0xa9, 0xff, 0x01, 0x00
    , 0xfe, 0xff, 0xff, 0xff, 0x02, 0x00, 0xfe, 0xfe, 0xff, 0xff, 0x01, 0x00
    , 0xff, 0xfe, 0xff, 0xff, 0x01, 0x00, 0xfe, 0xff, 0xff, 0xff, 0x01, 0x00
    , 0xfe, 0xff, 0xfe, 0xff, 0x01, 0x00, 0xfe, 0xfe, 0xfe, 0xff, 0x01, 0x00
    , 0xfe, 0xfe, 0xff, 0xff, 0x06, 0x00, 0xff, 0xff, 0xff, 0xff, 0x01, 0x00
    , 0xfe, 0xff, 0xff, 0xff, 0x01, 0x00, 0xff, 0xfe, 0xff, 0xff, 0x01, 0x00
    , 0xf1, 0xf1, 0xf3, 0xff, 0x01, 0x00, 0x3f, 0x47, 0x62, 0xff, 0x01, 0x00
    , 0x1b, 0x2e, 0x51, 0xff, 0x01, 0x00, 0x27, 0x66, 0x99, 0xff, 0x01, 0x00
    , 0x30, 0x8b, 0xc8, 0xff, 0x01, 0x00, 0x32, 0x8e, 0xcc, 0xff, 0x01, 0x00
    , 0x28, 0x6b, 0x9f, 0xff, 0x01, 0x00, 0x18, 0x22, 0x41, 0xff, 0x01, 0x00
    , 0x79, 0x7f, 0x8e, 0xff, 0x01, 0x00, 0xf1, 0xf2, 0xf2, 0xff, 0x04, 0x00
    , 0xfe, 0xff, 0xff, 0xff, 0x0b, 0x00, 0xff, 0xff, 0xff, 0xff, 0x01, 0x00
    , 0xfe, 0xff, 0xff, 0xff, 0x01, 0x00, 0x55, 0x61, 0x78, 0xff, 0x01, 0x00
    , 0x16, 0x1f, 0x40, 0xff, 0x01, 0x00, 0x12, 0x1a, 0x32, 0xc3, 0x01, 0x00
    , 0x14, 0x1d, 0x34, 0xc5, 0x01, 0x00, 0x12, 0x1d, 0x3e, 0xff, 0x01, 0x00
    , 0x98, 0x9a, 0xa6, 0xff, 0x01, 0x00, 0xff, 0xff, 0xff, 0xff, 0x02, 0x00
    , 0xff, 0xfe, 0xff, 0xff, 0x01, 0x00, 0xff, 0xff, 0xff, 0xff, 0x01, 0x00
    , 0xfe, 0xff, 0xff, 0xff, 0x01, 0x00, 0xff, 0xff, 0xff, 0xff, 0x01, 0x00
    , 0xff, 0xfe, 0xff, 0xff, 0x01, 0x00, 0xfe, 0xfe, 0xff, 0xff, 0x06, 0x00
    , 0xff, 0xff, 0xff, 0xff, 0x02, 0x00, 0xff, 0xfe, 0xff, 0xff, 0x01, 0x00
    , 0xf1, 0xf1, 0xf3, 0xff, 0x01, 0x00, 0x3f, 0x47, 0x62, 0xff, 0x01, 0x00
    , 0x1b, 0x2e, 0x51, 0xff, 0x01, 0x00, 0x27, 0x66, 0x99, 0xff, 0x01, 0x00
    , 0x31, 0x8a, 0xc8, 0xff, 0x01, 0x00, 0x31, 0x8e, 0xcc, 0xff, 0x01, 0x00
    , 0x28, 0x6b, 0x9f, 0xff, 0x01, 0x00, 0x18, 0x22, 0x40, 0xff, 0x01, 0x00
    , 0x79, 0x7f, 0x8e, 0xff, 0x01, 0x00, 0xf1, 0xf2, 0xf2, 0xff, 0x04, 0x00
    , 0xfe, 0xff, 0xff, 0xff, 0x0b, 0x00, 0xff, 0xff, 0xff, 0xff, 0x01, 0x00
    , 0xf5, 0xfb, 0xfb, 0xff, 0x01, 0x00, 0x4b, 0x5b, 0x72, 0xff, 0x01, 0x00
    , 0x16, 0x20, 0x41, 0xff, 0x01, 0x00, 0x11, 0x19, 0x30, 0xc3, 0x01, 0x00
    , 0x12, 0x17, 0x2b, 0xb1, 0x01, 0x00, 0x15, 0x20, 0x40, 0xff, 0x01, 0x00
    , 0x36, 0x3f, 0x5a, 0xff, 0x01, 0x00, 0x5a, 0x5e, 0x75, 0xff, 0x0a, 0x00
    , 0x5a, 0x5e, 0x76, 0xff, 0x01, 0x00, 0x59, 0x5e, 0x75, 0xff, 0x01, 0x00
    , 0x7c, 0x82, 0x93, 0xff, 0x01, 0x00, 0xd2, 0xd3, 0xd8, 0xff, 0x01, 0x00
    , 0xff, 0xfe, 0xff, 0xff, 0x01, 0x00, 0xff, 0xff, 0xff, 0xff, 0x01, 0x00
    , 0xf1, 0xf1, 0xf3, 0xff, 0x01, 0x00, 0x3f, 0x47, 0x61, 0xff, 0x01, 0x00
    , 0x1b, 0x2f, 0x51, 0xff, 0x01, 0x00, 0x27, 0x66, 0x99, 0xff, 0x01, 0x00
    , 0x31, 0x8a, 0xc8, 0xff, 0x01, 0x00, 0x32, 0x8d, 0xcc, 0xff, 0x01, 0x00
    , 0x28, 0x6b, 0xa0, 0xff, 0x01, 0x00, 0x18, 0x22, 0x41, 0xff, 0x01, 0x00
    , 0x78, 0x7e, 0x8e, 0xff, 0x01, 0x00, 0xf1, 0xf1, 0xf2, 0xff, 0x01, 0x00
    , 0xfe, 0xfe, 0xfe, 0xff, 0x01, 0x00, 0xfe, 0xff, 0xff, 0xff, 0x01, 0x00
    , 0xf6, 0xf6, 0xf6, 0xff, 0x01, 0x00, 0x7f, 0x8f, 0x9a, 0xff, 0x01, 0x00
    , 0x51, 0x60, 0x75, 0xff, 0x01, 0x00, 0x4e, 0x5f, 0x75, 0xff, 0x01, 0x00
    , 0x4d, 0x5e, 0x75, 0xff, 0x01, 0x00, 0x4f, 0x5e, 0x75, 0xff, 0x02, 0x00
    , 0x4f, 0x5f, 0x75, 0xff, 0x01, 0x00, 0x4b, 0x5e, 0x74, 0xff, 0x01, 0x00
    , 0x4e, 0x5e, 0x75, 0xff, 0x01, 0x00, 0x4d, 0x5e, 0x75, 0xff, 0x01, 0x00
    , 0x4c, 0x5e, 0x75, 0xff, 0x01, 0x00, 0x4b, 0x5e, 0x74, 0xff, 0x01, 0x00
    , 0x42, 0x58, 0x6f, 0xff, 0x01, 0x00, 0x1c, 0x2c, 0x4b, 0xff, 0x01, 0x00
    , 0x16, 0x20, 0x40, 0xff, 0x01, 0x00, 0x12, 0x17, 0x2b, 0xad, 0x01, 0x00
    , 0x09, 0x0a, 0x11, 0x4b, 0x01, 0x00, 0x11, 0x17, 0x2b, 0xba, 0x01, 0x00
    , 0x17, 0x22, 0x41, 0xfb, 0x02, 0x00, 0x19, 0x25, 0x44, 0xff, 0x01, 0x00
    , 0x17, 0x23, 0x43, 0xff, 0x01, 0x00, 0x1a, 0x26, 0x46, 0xff, 0x01, 0x00
    , 0x18, 0x24, 0x44, 0xff, 0x03, 0x00, 0x13, 0x1e, 0x3f, 0xff, 0x01, 0x00
    , 0x13, 0x1f, 0x3f, 0xff, 0x01, 0x00, 0x13, 0x1e, 0x3f, 0xff, 0x01, 0x00
    , 0x14, 0x20, 0x40, 0xff, 0x01, 0x00, 0x19, 0x25, 0x45, 0xff, 0x01, 0x00
    , 0x4e, 0x56, 0x6c, 0xff, 0x01, 0x00, 0xc3, 0xc5, 0xca, 0xff, 0x01, 0x00
    , 0xff, 0xfe, 0xfe, 0xff, 0x01, 0x00, 0xfe, 0xfe, 0xfe, 0xff, 0x01, 0x00
    , 0xf1, 0xf1, 0xf3, 0xff, 0x01, 0x00, 0x3f, 0x47, 0x61, 0xff, 0x01, 0x00
    , 0x1b, 0x2e, 0x51, 0xff, 0x01, 0x00, 0x27, 0x66, 0x99, 0xff, 0x01, 0x00
    , 0x31, 0x8a, 0xc8, 0xff, 0x01, 0x00, 0x31, 0x8d, 0xcc, 0xff, 0x01, 0x00
    , 0x28, 0x6b, 0x9f, 0xff, 0x01, 0x00, 0x18, 0x22, 0x41, 0xff, 0x01, 0x00
    , 0x78, 0x7e, 0x8e, 0xff, 0x01, 0x00, 0xf1, 0xf1, 0xf1, 0xff, 0x01, 0x00
    , 0xfe, 0xfe, 0xfe, 0xff, 0x01, 0x00, 0xff, 0xfe, 0xff, 0xff, 0x01, 0x00
    , 0xcf, 0xd0, 0xd5, 0xff, 0x01, 0x00, 0x1f, 0x29, 0x45, 0xff, 0x01, 0x00
    , 0x19, 0x24, 0x44, 0xff, 0x01, 0x00, 0x19, 0x21, 0x41, 0xff, 0x01, 0x00
    , 0x18, 0x20, 0x40, 0xff, 0x02, 0x00, 0x19, 0x21, 0x41, 0xff, 0x01, 0x00
    , 0x1a, 0x22, 0x41, 0xff, 0x01, 0x00, 0x1a, 0x23, 0x42, 0xff, 0x01, 0x00
    , 0x1a, 0x25, 0x44, 0xff, 0x01, 0x00, 0x19, 0x25, 0x45, 0xff, 0x01, 0x00
    , 0x17, 0x23, 0x43, 0xff, 0x01, 0x00, 0x19, 0x25, 0x44, 0xff, 0x01, 0x00
    , 0x15, 0x20, 0x40, 0xff, 0x01, 0x00, 0x18, 0x22, 0x40, 0xf2, 0x01, 0x00
    , 0x13, 0x18, 0x2d, 0xb8, 0x01, 0x00, 0x09, 0x0a, 0x11, 0x49, 0x01, 0x00
    , 0x02, 0x02, 0x03, 0x0b, 0x01, 0x00, 0x06, 0x07, 0x0e, 0x3f, 0x01, 0x00
    , 0x0d, 0x13, 0x23, 0x88, 0x01, 0x00, 0x0e, 0x15, 0x27, 0x93, 0x01, 0x00
    , 0x0f, 0x15, 0x28, 0x93, 0x01, 0x00, 0x14, 0x1c, 0x33, 0xbe, 0x01, 0x00
    , 0x17, 0x23, 0x43, 0xff, 0x01, 0x00, 0x2e, 0x38, 0x55, 0xff, 0x01, 0x00
    , 0x72, 0x78, 0x8b, 0xff, 0x01, 0x00, 0x73, 0x78, 0x8c, 0xff, 0x03, 0x00
    , 0x73, 0x79, 0x8c, 0xff, 0x01, 0x00, 0x61, 0x68, 0x7e, 0xff, 0x01, 0x00
    , 0x1c, 0x26, 0x46, 0xff, 0x01, 0x00, 0x4e, 0x56, 0x6c, 0xff, 0x01, 0x00
    , 0xc3, 0xc5, 0xc9, 0xff, 0x01, 0x00, 0xff, 0xfe, 0xfe, 0xff, 0x01, 0x00
    , 0xfe, 0xfe, 0xff, 0xff, 0x01, 0x00, 0xf1, 0xf1, 0xf3, 0xff, 0x01, 0x00
    , 0x3f, 0x47, 0x61, 0xff, 0x01, 0x00, 0x1b, 0x2e, 0x51, 0xff, 0x01, 0x00
    , 0x27, 0x66, 0x99, 0xff, 0x01, 0x00, 0x31, 0x8a, 0xc8, 0xff, 0x01, 0x00
    , 0x32, 0x8e, 0xcc, 0xff, 0x01, 0x00, 0x28, 0x6b, 0xa0, 0xff, 0x01, 0x00
    , 0x18, 0x22, 0x41, 0xff, 0x01, 0x00, 0x78, 0x7e, 0x8e, 0xff, 0x01, 0x00
    , 0xf1, 0xf1, 0xf1, 0xff, 0x01, 0x00, 0xfe, 0xfe, 0xfe, 0xff, 0x01, 0x00
    , 0xff, 0xfe, 0xff, 0xff, 0x01, 0x00, 0xc9, 0xcb, 0xd1, 0xff, 0x01, 0x00
    , 0x1a, 0x25, 0x44, 0xff, 0x01, 0x00, 0x1b, 0x33, 0x51, 0xff, 0x01, 0x00
    , 0x21, 0x57, 0x70, 0xff, 0x01, 0x00, 0x23, 0x67, 0x80, 0xff, 0x02, 0x00
    , 0x24, 0x68, 0x81, 0xff, 0x01, 0x00, 0x26, 0x6a, 0x82, 0xff, 0x01, 0x00
    , 0x21, 0x58, 0x72, 0xff, 0x01, 0x00, 0x1b, 0x34, 0x52, 0xff, 0x01, 0x00
    , 0x19, 0x24, 0x43, 0xf6, 0x01, 0x00, 0x13, 0x1a, 0x2e, 0xa5, 0x01, 0x00
    , 0x0f, 0x16, 0x28, 0x92, 0x01, 0x00, 0x0f, 0x15, 0x27, 0x93, 0x01, 0x00
    , 0x0d, 0x11, 0x20, 0x79, 0x01, 0x00, 0x07, 0x08, 0x0f, 0x3e, 0x01, 0x00
    , 0x02, 0x02, 0x02, 0x0b, 0x05, 0x00, 0x00, 0x00, 0x00, 0x00, 0x01, 0x00
    , 0x0c, 0x10, 0x1b, 0x67, 0x01, 0x00, 0x14, 0x21, 0x41, 0xff, 0x01, 0x00
    , 0x4c, 0x55, 0x6c, 0xff, 0x01, 0x00, 0xfb, 0xfb, 0xfa, 0xff, 0x01, 0x00
    , 0xfe, 0xff, 0xff, 0xff, 0x01, 0x00, 0xff, 0xfe, 0xff, 0xff, 0x01, 0x00
    , 0xfe, 0xfe, 0xff, 0xff, 0x01, 0x00, 0xff, 0xfe, 0xfe, 0xff, 0x01, 0x00
    , 0xd1, 0xd2, 0xd9, 0xff, 0x01, 0x00, 0x1f, 0x28, 0x47, 0xff, 0x01, 0x00
    , 0x4e, 0x56, 0x6d, 0xff, 0x01, 0x00, 0xc3, 0xc5, 0xca, 0xff, 0x01, 0x00
    , 0xff, 0xff, 0xfe, 0xff, 0x01, 0x00, 0xff, 0xff, 0xff, 0xff, 0x01, 0x00
    , 0xf1, 0xf1, 0xf3, 0xff, 0x01, 0x00, 0x3f, 0x47, 0x61, 0xff, 0x01, 0x00
    , 0x1b, 0x2e, 0x51, 0xff, 0x01, 0x00, 0x27, 0x66, 0x9a, 0xff, 0x01, 0x00
    , 0x31, 0x8a, 0xc8, 0xff, 0x01, 0x00, 0x32, 0x8d, 0xcc, 0xff, 0x01, 0x00
    , 0x28, 0x6b, 0xa0, 0xff, 0x01, 0x00, 0x18, 0x22, 0x41, 0xff, 0x01, 0x00
    , 0x78, 0x7e, 0x8e, 0xff, 0x01, 0x00, 0xf1, 0xf1, 0xf1, 0xff, 0x01, 0x00
    , 0xfe, 0xfe, 0xfe, 0xff, 0x01, 0x00, 0xff, 0xfe, 0xfe, 0xff, 0x01, 0x00
    , 0xc9, 0xcb, 0xd1, 0xff, 0x01, 0x00, 0x1a, 0x25, 0x44, 0xff, 0x01, 0x00
    , 0x20, 0x54, 0x6e, 0xff, 0x01, 0x00, 0x2d, 0xa9, 0xbb, 0xff, 0x03, 0x00
    , 0x34, 0xc7, 0xd7, 0xff, 0x01, 0x00, 0x33, 0xc6, 0xd7, 0xff, 0x01, 0x00
    , 0x29, 0x9b, 0xb0, 0xff, 0x01, 0x00, 0x1d, 0x47, 0x64, 0xff, 0x01, 0x00
    , 0x16, 0x20, 0x3e, 0xec, 0x01, 0x00, 0x04, 0x05, 0x0b, 0x2d, 0x0a, 0x00
    , 0x00, 0x00, 0x00, 0x00, 0x01, 0x00, 0x0c, 0x10, 0x1b, 0x68, 0x01, 0x00
    , 0x15, 0x21, 0x42, 0xff, 0x01, 0x00, 0x4b, 0x54, 0x6a, 0xff, 0x01, 0x00
    , 0xfa, 0xfa, 0xf9, 0xff, 0x01, 0x00, 0xff, 0xff, 0xfe, 0xff, 0x01, 0x00
    , 0xff, 0xfe, 0xfe, 0xff, 0x02, 0x00, 0xfe, 0xfe, 0xfe, 0xff, 0x01, 0x00
    , 0xd0, 0xd2, 0xd9, 0xff, 0x01, 0x00, 0x1e, 0x28, 0x48, 0xff, 0x01, 0x00
    , 0x4e, 0x56, 0x6d, 0xff, 0x01, 0x00, 0xc3, 0xc5, 0xca, 0xff, 0x01, 0x00
    , 0xfe, 0xff, 0xfe, 0xff, 0x01, 0x00, 0xff, 0xff, 0xff, 0xff, 0x01, 0x00
    , 0xf1, 0xf1, 0xf3, 0xff, 0x01, 0x00, 0x3f, 0x47, 0x61, 0xff, 0x01, 0x00
    , 0x1b, 0x2e, 0x51, 0xff, 0x01, 0x00, 0x27, 0x66, 0x99, 0xff, 0x01, 0x00
    , 0x31, 0x8a, 0xc8, 0xff, 0x01, 0x00, 0x31, 0x8d, 0xcc, 0xff, 0x01, 0x00
    , 0x28, 0x6b, 0x9f, 0xff, 0x01, 0x00, 0x18, 0x22, 0x41, 0xff, 0x01, 0x00
    , 0x78, 0x7e, 0x8e, 0xff, 0x01, 0x00, 0xf1, 0xf1, 0xf1, 0xff, 0x01, 0x00
    , 0xfe, 0xfe, 0xfe, 0xff, 0x01, 0x00, 0xff, 0xfe, 0xfe, 0xff, 0x01, 0x00
    , 0xc9, 0xcb, 0xd2, 0xff, 0x01, 0x00, 0x1a, 0x25, 0x44, 0xff, 0x01, 0x00
    , 0x1f, 0x52, 0x6c, 0xff, 0x01, 0x00, 0x2c, 0xa5, 0xb7, 0xff, 0x04, 0x00
    , 0x33, 0xc1, 0xd2, 0xff, 0x01, 0x00, 0x29, 0x97, 0xac, 0xff, 0x01, 0x00
    , 0x1d, 0x47, 0x63, 0xff, 0x01, 0x00, 0x16, 0x20, 0x3e, 0xed, 0x01, 0x00
    , 0x03, 0x04, 0x0a, 0x2d, 0x0a, 0x00, 0x00, 0x00, 0x00, 0x00, 0x01, 0x00
    , 0x0b, 0x0f, 0x1b, 0x68, 0x01, 0x00, 0x15, 0x21, 0x41, 0xff, 0x01, 0x00
    , 0x4b, 0x54, 0x6a, 0xff, 0x01, 0x00, 0xfa, 0xfa, 0xf9, 0xff, 0x03, 0x00
    , 0xff, 0xff, 0xfe, 0xff, 0x01, 0x00, 0xff, 0xfe, 0xff, 0xff, 0x01, 0x00
    , 0xd1, 0xd2, 0xd9, 0xff, 0x01, 0x00, 0x1e, 0x28, 0x48, 0xff, 0x01, 0x00
    , 0x4e, 0x57, 0x6d, 0xff, 0x01, 0x00, 0xc3, 0xc4, 0xca, 0xff, 0x01, 0x00
    , 0xfe, 0xfe, 0xfe, 0xff, 0x01, 0x00, 0xff, 0xff, 0xff, 0xff, 0x01, 0x00
    , 0xf1, 0xf1, 0xf3, 0xff, 0x01, 0x00, 0x3f, 0x47, 0x61, 0xff, 0x01, 0x00
    , 0x1b, 0x2e, 0x51, 0xff, 0x01, 0x00, 0x27, 0x65, 0x99, 0xff, 0x01, 0x00
    , 0x31, 0x8a, 0xc8, 0xff, 0x01, 0x00, 0x31, 0x8d, 0xcc, 0xff, 0x01, 0x00
    , 0x28, 0x6b, 0x9f, 0xff, 0x01, 0x00, 0x18, 0x22, 0x41, 0xff, 0x01, 0x00
    , 0x78, 0x7e, 0x8e, 0xff, 0x01, 0x00, 0xf1, 0xf1, 0xf1, 0xff, 0x01, 0x00
    , 0xfe, 0xfe, 0xff, 0xff, 0x01, 0x00, 0xfe, 0xff, 0xff, 0xff, 0x01, 0x00
    , 0xc9, 0xcb, 0xd2, 0xff, 0x01, 0x00, 0x1a, 0x25, 0x44, 0xff, 0x01, 0x00
    , 0x1e, 0x52, 0x6c, 0xff, 0x01, 0x00, 0x2c, 0xa5, 0xb7, 0xff, 0x04, 0x00
    , 0x33, 0xc1, 0xd2, 0xff, 0x01, 0x00, 0x29, 0x97, 0xac, 0xff, 0x01, 0x00
    , 0x1d, 0x47, 0x63, 0xff, 0x01, 0x00, 0x16, 0x20, 0x3e, 0xed, 0x01, 0x00
    , 0x03, 0x04, 0x0a, 0x2d, 0x0a, 0x00, 0x00, 0x00, 0x00, 0x00, 0x01, 0x00
    , 0x0c, 0x10, 0x1b, 0x68, 0x01, 0x00, 0x16, 0x22, 0x42, 0xff, 0x01, 0x00
    , 0x4b, 0x54, 0x6a, 0xff, 0x01, 0x00, 0xfa, 0xf9, 0xf9, 0xff, 0x01, 0x00
    , 0xfe, 0xfe, 0xfe, 0xff, 0x01, 0x00, 0xff, 0xff, 0xfe, 0xff, 0x01, 0x00
    , 0xff, 0xfe, 0xff, 0xff, 0x01, 0x00, 0xfe, 0xfe, 0xff, 0xff, 0x01, 0x00
    , 0xd1, 0xd2, 0xd9, 0xff, 0x01, 0x00, 0x1e, 0x28, 0x47, 0xff, 0x01, 0x00
    , 0x4e, 0x56, 0x6d, 0xff, 0x01, 0x00, 0xc3, 0xc4, 0xca, 0xff, 0x01, 0x00
    , 0xfe, 0xfe, 0xfe, 0xff, 0x01, 0x00, 0xfe, 0xfe, 0xff, 0xff, 0x01, 0x00
    , 0xf1, 0xf1, 0xf3, 0xff, 0x01, 0x00, 0x3f, 0x47, 0x61, 0xff, 0x01, 0x00
    , 0x1b, 0x2f, 0x51, 0xff, 0x01, 0x00, 0x27, 0x66, 0x99, 0xff, 0x01, 0x00
    , 0x31, 0x8a, 0xc8, 0xff, 0x01, 0x00, 0x31, 0x8d, 0xcc, 0xff, 0x01, 0x00
    , 0x28, 0x6b, 0xa0, 0xff, 0x01, 0x00, 0x18, 0x22, 0x41, 0xff, 0x01, 0x00
    , 0x78, 0x7e, 0x8e, 0xff, 0x01, 0x00, 0xf1, 0xf1, 0xf1, 0xff, 0x01, 0x00
    , 0xfe, 0xfe, 0xff, 0xff, 0x01, 0x00, 0xfe, 0xff, 0xff, 0xff, 0x01, 0x00
    , 0xc9, 0xcb, 0xd2, 0xff, 0x01, 0x00, 0x1a, 0x26, 0x44, 0xff, 0x01, 0x00
    , 0x1e, 0x52, 0x6d, 0xff, 0x01, 0x00, 0x2c, 0xa5, 0xb7, 0xff, 0x04, 0x00
    , 0x33, 0xc1, 0xd2, 0xff, 0x01, 0x00, 0x29, 0x97, 0xab, 0xff, 0x01, 0x00
    , 0x1d, 0x47, 0x62, 0xff, 0x01, 0x00, 0x16, 0x20, 0x3e, 0xec, 0x01, 0x00
    , 0x03, 0x04, 0x0a, 0x2d, 0x0a, 0x00, 0x00, 0x00, 0x00, 0x00, 0x01, 0x00
    , 0x0c, 0x10, 0x1b, 0x69, 0x01, 0x00, 0x16, 0x22, 0x42, 0xff, 0x01, 0x00
    , 0x4d, 0x55, 0x6b, 0xff, 0x01, 0x00, 0xfb, 0xfb, 0xfa, 0xff, 0x02, 0x00
    , 0xfe, 0xfe, 0xff, 0xff, 0x01, 0x00, 0xfe, 0xfe, 0xfe, 0xff, 0x01, 0x00
    , 0xfe, 0xfe, 0xff, 0xff, 0x01, 0x00, 0xd1, 0xd2, 0xd9, 0xff, 0x01, 0x00
    , 0x1e, 0x28, 0x47, 0xff, 0x01, 0x00, 0x4e, 0x56, 0x6c, 0xff, 0x01, 0x00
    , 0xc3, 0xc5, 0xca, 0xff, 0x01, 0x00, 0xfe, 0xfe, 0xff, 0xff, 0x01, 0x00
    , 0xff, 0xff, 0xff, 0xff, 0x01, 0x00, 0xf1, 0xf1, 0xf3, 0xff, 0x01, 0x00
    , 0x3f, 0x47, 0x61, 0xff, 0x01, 0x00, 0x1b, 0x2f, 0x51, 0xff, 0x01, 0x00
    , 0x27, 0x66, 0x9a, 0xff, 0x01, 0x00, 0x30, 0x8a, 0xc9, 0xff, 0x01, 0x00
    , 0x31, 0x8d, 0xcc, 0xff, 0x01, 0x00, 0x28, 0x6c, 0xa0, 0xff, 0x01, 0x00
    , 0x18, 0x22, 0x41, 0xff, 0x01, 0x00, 0x78, 0x7e, 0x8d, 0xff, 0x01, 0x00
    , 0xf1, 0xf1, 0xf1, 0xff, 0x01, 0x00, 0xfe, 0xfe, 0xfe, 0xff, 0x01, 0x00
    , 0xfe, 0xff, 0xfe, 0xff, 0x01, 0x00, 0xc9, 0xcb, 0xd2, 0xff, 0x01, 0x00
    , 0x1a, 0x25, 0x44, 0xff, 0x01, 0x00, 0x1e, 0x52, 0x6c, 0xff, 0x01, 0x00
    , 0x2c, 0xa5, 0xb7, 0xff, 0x04, 0x00, 0x33, 0xc1, 0xd2, 0xff, 0x01, 0x00
    , 0x29, 0x98, 0xac, 0xff, 0x01, 0x00, 0x1d, 0x47, 0x63, 0xff, 0x01, 0x00
    , 0x16, 0x20, 0x3e, 0xed, 0x01, 0x00, 0x03, 0x04, 0x0a, 0x2d, 0x0a, 0x00
    , 0x00, 0x00, 0x00, 0x00, 0x01, 0x00, 0x0c, 0x10, 0x1b, 0x67, 0x01, 0x00
    , 0x16, 0x21, 0x40, 0xff, 0x01, 0x00, 0x3c, 0x45, 0x5d, 0xff, 0x01, 0x00
    , 0xe0, 0xe0, 0xe2, 0xff, 0x01, 0x00, 0xf8, 0xf8, 0xf9, 0xff, 0x03, 0x00
    , 0xf9, 0xf9, 0xf9, 0xff, 0x01, 0x00, 0xce, 0xcf, 0xd6, 0xff, 0x01, 0x00
    , 0x1e, 0x28, 0x48, 0xff, 0x01, 0x00, 0x4e, 0x56, 0x6c, 0xff, 0x01, 0x00
    , 0xc3, 0xc5, 0xca, 0xff, 0x01, 0x00, 0xff, 0xfe, 0xfe, 0xff, 0x01, 0x00
    , 0xff, 0xff, 0xfe, 0xff, 0x01, 0x00, 0xf1, 0xf1, 0xf3, 0xff, 0x01, 0x00
    , 0x3f, 0x47, 0x61, 0xff, 0x01, 0x00, 0x1a, 0x2d, 0x4e, 0xff, 0x01, 0x00
    , 0x27, 0x64, 0x96, 0xff, 0x01, 0x00, 0x30, 0x8a, 0xc9, 0xff, 0x01, 0x00
    , 0x30, 0x8d, 0xcb, 0xff, 0x01, 0x00, 0x27, 0x66, 0x97, 0xff, 0x01, 0x00
    , 0x18, 0x22, 0x41, 0xff, 0x01, 0x00, 0x78, 0x7d, 0x8d, 0xff, 0x01, 0x00
    , 0xf1, 0xf1, 0xf1, 0xff, 0x01, 0x00, 0xff, 0xfe, 0xfe, 0xff, 0x01, 0x00
    , 0xfe, 0xfe, 0xff, 0xff, 0x01, 0x00, 0xc9, 0xcb, 0xd2, 0xff, 0x01, 0x00
    , 0x1a, 0x25, 0x44, 0xff, 0x01, 0x00, 0x1f, 0x52, 0x6d, 0xff, 0x01, 0x00
    , 0x2d, 0xa6, 0xb8, 0xff, 0x04, 0x00, 0x34, 0xc2, 0xd2, 0xff, 0x01, 0x00
    , 0x29, 0x8d, 0xa1, 0xff, 0x01, 0x00, 0x1c, 0x3e, 0x59, 0xff, 0x01, 0x00
    , 0x16, 0x20, 0x3d, 0xec, 0x01, 0x00, 0x04, 0x06, 0x0b, 0x2d, 0x0a, 0x00
    , 0x00, 0x00, 0x00, 0x00, 0x01, 0x00, 0x0a, 0x0b, 0x11, 0x44, 0x01, 0x00
    , 0x14, 0x1e, 0x3c, 0xf5, 0x01, 0x00, 0x19, 0x24, 0x44, 0xff, 0x01, 0x00
    , 0x35, 0x3d, 0x57, 0xff, 0x01, 0x00, 0x4b, 0x54, 0x6b, 0xff, 0x02, 0x00
    , 0x4c, 0x54, 0x6b, 0xff, 0x01, 0x00, 0x4d, 0x55, 0x6c, 0xff, 0x01, 0x00
    , 0x44, 0x4d, 0x65, 0xff, 0x01, 0x00, 0x1a, 0x26, 0x46, 0xff, 0x01, 0x00
    , 0x4e, 0x56, 0x6d, 0xff, 0x01, 0x00, 0xc3, 0xc4, 0xca, 0xff, 0x01, 0x00
    , 0xff, 0xfe, 0xfe, 0xff, 0x01, 0x00, 0xff, 0xff, 0xff, 0xff, 0x01, 0x00
    , 0xfa, 0xfa, 0xfa, 0xff, 0x01, 0x00, 0x54, 0x5b, 0x70, 0xff, 0x01, 0x00
    , 0x19, 0x26, 0x45, 0xff, 0x01, 0x00, 0x1b, 0x30, 0x53, 0xff, 0x01, 0x00
    , 0x1e, 0x3b, 0x61, 0xff, 0x01, 0x00, 0x1d, 0x39, 0x5e, 0xff, 0x01, 0x00
    , 0x1b, 0x2e, 0x4f, 0xff, 0x01, 0x00, 0x17, 0x23, 0x42, 0xff, 0x01, 0x00
    , 0x83, 0x88, 0x96, 0xff, 0x01, 0x00, 0xf7, 0xf7, 0xf7, 0xff, 0x02, 0x00
    , 0xfe, 0xfe, 0xff, 0xff, 0x01, 0x00, 0xc9, 0xcb, 0xd1, 0xff, 0x01, 0x00
    , 0x1a, 0x25, 0x44, 0xff, 0x01, 0x00, 0x1c, 0x31, 0x4f, 0xff, 0x01, 0x00
    , 0x21, 0x45, 0x60, 0xff, 0x03, 0x00, 0x23, 0x4c, 0x66, 0xff, 0x01, 0x00
    , 0x23, 0x4c, 0x65, 0xff, 0x01, 0x00, 0x1c, 0x32, 0x4f, 0xff, 0x01, 0x00
    , 0x19, 0x25, 0x44, 0xff, 0x01, 0x00, 0x17, 0x1d, 0x34, 0xc8, 0x01, 0x00
    , 0x06, 0x07, 0x08, 0x11, 0x0a, 0x00, 0x00, 0x00, 0x00, 0x00, 0x01, 0x00
    , 0x02, 0x03, 0x03, 0x07, 0x01, 0x00, 0x0e, 0x11, 0x1e, 0x81, 0x01, 0x00
    , 0x14, 0x1b, 0x34, 0xd6, 0x01, 0x00, 0x18, 0x23, 0x40, 0xf5, 0x01, 0x00
    , 0x18, 0x23, 0x41, 0xf5, 0x02, 0x00, 0x19, 0x24, 0x42, 0xf5, 0x01, 0x00
    , 0x19, 0x24, 0x41, 0xf5, 0x01, 0x00, 0x1a, 0x25, 0x43, 0xf6, 0x01, 0x00
    , 0x1a, 0x25, 0x45, 0xfe, 0x01, 0x00, 0x4e, 0x56, 0x6d, 0xff, 0x01, 0x00
    , 0xc3, 0xc5, 0xca, 0xff, 0x01, 0x00, 0xfe, 0xff, 0xfe, 0xff, 0x01, 0x00
    , 0xfe, 0xfe, 0xfe, 0xff, 0x01, 0x00, 0xfe, 0xfe, 0xff, 0xff, 0x01, 0x00
    , 0xb4, 0xb5, 0xbc, 0xff, 0x01, 0x00, 0x2d, 0x35, 0x4f, 0xff, 0x01, 0x00
    , 0x17, 0x22, 0x41, 0xff, 0x02, 0x00, 0x16, 0x21, 0x40, 0xff, 0x01, 0x00
    , 0x17, 0x22, 0x41, 0xff, 0x01, 0x00, 0x3f, 0x46, 0x5c, 0xff, 0x01, 0x00
    , 0xd2, 0xd2, 0xd6, 0xff, 0x01, 0x00, 0xfe, 0xff, 0xff, 0xff, 0x02, 0x00
    , 0xfe, 0xfe, 0xff, 0xff, 0x01, 0x00, 0xc8, 0xcb, 0xd1, 0xff, 0x01, 0x00
    , 0x1a, 0x25, 0x44, 0xff, 0x01, 0x00, 0x19, 0x25, 0x44, 0xfb, 0x01, 0x00
    , 0x18, 0x24, 0x42, 0xf6, 0x02, 0x00, 0x19, 0x24, 0x41, 0xf5, 0x01, 0x00
    , 0x18, 0x23, 0x41, 0xf5, 0x01, 0x00, 0x19, 0x23, 0x41, 0xf5, 0x01, 0x00
    , 0x17, 0x22, 0x3f, 0xf1, 0x01, 0x00, 0x11, 0x1a, 0x33, 0xd4, 0x01, 0x00
    , 0x08, 0x0a, 0x12, 0x4d, 0x0c, 0x00, 0x00, 0x00, 0x00, 0x00, 0x01, 0x00
    , 0x03, 0x04, 0x06, 0x1f, 0x01, 0x00, 0x08, 0x0a, 0x13, 0x56, 0x01, 0x00
    , 0x0c, 0x10, 0x1e, 0x76, 0x01, 0x00, 0x0c, 0x11, 0x1e, 0x76, 0x03, 0x00
    , 0x0c, 0x11, 0x1f, 0x75, 0x01, 0x00, 0x0f, 0x15, 0x25, 0x8e, 0x01, 0x00
    , 0x17, 0x22, 0x41, 0xf5, 0x01, 0x00, 0x4e, 0x56, 0x6d, 0xff, 0x01, 0x00
    , 0xc3, 0xc5, 0xca, 0xff, 0x02, 0x00, 0xfe, 0xfe, 0xff, 0xff, 0x01, 0x00
    , 0xfe, 0xff, 0xff, 0xff, 0x01, 0x00, 0xf2, 0xf2, 0xf3, 0xff, 0x01, 0x00
    , 0xa0, 0xa2, 0xac, 0xff, 0x01, 0x00, 0x84, 0x89, 0x98, 0xff, 0x01, 0x00
    , 0x81, 0x86, 0x95, 0xff, 0x01, 0x00, 0x81, 0x86, 0x96, 0xff, 0x01, 0x00
    , 0x84, 0x89, 0x98, 0xff, 0x01, 0x00, 0xb6, 0xb7, 0xbe, 0xff, 0x01, 0x00
    , 0xfb, 0xfc, 0xfc, 0xff, 0x01, 0x00, 0xfe, 0xff, 0xfe, 0xff, 0x01, 0x00
    , 0xff, 0xff, 0xfe, 0xff, 0x01, 0x00, 0xfe, 0xfe, 0xfe, 0xff, 0x01, 0x00
    , 0xc9, 0xcb, 0xd2, 0xff, 0x01, 0x00, 0x1a, 0x25, 0x44, 0xff, 0x01, 0x00
    , 0x15, 0x1e, 0x37, 0xd3, 0x01, 0x00, 0x10, 0x16, 0x25, 0x8e, 0x01, 0x00
    , 0x0c, 0x11, 0x1f, 0x75, 0x02, 0x00, 0x0c, 0x11, 0x1e, 0x75, 0x01, 0x00
    , 0x0c, 0x11, 0x1e, 0x76, 0x01, 0x00, 0x0a, 0x0f, 0x1c, 0x71, 0x01, 0x00
    , 0x06, 0x08, 0x11, 0x55, 0x01, 0x00, 0x00, 0x00, 0x00, 0x0a, 0x13, 0x00
    , 0x00, 0x00, 0x00, 0x00, 0x01, 0x00, 0x01, 0x02, 0x09, 0x2f, 0x01, 0x00
    , 0x14, 0x1f, 0x3d, 0xee, 0x01, 0x00, 0x4e, 0x56, 0x6c, 0xff, 0x01, 0x00
    , 0xc3, 0xc5, 0xca, 0xff, 0x01, 0x00, 0xff, 0xff, 0xff, 0xff, 0x01, 0x00
    , 0xff, 0xfe, 0xff, 0xff, 0x01, 0x00, 0xff, 0xff, 0xff, 0xff, 0x01, 0x00
    , 0xff, 0xfe, 0xff, 0xff, 0x01, 0x00, 0xff, 0xff, 0xff, 0xff, 0x02, 0x00
    , 0xff, 0xfe, 0xff, 0xff, 0x02, 0x00, 0xfe, 0xfe, 0xff, 0xff, 0x01, 0x00
    , 0xff, 0xff, 0xff, 0xff, 0x02, 0x00, 0xff, 0xff, 0xfe, 0xff, 0x01, 0x00
    , 0xfe, 0xff, 0xff, 0xff, 0x01, 0x00, 0xfe, 0xfe, 0xfe, 0xff, 0x01, 0x00
    , 0xc8, 0xcb, 0xd2, 0xff, 0x01, 0x00, 0x1a, 0x25, 0x44, 0xff, 0x01, 0x00
    , 0x0f, 0x15, 0x29, 0xae, 0x01, 0x00, 0x01, 0x01, 0x05, 0x2f, 0x1a, 0x00
    , 0x00, 0x00, 0x00, 0x00, 0x01, 0x00, 0x01, 0x03, 0x0a, 0x2f, 0x01, 0x00
    , 0x15, 0x20, 0x3e, 0xee, 0x01, 0x00, 0x4e, 0x56, 0x6d, 0xff, 0x01, 0x00
    , 0xc3, 0xc5, 0xca, 0xff, 0x03, 0x00, 0xfe, 0xff, 0xff, 0xff, 0x02, 0x00
    , 0xff, 0xff, 0xff, 0xff, 0x02, 0x00, 0xff, 0xfe, 0xff, 0xff, 0x02, 0x00
    , 0xfe, 0xff, 0xff, 0xff, 0x01, 0x00, 0xfe, 0xff, 0xfe, 0xff, 0x03, 0x00
    , 0xfe, 0xfe, 0xff, 0xff, 0x01, 0x00, 0xff, 0xff, 0xff, 0xff, 0x01, 0x00
    , 0xc8, 0xca, 0xd1, 0xff, 0x01, 0x00, 0x1a, 0x25, 0x44, 0xff, 0x01, 0x00
    , 0x0e, 0x16, 0x2c, 0xaf, 0x01, 0x00, 0x01, 0x02, 0x07, 0x2f, 0x1a, 0x00
    , 0x00, 0x00, 0x00, 0x00, 0x01, 0x00, 0x01, 0x02, 0x0a, 0x2f, 0x01, 0x00
    , 0x15, 0x1f, 0x3e, 0xee, 0x01, 0x00, 0x4f, 0x57, 0x6d, 0xff, 0x01, 0x00
    , 0xc4, 0xc5, 0xca, 0xff, 0x01, 0x00, 0xff, 0xff, 0xff, 0xff, 0x01, 0x00
    , 0xfe, 0xff, 0xff, 0xff, 0x01, 0x00, 0xfe, 0xfe, 0xff, 0xff, 0x01, 0x00
    , 0xff, 0xfe, 0xfe, 0xff, 0x02, 0x00, 0xff, 0xff, 0xff, 0xff, 0x02, 0x00
    , 0xfe, 0xfe, 0xff, 0xff, 0x01, 0x00, 0xff, 0xff, 0xff, 0xff, 0x01, 0x00
    , 0xfe, 0xff, 0xfe, 0xff, 0x01, 0x00, 0xfe, 0xfe, 0xff, 0xff, 0x01, 0x00
    , 0xff, 0xfe, 0xfe, 0xff, 0x01, 0x00, 0xfe, 0xfe, 0xff, 0xff, 0x01, 0x00
    , 0xff, 0xff, 0xff, 0xff, 0x01, 0x00, 0xc9, 0xcb, 0xd1, 0xff, 0x01, 0x00
    , 0x1a, 0x25, 0x43, 0xff, 0x01, 0x00, 0x0f, 0x16, 0x2c, 0xaf, 0x01, 0x00
    , 0x01, 0x02, 0x07, 0x2f, 0x1a, 0x00, 0x00, 0x00, 0x00, 0x00, 0x01, 0x00
    , 0x06, 0x07, 0x0c, 0x2a, 0x01, 0x00, 0x17, 0x20, 0x3c, 0xe9, 0x01, 0x00
    , 0x38, 0x41, 0x5b, 0xff, 0x01, 0x00, 0x9c, 0x9f, 0xa9, 0xff, 0x01, 0x00
    , 0xe6, 0xe6, 0xe8, 0xff, 0x02, 0x00, 0xe5, 0xe6, 0xe8, 0xff, 0x01, 0x00
    , 0xe6, 0xe6, 0xe8, 0xff, 0x02, 0x00, 0xe5, 0xe6, 0xe8, 0xff, 0x01, 0x00
    , 0xe6, 0xe6, 0xe8, 0xff, 0x04, 0x00, 0xe6, 0xe6, 0xe7, 0xff, 0x01, 0x00
    , 0xe5, 0xe6, 0xe7, 0xff, 0x01, 0x00, 0xe6, 0xe6, 0xe8, 0xff, 0x01, 0x00
    , 0xe2, 0xe3, 0xe5, 0xff, 0x01, 0x00, 0xa0, 0xa2, 0xad, 0xff, 0x01, 0x00
    , 0x18, 0x23, 0x42, 0xff, 0x01, 0x00, 0x11, 0x17, 0x2b, 0xab, 0x01, 0x00
    , 0x06, 0x07, 0x0b, 0x2b, 0x1a, 0x00, 0x00, 0x00, 0x00, 0x00, 0x01, 0x00
    , 0x06, 0x06, 0x06, 0x0a, 0x01, 0x00, 0x12, 0x18, 0x2d, 0xb7, 0x01, 0x00
    , 0x16, 0x23, 0x43, 0xff, 0x01, 0x00, 0x21, 0x2b, 0x48, 0xff, 0x01, 0x00
    , 0x34, 0x3a, 0x53, 0xff, 0x01, 0x00, 0x33, 0x3a, 0x53, 0xff, 0x01, 0x00
    , 0x33, 0x3a, 0x54, 0xff, 0x01, 0x00, 0x34, 0x3a, 0x53, 0xff, 0x02, 0x00
    , 0x33, 0x3a, 0x54, 0xff, 0x05, 0x00, 0x34, 0x3a, 0x53, 0xff, 0x02, 0x00
    , 0x33, 0x3a, 0x53, 0xff, 0x01, 0x00, 0x30, 0x37, 0x51, 0xff, 0x01, 0x00
    , 0x21, 0x2a, 0x48, 0xff, 0x01, 0x00, 0x17, 0x23, 0x43, 0xff, 0x01, 0x00
    , 0x0d, 0x11, 0x1e, 0x7b, 0x01, 0x00, 0x06, 0x06, 0x07, 0x0b, 0x1b, 0x00
    , 0x00, 0x00, 0x00, 0x00, 0x01, 0x00, 0x0a, 0x0c, 0x17, 0x63, 0x01, 0x00
    , 0x13, 0x1d, 0x3a, 0xec, 0x01, 0x00, 0x16, 0x22, 0x42, 0xff, 0x08, 0x00
    , 0x1a, 0x27, 0x47, 0xff, 0x01, 0x00, 0x1a, 0x27, 0x48, 0xff, 0x02, 0x00
    , 0x1a, 0x27, 0x47, 0xff, 0x01, 0x00, 0x1a, 0x26, 0x47, 0xff, 0x02, 0x00
    , 0x1a, 0x27, 0x47, 0xff, 0x01, 0x00, 0x17, 0x23, 0x43, 0xff, 0x01, 0x00
    , 0x11, 0x19, 0x33, 0xd8, 0x01, 0x00, 0x06, 0x07, 0x0d, 0x36, 0x1c, 0x00
    , 0x00, 0x00, 0x00, 0x00, 0x01, 0x00, 0x04, 0x04, 0x06, 0x15, 0x01, 0x00
    , 0x0b, 0x0f, 0x1c, 0x76, 0x01, 0x00, 0x0e, 0x15, 0x28, 0x9d, 0x04, 0x00
    , 0x0d, 0x15, 0x29, 0xa8, 0x01, 0x00, 0x0d, 0x14, 0x29, 0xa8, 0x01, 0x00
    , 0x0e, 0x15, 0x29, 0xa8, 0x01, 0x00, 0x0d, 0x14, 0x29, 0xa8, 0x01, 0x00
    , 0x0d, 0x15, 0x29, 0xa8, 0x01, 0x00, 0x0e, 0x15, 0x29, 0xa8, 0x01, 0x00
    , 0x0d, 0x15, 0x29, 0xa8, 0x01, 0x00, 0x0d, 0x14, 0x28, 0xa8, 0x01, 0x00
    , 0x0d, 0x13, 0x26, 0xa8, 0x01, 0x00, 0x0e, 0x14, 0x29, 0xa8, 0x01, 0x00
    , 0x0e, 0x15, 0x29, 0xa8, 0x01, 0x00, 0x10, 0x16, 0x29, 0xa3, 0x01, 0x00
    , 0x0a, 0x0c, 0x17, 0x5e, 0x01, 0x00, 0x02, 0x02, 0x02, 0x06, 0x0e, 0x00
    , 0x00, 0x00, 0x00, 0x00
};

inline Upp::Image ICON_BRAND_UPPLOGO2_48()
{
    return Upp::UiMakeIcon(DATA_BRAND_UPPLOGO2_48);
}

// Category: editor | Type: Outlined | Icon: notes | Size: 48x48 | Format: UiMakeIcon RLE
static const unsigned char DATA_EDITOR_NOTES_48[] = {
    0x30, 0x80, 0x30, 0x00, 0x80, 0x01, 0x00, 0x00, 0x00, 0x00, 0x01, 0x00
    , 0x00, 0x00, 0x00, 0x17, 0x01, 0x00, 0x00, 0x00, 0x00, 0xb1, 0x01, 0x00
    , 0x00, 0x00, 0x00, 0xf5, 0x2a, 0x00, 0x00, 0x00, 0x00, 0xff, 0x01, 0x00
    , 0x00, 0x00, 0x00, 0xf5, 0x01, 0x00, 0x00, 0x00, 0x00, 0xb1, 0x01, 0x00
    , 0x00, 0x00, 0x00, 0x17, 0x01, 0x00, 0x00, 0x00, 0x00, 0xb1, 0x2e, 0x00
    , 0x00, 0x00, 0x00, 0xff, 0x01, 0x00, 0x00, 0x00, 0x00, 0xb0, 0x01, 0x00
    , 0x00, 0x00, 0x00, 0xf3, 0x2e, 0x00, 0x00, 0x00, 0x00, 0xff, 0x01, 0x00
    , 0x00, 0x00, 0x00, 0xf2, 0x01, 0x00, 0x00, 0x00, 0x00, 0xd3, 0x2e, 0x00
    , 0x00, 0x00, 0x00, 0xff, 0x01, 0x00, 0x00, 0x00, 0x00, 0xd3, 0x01, 0x00
    , 0x00, 0x00, 0x00, 0x42, 0x01, 0x00, 0x00, 0x00, 0x00, 0xf1, 0x2c, 0x00
    , 0x00, 0x00, 0x00, 0xff, 0x01, 0x00, 0x00, 0x00, 0x00, 0xf0, 0x01, 0x00
    , 0x00, 0x00, 0x00, 0x41, 0x01, 0x00, 0x00, 0x00, 0x00, 0x00, 0x01, 0x00
    , 0x00, 0x00, 0x00, 0x14, 0x01, 0x00, 0x00, 0x00, 0x00, 0x4a, 0x2a, 0x00
    , 0x00, 0x00, 0x00, 0x54, 0x01, 0x00, 0x00, 0x00, 0x00, 0x4a, 0x01, 0x00
    , 0x00, 0x00, 0x00, 0x14, 0x52, 0x01, 0x00, 0x00, 0x00, 0x00, 0x01, 0x00
    , 0x00, 0x00, 0x00, 0x5b, 0x01, 0x00, 0x00, 0x00, 0x00, 0xa0, 0x2a, 0x00
    , 0x00, 0x00, 0x00, 0xaa, 0x01, 0x00, 0x00, 0x00, 0x00, 0xa0, 0x01, 0x00
    , 0x00, 0x00, 0x00, 0x5b, 0x01, 0x00, 0x00, 0x00, 0x00, 0x00, 0x01, 0x00
    , 0x00, 0x00, 0x00, 0x7f, 0x2e, 0x00, 0x00, 0x00, 0x00, 0xff, 0x01, 0x00
    , 0x00, 0x00, 0x00, 0x7f, 0x01, 0x00, 0x00, 0x00, 0x00, 0xe8, 0x2e, 0x00
    , 0x00, 0x00, 0x00, 0xff, 0x02, 0x00, 0x00, 0x00, 0x00, 0xe8, 0x2e, 0x00
    , 0x00, 0x00, 0x00, 0xff, 0x01, 0x00, 0x00, 0x00, 0x00, 0xe8, 0x01, 0x00
    , 0x00, 0x00, 0x00, 0x7f, 0x2e, 0x00, 0x00, 0x00, 0x00, 0xff, 0x01, 0x00
    , 0x00, 0x00, 0x00, 0x7f, 0x01, 0x00, 0x00, 0x00, 0x00, 0x00, 0x01, 0x00
    , 0x00, 0x00, 0x00, 0x5b, 0x01, 0x00, 0x00, 0x00, 0x00, 0xa0, 0x2a, 0x00
    , 0x00, 0x00, 0x00, 0xaa, 0x01, 0x00, 0x00, 0x00, 0x00, 0xa0, 0x01, 0x00
    , 0x00, 0x00, 0x00, 0x5b, 0x52, 0x01, 0x00, 0x00, 0x00, 0x00, 0x01, 0x00
    , 0x00, 0x00, 0x00, 0x14, 0x01, 0x00, 0x00, 0x00, 0x00, 0x4a, 0x1a, 0x00
    , 0x00, 0x00, 0x00, 0x54, 0x01, 0x00, 0x00, 0x00, 0x00, 0x4a, 0x01, 0x00
    , 0x00, 0x00, 0x00, 0x14, 0x11, 0x00, 0x00, 0x00, 0x00, 0x00, 0x01, 0x00
    , 0x00, 0x00, 0x00, 0x42, 0x01, 0x00, 0x00, 0x00, 0x00, 0xf1, 0x1c, 0x00
    , 0x00, 0x00, 0x00, 0xff, 0x01, 0x00, 0x00, 0x00, 0x00, 0xf1, 0x01, 0x00
    , 0x00, 0x00, 0x00, 0x41, 0x10, 0x00, 0x00, 0x00, 0x00, 0x00, 0x01, 0x00
    , 0x00, 0x00, 0x00, 0xd3, 0x1e, 0x00, 0x00, 0x00, 0x00, 0xff, 0x01, 0x00
    , 0x00, 0x00, 0x00, 0xd3, 0x10, 0x00, 0x00, 0x00, 0x00, 0x00, 0x01, 0x00
    , 0x00, 0x00, 0x00, 0xf3, 0x1e, 0x00, 0x00, 0x00, 0x00, 0xff, 0x01, 0x00
    , 0x00, 0x00, 0x00, 0xf2, 0x10, 0x00, 0x00, 0x00, 0x00, 0x00, 0x01, 0x00
    , 0x00, 0x00, 0x00, 0xb1, 0x1e, 0x00, 0x00, 0x00, 0x00, 0xff, 0x01, 0x00
    , 0x00, 0x00, 0x00, 0xb0, 0x10, 0x00, 0x00, 0x00, 0x00, 0x00, 0x01, 0x00
    , 0x00, 0x00, 0x00, 0x17, 0x01, 0x00, 0x00, 0x00, 0x00, 0xb0, 0x01, 0x00
    , 0x00, 0x00, 0x00, 0xf5, 0x1a, 0x00, 0x00, 0x00, 0x00, 0xff, 0x01, 0x00
    , 0x00, 0x00, 0x00, 0xf5, 0x01, 0x00, 0x00, 0x00, 0x00, 0xb0, 0x01, 0x00
    , 0x00, 0x00, 0x00, 0x17, 0x90, 0x01, 0x00, 0x00, 0x00, 0x00
};

inline Upp::Image ICON_EDITOR_NOTES_48()
{
    return Upp::UiMakeIcon(DATA_EDITOR_NOTES_48);
}

// Category: action | Type: Outlined | Icon: search | Size: 48x48 | Format: UiMakeIcon RLE
static const unsigned char DATA_ACTION_SEARCH_48[] = {
    0x30, 0x80, 0x30, 0x00, 0x0c, 0x00, 0x00, 0x00, 0x00, 0x00, 0x01, 0x00
    , 0x00, 0x00, 0x00, 0x30, 0x01, 0x00, 0x00, 0x00, 0x00, 0x7b, 0x01, 0x00
    , 0x00, 0x00, 0x00, 0xb4, 0x01, 0x00, 0x00, 0x00, 0x00, 0xcc, 0x01, 0x00
    , 0x00, 0x00, 0x00, 0xe3, 0x01, 0x00, 0x00, 0x00, 0x00, 0xf8, 0x01, 0x00
    , 0x00, 0x00, 0x00, 0xef, 0x01, 0x00, 0x00, 0x00, 0x00, 0xd8, 0x01, 0x00
    , 0x00, 0x00, 0x00, 0xc1, 0x01, 0x00, 0x00, 0x00, 0x00, 0x9e, 0x01, 0x00
    , 0x00, 0x00, 0x00, 0x56, 0x01, 0x00, 0x00, 0x00, 0x00, 0x0f, 0x21, 0x00
    , 0x00, 0x00, 0x00, 0x00, 0x01, 0x00, 0x00, 0x00, 0x00, 0x0d, 0x01, 0x00
    , 0x00, 0x00, 0x00, 0x81, 0x01, 0x00, 0x00, 0x00, 0x00, 0xe3, 0x0b, 0x00
    , 0x00, 0x00, 0x00, 0xff, 0x01, 0x00, 0x00, 0x00, 0x00, 0xfb, 0x01, 0x00
    , 0x00, 0x00, 0x00, 0xba, 0x01, 0x00, 0x00, 0x00, 0x00, 0x3e, 0x1d, 0x00
    , 0x00, 0x00, 0x00, 0x00, 0x01, 0x00, 0x00, 0x00, 0x00, 0x05, 0x01, 0x00
    , 0x00, 0x00, 0x00, 0x70, 0x01, 0x00, 0x00, 0x00, 0x00, 0xeb, 0x10, 0x00
    , 0x00, 0x00, 0x00, 0xff, 0x01, 0x00, 0x00, 0x00, 0x00, 0xb5, 0x01, 0x00
    , 0x00, 0x00, 0x00, 0x2d, 0x1a, 0x00, 0x00, 0x00, 0x00, 0x00, 0x01, 0x00
    , 0x00, 0x00, 0x00, 0x15, 0x01, 0x00, 0x00, 0x00, 0x00, 0xc4, 0x13, 0x00
    , 0x00, 0x00, 0x00, 0xff, 0x01, 0x00, 0x00, 0x00, 0x00, 0xf9, 0x01, 0x00
    , 0x00, 0x00, 0x00, 0x61, 0x18, 0x00, 0x00, 0x00, 0x00, 0x00, 0x01, 0x00
    , 0x00, 0x00, 0x00, 0x2d, 0x01, 0x00, 0x00, 0x00, 0x00, 0xe0, 0x16, 0x00
    , 0x00, 0x00, 0x00, 0xff, 0x01, 0x00, 0x00, 0x00, 0x00, 0x8c, 0x01, 0x00
    , 0x00, 0x00, 0x00, 0x02, 0x15, 0x00, 0x00, 0x00, 0x00, 0x00, 0x01, 0x00
    , 0x00, 0x00, 0x00, 0x2d, 0x01, 0x00, 0x00, 0x00, 0x00, 0xf2, 0x08, 0x00
    , 0x00, 0x00, 0x00, 0xff, 0x01, 0x00, 0x00, 0x00, 0x00, 0xe9, 0x01, 0x00
    , 0x00, 0x00, 0x00, 0xac, 0x01, 0x00, 0x00, 0x00, 0x00, 0x92, 0x01, 0x00
    , 0x00, 0x00, 0x00, 0x7d, 0x01, 0x00, 0x00, 0x00, 0x00, 0x86, 0x01, 0x00
    , 0x00, 0x00, 0x00, 0x9e, 0x01, 0x00, 0x00, 0x00, 0x00, 0xc6, 0x01, 0x00
    , 0x00, 0x00, 0x00, 0xfd, 0x08, 0x00, 0x00, 0x00, 0x00, 0xff, 0x01, 0x00
    , 0x00, 0x00, 0x00, 0xa1, 0x14, 0x00, 0x00, 0x00, 0x00, 0x00, 0x01, 0x00
    , 0x00, 0x00, 0x00, 0x15, 0x01, 0x00, 0x00, 0x00, 0x00, 0xe0, 0x06, 0x00
    , 0x00, 0x00, 0x00, 0xff, 0x01, 0x00, 0x00, 0x00, 0x00, 0xfd, 0x01, 0x00
    , 0x00, 0x00, 0x00, 0xa2, 0x01, 0x00, 0x00, 0x00, 0x00, 0x37, 0x01, 0x00
    , 0x00, 0x00, 0x00, 0x01, 0x06, 0x00, 0x00, 0x00, 0x00, 0x00, 0x01, 0x00
    , 0x00, 0x00, 0x00, 0x13, 0x01, 0x00, 0x00, 0x00, 0x00, 0x64, 0x01, 0x00
    , 0x00, 0x00, 0x00, 0xe0, 0x07, 0x00, 0x00, 0x00, 0x00, 0xff, 0x01, 0x00
    , 0x00, 0x00, 0x00, 0x76, 0x12, 0x00, 0x00, 0x00, 0x00, 0x00, 0x01, 0x00
    , 0x00, 0x00, 0x00, 0x05, 0x01, 0x00, 0x00, 0x00, 0x00, 0xc3, 0x06, 0x00
    , 0x00, 0x00, 0x00, 0xff, 0x01, 0x00, 0x00, 0x00, 0x00, 0xcd, 0x01, 0x00
    , 0x00, 0x00, 0x00, 0x2e, 0x0b, 0x00, 0x00, 0x00, 0x00, 0x00, 0x01, 0x00
    , 0x00, 0x00, 0x00, 0x07, 0x01, 0x00, 0x00, 0x00, 0x00, 0x78, 0x01, 0x00
    , 0x00, 0x00, 0x00, 0xfb, 0x05, 0x00, 0x00, 0x00, 0x00, 0xff, 0x01, 0x00
    , 0x00, 0x00, 0x00, 0xfd, 0x01, 0x00, 0x00, 0x00, 0x00, 0x4d, 0x11, 0x00
    , 0x00, 0x00, 0x00, 0x00, 0x01, 0x00, 0x00, 0x00, 0x00, 0x70, 0x06, 0x00
    , 0x00, 0x00, 0x00, 0xff, 0x01, 0x00, 0x00, 0x00, 0x00, 0xa9, 0x01, 0x00
    , 0x00, 0x00, 0x00, 0x09, 0x0e, 0x00, 0x00, 0x00, 0x00, 0x00, 0x01, 0x00
    , 0x00, 0x00, 0x00, 0x44, 0x01, 0x00, 0x00, 0x00, 0x00, 0xef, 0x05, 0x00
    , 0x00, 0x00, 0x00, 0xff, 0x01, 0x00, 0x00, 0x00, 0x00, 0xe6, 0x01, 0x00
    , 0x00, 0x00, 0x00, 0x0a, 0x0f, 0x00, 0x00, 0x00, 0x00, 0x00, 0x01, 0x00
    , 0x00, 0x00, 0x00, 0x0e, 0x01, 0x00, 0x00, 0x00, 0x00, 0xeb, 0x05, 0x00
    , 0x00, 0x00, 0x00, 0xff, 0x01, 0x00, 0x00, 0x00, 0x00, 0xaa, 0x01, 0x00
    , 0x00, 0x00, 0x00, 0x01, 0x10, 0x00, 0x00, 0x00, 0x00, 0x00, 0x01, 0x00
    , 0x00, 0x00, 0x00, 0x34, 0x01, 0x00, 0x00, 0x00, 0x00, 0xf6, 0x05, 0x00
    , 0x00, 0x00, 0x00, 0xff, 0x01, 0x00, 0x00, 0x00, 0x00, 0x79, 0x0f, 0x00
    , 0x00, 0x00, 0x00, 0x00, 0x01, 0x00, 0x00, 0x00, 0x00, 0x81, 0x05, 0x00
    , 0x00, 0x00, 0x00, 0xff, 0x01, 0x00, 0x00, 0x00, 0x00, 0xcd, 0x01, 0x00
    , 0x00, 0x00, 0x00, 0x09, 0x12, 0x00, 0x00, 0x00, 0x00, 0x00, 0x01, 0x00
    , 0x00, 0x00, 0x00, 0x56, 0x05, 0x00, 0x00, 0x00, 0x00, 0xff, 0x01, 0x00
    , 0x00, 0x00, 0x00, 0xf0, 0x01, 0x00, 0x00, 0x00, 0x00, 0x11, 0x0e, 0x00
    , 0x00, 0x00, 0x00, 0x00, 0x01, 0x00, 0x00, 0x00, 0x00, 0xe4, 0x04, 0x00
    , 0x00, 0x00, 0x00, 0xff, 0x01, 0x00, 0x00, 0x00, 0x00, 0xfd, 0x01, 0x00
    , 0x00, 0x00, 0x00, 0x2e, 0x14, 0x00, 0x00, 0x00, 0x00, 0x00, 0x01, 0x00
    , 0x00, 0x00, 0x00, 0xaa, 0x05, 0x00, 0x00, 0x00, 0x00, 0xff, 0x01, 0x00
    , 0x00, 0x00, 0x00, 0x64, 0x0d, 0x00, 0x00, 0x00, 0x00, 0x00, 0x01, 0x00
    , 0x00, 0x00, 0x00, 0x30, 0x05, 0x00, 0x00, 0x00, 0x00, 0xff, 0x01, 0x00
    , 0x00, 0x00, 0x00, 0xa2, 0x15, 0x00, 0x00, 0x00, 0x00, 0x00, 0x01, 0x00
    , 0x00, 0x00, 0x00, 0x25, 0x01, 0x00, 0x00, 0x00, 0x00, 0xfb, 0x04, 0x00
    , 0x00, 0x00, 0x00, 0xff, 0x01, 0x00, 0x00, 0x00, 0x00, 0xb0, 0x0d, 0x00
    , 0x00, 0x00, 0x00, 0x00, 0x01, 0x00, 0x00, 0x00, 0x00, 0x7b, 0x05, 0x00
    , 0x00, 0x00, 0x00, 0xff, 0x01, 0x00, 0x00, 0x00, 0x00, 0x37, 0x16, 0x00
    , 0x00, 0x00, 0x00, 0x00, 0x01, 0x00, 0x00, 0x00, 0x00, 0xb5, 0x04, 0x00
    , 0x00, 0x00, 0x00, 0xff, 0x01, 0x00, 0x00, 0x00, 0x00, 0xf4, 0x01, 0x00
    , 0x00, 0x00, 0x00, 0x07, 0x0c, 0x00, 0x00, 0x00, 0x00, 0x00, 0x01, 0x00
    , 0x00, 0x00, 0x00, 0xb4, 0x04, 0x00, 0x00, 0x00, 0x00, 0xff, 0x01, 0x00
    , 0x00, 0x00, 0x00, 0xe9, 0x01, 0x00, 0x00, 0x00, 0x00, 0x01, 0x16, 0x00
    , 0x00, 0x00, 0x00, 0x00, 0x01, 0x00, 0x00, 0x00, 0x00, 0x69, 0x05, 0x00
    , 0x00, 0x00, 0x00, 0xff, 0x01, 0x00, 0x00, 0x00, 0x00, 0x35, 0x0c, 0x00
    , 0x00, 0x00, 0x00, 0x00, 0x01, 0x00, 0x00, 0x00, 0x00, 0xcc, 0x04, 0x00
    , 0x00, 0x00, 0x00, 0xff, 0x01, 0x00, 0x00, 0x00, 0x00, 0xac, 0x17, 0x00
    , 0x00, 0x00, 0x00, 0x00, 0x01, 0x00, 0x00, 0x00, 0x00, 0x2b, 0x05, 0x00
    , 0x00, 0x00, 0x00, 0xff, 0x01, 0x00, 0x00, 0x00, 0x00, 0x4c, 0x0c, 0x00
    , 0x00, 0x00, 0x00, 0x00, 0x01, 0x00, 0x00, 0x00, 0x00, 0xe3, 0x04, 0x00
    , 0x00, 0x00, 0x00, 0xff, 0x01, 0x00, 0x00, 0x00, 0x00, 0x92, 0x17, 0x00
    , 0x00, 0x00, 0x00, 0x00, 0x01, 0x00, 0x00, 0x00, 0x00, 0x12, 0x05, 0x00
    , 0x00, 0x00, 0x00, 0xff, 0x01, 0x00, 0x00, 0x00, 0x00, 0x63, 0x0c, 0x00
    , 0x00, 0x00, 0x00, 0x00, 0x01, 0x00, 0x00, 0x00, 0x00, 0xf8, 0x04, 0x00
    , 0x00, 0x00, 0x00, 0xff, 0x01, 0x00, 0x00, 0x00, 0x00, 0x7d, 0x17, 0x00
    , 0x00, 0x00, 0x00, 0x00, 0x01, 0x00, 0x00, 0x00, 0x00, 0x01, 0x01, 0x00
    , 0x00, 0x00, 0x00, 0xfb, 0x04, 0x00, 0x00, 0x00, 0x00, 0xff, 0x01, 0x00
    , 0x00, 0x00, 0x00, 0x79, 0x0c, 0x00, 0x00, 0x00, 0x00, 0x00, 0x01, 0x00
    , 0x00, 0x00, 0x00, 0xef, 0x04, 0x00, 0x00, 0x00, 0x00, 0xff, 0x01, 0x00
    , 0x00, 0x00, 0x00, 0x86, 0x17, 0x00, 0x00, 0x00, 0x00, 0x00, 0x01, 0x00
    , 0x00, 0x00, 0x00, 0x07, 0x05, 0x00, 0x00, 0x00, 0x00, 0xff, 0x01, 0x00
    , 0x00, 0x00, 0x00, 0x70, 0x0c, 0x00, 0x00, 0x00, 0x00, 0x00, 0x01, 0x00
    , 0x00, 0x00, 0x00, 0xd8, 0x04, 0x00, 0x00, 0x00, 0x00, 0xff, 0x01, 0x00
    , 0x00, 0x00, 0x00, 0x9e, 0x17, 0x00, 0x00, 0x00, 0x00, 0x00, 0x01, 0x00
    , 0x00, 0x00, 0x00, 0x1d, 0x05, 0x00, 0x00, 0x00, 0x00, 0xff, 0x01, 0x00
    , 0x00, 0x00, 0x00, 0x5b, 0x0c, 0x00, 0x00, 0x00, 0x00, 0x00, 0x01, 0x00
    , 0x00, 0x00, 0x00, 0xc1, 0x04, 0x00, 0x00, 0x00, 0x00, 0xff, 0x01, 0x00
    , 0x00, 0x00, 0x00, 0xc6, 0x17, 0x00, 0x00, 0x00, 0x00, 0x00, 0x01, 0x00
    , 0x00, 0x00, 0x00, 0x44, 0x05, 0x00, 0x00, 0x00, 0x00, 0xff, 0x01, 0x00
    , 0x00, 0x00, 0x00, 0x45, 0x0c, 0x00, 0x00, 0x00, 0x00, 0x00, 0x01, 0x00
    , 0x00, 0x00, 0x00, 0x9e, 0x04, 0x00, 0x00, 0x00, 0x00, 0xff, 0x01, 0x00
    , 0x00, 0x00, 0x00, 0xfd, 0x01, 0x00, 0x00, 0x00, 0x00, 0x13, 0x16, 0x00
    , 0x00, 0x00, 0x00, 0x00, 0x01, 0x00, 0x00, 0x00, 0x00, 0x8f, 0x04, 0x00
    , 0x00, 0x00, 0x00, 0xff, 0x01, 0x00, 0x00, 0x00, 0x00, 0xfc, 0x01, 0x00
    , 0x00, 0x00, 0x00, 0x0f, 0x0c, 0x00, 0x00, 0x00, 0x00, 0x00, 0x01, 0x00
    , 0x00, 0x00, 0x00, 0x56, 0x05, 0x00, 0x00, 0x00, 0x00, 0xff, 0x01, 0x00
    , 0x00, 0x00, 0x00, 0x64, 0x15, 0x00, 0x00, 0x00, 0x00, 0x00, 0x01, 0x00
    , 0x00, 0x00, 0x00, 0x03, 0x01, 0x00, 0x00, 0x00, 0x00, 0xdf, 0x04, 0x00
    , 0x00, 0x00, 0x00, 0xff, 0x01, 0x00, 0x00, 0x00, 0x00, 0xc9, 0x0d, 0x00
    , 0x00, 0x00, 0x00, 0x00, 0x01, 0x00, 0x00, 0x00, 0x00, 0x0f, 0x01, 0x00
    , 0x00, 0x00, 0x00, 0xfb, 0x04, 0x00, 0x00, 0x00, 0x00, 0xff, 0x01, 0x00
    , 0x00, 0x00, 0x00, 0xe0, 0x01, 0x00, 0x00, 0x00, 0x00, 0x07, 0x14, 0x00
    , 0x00, 0x00, 0x00, 0x00, 0x01, 0x00, 0x00, 0x00, 0x00, 0x65, 0x05, 0x00
    , 0x00, 0x00, 0x00, 0xff, 0x01, 0x00, 0x00, 0x00, 0x00, 0x7f, 0x0e, 0x00
    , 0x00, 0x00, 0x00, 0x00, 0x01, 0x00, 0x00, 0x00, 0x00, 0xba, 0x05, 0x00
    , 0x00, 0x00, 0x00, 0xff, 0x01, 0x00, 0x00, 0x00, 0x00, 0x78, 0x13, 0x00
    , 0x00, 0x00, 0x00, 0x00, 0x01, 0x00, 0x00, 0x00, 0x00, 0x10, 0x01, 0x00
    , 0x00, 0x00, 0x00, 0xe5, 0x04, 0x00, 0x00, 0x00, 0x00, 0xff, 0x01, 0x00
    , 0x00, 0x00, 0x00, 0xf8, 0x01, 0x00, 0x00, 0x00, 0x00, 0x17, 0x0e, 0x00
    , 0x00, 0x00, 0x00, 0x00, 0x01, 0x00, 0x00, 0x00, 0x00, 0x3e, 0x05, 0x00
    , 0x00, 0x00, 0x00, 0xff, 0x01, 0x00, 0x00, 0x00, 0x00, 0xfb, 0x01, 0x00
    , 0x00, 0x00, 0x00, 0x44, 0x11, 0x00, 0x00, 0x00, 0x00, 0x00, 0x01, 0x00
    , 0x00, 0x00, 0x00, 0x04, 0x01, 0x00, 0x00, 0x00, 0x00, 0xbb, 0x05, 0x00
    , 0x00, 0x00, 0x00, 0xff, 0x01, 0x00, 0x00, 0x00, 0x00, 0x9c, 0x10, 0x00
    , 0x00, 0x00, 0x00, 0x00, 0x01, 0x00, 0x00, 0x00, 0x00, 0xb5, 0x05, 0x00
    , 0x00, 0x00, 0x00, 0xff, 0x01, 0x00, 0x00, 0x00, 0x00, 0xee, 0x01, 0x00
    , 0x00, 0x00, 0x00, 0x34, 0x0f, 0x00, 0x00, 0x00, 0x00, 0x00, 0x01, 0x00
    , 0x00, 0x00, 0x00, 0x04, 0x01, 0x00, 0x00, 0x00, 0x00, 0x9e, 0x05, 0x00
    , 0x00, 0x00, 0x00, 0xff, 0x01, 0x00, 0x00, 0x00, 0x00, 0xef, 0x01, 0x00
    , 0x00, 0x00, 0x00, 0x1a, 0x10, 0x00, 0x00, 0x00, 0x00, 0x00, 0x01, 0x00
    , 0x00, 0x00, 0x00, 0x2d, 0x01, 0x00, 0x00, 0x00, 0x00, 0xf9, 0x05, 0x00
    , 0x00, 0x00, 0x00, 0xff, 0x01, 0x00, 0x00, 0x00, 0x00, 0xf6, 0x01, 0x00
    , 0x00, 0x00, 0x00, 0x56, 0x0d, 0x00, 0x00, 0x00, 0x00, 0x00, 0x01, 0x00
    , 0x00, 0x00, 0x00, 0x11, 0x01, 0x00, 0x00, 0x00, 0x00, 0xbb, 0x06, 0x00
    , 0x00, 0x00, 0x00, 0xff, 0x01, 0x00, 0x00, 0x00, 0x00, 0x5f, 0x12, 0x00
    , 0x00, 0x00, 0x00, 0x00, 0x01, 0x00, 0x00, 0x00, 0x00, 0x61, 0x07, 0x00
    , 0x00, 0x00, 0x00, 0xff, 0x01, 0x00, 0x00, 0x00, 0x00, 0xaa, 0x01, 0x00
    , 0x00, 0x00, 0x00, 0x25, 0x09, 0x00, 0x00, 0x00, 0x00, 0x00, 0x01, 0x00
    , 0x00, 0x00, 0x00, 0x03, 0x01, 0x00, 0x00, 0x00, 0x00, 0x65, 0x01, 0x00
    , 0x00, 0x00, 0x00, 0xe5, 0x07, 0x00, 0x00, 0x00, 0x00, 0xff, 0x01, 0x00
    , 0x00, 0x00, 0x00, 0x56, 0x13, 0x00, 0x00, 0x00, 0x00, 0x00, 0x01, 0x00
    , 0x00, 0x00, 0x00, 0x8c, 0x07, 0x00, 0x00, 0x00, 0x00, 0xff, 0x01, 0x00
    , 0x00, 0x00, 0x00, 0xfb, 0x01, 0x00, 0x00, 0x00, 0x00, 0xb5, 0x01, 0x00
    , 0x00, 0x00, 0x00, 0x69, 0x01, 0x00, 0x00, 0x00, 0x00, 0x2b, 0x01, 0x00
    , 0x00, 0x00, 0x00, 0x12, 0x01, 0x00, 0x00, 0x00, 0x00, 0x00, 0x01, 0x00
    , 0x00, 0x00, 0x00, 0x06, 0x01, 0x00, 0x00, 0x00, 0x00, 0x1d, 0x01, 0x00
    , 0x00, 0x00, 0x00, 0x44, 0x01, 0x00, 0x00, 0x00, 0x00, 0x8f, 0x01, 0x00
    , 0x00, 0x00, 0x00, 0xdf, 0x09, 0x00, 0x00, 0x00, 0x00, 0xff, 0x01, 0x00
    , 0x00, 0x00, 0x00, 0xfb, 0x01, 0x00, 0x00, 0x00, 0x00, 0x56, 0x12, 0x00
    , 0x00, 0x00, 0x00, 0x00, 0x01, 0x00, 0x00, 0x00, 0x00, 0x02, 0x01, 0x00
    , 0x00, 0x00, 0x00, 0xa1, 0x0b, 0x00, 0x00, 0x00, 0x00, 0xff, 0x01, 0x00
    , 0x00, 0x00, 0x00, 0xfb, 0x0f, 0x00, 0x00, 0x00, 0x00, 0xff, 0x01, 0x00
    , 0x00, 0x00, 0x00, 0xfb, 0x01, 0x00, 0x00, 0x00, 0x00, 0x56, 0x13, 0x00
    , 0x00, 0x00, 0x00, 0x00, 0x01, 0x00, 0x00, 0x00, 0x00, 0x76, 0x01, 0x00
    , 0x00, 0x00, 0x00, 0xfd, 0x1a, 0x00, 0x00, 0x00, 0x00, 0xff, 0x01, 0x00
    , 0x00, 0x00, 0x00, 0xfb, 0x01, 0x00, 0x00, 0x00, 0x00, 0x56, 0x13, 0x00
    , 0x00, 0x00, 0x00, 0x00, 0x01, 0x00, 0x00, 0x00, 0x00, 0x4d, 0x01, 0x00
    , 0x00, 0x00, 0x00, 0xe6, 0x11, 0x00, 0x00, 0x00, 0x00, 0xff, 0x01, 0x00
    , 0x00, 0x00, 0x00, 0xef, 0x01, 0x00, 0x00, 0x00, 0x00, 0x5f, 0x01, 0x00
    , 0x00, 0x00, 0x00, 0x57, 0x01, 0x00, 0x00, 0x00, 0x00, 0xfc, 0x05, 0x00
    , 0x00, 0x00, 0x00, 0xff, 0x01, 0x00, 0x00, 0x00, 0x00, 0xfb, 0x01, 0x00
    , 0x00, 0x00, 0x00, 0x56, 0x13, 0x00, 0x00, 0x00, 0x00, 0x00, 0x01, 0x00
    , 0x00, 0x00, 0x00, 0x0a, 0x01, 0x00, 0x00, 0x00, 0x00, 0x79, 0x01, 0x00
    , 0x00, 0x00, 0x00, 0xf0, 0x0d, 0x00, 0x00, 0x00, 0x00, 0xff, 0x01, 0x00
    , 0x00, 0x00, 0x00, 0xf8, 0x01, 0x00, 0x00, 0x00, 0x00, 0x9c, 0x01, 0x00
    , 0x00, 0x00, 0x00, 0x1a, 0x02, 0x00, 0x00, 0x00, 0x00, 0x00, 0x01, 0x00
    , 0x00, 0x00, 0x00, 0x56, 0x01, 0x00, 0x00, 0x00, 0x00, 0xfc, 0x05, 0x00
    , 0x00, 0x00, 0x00, 0xff, 0x01, 0x00, 0x00, 0x00, 0x00, 0xfb, 0x01, 0x00
    , 0x00, 0x00, 0x00, 0x56, 0x14, 0x00, 0x00, 0x00, 0x00, 0x00, 0x01, 0x00
    , 0x00, 0x00, 0x00, 0x11, 0x01, 0x00, 0x00, 0x00, 0x00, 0x64, 0x01, 0x00
    , 0x00, 0x00, 0x00, 0xb0, 0x01, 0x00, 0x00, 0x00, 0x00, 0xf4, 0x07, 0x00
    , 0x00, 0x00, 0x00, 0xff, 0x01, 0x00, 0x00, 0x00, 0x00, 0xfc, 0x01, 0x00
    , 0x00, 0x00, 0x00, 0xc9, 0x01, 0x00, 0x00, 0x00, 0x00, 0x7e, 0x01, 0x00
    , 0x00, 0x00, 0x00, 0x17, 0x05, 0x00, 0x00, 0x00, 0x00, 0x00, 0x01, 0x00
    , 0x00, 0x00, 0x00, 0x56, 0x01, 0x00, 0x00, 0x00, 0x00, 0xfc, 0x05, 0x00
    , 0x00, 0x00, 0x00, 0xff, 0x01, 0x00, 0x00, 0x00, 0x00, 0xfb, 0x01, 0x00
    , 0x00, 0x00, 0x00, 0x56, 0x16, 0x00, 0x00, 0x00, 0x00, 0x00, 0x01, 0x00
    , 0x00, 0x00, 0x00, 0x07, 0x01, 0x00, 0x00, 0x00, 0x00, 0x35, 0x01, 0x00
    , 0x00, 0x00, 0x00, 0x4c, 0x01, 0x00, 0x00, 0x00, 0x00, 0x63, 0x01, 0x00
    , 0x00, 0x00, 0x00, 0x79, 0x01, 0x00, 0x00, 0x00, 0x00, 0x70, 0x01, 0x00
    , 0x00, 0x00, 0x00, 0x5b, 0x01, 0x00, 0x00, 0x00, 0x00, 0x45, 0x01, 0x00
    , 0x00, 0x00, 0x00, 0x0f, 0x09, 0x00, 0x00, 0x00, 0x00, 0x00, 0x01, 0x00
    , 0x00, 0x00, 0x00, 0x56, 0x01, 0x00, 0x00, 0x00, 0x00, 0xfc, 0x05, 0x00
    , 0x00, 0x00, 0x00, 0xff, 0x01, 0x00, 0x00, 0x00, 0x00, 0xfb, 0x01, 0x00
    , 0x00, 0x00, 0x00, 0x56, 0x28, 0x00, 0x00, 0x00, 0x00, 0x00, 0x01, 0x00
    , 0x00, 0x00, 0x00, 0x56, 0x01, 0x00, 0x00, 0x00, 0x00, 0xfc, 0x05, 0x00
    , 0x00, 0x00, 0x00, 0xff, 0x01, 0x00, 0x00, 0x00, 0x00, 0xfb, 0x01, 0x00
    , 0x00, 0x00, 0x00, 0x56, 0x28, 0x00, 0x00, 0x00, 0x00, 0x00, 0x01, 0x00
    , 0x00, 0x00, 0x00, 0x56, 0x01, 0x00, 0x00, 0x00, 0x00, 0xfc, 0x05, 0x00
    , 0x00, 0x00, 0x00, 0xff, 0x01, 0x00, 0x00, 0x00, 0x00, 0xfb, 0x01, 0x00
    , 0x00, 0x00, 0x00, 0x56, 0x28, 0x00, 0x00, 0x00, 0x00, 0x00, 0x01, 0x00
    , 0x00, 0x00, 0x00, 0x56, 0x01, 0x00, 0x00, 0x00, 0x00, 0xfc, 0x05, 0x00
    , 0x00, 0x00, 0x00, 0xff, 0x01, 0x00, 0x00, 0x00, 0x00, 0xfb, 0x01, 0x00
    , 0x00, 0x00, 0x00, 0x56, 0x28, 0x00, 0x00, 0x00, 0x00, 0x00, 0x01, 0x00
    , 0x00, 0x00, 0x00, 0x56, 0x01, 0x00, 0x00, 0x00, 0x00, 0xfc, 0x05, 0x00
    , 0x00, 0x00, 0x00, 0xff, 0x01, 0x00, 0x00, 0x00, 0x00, 0xfb, 0x01, 0x00
    , 0x00, 0x00, 0x00, 0x56, 0x28, 0x00, 0x00, 0x00, 0x00, 0x00, 0x01, 0x00
    , 0x00, 0x00, 0x00, 0x56, 0x01, 0x00, 0x00, 0x00, 0x00, 0xfc, 0x05, 0x00
    , 0x00, 0x00, 0x00, 0xff, 0x01, 0x00, 0x00, 0x00, 0x00, 0xfb, 0x01, 0x00
    , 0x00, 0x00, 0x00, 0x56, 0x28, 0x00, 0x00, 0x00, 0x00, 0x00, 0x01, 0x00
    , 0x00, 0x00, 0x00, 0x56, 0x01, 0x00, 0x00, 0x00, 0x00, 0xfc, 0x05, 0x00
    , 0x00, 0x00, 0x00, 0xff, 0x01, 0x00, 0x00, 0x00, 0x00, 0xfb, 0x01, 0x00
    , 0x00, 0x00, 0x00, 0x56, 0x28, 0x00, 0x00, 0x00, 0x00, 0x00, 0x01, 0x00
    , 0x00, 0x00, 0x00, 0x56, 0x01, 0x00, 0x00, 0x00, 0x00, 0xfc, 0x05, 0x00
    , 0x00, 0x00, 0x00, 0xff, 0x01, 0x00, 0x00, 0x00, 0x00, 0xfb, 0x01, 0x00
    , 0x00, 0x00, 0x00, 0x56, 0x28, 0x00, 0x00, 0x00, 0x00, 0x00, 0x01, 0x00
    , 0x00, 0x00, 0x00, 0x56, 0x01, 0x00, 0x00, 0x00, 0x00, 0xfc, 0x05, 0x00
    , 0x00, 0x00, 0x00, 0xff, 0x01, 0x00, 0x00, 0x00, 0x00, 0xfb, 0x01, 0x00
    , 0x00, 0x00, 0x00, 0x48, 0x28, 0x00, 0x00, 0x00, 0x00, 0x00, 0x01, 0x00
    , 0x00, 0x00, 0x00, 0x56, 0x01, 0x00, 0x00, 0x00, 0x00, 0xfc, 0x05, 0x00
    , 0x00, 0x00, 0x00, 0xff, 0x01, 0x00, 0x00, 0x00, 0x00, 0xd5, 0x29, 0x00
    , 0x00, 0x00, 0x00, 0x00, 0x01, 0x00, 0x00, 0x00, 0x00, 0x56, 0x01, 0x00
    , 0x00, 0x00, 0x00, 0xfc, 0x04, 0x00, 0x00, 0x00, 0x00, 0xff, 0x01, 0x00
    , 0x00, 0x00, 0x00, 0xf3, 0x2a, 0x00, 0x00, 0x00, 0x00, 0x00, 0x01, 0x00
    , 0x00, 0x00, 0x00, 0x56, 0x01, 0x00, 0x00, 0x00, 0x00, 0xfc, 0x03, 0x00
    , 0x00, 0x00, 0x00, 0xff, 0x01, 0x00, 0x00, 0x00, 0x00, 0xb4, 0x2b, 0x00
    , 0x00, 0x00, 0x00, 0x00, 0x01, 0x00, 0x00, 0x00, 0x00, 0x48, 0x01, 0x00
    , 0x00, 0x00, 0x00, 0xd5, 0x01, 0x00, 0x00, 0x00, 0x00, 0xf3, 0x01, 0x00
    , 0x00, 0x00, 0x00, 0xb4, 0x01, 0x00, 0x00, 0x00, 0x00, 0x1a
};

inline Upp::Image ICON_ACTION_SEARCH_48()
{
    return Upp::UiMakeIcon(DATA_ACTION_SEARCH_48);
}

// Category: editor | Type: Outlined | Icon: serif | Size: 48x48 | Format: UiMakeIcon RLE
static const unsigned char DATA_EDITOR_SERIF_48[] = {
    0x30, 0x80, 0x30, 0x00, 0x02, 0x00, 0x00, 0x00, 0x00, 0x00, 0x01, 0x00
    , 0x00, 0x00, 0x00, 0x55, 0x01, 0x00, 0x00, 0x00, 0x00, 0xc0, 0x01, 0x00
    , 0x00, 0x00, 0x00, 0xf0, 0x26, 0x00, 0x00, 0x00, 0x00, 0xff, 0x01, 0x00
    , 0x00, 0x00, 0x00, 0xf0, 0x01, 0x00, 0x00, 0x00, 0x00, 0xc0, 0x01, 0x00
    , 0x00, 0x00, 0x00, 0x55, 0x03, 0x00, 0x00, 0x00, 0x00, 0x00, 0x01, 0x00
    , 0x00, 0x00, 0x00, 0x96, 0x2c, 0x00, 0x00, 0x00, 0x00, 0xff, 0x01, 0x00
    , 0x00, 0x00, 0x00, 0x95, 0x01, 0x00, 0x00, 0x00, 0x00, 0x00, 0x01, 0x00
    , 0x00, 0x00, 0x00, 0x55, 0x2e, 0x00, 0x00, 0x00, 0x00, 0xff, 0x01, 0x00
    , 0x00, 0x00, 0x00, 0x55, 0x01, 0x00, 0x00, 0x00, 0x00, 0xc0, 0x2e, 0x00
    , 0x00, 0x00, 0x00, 0xff, 0x01, 0x00, 0x00, 0x00, 0x00, 0xbf, 0x01, 0x00
    , 0x00, 0x00, 0x00, 0xf0, 0x03, 0x00, 0x00, 0x00, 0x00, 0xff, 0x01, 0x00
    , 0x00, 0x00, 0x00, 0xf5, 0x26, 0x00, 0x00, 0x00, 0x00, 0xcc, 0x01, 0x00
    , 0x00, 0x00, 0x00, 0xf5, 0x03, 0x00, 0x00, 0x00, 0x00, 0xff, 0x01, 0x00
    , 0x00, 0x00, 0x00, 0xef, 0x04, 0x00, 0x00, 0x00, 0x00, 0xff, 0x01, 0x00
    , 0x00, 0x00, 0x00, 0xcc, 0x26, 0x00, 0x00, 0x00, 0x00, 0x00, 0x01, 0x00
    , 0x00, 0x00, 0x00, 0xcc, 0x08, 0x00, 0x00, 0x00, 0x00, 0xff, 0x01, 0x00
    , 0x00, 0x00, 0x00, 0xcc, 0x26, 0x00, 0x00, 0x00, 0x00, 0x00, 0x01, 0x00
    , 0x00, 0x00, 0x00, 0xcc, 0x08, 0x00, 0x00, 0x00, 0x00, 0xff, 0x01, 0x00
    , 0x00, 0x00, 0x00, 0xcc, 0x26, 0x00, 0x00, 0x00, 0x00, 0x00, 0x01, 0x00
    , 0x00, 0x00, 0x00, 0xcc, 0x08, 0x00, 0x00, 0x00, 0x00, 0xff, 0x01, 0x00
    , 0x00, 0x00, 0x00, 0xcc, 0x26, 0x00, 0x00, 0x00, 0x00, 0x00, 0x01, 0x00
    , 0x00, 0x00, 0x00, 0xcc, 0x08, 0x00, 0x00, 0x00, 0x00, 0xff, 0x01, 0x00
    , 0x00, 0x00, 0x00, 0xcc, 0x11, 0x00, 0x00, 0x00, 0x00, 0x00, 0x01, 0x00
    , 0x00, 0x00, 0x00, 0x12, 0x01, 0x00, 0x00, 0x00, 0x00, 0x5a, 0x01, 0x00
    , 0x00, 0x00, 0x00, 0x60, 0x01, 0x00, 0x00, 0x00, 0x00, 0x1d, 0x11, 0x00
    , 0x00, 0x00, 0x00, 0x00, 0x01, 0x00, 0x00, 0x00, 0x00, 0xcc, 0x08, 0x00
    , 0x00, 0x00, 0x00, 0xff, 0x01, 0x00, 0x00, 0x00, 0x00, 0xcc, 0x10, 0x00
    , 0x00, 0x00, 0x00, 0x00, 0x01, 0x00, 0x00, 0x00, 0x00, 0x04, 0x01, 0x00
    , 0x00, 0x00, 0x00, 0xd4, 0x02, 0x00, 0x00, 0x00, 0x00, 0xff, 0x01, 0x00
    , 0x00, 0x00, 0x00, 0xe7, 0x01, 0x00, 0x00, 0x00, 0x00, 0x11, 0x10, 0x00
    , 0x00, 0x00, 0x00, 0x00, 0x01, 0x00, 0x00, 0x00, 0x00, 0xcc, 0x08, 0x00
    , 0x00, 0x00, 0x00, 0xff, 0x01, 0x00, 0x00, 0x00, 0x00, 0xcc, 0x10, 0x00
    , 0x00, 0x00, 0x00, 0x00, 0x01, 0x00, 0x00, 0x00, 0x00, 0x4d, 0x04, 0x00
    , 0x00, 0x00, 0x00, 0xff, 0x01, 0x00, 0x00, 0x00, 0x00, 0x6b, 0x10, 0x00
    , 0x00, 0x00, 0x00, 0x00, 0x01, 0x00, 0x00, 0x00, 0x00, 0xcc, 0x08, 0x00
    , 0x00, 0x00, 0x00, 0xff, 0x01, 0x00, 0x00, 0x00, 0x00, 0xcc, 0x10, 0x00
    , 0x00, 0x00, 0x00, 0x00, 0x01, 0x00, 0x00, 0x00, 0x00, 0xac, 0x04, 0x00
    , 0x00, 0x00, 0x00, 0xff, 0x01, 0x00, 0x00, 0x00, 0x00, 0xca, 0x10, 0x00
    , 0x00, 0x00, 0x00, 0x00, 0x01, 0x00, 0x00, 0x00, 0x00, 0xcc, 0x08, 0x00
    , 0x00, 0x00, 0x00, 0xff, 0x01, 0x00, 0x00, 0x00, 0x00, 0xcc, 0x0f, 0x00
    , 0x00, 0x00, 0x00, 0x00, 0x01, 0x00, 0x00, 0x00, 0x00, 0x11, 0x01, 0x00
    , 0x00, 0x00, 0x00, 0xf8, 0x04, 0x00, 0x00, 0x00, 0x00, 0xff, 0x01, 0x00
    , 0x00, 0x00, 0x00, 0xfe, 0x01, 0x00, 0x00, 0x00, 0x00, 0x28, 0x0f, 0x00
    , 0x00, 0x00, 0x00, 0x00, 0x01, 0x00, 0x00, 0x00, 0x00, 0xcc, 0x08, 0x00
    , 0x00, 0x00, 0x00, 0xff, 0x01, 0x00, 0x00, 0x00, 0x00, 0xcc, 0x0f, 0x00
    , 0x00, 0x00, 0x00, 0x00, 0x01, 0x00, 0x00, 0x00, 0x00, 0x6a, 0x06, 0x00
    , 0x00, 0x00, 0x00, 0xff, 0x01, 0x00, 0x00, 0x00, 0x00, 0x86, 0x0f, 0x00
    , 0x00, 0x00, 0x00, 0x00, 0x01, 0x00, 0x00, 0x00, 0x00, 0xcc, 0x08, 0x00
    , 0x00, 0x00, 0x00, 0xff, 0x01, 0x00, 0x00, 0x00, 0x00, 0xcc, 0x0f, 0x00
    , 0x00, 0x00, 0x00, 0x00, 0x01, 0x00, 0x00, 0x00, 0x00, 0xc9, 0x06, 0x00
    , 0x00, 0x00, 0x00, 0xff, 0x01, 0x00, 0x00, 0x00, 0x00, 0xe2, 0x01, 0x00
    , 0x00, 0x00, 0x00, 0x01, 0x0e, 0x00, 0x00, 0x00, 0x00, 0x00, 0x01, 0x00
    , 0x00, 0x00, 0x00, 0xcc, 0x08, 0x00, 0x00, 0x00, 0x00, 0xff, 0x01, 0x00
    , 0x00, 0x00, 0x00, 0xcc, 0x0e, 0x00, 0x00, 0x00, 0x00, 0x00, 0x01, 0x00
    , 0x00, 0x00, 0x00, 0x28, 0x01, 0x00, 0x00, 0x00, 0x00, 0xfe, 0x07, 0x00
    , 0x00, 0x00, 0x00, 0xff, 0x01, 0x00, 0x00, 0x00, 0x00, 0x43, 0x0e, 0x00
    , 0x00, 0x00, 0x00, 0x00, 0x01, 0x00, 0x00, 0x00, 0x00, 0xcc, 0x08, 0x00
    , 0x00, 0x00, 0x00, 0xff, 0x01, 0x00, 0x00, 0x00, 0x00, 0xcc, 0x0e, 0x00
    , 0x00, 0x00, 0x00, 0x00, 0x01, 0x00, 0x00, 0x00, 0x00, 0x87, 0x01, 0x00
    , 0x00, 0x00, 0x00, 0xc9, 0x07, 0x00, 0x00, 0x00, 0x00, 0xff, 0x01, 0x00
    , 0x00, 0x00, 0x00, 0xa2, 0x0e, 0x00, 0x00, 0x00, 0x00, 0x00, 0x01, 0x00
    , 0x00, 0x00, 0x00, 0xcc, 0x08, 0x00, 0x00, 0x00, 0x00, 0xff, 0x01, 0x00
    , 0x00, 0x00, 0x00, 0xcc, 0x0d, 0x00, 0x00, 0x00, 0x00, 0x00, 0x01, 0x00
    , 0x00, 0x00, 0x00, 0x01, 0x01, 0x00, 0x00, 0x00, 0x00, 0xe3, 0x01, 0x00
    , 0x00, 0x00, 0x00, 0x30, 0x01, 0x00, 0x00, 0x00, 0x00, 0xea, 0x06, 0x00
    , 0x00, 0x00, 0x00, 0xff, 0x01, 0x00, 0x00, 0x00, 0x00, 0xf3, 0x01, 0x00
    , 0x00, 0x00, 0x00, 0x0b, 0x0d, 0x00, 0x00, 0x00, 0x00, 0x00, 0x01, 0x00
    , 0x00, 0x00, 0x00, 0xcc, 0x08, 0x00, 0x00, 0x00, 0x00, 0xff, 0x01, 0x00
    , 0x00, 0x00, 0x00, 0xcc, 0x0d, 0x00, 0x00, 0x00, 0x00, 0x00, 0x01, 0x00
    , 0x00, 0x00, 0x00, 0x45, 0x01, 0x00, 0x00, 0x00, 0x00, 0xd1, 0x01, 0x00
    , 0x00, 0x00, 0x00, 0x00, 0x01, 0x00, 0x00, 0x00, 0x00, 0x9a, 0x07, 0x00
    , 0x00, 0x00, 0x00, 0xff, 0x01, 0x00, 0x00, 0x00, 0x00, 0x5f, 0x0d, 0x00
    , 0x00, 0x00, 0x00, 0x00, 0x01, 0x00, 0x00, 0x00, 0x00, 0xcc, 0x08, 0x00
    , 0x00, 0x00, 0x00, 0xff, 0x01, 0x00, 0x00, 0x00, 0x00, 0xcc, 0x0d, 0x00
    , 0x00, 0x00, 0x00, 0x00, 0x01, 0x00, 0x00, 0x00, 0x00, 0xa4, 0x01, 0x00
    , 0x00, 0x00, 0x00, 0x74, 0x01, 0x00, 0x00, 0x00, 0x00, 0x00, 0x01, 0x00
    , 0x00, 0x00, 0x00, 0x45, 0x07, 0x00, 0x00, 0x00, 0x00, 0xff, 0x01, 0x00
    , 0x00, 0x00, 0x00, 0xbd, 0x0d, 0x00, 0x00, 0x00, 0x00, 0x00, 0x01, 0x00
    , 0x00, 0x00, 0x00, 0xcc, 0x08, 0x00, 0x00, 0x00, 0x00, 0xff, 0x01, 0x00
    , 0x00, 0x00, 0x00, 0xcc, 0x0c, 0x00, 0x00, 0x00, 0x00, 0x00, 0x01, 0x00
    , 0x00, 0x00, 0x00, 0x0d, 0x01, 0x00, 0x00, 0x00, 0x00, 0xf2, 0x01, 0x00
    , 0x00, 0x00, 0x00, 0x1a, 0x01, 0x00, 0x00, 0x00, 0x00, 0x00, 0x01, 0x00
    , 0x00, 0x00, 0x00, 0x03, 0x01, 0x00, 0x00, 0x00, 0x00, 0xeb, 0x06, 0x00
    , 0x00, 0x00, 0x00, 0xff, 0x01, 0x00, 0x00, 0x00, 0x00, 0xfd, 0x01, 0x00
    , 0x00, 0x00, 0x00, 0x1d, 0x0c, 0x00, 0x00, 0x00, 0x00, 0x00, 0x01, 0x00
    , 0x00, 0x00, 0x00, 0xcc, 0x08, 0x00, 0x00, 0x00, 0x00, 0xff, 0x01, 0x00
    , 0x00, 0x00, 0x00, 0xcc, 0x0c, 0x00, 0x00, 0x00, 0x00, 0x00, 0x01, 0x00
    , 0x00, 0x00, 0x00, 0x62, 0x01, 0x00, 0x00, 0x00, 0x00, 0xbc, 0x03, 0x00
    , 0x00, 0x00, 0x00, 0x00, 0x01, 0x00, 0x00, 0x00, 0x00, 0x9b, 0x07, 0x00
    , 0x00, 0x00, 0x00, 0xff, 0x01, 0x00, 0x00, 0x00, 0x00, 0x7a, 0x0c, 0x00
    , 0x00, 0x00, 0x00, 0x00, 0x01, 0x00, 0x00, 0x00, 0x00, 0xcc, 0x08, 0x00
    , 0x00, 0x00, 0x00, 0xff, 0x01, 0x00, 0x00, 0x00, 0x00, 0xcc, 0x0c, 0x00
    , 0x00, 0x00, 0x00, 0x00, 0x01, 0x00, 0x00, 0x00, 0x00, 0xc1, 0x01, 0x00
    , 0x00, 0x00, 0x00, 0x60, 0x03, 0x00, 0x00, 0x00, 0x00, 0x00, 0x01, 0x00
    , 0x00, 0x00, 0x00, 0x46, 0x07, 0x00, 0x00, 0x00, 0x00, 0xff, 0x01, 0x00
    , 0x00, 0x00, 0x00, 0xd8, 0x0c, 0x00, 0x00, 0x00, 0x00, 0x00, 0x01, 0x00
    , 0x00, 0x00, 0x00, 0xcc, 0x08, 0x00, 0x00, 0x00, 0x00, 0xff, 0x01, 0x00
    , 0x00, 0x00, 0x00, 0xcc, 0x0b, 0x00, 0x00, 0x00, 0x00, 0x00, 0x01, 0x00
    , 0x00, 0x00, 0x00, 0x21, 0x01, 0x00, 0x00, 0x00, 0x00, 0xf4, 0x01, 0x00
    , 0x00, 0x00, 0x00, 0x0d, 0x03, 0x00, 0x00, 0x00, 0x00, 0x00, 0x01, 0x00
    , 0x00, 0x00, 0x00, 0x03, 0x01, 0x00, 0x00, 0x00, 0x00, 0xec, 0x07, 0x00
    , 0x00, 0x00, 0x00, 0xff, 0x01, 0x00, 0x00, 0x00, 0x00, 0x37, 0x0b, 0x00
    , 0x00, 0x00, 0x00, 0x00, 0x01, 0x00, 0x00, 0x00, 0x00, 0xcc, 0x08, 0x00
    , 0x00, 0x00, 0x00, 0xff, 0x01, 0x00, 0x00, 0x00, 0x00, 0xcc, 0x0b, 0x00
    , 0x00, 0x00, 0x00, 0x00, 0x01, 0x00, 0x00, 0x00, 0x00, 0x7f, 0x01, 0x00
    , 0x00, 0x00, 0x00, 0xa8, 0x05, 0x00, 0x00, 0x00, 0x00, 0x00, 0x01, 0x00
    , 0x00, 0x00, 0x00, 0x9d, 0x07, 0x00, 0x00, 0x00, 0x00, 0xff, 0x01, 0x00
    , 0x00, 0x00, 0x00, 0x95, 0x0b, 0x00, 0x00, 0x00, 0x00, 0x00, 0x01, 0x00
    , 0x00, 0x00, 0x00, 0xcc, 0x08, 0x00, 0x00, 0x00, 0x00, 0xff, 0x01, 0x00
    , 0x00, 0x00, 0x00, 0xcc, 0x0b, 0x00, 0x00, 0x00, 0x00, 0x00, 0x01, 0x00
    , 0x00, 0x00, 0x00, 0xdd, 0x01, 0x00, 0x00, 0x00, 0x00, 0x4c, 0x05, 0x00
    , 0x00, 0x00, 0x00, 0x00, 0x01, 0x00, 0x00, 0x00, 0x00, 0x48, 0x07, 0x00
    , 0x00, 0x00, 0x00, 0xff, 0x01, 0x00, 0x00, 0x00, 0x00, 0xec, 0x01, 0x00
    , 0x00, 0x00, 0x00, 0x05, 0x0a, 0x00, 0x00, 0x00, 0x00, 0x00, 0x01, 0x00
    , 0x00, 0x00, 0x00, 0xcc, 0x08, 0x00, 0x00, 0x00, 0x00, 0xff, 0x01, 0x00
    , 0x00, 0x00, 0x00, 0xcc, 0x0a, 0x00, 0x00, 0x00, 0x00, 0x00, 0x01, 0x00
    , 0x00, 0x00, 0x00, 0x3d, 0x01, 0x00, 0x00, 0x00, 0x00, 0xf0, 0x01, 0x00
    , 0x00, 0x00, 0x00, 0x1e, 0x05, 0x00, 0x00, 0x00, 0x00, 0x19, 0x01, 0x00
    , 0x00, 0x00, 0x00, 0x1e, 0x01, 0x00, 0x00, 0x00, 0x00, 0xf2, 0x07, 0x00
    , 0x00, 0x00, 0x00, 0xff, 0x01, 0x00, 0x00, 0x00, 0x00, 0x52, 0x0a, 0x00
    , 0x00, 0x00, 0x00, 0x00, 0x01, 0x00, 0x00, 0x00, 0x00, 0xcc, 0x08, 0x00
    , 0x00, 0x00, 0x00, 0xff, 0x01, 0x00, 0x00, 0x00, 0x00, 0xcc, 0x0a, 0x00
    , 0x00, 0x00, 0x00, 0x00, 0x01, 0x00, 0x00, 0x00, 0x00, 0x9c, 0x01, 0x00
    , 0x00, 0x00, 0x00, 0xe0, 0x07, 0x00, 0x00, 0x00, 0x00, 0xcc, 0x01, 0x00
    , 0x00, 0x00, 0x00, 0xe4, 0x07, 0x00, 0x00, 0x00, 0x00, 0xff, 0x01, 0x00
    , 0x00, 0x00, 0x00, 0xb0, 0x0a, 0x00, 0x00, 0x00, 0x00, 0x00, 0x01, 0x00
    , 0x00, 0x00, 0x00, 0xcc, 0x08, 0x00, 0x00, 0x00, 0x00, 0xff, 0x01, 0x00
    , 0x00, 0x00, 0x00, 0xcc, 0x09, 0x00, 0x00, 0x00, 0x00, 0x00, 0x01, 0x00
    , 0x00, 0x00, 0x00, 0x09, 0x01, 0x00, 0x00, 0x00, 0x00, 0xf1, 0x01, 0x00
    , 0x00, 0x00, 0x00, 0x2f, 0x07, 0x00, 0x00, 0x00, 0x00, 0x00, 0x01, 0x00
    , 0x00, 0x00, 0x00, 0x47, 0x07, 0x00, 0x00, 0x00, 0x00, 0xff, 0x01, 0x00
    , 0x00, 0x00, 0x00, 0xf9, 0x01, 0x00, 0x00, 0x00, 0x00, 0x14, 0x09, 0x00
    , 0x00, 0x00, 0x00, 0x00, 0x01, 0x00, 0x00, 0x00, 0x00, 0xcc, 0x08, 0x00
    , 0x00, 0x00, 0x00, 0xff, 0x01, 0x00, 0x00, 0x00, 0x00, 0xcc, 0x09, 0x00
    , 0x00, 0x00, 0x00, 0x00, 0x01, 0x00, 0x00, 0x00, 0x00, 0x5a, 0x01, 0x00
    , 0x00, 0x00, 0x00, 0xd2, 0x08, 0x00, 0x00, 0x00, 0x00, 0x00, 0x01, 0x00
    , 0x00, 0x00, 0x00, 0x03, 0x01, 0x00, 0x00, 0x00, 0x00, 0xeb, 0x07, 0x00
    , 0x00, 0x00, 0x00, 0xff, 0x01, 0x00, 0x00, 0x00, 0x00, 0x6d, 0x09, 0x00
    , 0x00, 0x00, 0x00, 0x00, 0x01, 0x00, 0x00, 0x00, 0x00, 0xcc, 0x08, 0x00
    , 0x00, 0x00, 0x00, 0xff, 0x01, 0x00, 0x00, 0x00, 0x00, 0xcc, 0x09, 0x00
    , 0x00, 0x00, 0x00, 0x00, 0x01, 0x00, 0x00, 0x00, 0x00, 0xb9, 0x01, 0x00
    , 0x00, 0x00, 0x00, 0x76, 0x09, 0x00, 0x00, 0x00, 0x00, 0x00, 0x01, 0x00
    , 0x00, 0x00, 0x00, 0x99, 0x07, 0x00, 0x00, 0x00, 0x00, 0xff, 0x01, 0x00
    , 0x00, 0x00, 0x00, 0xcb, 0x09, 0x00, 0x00, 0x00, 0x00, 0x00, 0x01, 0x00
    , 0x00, 0x00, 0x00, 0xcc, 0x08, 0x00, 0x00, 0x00, 0x00, 0xff, 0x01, 0x00
    , 0x00, 0x00, 0x00, 0xcc, 0x08, 0x00, 0x00, 0x00, 0x00, 0x00, 0x01, 0x00
    , 0x00, 0x00, 0x00, 0x1b, 0x01, 0x00, 0x00, 0x00, 0x00, 0xfa, 0x01, 0x00
    , 0x00, 0x00, 0x00, 0x1b, 0x09, 0x00, 0x00, 0x00, 0x00, 0x00, 0x01, 0x00
    , 0x00, 0x00, 0x00, 0x42, 0x07, 0x00, 0x00, 0x00, 0x00, 0xff, 0x01, 0x00
    , 0x00, 0x00, 0x00, 0xfe, 0x01, 0x00, 0x00, 0x00, 0x00, 0x2a, 0x08, 0x00
    , 0x00, 0x00, 0x00, 0x00, 0x01, 0x00, 0x00, 0x00, 0x00, 0xcc, 0x08, 0x00
    , 0x00, 0x00, 0x00, 0xff, 0x01, 0x00, 0x00, 0x00, 0x00, 0xcc, 0x08, 0x00
    , 0x00, 0x00, 0x00, 0x00, 0x01, 0x00, 0x00, 0x00, 0x00, 0x77, 0x01, 0x00
    , 0x00, 0x00, 0x00, 0xbe, 0x0a, 0x00, 0x00, 0x00, 0x00, 0x00, 0x01, 0x00
    , 0x00, 0x00, 0x00, 0x02, 0x01, 0x00, 0x00, 0x00, 0x00, 0xe8, 0x07, 0x00
    , 0x00, 0x00, 0x00, 0xff, 0x01, 0x00, 0x00, 0x00, 0x00, 0x88, 0x08, 0x00
    , 0x00, 0x00, 0x00, 0x00, 0x01, 0x00, 0x00, 0x00, 0x00, 0xcc, 0x08, 0x00
    , 0x00, 0x00, 0x00, 0xff, 0x01, 0x00, 0x00, 0x00, 0x00, 0xcc, 0x08, 0x00
    , 0x00, 0x00, 0x00, 0x00, 0x01, 0x00, 0x00, 0x00, 0x00, 0xd6, 0x01, 0x00
    , 0x00, 0x00, 0x00, 0x61, 0x0b, 0x00, 0x00, 0x00, 0x00, 0x00, 0x01, 0x00
    , 0x00, 0x00, 0x00, 0x94, 0x07, 0x00, 0x00, 0x00, 0x00, 0xff, 0x01, 0x00
    , 0x00, 0x00, 0x00, 0xe4, 0x01, 0x00, 0x00, 0x00, 0x00, 0x01, 0x07, 0x00
    , 0x00, 0x00, 0x00, 0x00, 0x01, 0x00, 0x00, 0x00, 0x00, 0xcc, 0x08, 0x00
    , 0x00, 0x00, 0x00, 0xff, 0x01, 0x00, 0x00, 0x00, 0x00, 0xcc, 0x07, 0x00
    , 0x00, 0x00, 0x00, 0x00, 0x01, 0x00, 0x00, 0x00, 0x00, 0x35, 0x01, 0x00
    , 0x00, 0x00, 0x00, 0xf6, 0x01, 0x00, 0x00, 0x00, 0x00, 0x0d, 0x0b, 0x00
    , 0x00, 0x00, 0x00, 0x00, 0x01, 0x00, 0x00, 0x00, 0x00, 0x3d, 0x08, 0x00
    , 0x00, 0x00, 0x00, 0xff, 0x01, 0x00, 0x00, 0x00, 0x00, 0x45, 0x07, 0x00
    , 0x00, 0x00, 0x00, 0x00, 0x01, 0x00, 0x00, 0x00, 0x00, 0xcc, 0x08, 0x00
    , 0x00, 0x00, 0x00, 0xff, 0x01, 0x00, 0x00, 0x00, 0x00, 0xcc, 0x07, 0x00
    , 0x00, 0x00, 0x00, 0x00, 0x01, 0x00, 0x00, 0x00, 0x00, 0x94, 0x01, 0x00
    , 0x00, 0x00, 0x00, 0xa9, 0x0c, 0x00, 0x00, 0x00, 0x00, 0x00, 0x01, 0x00
    , 0x00, 0x00, 0x00, 0x01, 0x01, 0x00, 0x00, 0x00, 0x00, 0xe4, 0x07, 0x00
    , 0x00, 0x00, 0x00, 0xff, 0x01, 0x00, 0x00, 0x00, 0x00, 0xa3, 0x07, 0x00
    , 0x00, 0x00, 0x00, 0x00, 0x01, 0x00, 0x00, 0x00, 0x00, 0xcc, 0x08, 0x00
    , 0x00, 0x00, 0x00, 0xff, 0x01, 0x00, 0x00, 0x00, 0x00, 0xcc, 0x05, 0x00
    , 0x00, 0x00, 0x00, 0x00, 0x01, 0x00, 0x00, 0x00, 0x00, 0x45, 0x01, 0x00
    , 0x00, 0x00, 0x00, 0x60, 0x01, 0x00, 0x00, 0x00, 0x00, 0xec, 0x01, 0x00
    , 0x00, 0x00, 0x00, 0x9b, 0x01, 0x00, 0x00, 0x00, 0x00, 0x60, 0x01, 0x00
    , 0x00, 0x00, 0x00, 0x5f, 0x01, 0x00, 0x00, 0x00, 0x00, 0x14, 0x07, 0x00
    , 0x00, 0x00, 0x00, 0x00, 0x01, 0x00, 0x00, 0x00, 0x00, 0x12, 0x02, 0x00
    , 0x00, 0x00, 0x00, 0x60, 0x01, 0x00, 0x00, 0x00, 0x00, 0xc3, 0x07, 0x00
    , 0x00, 0x00, 0x00, 0xff, 0x01, 0x00, 0x00, 0x00, 0x00, 0xf4, 0x01, 0x00
    , 0x00, 0x00, 0x00, 0x61, 0x01, 0x00, 0x00, 0x00, 0x00, 0x4d, 0x05, 0x00
    , 0x00, 0x00, 0x00, 0x00, 0x01, 0x00, 0x00, 0x00, 0x00, 0xcc, 0x08, 0x00
    , 0x00, 0x00, 0x00, 0xff, 0x01, 0x00, 0x00, 0x00, 0x00, 0xcc, 0x05, 0x00
    , 0x00, 0x00, 0x00, 0x00, 0x01, 0x00, 0x00, 0x00, 0x00, 0x4c, 0x04, 0x00
    , 0x00, 0x00, 0x00, 0x65, 0x01, 0x00, 0x00, 0x00, 0x00, 0x64, 0x01, 0x00
    , 0x00, 0x00, 0x00, 0x0f, 0x07, 0x00, 0x00, 0x00, 0x00, 0x00, 0x01, 0x00
    , 0x00, 0x00, 0x00, 0x16, 0x0c, 0x00, 0x00, 0x00, 0x00, 0x65, 0x01, 0x00
    , 0x00, 0x00, 0x00, 0x4c, 0x05, 0x00, 0x00, 0x00, 0x00, 0x00, 0x01, 0x00
    , 0x00, 0x00, 0x00, 0xcc, 0x08, 0x00, 0x00, 0x00, 0x00, 0xff, 0x01, 0x00
    , 0x00, 0x00, 0x00, 0xcc, 0x26, 0x00, 0x00, 0x00, 0x00, 0x00, 0x01, 0x00
    , 0x00, 0x00, 0x00, 0xcc, 0x08, 0x00, 0x00, 0x00, 0x00, 0xff, 0x01, 0x00
    , 0x00, 0x00, 0x00, 0xcc, 0x26, 0x00, 0x00, 0x00, 0x00, 0x00, 0x01, 0x00
    , 0x00, 0x00, 0x00, 0xcc, 0x08, 0x00, 0x00, 0x00, 0x00, 0xff, 0x01, 0x00
    , 0x00, 0x00, 0x00, 0xcc, 0x26, 0x00, 0x00, 0x00, 0x00, 0x00, 0x01, 0x00
    , 0x00, 0x00, 0x00, 0xcc, 0x08, 0x00, 0x00, 0x00, 0x00, 0xff, 0x01, 0x00
    , 0x00, 0x00, 0x00, 0xcc, 0x26, 0x00, 0x00, 0x00, 0x00, 0x00, 0x01, 0x00
    , 0x00, 0x00, 0x00, 0xcc, 0x04, 0x00, 0x00, 0x00, 0x00, 0xff, 0x01, 0x00
    , 0x00, 0x00, 0x00, 0xf0, 0x03, 0x00, 0x00, 0x00, 0x00, 0xff, 0x01, 0x00
    , 0x00, 0x00, 0x00, 0xf5, 0x26, 0x00, 0x00, 0x00, 0x00, 0xcc, 0x01, 0x00
    , 0x00, 0x00, 0x00, 0xf5, 0x03, 0x00, 0x00, 0x00, 0x00, 0xff, 0x01, 0x00
    , 0x00, 0x00, 0x00, 0xef, 0x01, 0x00, 0x00, 0x00, 0x00, 0xc0, 0x2e, 0x00
    , 0x00, 0x00, 0x00, 0xff, 0x01, 0x00, 0x00, 0x00, 0x00, 0xbf, 0x01, 0x00
    , 0x00, 0x00, 0x00, 0x55, 0x2e, 0x00, 0x00, 0x00, 0x00, 0xff, 0x01, 0x00
    , 0x00, 0x00, 0x00, 0x55, 0x01, 0x00, 0x00, 0x00, 0x00, 0x00, 0x01, 0x00
    , 0x00, 0x00, 0x00, 0x96, 0x2c, 0x00, 0x00, 0x00, 0x00, 0xff, 0x01, 0x00
    , 0x00, 0x00, 0x00, 0x95, 0x03, 0x00, 0x00, 0x00, 0x00, 0x00, 0x01, 0x00
    , 0x00, 0x00, 0x00, 0x55, 0x01, 0x00, 0x00, 0x00, 0x00, 0xbf, 0x01, 0x00
    , 0x00, 0x00, 0x00, 0xef, 0x26, 0x00, 0x00, 0x00, 0x00, 0xff, 0x01, 0x00
    , 0x00, 0x00, 0x00, 0xef, 0x01, 0x00, 0x00, 0x00, 0x00, 0xbf, 0x01, 0x00
    , 0x00, 0x00, 0x00, 0x55, 0x02, 0x00, 0x00, 0x00, 0x00, 0x00
};

inline Upp::Image ICON_EDITOR_SERIF_48()
{
    return Upp::UiMakeIcon(DATA_EDITOR_SERIF_48);
}

// Category: editor | Type: Outlined | Icon: table | Size: 48x48 | Format: UiMakeIcon RLE
static const unsigned char DATA_EDITOR_TABLE_48[] = {
    0x30, 0x80, 0x30, 0x00, 0x02, 0x00, 0x00, 0x00, 0x00, 0x00, 0x01, 0x00
    , 0x00, 0x00, 0x00, 0x20, 0x01, 0x00, 0x00, 0x00, 0x00, 0xa1, 0x01, 0x00
    , 0x00, 0x00, 0x00, 0xd7, 0x01, 0x00, 0x00, 0x00, 0x00, 0xfd, 0x24, 0x00
    , 0x00, 0x00, 0x00, 0xff, 0x01, 0x00, 0x00, 0x00, 0x00, 0xfd, 0x01, 0x00
    , 0x00, 0x00, 0x00, 0xd7, 0x01, 0x00, 0x00, 0x00, 0x00, 0xa0, 0x01, 0x00
    , 0x00, 0x00, 0x00, 0x1f, 0x03, 0x00, 0x00, 0x00, 0x00, 0x00, 0x01, 0x00
    , 0x00, 0x00, 0x00, 0x51, 0x01, 0x00, 0x00, 0x00, 0x00, 0xf2, 0x2a, 0x00
    , 0x00, 0x00, 0x00, 0xff, 0x01, 0x00, 0x00, 0x00, 0x00, 0xf2, 0x01, 0x00
    , 0x00, 0x00, 0x00, 0x50, 0x01, 0x00, 0x00, 0x00, 0x00, 0x00, 0x01, 0x00
    , 0x00, 0x00, 0x00, 0x1f, 0x01, 0x00, 0x00, 0x00, 0x00, 0xf2, 0x2c, 0x00
    , 0x00, 0x00, 0x00, 0xff, 0x01, 0x00, 0x00, 0x00, 0x00, 0xf2, 0x01, 0x00
    , 0x00, 0x00, 0x00, 0x1f, 0x01, 0x00, 0x00, 0x00, 0x00, 0xa0, 0x2e, 0x00
    , 0x00, 0x00, 0x00, 0xff, 0x01, 0x00, 0x00, 0x00, 0x00, 0xa0, 0x01, 0x00
    , 0x00, 0x00, 0x00, 0xd7, 0x2e, 0x00, 0x00, 0x00, 0x00, 0xff, 0x01, 0x00
    , 0x00, 0x00, 0x00, 0xd6, 0x01, 0x00, 0x00, 0x00, 0x00, 0xfd, 0x04, 0x00
    , 0x00, 0x00, 0x00, 0xff, 0x01, 0x00, 0x00, 0x00, 0x00, 0x8d, 0x24, 0x00
    , 0x00, 0x00, 0x00, 0x54, 0x01, 0x00, 0x00, 0x00, 0x00, 0x8d, 0x04, 0x00
    , 0x00, 0x00, 0x00, 0xff, 0x01, 0x00, 0x00, 0x00, 0x00, 0xfd, 0x05, 0x00
    , 0x00, 0x00, 0x00, 0xff, 0x01, 0x00, 0x00, 0x00, 0x00, 0x54, 0x24, 0x00
    , 0x00, 0x00, 0x00, 0x00, 0x01, 0x00, 0x00, 0x00, 0x00, 0x54, 0x0a, 0x00
    , 0x00, 0x00, 0x00, 0xff, 0x01, 0x00, 0x00, 0x00, 0x00, 0x54, 0x24, 0x00
    , 0x00, 0x00, 0x00, 0x00, 0x01, 0x00, 0x00, 0x00, 0x00, 0x54, 0x0a, 0x00
    , 0x00, 0x00, 0x00, 0xff, 0x01, 0x00, 0x00, 0x00, 0x00, 0x54, 0x24, 0x00
    , 0x00, 0x00, 0x00, 0x00, 0x01, 0x00, 0x00, 0x00, 0x00, 0x54, 0x0a, 0x00
    , 0x00, 0x00, 0x00, 0xff, 0x01, 0x00, 0x00, 0x00, 0x00, 0x54, 0x24, 0x00
    , 0x00, 0x00, 0x00, 0x00, 0x01, 0x00, 0x00, 0x00, 0x00, 0x54, 0x0a, 0x00
    , 0x00, 0x00, 0x00, 0xff, 0x01, 0x00, 0x00, 0x00, 0x00, 0x8d, 0x24, 0x00
    , 0x00, 0x00, 0x00, 0x54, 0x01, 0x00, 0x00, 0x00, 0x00, 0x8d, 0xfa, 0x00
    , 0x00, 0x00, 0x00, 0xff, 0x01, 0x00, 0x00, 0x00, 0x00, 0x54, 0x0f, 0x00
    , 0x00, 0x00, 0x00, 0x00, 0x01, 0x00, 0x00, 0x00, 0x00, 0xaa, 0x04, 0x00
    , 0x00, 0x00, 0x00, 0xff, 0x01, 0x00, 0x00, 0x00, 0x00, 0xaa, 0x0f, 0x00
    , 0x00, 0x00, 0x00, 0x00, 0x01, 0x00, 0x00, 0x00, 0x00, 0x54, 0x0a, 0x00
    , 0x00, 0x00, 0x00, 0xff, 0x01, 0x00, 0x00, 0x00, 0x00, 0x54, 0x0f, 0x00
    , 0x00, 0x00, 0x00, 0x00, 0x01, 0x00, 0x00, 0x00, 0x00, 0xaa, 0x04, 0x00
    , 0x00, 0x00, 0x00, 0xff, 0x01, 0x00, 0x00, 0x00, 0x00, 0xaa, 0x0f, 0x00
    , 0x00, 0x00, 0x00, 0x00, 0x01, 0x00, 0x00, 0x00, 0x00, 0x54, 0x0a, 0x00
    , 0x00, 0x00, 0x00, 0xff, 0x01, 0x00, 0x00, 0x00, 0x00, 0x54, 0x0f, 0x00
    , 0x00, 0x00, 0x00, 0x00, 0x01, 0x00, 0x00, 0x00, 0x00, 0xaa, 0x04, 0x00
    , 0x00, 0x00, 0x00, 0xff, 0x01, 0x00, 0x00, 0x00, 0x00, 0xaa, 0x0f, 0x00
    , 0x00, 0x00, 0x00, 0x00, 0x01, 0x00, 0x00, 0x00, 0x00, 0x54, 0x0a, 0x00
    , 0x00, 0x00, 0x00, 0xff, 0x01, 0x00, 0x00, 0x00, 0x00, 0x54, 0x0f, 0x00
    , 0x00, 0x00, 0x00, 0x00, 0x01, 0x00, 0x00, 0x00, 0x00, 0xaa, 0x04, 0x00
    , 0x00, 0x00, 0x00, 0xff, 0x01, 0x00, 0x00, 0x00, 0x00, 0xaa, 0x0f, 0x00
    , 0x00, 0x00, 0x00, 0x00, 0x01, 0x00, 0x00, 0x00, 0x00, 0x54, 0x0a, 0x00
    , 0x00, 0x00, 0x00, 0xff, 0x01, 0x00, 0x00, 0x00, 0x00, 0x54, 0x0f, 0x00
    , 0x00, 0x00, 0x00, 0x00, 0x01, 0x00, 0x00, 0x00, 0x00, 0xaa, 0x04, 0x00
    , 0x00, 0x00, 0x00, 0xff, 0x01, 0x00, 0x00, 0x00, 0x00, 0xaa, 0x0f, 0x00
    , 0x00, 0x00, 0x00, 0x00, 0x01, 0x00, 0x00, 0x00, 0x00, 0x54, 0x0a, 0x00
    , 0x00, 0x00, 0x00, 0xff, 0x01, 0x00, 0x00, 0x00, 0x00, 0x54, 0x0f, 0x00
    , 0x00, 0x00, 0x00, 0x00, 0x01, 0x00, 0x00, 0x00, 0x00, 0xaa, 0x04, 0x00
    , 0x00, 0x00, 0x00, 0xff, 0x01, 0x00, 0x00, 0x00, 0x00, 0xaa, 0x0f, 0x00
    , 0x00, 0x00, 0x00, 0x00, 0x01, 0x00, 0x00, 0x00, 0x00, 0x54, 0x0a, 0x00
    , 0x00, 0x00, 0x00, 0xff, 0x01, 0x00, 0x00, 0x00, 0x00, 0x54, 0x0f, 0x00
    , 0x00, 0x00, 0x00, 0x00, 0x01, 0x00, 0x00, 0x00, 0x00, 0xaa, 0x04, 0x00
    , 0x00, 0x00, 0x00, 0xff, 0x01, 0x00, 0x00, 0x00, 0x00, 0xaa, 0x0f, 0x00
    , 0x00, 0x00, 0x00, 0x00, 0x01, 0x00, 0x00, 0x00, 0x00, 0x54, 0x0a, 0x00
    , 0x00, 0x00, 0x00, 0xff, 0x01, 0x00, 0x00, 0x00, 0x00, 0x54, 0x0f, 0x00
    , 0x00, 0x00, 0x00, 0x00, 0x01, 0x00, 0x00, 0x00, 0x00, 0xaa, 0x04, 0x00
    , 0x00, 0x00, 0x00, 0xff, 0x01, 0x00, 0x00, 0x00, 0x00, 0xaa, 0x0f, 0x00
    , 0x00, 0x00, 0x00, 0x00, 0x01, 0x00, 0x00, 0x00, 0x00, 0x54, 0x0a, 0x00
    , 0x00, 0x00, 0x00, 0xff, 0x01, 0x00, 0x00, 0x00, 0x00, 0x54, 0x0f, 0x00
    , 0x00, 0x00, 0x00, 0x00, 0x01, 0x00, 0x00, 0x00, 0x00, 0xaa, 0x04, 0x00
    , 0x00, 0x00, 0x00, 0xff, 0x01, 0x00, 0x00, 0x00, 0x00, 0xaa, 0x0f, 0x00
    , 0x00, 0x00, 0x00, 0x00, 0x01, 0x00, 0x00, 0x00, 0x00, 0x54, 0x0a, 0x00
    , 0x00, 0x00, 0x00, 0xff, 0x01, 0x00, 0x00, 0x00, 0x00, 0x54, 0x0f, 0x00
    , 0x00, 0x00, 0x00, 0x00, 0x01, 0x00, 0x00, 0x00, 0x00, 0xaa, 0x04, 0x00
    , 0x00, 0x00, 0x00, 0xff, 0x01, 0x00, 0x00, 0x00, 0x00, 0xaa, 0x0f, 0x00
    , 0x00, 0x00, 0x00, 0x00, 0x01, 0x00, 0x00, 0x00, 0x00, 0x54, 0x0a, 0x00
    , 0x00, 0x00, 0x00, 0xff, 0x01, 0x00, 0x00, 0x00, 0x00, 0x8d, 0x0f, 0x00
    , 0x00, 0x00, 0x00, 0x54, 0x01, 0x00, 0x00, 0x00, 0x00, 0xc7, 0x04, 0x00
    , 0x00, 0x00, 0x00, 0xff, 0x01, 0x00, 0x00, 0x00, 0x00, 0xc7, 0x0f, 0x00
    , 0x00, 0x00, 0x00, 0x54, 0x01, 0x00, 0x00, 0x00, 0x00, 0x8d, 0xfa, 0x00
    , 0x00, 0x00, 0x00, 0xff, 0x01, 0x00, 0x00, 0x00, 0x00, 0x54, 0x0f, 0x00
    , 0x00, 0x00, 0x00, 0x00, 0x01, 0x00, 0x00, 0x00, 0x00, 0xaa, 0x04, 0x00
    , 0x00, 0x00, 0x00, 0xff, 0x01, 0x00, 0x00, 0x00, 0x00, 0xaa, 0x0f, 0x00
    , 0x00, 0x00, 0x00, 0x00, 0x01, 0x00, 0x00, 0x00, 0x00, 0x54, 0x0a, 0x00
    , 0x00, 0x00, 0x00, 0xff, 0x01, 0x00, 0x00, 0x00, 0x00, 0x54, 0x0f, 0x00
    , 0x00, 0x00, 0x00, 0x00, 0x01, 0x00, 0x00, 0x00, 0x00, 0xaa, 0x04, 0x00
    , 0x00, 0x00, 0x00, 0xff, 0x01, 0x00, 0x00, 0x00, 0x00, 0xaa, 0x0f, 0x00
    , 0x00, 0x00, 0x00, 0x00, 0x01, 0x00, 0x00, 0x00, 0x00, 0x54, 0x0a, 0x00
    , 0x00, 0x00, 0x00, 0xff, 0x01, 0x00, 0x00, 0x00, 0x00, 0x54, 0x0f, 0x00
    , 0x00, 0x00, 0x00, 0x00, 0x01, 0x00, 0x00, 0x00, 0x00, 0xaa, 0x04, 0x00
    , 0x00, 0x00, 0x00, 0xff, 0x01, 0x00, 0x00, 0x00, 0x00, 0xaa, 0x0f, 0x00
    , 0x00, 0x00, 0x00, 0x00, 0x01, 0x00, 0x00, 0x00, 0x00, 0x54, 0x0a, 0x00
    , 0x00, 0x00, 0x00, 0xff, 0x01, 0x00, 0x00, 0x00, 0x00, 0x54, 0x0f, 0x00
    , 0x00, 0x00, 0x00, 0x00, 0x01, 0x00, 0x00, 0x00, 0x00, 0xaa, 0x04, 0x00
    , 0x00, 0x00, 0x00, 0xff, 0x01, 0x00, 0x00, 0x00, 0x00, 0xaa, 0x0f, 0x00
    , 0x00, 0x00, 0x00, 0x00, 0x01, 0x00, 0x00, 0x00, 0x00, 0x54, 0x0a, 0x00
    , 0x00, 0x00, 0x00, 0xff, 0x01, 0x00, 0x00, 0x00, 0x00, 0x54, 0x0f, 0x00
    , 0x00, 0x00, 0x00, 0x00, 0x01, 0x00, 0x00, 0x00, 0x00, 0xaa, 0x04, 0x00
    , 0x00, 0x00, 0x00, 0xff, 0x01, 0x00, 0x00, 0x00, 0x00, 0xaa, 0x0f, 0x00
    , 0x00, 0x00, 0x00, 0x00, 0x01, 0x00, 0x00, 0x00, 0x00, 0x54, 0x0a, 0x00
    , 0x00, 0x00, 0x00, 0xff, 0x01, 0x00, 0x00, 0x00, 0x00, 0x54, 0x0f, 0x00
    , 0x00, 0x00, 0x00, 0x00, 0x01, 0x00, 0x00, 0x00, 0x00, 0xaa, 0x04, 0x00
    , 0x00, 0x00, 0x00, 0xff, 0x01, 0x00, 0x00, 0x00, 0x00, 0xaa, 0x0f, 0x00
    , 0x00, 0x00, 0x00, 0x00, 0x01, 0x00, 0x00, 0x00, 0x00, 0x54, 0x0a, 0x00
    , 0x00, 0x00, 0x00, 0xff, 0x01, 0x00, 0x00, 0x00, 0x00, 0x54, 0x0f, 0x00
    , 0x00, 0x00, 0x00, 0x00, 0x01, 0x00, 0x00, 0x00, 0x00, 0xaa, 0x04, 0x00
    , 0x00, 0x00, 0x00, 0xff, 0x01, 0x00, 0x00, 0x00, 0x00, 0xaa, 0x0f, 0x00
    , 0x00, 0x00, 0x00, 0x00, 0x01, 0x00, 0x00, 0x00, 0x00, 0x54, 0x0a, 0x00
    , 0x00, 0x00, 0x00, 0xff, 0x01, 0x00, 0x00, 0x00, 0x00, 0x54, 0x0f, 0x00
    , 0x00, 0x00, 0x00, 0x00, 0x01, 0x00, 0x00, 0x00, 0x00, 0xaa, 0x04, 0x00
    , 0x00, 0x00, 0x00, 0xff, 0x01, 0x00, 0x00, 0x00, 0x00, 0xaa, 0x0f, 0x00
    , 0x00, 0x00, 0x00, 0x00, 0x01, 0x00, 0x00, 0x00, 0x00, 0x54, 0x0a, 0x00
    , 0x00, 0x00, 0x00, 0xff, 0x01, 0x00, 0x00, 0x00, 0x00, 0x54, 0x0f, 0x00
    , 0x00, 0x00, 0x00, 0x00, 0x01, 0x00, 0x00, 0x00, 0x00, 0xaa, 0x04, 0x00
    , 0x00, 0x00, 0x00, 0xff, 0x01, 0x00, 0x00, 0x00, 0x00, 0xaa, 0x0f, 0x00
    , 0x00, 0x00, 0x00, 0x00, 0x01, 0x00, 0x00, 0x00, 0x00, 0x54, 0x0a, 0x00
    , 0x00, 0x00, 0x00, 0xff, 0x01, 0x00, 0x00, 0x00, 0x00, 0x54, 0x0f, 0x00
    , 0x00, 0x00, 0x00, 0x00, 0x01, 0x00, 0x00, 0x00, 0x00, 0xaa, 0x04, 0x00
    , 0x00, 0x00, 0x00, 0xff, 0x01, 0x00, 0x00, 0x00, 0x00, 0xaa, 0x0f, 0x00
    , 0x00, 0x00, 0x00, 0x00, 0x01, 0x00, 0x00, 0x00, 0x00, 0x54, 0x05, 0x00
    , 0x00, 0x00, 0x00, 0xff, 0x01, 0x00, 0x00, 0x00, 0x00, 0xfd, 0x04, 0x00
    , 0x00, 0x00, 0x00, 0xff, 0x01, 0x00, 0x00, 0x00, 0x00, 0x8d, 0x0f, 0x00
    , 0x00, 0x00, 0x00, 0x54, 0x01, 0x00, 0x00, 0x00, 0x00, 0xc7, 0x04, 0x00
    , 0x00, 0x00, 0x00, 0xff, 0x01, 0x00, 0x00, 0x00, 0x00, 0xc7, 0x0f, 0x00
    , 0x00, 0x00, 0x00, 0x54, 0x01, 0x00, 0x00, 0x00, 0x00, 0x8d, 0x04, 0x00
    , 0x00, 0x00, 0x00, 0xff, 0x01, 0x00, 0x00, 0x00, 0x00, 0xfd, 0x01, 0x00
    , 0x00, 0x00, 0x00, 0xd7, 0x2e, 0x00, 0x00, 0x00, 0x00, 0xff, 0x01, 0x00
    , 0x00, 0x00, 0x00, 0xd6, 0x01, 0x00, 0x00, 0x00, 0x00, 0xa0, 0x2e, 0x00
    , 0x00, 0x00, 0x00, 0xff, 0x01, 0x00, 0x00, 0x00, 0x00, 0xa0, 0x01, 0x00
    , 0x00, 0x00, 0x00, 0x1f, 0x01, 0x00, 0x00, 0x00, 0x00, 0xf2, 0x2c, 0x00
    , 0x00, 0x00, 0x00, 0xff, 0x01, 0x00, 0x00, 0x00, 0x00, 0xf1, 0x01, 0x00
    , 0x00, 0x00, 0x00, 0x1f, 0x01, 0x00, 0x00, 0x00, 0x00, 0x00, 0x01, 0x00
    , 0x00, 0x00, 0x00, 0x50, 0x01, 0x00, 0x00, 0x00, 0x00, 0xf2, 0x2a, 0x00
    , 0x00, 0x00, 0x00, 0xff, 0x01, 0x00, 0x00, 0x00, 0x00, 0xf2, 0x01, 0x00
    , 0x00, 0x00, 0x00, 0x50, 0x03, 0x00, 0x00, 0x00, 0x00, 0x00, 0x01, 0x00
    , 0x00, 0x00, 0x00, 0x1f, 0x01, 0x00, 0x00, 0x00, 0x00, 0xa0, 0x01, 0x00
    , 0x00, 0x00, 0x00, 0xd6, 0x01, 0x00, 0x00, 0x00, 0x00, 0xfd, 0x24, 0x00
    , 0x00, 0x00, 0x00, 0xff, 0x01, 0x00, 0x00, 0x00, 0x00, 0xfd, 0x01, 0x00
    , 0x00, 0x00, 0x00, 0xd6, 0x01, 0x00, 0x00, 0x00, 0x00, 0xa0, 0x01, 0x00
    , 0x00, 0x00, 0x00, 0x1f, 0x02, 0x00, 0x00, 0x00, 0x00, 0x00
};

inline Upp::Image ICON_EDITOR_TABLE_48()
{
    return Upp::UiMakeIcon(DATA_EDITOR_TABLE_48);
}

// Category: editor | Type: Outlined | Icon: titlecase | Size: 48x48 | Format: UiMakeIcon RLE
static const unsigned char DATA_EDITOR_TITLECASE_48[] = {
    0x30, 0x80, 0x30, 0x00, 0x91, 0x00, 0x00, 0x00, 0x00, 0x00, 0x01, 0x00
    , 0x00, 0x00, 0x00, 0x2e, 0x01, 0x00, 0x00, 0x00, 0x00, 0x85, 0x17, 0x00
    , 0x00, 0x00, 0x00, 0x9f, 0x01, 0x00, 0x00, 0x00, 0x00, 0x84, 0x01, 0x00
    , 0x00, 0x00, 0x00, 0x28, 0x14, 0x00, 0x00, 0x00, 0x00, 0x00, 0x01, 0x00
    , 0x00, 0x00, 0x00, 0x4d, 0x01, 0x00, 0x00, 0x00, 0x00, 0xfb, 0x19, 0x00
    , 0x00, 0x00, 0x00, 0xff, 0x01, 0x00, 0x00, 0x00, 0x00, 0xf8, 0x01, 0x00
    , 0x00, 0x00, 0x00, 0x39, 0x13, 0x00, 0x00, 0x00, 0x00, 0x00, 0x01, 0x00
    , 0x00, 0x00, 0x00, 0xd4, 0x1b, 0x00, 0x00, 0x00, 0x00, 0xff, 0x01, 0x00
    , 0x00, 0x00, 0x00, 0xb6, 0x13, 0x00, 0x00, 0x00, 0x00, 0x00, 0x01, 0x00
    , 0x00, 0x00, 0x00, 0xf3, 0x1b, 0x00, 0x00, 0x00, 0x00, 0xff, 0x01, 0x00
    , 0x00, 0x00, 0x00, 0xd3, 0x08, 0x00, 0x00, 0x00, 0x00, 0x00, 0x01, 0x00
    , 0x00, 0x00, 0x00, 0x18, 0x01, 0x00, 0x00, 0x00, 0x00, 0x09, 0x09, 0x00
    , 0x00, 0x00, 0x00, 0x00, 0x01, 0x00, 0x00, 0x00, 0x00, 0xbe, 0x1b, 0x00
    , 0x00, 0x00, 0x00, 0xff, 0x01, 0x00, 0x00, 0x00, 0x00, 0xa1, 0x06, 0x00
    , 0x00, 0x00, 0x00, 0x00, 0x01, 0x00, 0x00, 0x00, 0x00, 0x32, 0x01, 0x00
    , 0x00, 0x00, 0x00, 0xd7, 0x01, 0x00, 0x00, 0x00, 0x00, 0xff, 0x01, 0x00
    , 0x00, 0x00, 0x00, 0xfc, 0x01, 0x00, 0x00, 0x00, 0x00, 0x97, 0x01, 0x00
    , 0x00, 0x00, 0x00, 0x04, 0x07, 0x00, 0x00, 0x00, 0x00, 0x00, 0x01, 0x00
    , 0x00, 0x00, 0x00, 0x29, 0x01, 0x00, 0x00, 0x00, 0x00, 0xdf, 0x19, 0x00
    , 0x00, 0x00, 0x00, 0xff, 0x01, 0x00, 0x00, 0x00, 0x00, 0xd8, 0x01, 0x00
    , 0x00, 0x00, 0x00, 0x1b, 0x05, 0x00, 0x00, 0x00, 0x00, 0x00, 0x01, 0x00
    , 0x00, 0x00, 0x00, 0x09, 0x01, 0x00, 0x00, 0x00, 0x00, 0xe1, 0x04, 0x00
    , 0x00, 0x00, 0x00, 0xff, 0x01, 0x00, 0x00, 0x00, 0x00, 0x7a, 0x08, 0x00
    , 0x00, 0x00, 0x00, 0x00, 0x01, 0x00, 0x00, 0x00, 0x00, 0x0a, 0x01, 0x00
    , 0x00, 0x00, 0x00, 0x44, 0x08, 0x00, 0x00, 0x00, 0x00, 0x5f, 0x01, 0x00
    , 0x00, 0x00, 0x00, 0xd7, 0x05, 0x00, 0x00, 0x00, 0x00, 0xff, 0x01, 0x00
    , 0x00, 0x00, 0x00, 0xc3, 0x08, 0x00, 0x00, 0x00, 0x00, 0x5f, 0x01, 0x00
    , 0x00, 0x00, 0x00, 0x43, 0x01, 0x00, 0x00, 0x00, 0x00, 0x08, 0x06, 0x00
    , 0x00, 0x00, 0x00, 0x00, 0x01, 0x00, 0x00, 0x00, 0x00, 0x3b, 0x05, 0x00
    , 0x00, 0x00, 0x00, 0xff, 0x01, 0x00, 0x00, 0x00, 0x00, 0xca, 0x12, 0x00
    , 0x00, 0x00, 0x00, 0x00, 0x01, 0x00, 0x00, 0x00, 0x00, 0xbf, 0x05, 0x00
    , 0x00, 0x00, 0x00, 0xff, 0x01, 0x00, 0x00, 0x00, 0x00, 0x9f, 0x10, 0x00
    , 0x00, 0x00, 0x00, 0x00, 0x01, 0x00, 0x00, 0x00, 0x00, 0x4f, 0x05, 0x00
    , 0x00, 0x00, 0x00, 0xff, 0x01, 0x00, 0x00, 0x00, 0x00, 0xdf, 0x12, 0x00
    , 0x00, 0x00, 0x00, 0x00, 0x01, 0x00, 0x00, 0x00, 0x00, 0xbf, 0x05, 0x00
    , 0x00, 0x00, 0x00, 0xff, 0x01, 0x00, 0x00, 0x00, 0x00, 0x9f, 0x10, 0x00
    , 0x00, 0x00, 0x00, 0x00, 0x01, 0x00, 0x00, 0x00, 0x00, 0x4f, 0x05, 0x00
    , 0x00, 0x00, 0x00, 0xff, 0x01, 0x00, 0x00, 0x00, 0x00, 0xdf, 0x12, 0x00
    , 0x00, 0x00, 0x00, 0x00, 0x01, 0x00, 0x00, 0x00, 0x00, 0xbf, 0x05, 0x00
    , 0x00, 0x00, 0x00, 0xff, 0x01, 0x00, 0x00, 0x00, 0x00, 0x9f, 0x10, 0x00
    , 0x00, 0x00, 0x00, 0x00, 0x01, 0x00, 0x00, 0x00, 0x00, 0x4f, 0x05, 0x00
    , 0x00, 0x00, 0x00, 0xff, 0x01, 0x00, 0x00, 0x00, 0x00, 0xdf, 0x12, 0x00
    , 0x00, 0x00, 0x00, 0x00, 0x01, 0x00, 0x00, 0x00, 0x00, 0xbf, 0x05, 0x00
    , 0x00, 0x00, 0x00, 0xff, 0x01, 0x00, 0x00, 0x00, 0x00, 0x9f, 0x10, 0x00
    , 0x00, 0x00, 0x00, 0x00, 0x01, 0x00, 0x00, 0x00, 0x00, 0x4f, 0x05, 0x00
    , 0x00, 0x00, 0x00, 0xff, 0x01, 0x00, 0x00, 0x00, 0x00, 0xdf, 0x12, 0x00
    , 0x00, 0x00, 0x00, 0x00, 0x01, 0x00, 0x00, 0x00, 0x00, 0xbf, 0x05, 0x00
    , 0x00, 0x00, 0x00, 0xff, 0x01, 0x00, 0x00, 0x00, 0x00, 0x9f, 0x10, 0x00
    , 0x00, 0x00, 0x00, 0x00, 0x01, 0x00, 0x00, 0x00, 0x00, 0x4f, 0x05, 0x00
    , 0x00, 0x00, 0x00, 0xff, 0x01, 0x00, 0x00, 0x00, 0x00, 0xdf, 0x12, 0x00
    , 0x00, 0x00, 0x00, 0x00, 0x01, 0x00, 0x00, 0x00, 0x00, 0xbf, 0x05, 0x00
    , 0x00, 0x00, 0x00, 0xff, 0x01, 0x00, 0x00, 0x00, 0x00, 0x9f, 0x0c, 0x00
    , 0x00, 0x00, 0x00, 0x00, 0x01, 0x00, 0x00, 0x00, 0x00, 0x3e, 0x01, 0x00
    , 0x00, 0x00, 0x00, 0xd1, 0x01, 0x00, 0x00, 0x00, 0x00, 0xfd, 0x0c, 0x00
    , 0x00, 0x00, 0x00, 0xff, 0x01, 0x00, 0x00, 0x00, 0x00, 0xec, 0x01, 0x00
    , 0x00, 0x00, 0x00, 0x8c, 0x01, 0x00, 0x00, 0x00, 0x00, 0x04, 0x0b, 0x00
    , 0x00, 0x00, 0x00, 0x00, 0x01, 0x00, 0x00, 0x00, 0x00, 0xbf, 0x05, 0x00
    , 0x00, 0x00, 0x00, 0xff, 0x01, 0x00, 0x00, 0x00, 0x00, 0x9f, 0x0b, 0x00
    , 0x00, 0x00, 0x00, 0x00, 0x01, 0x00, 0x00, 0x00, 0x00, 0x17, 0x01, 0x00
    , 0x00, 0x00, 0x00, 0xf1, 0x10, 0x00, 0x00, 0x00, 0x00, 0xff, 0x01, 0x00
    , 0x00, 0x00, 0x00, 0x77, 0x0b, 0x00, 0x00, 0x00, 0x00, 0x00, 0x01, 0x00
    , 0x00, 0x00, 0x00, 0xbf, 0x05, 0x00, 0x00, 0x00, 0x00, 0xff, 0x01, 0x00
    , 0x00, 0x00, 0x00, 0x9f, 0x0b, 0x00, 0x00, 0x00, 0x00, 0x00, 0x01, 0x00
    , 0x00, 0x00, 0x00, 0x51, 0x11, 0x00, 0x00, 0x00, 0x00, 0xff, 0x01, 0x00
    , 0x00, 0x00, 0x00, 0xc1, 0x0b, 0x00, 0x00, 0x00, 0x00, 0x00, 0x01, 0x00
    , 0x00, 0x00, 0x00, 0xbf, 0x05, 0x00, 0x00, 0x00, 0x00, 0xff, 0x01, 0x00
    , 0x00, 0x00, 0x00, 0x9f, 0x0b, 0x00, 0x00, 0x00, 0x00, 0x00, 0x01, 0x00
    , 0x00, 0x00, 0x00, 0x36, 0x11, 0x00, 0x00, 0x00, 0x00, 0xff, 0x01, 0x00
    , 0x00, 0x00, 0x00, 0xa6, 0x0b, 0x00, 0x00, 0x00, 0x00, 0x00, 0x01, 0x00
    , 0x00, 0x00, 0x00, 0xbf, 0x05, 0x00, 0x00, 0x00, 0x00, 0xff, 0x01, 0x00
    , 0x00, 0x00, 0x00, 0x9f, 0x0c, 0x00, 0x00, 0x00, 0x00, 0x00, 0x01, 0x00
    , 0x00, 0x00, 0x00, 0x9f, 0x0f, 0x00, 0x00, 0x00, 0x00, 0xff, 0x01, 0x00
    , 0x00, 0x00, 0x00, 0xe8, 0x01, 0x00, 0x00, 0x00, 0x00, 0x26, 0x0b, 0x00
    , 0x00, 0x00, 0x00, 0x00, 0x01, 0x00, 0x00, 0x00, 0x00, 0xbf, 0x05, 0x00
    , 0x00, 0x00, 0x00, 0xff, 0x01, 0x00, 0x00, 0x00, 0x00, 0x9f, 0x0d, 0x00
    , 0x00, 0x00, 0x00, 0x00, 0x01, 0x00, 0x00, 0x00, 0x00, 0x40, 0x01, 0x00
    , 0x00, 0x00, 0x00, 0x6d, 0x01, 0x00, 0x00, 0x00, 0x00, 0x6f, 0x01, 0x00
    , 0x00, 0x00, 0x00, 0x9c, 0x05, 0x00, 0x00, 0x00, 0x00, 0xff, 0x01, 0x00
    , 0x00, 0x00, 0x00, 0xed, 0x04, 0x00, 0x00, 0x00, 0x00, 0x6f, 0x01, 0x00
    , 0x00, 0x00, 0x00, 0x5b, 0x01, 0x00, 0x00, 0x00, 0x00, 0x13, 0x0c, 0x00
    , 0x00, 0x00, 0x00, 0x00, 0x01, 0x00, 0x00, 0x00, 0x00, 0xbf, 0x05, 0x00
    , 0x00, 0x00, 0x00, 0xff, 0x01, 0x00, 0x00, 0x00, 0x00, 0x9f, 0x10, 0x00
    , 0x00, 0x00, 0x00, 0x00, 0x01, 0x00, 0x00, 0x00, 0x00, 0x4f, 0x05, 0x00
    , 0x00, 0x00, 0x00, 0xff, 0x01, 0x00, 0x00, 0x00, 0x00, 0xdf, 0x12, 0x00
    , 0x00, 0x00, 0x00, 0x00, 0x01, 0x00, 0x00, 0x00, 0x00, 0xbf, 0x05, 0x00
    , 0x00, 0x00, 0x00, 0xff, 0x01, 0x00, 0x00, 0x00, 0x00, 0x9f, 0x10, 0x00
    , 0x00, 0x00, 0x00, 0x00, 0x01, 0x00, 0x00, 0x00, 0x00, 0x4f, 0x05, 0x00
    , 0x00, 0x00, 0x00, 0xff, 0x01, 0x00, 0x00, 0x00, 0x00, 0xdf, 0x12, 0x00
    , 0x00, 0x00, 0x00, 0x00, 0x01, 0x00, 0x00, 0x00, 0x00, 0xbf, 0x05, 0x00
    , 0x00, 0x00, 0x00, 0xff, 0x01, 0x00, 0x00, 0x00, 0x00, 0x9f, 0x10, 0x00
    , 0x00, 0x00, 0x00, 0x00, 0x01, 0x00, 0x00, 0x00, 0x00, 0x4f, 0x05, 0x00
    , 0x00, 0x00, 0x00, 0xff, 0x01, 0x00, 0x00, 0x00, 0x00, 0xdf, 0x12, 0x00
    , 0x00, 0x00, 0x00, 0x00, 0x01, 0x00, 0x00, 0x00, 0x00, 0xbf, 0x05, 0x00
    , 0x00, 0x00, 0x00, 0xff, 0x01, 0x00, 0x00, 0x00, 0x00, 0x9f, 0x10, 0x00
    , 0x00, 0x00, 0x00, 0x00, 0x01, 0x00, 0x00, 0x00, 0x00, 0x4f, 0x05, 0x00
    , 0x00, 0x00, 0x00, 0xff, 0x01, 0x00, 0x00, 0x00, 0x00, 0xdf, 0x12, 0x00
    , 0x00, 0x00, 0x00, 0x00, 0x01, 0x00, 0x00, 0x00, 0x00, 0xbf, 0x05, 0x00
    , 0x00, 0x00, 0x00, 0xff, 0x01, 0x00, 0x00, 0x00, 0x00, 0x9f, 0x10, 0x00
    , 0x00, 0x00, 0x00, 0x00, 0x01, 0x00, 0x00, 0x00, 0x00, 0x4f, 0x05, 0x00
    , 0x00, 0x00, 0x00, 0xff, 0x01, 0x00, 0x00, 0x00, 0x00, 0xdf, 0x12, 0x00
    , 0x00, 0x00, 0x00, 0x00, 0x01, 0x00, 0x00, 0x00, 0x00, 0xbf, 0x05, 0x00
    , 0x00, 0x00, 0x00, 0xff, 0x01, 0x00, 0x00, 0x00, 0x00, 0x9f, 0x10, 0x00
    , 0x00, 0x00, 0x00, 0x00, 0x01, 0x00, 0x00, 0x00, 0x00, 0x4f, 0x05, 0x00
    , 0x00, 0x00, 0x00, 0xff, 0x01, 0x00, 0x00, 0x00, 0x00, 0xdf, 0x12, 0x00
    , 0x00, 0x00, 0x00, 0x00, 0x01, 0x00, 0x00, 0x00, 0x00, 0xbf, 0x05, 0x00
    , 0x00, 0x00, 0x00, 0xff, 0x01, 0x00, 0x00, 0x00, 0x00, 0x9f, 0x10, 0x00
    , 0x00, 0x00, 0x00, 0x00, 0x01, 0x00, 0x00, 0x00, 0x00, 0x4f, 0x05, 0x00
    , 0x00, 0x00, 0x00, 0xff, 0x01, 0x00, 0x00, 0x00, 0x00, 0xdf, 0x12, 0x00
    , 0x00, 0x00, 0x00, 0x00, 0x01, 0x00, 0x00, 0x00, 0x00, 0xbf, 0x05, 0x00
    , 0x00, 0x00, 0x00, 0xff, 0x01, 0x00, 0x00, 0x00, 0x00, 0x9f, 0x10, 0x00
    , 0x00, 0x00, 0x00, 0x00, 0x01, 0x00, 0x00, 0x00, 0x00, 0x4f, 0x05, 0x00
    , 0x00, 0x00, 0x00, 0xff, 0x01, 0x00, 0x00, 0x00, 0x00, 0xdf, 0x12, 0x00
    , 0x00, 0x00, 0x00, 0x00, 0x01, 0x00, 0x00, 0x00, 0x00, 0xbf, 0x05, 0x00
    , 0x00, 0x00, 0x00, 0xff, 0x01, 0x00, 0x00, 0x00, 0x00, 0x9f, 0x10, 0x00
    , 0x00, 0x00, 0x00, 0x00, 0x01, 0x00, 0x00, 0x00, 0x00, 0x4f, 0x05, 0x00
    , 0x00, 0x00, 0x00, 0xff, 0x01, 0x00, 0x00, 0x00, 0x00, 0xdf, 0x12, 0x00
    , 0x00, 0x00, 0x00, 0x00, 0x01, 0x00, 0x00, 0x00, 0x00, 0xbf, 0x05, 0x00
    , 0x00, 0x00, 0x00, 0xff, 0x01, 0x00, 0x00, 0x00, 0x00, 0x9f, 0x10, 0x00
    , 0x00, 0x00, 0x00, 0x00, 0x01, 0x00, 0x00, 0x00, 0x00, 0x4f, 0x05, 0x00
    , 0x00, 0x00, 0x00, 0xff, 0x01, 0x00, 0x00, 0x00, 0x00, 0xdf, 0x12, 0x00
    , 0x00, 0x00, 0x00, 0x00, 0x01, 0x00, 0x00, 0x00, 0x00, 0xbf, 0x05, 0x00
    , 0x00, 0x00, 0x00, 0xff, 0x01, 0x00, 0x00, 0x00, 0x00, 0x9f, 0x10, 0x00
    , 0x00, 0x00, 0x00, 0x00, 0x01, 0x00, 0x00, 0x00, 0x00, 0x4f, 0x05, 0x00
    , 0x00, 0x00, 0x00, 0xff, 0x01, 0x00, 0x00, 0x00, 0x00, 0xdf, 0x12, 0x00
    , 0x00, 0x00, 0x00, 0x00, 0x01, 0x00, 0x00, 0x00, 0x00, 0xbf, 0x05, 0x00
    , 0x00, 0x00, 0x00, 0xff, 0x01, 0x00, 0x00, 0x00, 0x00, 0x9f, 0x10, 0x00
    , 0x00, 0x00, 0x00, 0x00, 0x01, 0x00, 0x00, 0x00, 0x00, 0x4f, 0x05, 0x00
    , 0x00, 0x00, 0x00, 0xff, 0x01, 0x00, 0x00, 0x00, 0x00, 0xdf, 0x12, 0x00
    , 0x00, 0x00, 0x00, 0x00, 0x01, 0x00, 0x00, 0x00, 0x00, 0xbf, 0x05, 0x00
    , 0x00, 0x00, 0x00, 0xff, 0x01, 0x00, 0x00, 0x00, 0x00, 0x9f, 0x10, 0x00
    , 0x00, 0x00, 0x00, 0x00, 0x01, 0x00, 0x00, 0x00, 0x00, 0x4f, 0x05, 0x00
    , 0x00, 0x00, 0x00, 0xff, 0x01, 0x00, 0x00, 0x00, 0x00, 0xdf, 0x12, 0x00
    , 0x00, 0x00, 0x00, 0x00, 0x01, 0x00, 0x00, 0x00, 0x00, 0xbf, 0x05, 0x00
    , 0x00, 0x00, 0x00, 0xff, 0x01, 0x00, 0x00, 0x00, 0x00, 0x9f, 0x10, 0x00
    , 0x00, 0x00, 0x00, 0x00, 0x01, 0x00, 0x00, 0x00, 0x00, 0x4f, 0x05, 0x00
    , 0x00, 0x00, 0x00, 0xff, 0x01, 0x00, 0x00, 0x00, 0x00, 0xe7, 0x12, 0x00
    , 0x00, 0x00, 0x00, 0x00, 0x01, 0x00, 0x00, 0x00, 0x00, 0xbf, 0x05, 0x00
    , 0x00, 0x00, 0x00, 0xff, 0x01, 0x00, 0x00, 0x00, 0x00, 0x9f, 0x10, 0x00
    , 0x00, 0x00, 0x00, 0x00, 0x01, 0x00, 0x00, 0x00, 0x00, 0x4e, 0x05, 0x00
    , 0x00, 0x00, 0x00, 0xff, 0x01, 0x00, 0x00, 0x00, 0x00, 0xfe, 0x01, 0x00
    , 0x00, 0x00, 0x00, 0x08, 0x11, 0x00, 0x00, 0x00, 0x00, 0x00, 0x01, 0x00
    , 0x00, 0x00, 0x00, 0xbf, 0x05, 0x00, 0x00, 0x00, 0x00, 0xff, 0x01, 0x00
    , 0x00, 0x00, 0x00, 0x9f, 0x10, 0x00, 0x00, 0x00, 0x00, 0x00, 0x01, 0x00
    , 0x00, 0x00, 0x00, 0x3f, 0x06, 0x00, 0x00, 0x00, 0x00, 0xff, 0x01, 0x00
    , 0x00, 0x00, 0x00, 0x43, 0x11, 0x00, 0x00, 0x00, 0x00, 0x00, 0x01, 0x00
    , 0x00, 0x00, 0x00, 0xbf, 0x05, 0x00, 0x00, 0x00, 0x00, 0xff, 0x01, 0x00
    , 0x00, 0x00, 0x00, 0x9f, 0x10, 0x00, 0x00, 0x00, 0x00, 0x00, 0x01, 0x00
    , 0x00, 0x00, 0x00, 0x29, 0x06, 0x00, 0x00, 0x00, 0x00, 0xff, 0x01, 0x00
    , 0x00, 0x00, 0x00, 0xc6, 0x01, 0x00, 0x00, 0x00, 0x00, 0x06, 0x10, 0x00
    , 0x00, 0x00, 0x00, 0x00, 0x01, 0x00, 0x00, 0x00, 0x00, 0xbf, 0x05, 0x00
    , 0x00, 0x00, 0x00, 0xff, 0x01, 0x00, 0x00, 0x00, 0x00, 0x9f, 0x10, 0x00
    , 0x00, 0x00, 0x00, 0x00, 0x01, 0x00, 0x00, 0x00, 0x00, 0x02, 0x01, 0x00
    , 0x00, 0x00, 0x00, 0xef, 0x06, 0x00, 0x00, 0x00, 0x00, 0xff, 0x01, 0x00
    , 0x00, 0x00, 0x00, 0xc8, 0x01, 0x00, 0x00, 0x00, 0x00, 0x4d, 0x01, 0x00
    , 0x00, 0x00, 0x00, 0x1f, 0x01, 0x00, 0x00, 0x00, 0x00, 0x11, 0x0d, 0x00
    , 0x00, 0x00, 0x00, 0x00, 0x01, 0x00, 0x00, 0x00, 0x00, 0xbf, 0x05, 0x00
    , 0x00, 0x00, 0x00, 0xff, 0x01, 0x00, 0x00, 0x00, 0x00, 0x9f, 0x11, 0x00
    , 0x00, 0x00, 0x00, 0x00, 0x01, 0x00, 0x00, 0x00, 0x00, 0xa8, 0x0a, 0x00
    , 0x00, 0x00, 0x00, 0xff, 0x01, 0x00, 0x00, 0x00, 0x00, 0xd4, 0x01, 0x00
    , 0x00, 0x00, 0x00, 0x25, 0x0b, 0x00, 0x00, 0x00, 0x00, 0x00, 0x01, 0x00
    , 0x00, 0x00, 0x00, 0xbb, 0x05, 0x00, 0x00, 0x00, 0x00, 0xff, 0x01, 0x00
    , 0x00, 0x00, 0x00, 0x9b, 0x11, 0x00, 0x00, 0x00, 0x00, 0x00, 0x01, 0x00
    , 0x00, 0x00, 0x00, 0x32, 0x0b, 0x00, 0x00, 0x00, 0x00, 0xff, 0x01, 0x00
    , 0x00, 0x00, 0x00, 0xbe, 0x0b, 0x00, 0x00, 0x00, 0x00, 0x00, 0x01, 0x00
    , 0x00, 0x00, 0x00, 0x90, 0x05, 0x00, 0x00, 0x00, 0x00, 0xff, 0x01, 0x00
    , 0x00, 0x00, 0x00, 0x70, 0x12, 0x00, 0x00, 0x00, 0x00, 0x00, 0x01, 0x00
    , 0x00, 0x00, 0x00, 0x8b, 0x0a, 0x00, 0x00, 0x00, 0x00, 0xff, 0x01, 0x00
    , 0x00, 0x00, 0x00, 0xf4, 0x0b, 0x00, 0x00, 0x00, 0x00, 0x00, 0x01, 0x00
    , 0x00, 0x00, 0x00, 0x19, 0x01, 0x00, 0x00, 0x00, 0x00, 0xe7, 0x03, 0x00
    , 0x00, 0x00, 0x00, 0xff, 0x01, 0x00, 0x00, 0x00, 0x00, 0xd5, 0x01, 0x00
    , 0x00, 0x00, 0x00, 0x0b, 0x12, 0x00, 0x00, 0x00, 0x00, 0x00, 0x01, 0x00
    , 0x00, 0x00, 0x00, 0x03, 0x01, 0x00, 0x00, 0x00, 0x00, 0x9d, 0x09, 0x00
    , 0x00, 0x00, 0x00, 0xff, 0x01, 0x00, 0x00, 0x00, 0x00, 0xd5, 0x0c, 0x00
    , 0x00, 0x00, 0x00, 0x00, 0x01, 0x00, 0x00, 0x00, 0x00, 0x14, 0x01, 0x00
    , 0x00, 0x00, 0x00, 0x81, 0x01, 0x00, 0x00, 0x00, 0x00, 0xa3, 0x01, 0x00
    , 0x00, 0x00, 0x00, 0x76, 0x01, 0x00, 0x00, 0x00, 0x00, 0x0b, 0x15, 0x00
    , 0x00, 0x00, 0x00, 0x00, 0x01, 0x00, 0x00, 0x00, 0x00, 0x5b, 0x01, 0x00
    , 0x00, 0x00, 0x00, 0xdb, 0x06, 0x00, 0x00, 0x00, 0x00, 0xff, 0x01, 0x00
    , 0x00, 0x00, 0x00, 0xf9, 0x01, 0x00, 0x00, 0x00, 0x00, 0x50, 0x27, 0x00
    , 0x00, 0x00, 0x00, 0x00, 0x01, 0x00, 0x00, 0x00, 0x00, 0x02, 0x01, 0x00
    , 0x00, 0x00, 0x00, 0x33, 0x01, 0x00, 0x00, 0x00, 0x00, 0x71, 0x01, 0x00
    , 0x00, 0x00, 0x00, 0x8b, 0x01, 0x00, 0x00, 0x00, 0x00, 0x9d, 0x01, 0x00
    , 0x00, 0x00, 0x00, 0x9b, 0x01, 0x00, 0x00, 0x00, 0x00, 0x7a, 0x01, 0x00
    , 0x00, 0x00, 0x00, 0x27, 0x91, 0x00, 0x00, 0x00, 0x00, 0x00
};

inline Upp::Image ICON_EDITOR_TITLECASE_48()
{
    return Upp::UiMakeIcon(DATA_EDITOR_TITLECASE_48);
}

// Icon catalog helpers
// Provides discoverable icon names and name->image lookup for UI binding.
namespace Upp {
typedef Image (*UiIconFactoryFn)();
struct UiIconCatalogEntry {
    const char* name;
    UiIconFactoryFn factory;
};

inline const Vector<UiIconCatalogEntry>& UiIconCatalog()
{
    static Vector<UiIconCatalogEntry> catalog;
    if(catalog.IsEmpty()) {
        catalog.Add({ "ICON_NAVIGATION_OUTLINED_MORE_HORIZ_48", &::ICON_NAVIGATION_OUTLINED_MORE_HORIZ_48 });
        catalog.Add({ "ICON_NAVIGATION_OUTLINED_MENU_48", &::ICON_NAVIGATION_OUTLINED_MENU_48 });
        catalog.Add({ "ICON_NAVIGATION_OUTLINED_MORE_VERT_48", &::ICON_NAVIGATION_OUTLINED_MORE_VERT_48 });
        catalog.Add({ "ICON_NAVIGATION_OUTLINED_ARROW_RIGHT_48", &::ICON_NAVIGATION_OUTLINED_ARROW_RIGHT_48 });
        catalog.Add({ "ICON_NAVIGATION_OUTLINED_ARROW_LEFT_48", &::ICON_NAVIGATION_OUTLINED_ARROW_LEFT_48 });
        catalog.Add({ "ICON_NAVIGATION_OUTLINED_ARROW_DROP_UP_48", &::ICON_NAVIGATION_OUTLINED_ARROW_DROP_UP_48 });
        catalog.Add({ "ICON_NAVIGATION_OUTLINED_ARROW_DROP_DOWN_48", &::ICON_NAVIGATION_OUTLINED_ARROW_DROP_DOWN_48 });
        catalog.Add({ "ICON_NAVIGATION_OUTLINED_APPS_48", &::ICON_NAVIGATION_OUTLINED_APPS_48 });
        catalog.Add({ "ICON_HARDWARE_OUTLINED_KEYBOARD_ARROW_RIGHT_48", &::ICON_HARDWARE_OUTLINED_KEYBOARD_ARROW_RIGHT_48 });
        catalog.Add({ "ICON_HARDWARE_OUTLINED_KEYBOARD_ARROW_LEFT_48", &::ICON_HARDWARE_OUTLINED_KEYBOARD_ARROW_LEFT_48 });
        catalog.Add({ "ICON_CONTENT_OUTLINED_ADD_CIRCLE_OUTLINE_48", &::ICON_CONTENT_OUTLINED_ADD_CIRCLE_OUTLINE_48 });
        catalog.Add({ "ICON_CONTENT_OUTLINED_REMOVE_CIRCLE_OUTLINE_48", &::ICON_CONTENT_OUTLINED_REMOVE_CIRCLE_OUTLINE_48 });
        catalog.Add({ "ICON_CONTENT_OUTLINED_ADD_48", &::ICON_CONTENT_OUTLINED_ADD_48 });
        catalog.Add({ "ICON_CONTENT_OUTLINED_REMOVE_48", &::ICON_CONTENT_OUTLINED_REMOVE_48 });
        catalog.Add({ "ICON_ACTION_OUTLINED_VISIBILITY_48", &::ICON_ACTION_OUTLINED_VISIBILITY_48 });
        catalog.Add({ "ICON_ACTION_OUTLINED_VISIBILITY_OFF_48", &::ICON_ACTION_OUTLINED_VISIBILITY_OFF_48 });
        catalog.Add({ "ICON_NAVIGATION_OUTLINED_DRAG_INDICATOR_48", &::ICON_NAVIGATION_OUTLINED_DRAG_INDICATOR_48 });
        catalog.Add({ "ICON_DESIGN_CHECK_SMALL_48", &::ICON_DESIGN_CHECK_SMALL_48 });
        catalog.Add({ "ICON_DESIGN_DELETE_48", &::ICON_DESIGN_DELETE_48 });
        catalog.Add({ "ICON_DESIGN_DRAG_INDICATOR_48", &::ICON_DESIGN_DRAG_INDICATOR_48 });
        catalog.Add({ "ICON_DESIGN_FOLDER_48", &::ICON_DESIGN_FOLDER_48 });
        catalog.Add({ "ICON_DESIGN_HOME_48", &::ICON_DESIGN_HOME_48 });
        catalog.Add({ "ICON_DESIGN_IMAGE_48", &::ICON_DESIGN_IMAGE_48 });
        catalog.Add({ "ICON_DESIGN_LEFT_PANEL_CLOSE_48", &::ICON_DESIGN_LEFT_PANEL_CLOSE_48 });
        catalog.Add({ "ICON_DESIGN_LEFT_PANEL_OPEN_48", &::ICON_DESIGN_LEFT_PANEL_OPEN_48 });
        catalog.Add({ "ICON_DESIGN_LOWERCASE_48", &::ICON_DESIGN_LOWERCASE_48 });
        catalog.Add({ "ICON_DESIGN_MENU_48", &::ICON_DESIGN_MENU_48 });
        catalog.Add({ "ICON_DESIGN_RIGHT_PANEL_CLOSE_48", &::ICON_DESIGN_RIGHT_PANEL_CLOSE_48 });
        catalog.Add({ "ICON_DESIGN_RIGHT_PANEL_OPEN_48", &::ICON_DESIGN_RIGHT_PANEL_OPEN_48 });
        catalog.Add({ "ICON_DESIGN_SETTINGS_48", &::ICON_DESIGN_SETTINGS_48 });
        catalog.Add({ "ICON_DESIGN_UNFOLD_LESS_48", &::ICON_DESIGN_UNFOLD_LESS_48 });
        catalog.Add({ "ICON_DESIGN_UNFOLD_MORE_48", &::ICON_DESIGN_UNFOLD_MORE_48 });
        catalog.Add({ "ICON_DESIGN_UPPERCASE_48", &::ICON_DESIGN_UPPERCASE_48 });
        catalog.Add({ "ICON_EDITOR_BORDER_LEFT_48", &::ICON_EDITOR_BORDER_LEFT_48 });
        catalog.Add({ "ICON_EDITOR_BORDER_RIGHT_48", &::ICON_EDITOR_BORDER_RIGHT_48 });
        catalog.Add({ "ICON_ACTION_CANCEL_48", &::ICON_ACTION_CANCEL_48 });
        catalog.Add({ "ICON_ACTION_CHECK_CIRCLE_48", &::ICON_ACTION_CHECK_CIRCLE_48 });
        catalog.Add({ "ICON_EDITOR_CLARIFY_48", &::ICON_EDITOR_CLARIFY_48 });
        catalog.Add({ "ICON_NAVIGATION_CLOSE_SMALL_48", &::ICON_NAVIGATION_CLOSE_SMALL_48 });
        catalog.Add({ "ICON_COMMUNICATION_COMMENT_48", &::ICON_COMMUNICATION_COMMENT_48 });
        catalog.Add({ "ICON_EDITOR_FORMAT_ALIGN_CENTER_48", &::ICON_EDITOR_FORMAT_ALIGN_CENTER_48 });
        catalog.Add({ "ICON_EDITOR_FORMAT_ALIGN_JUSTIFY_48", &::ICON_EDITOR_FORMAT_ALIGN_JUSTIFY_48 });
        catalog.Add({ "ICON_EDITOR_FORMAT_ALIGN_LEFT_48", &::ICON_EDITOR_FORMAT_ALIGN_LEFT_48 });
        catalog.Add({ "ICON_EDITOR_FORMAT_ALIGN_RIGHT_48", &::ICON_EDITOR_FORMAT_ALIGN_RIGHT_48 });
        catalog.Add({ "ICON_EDITOR_FORMAT_BOLD_48", &::ICON_EDITOR_FORMAT_BOLD_48 });
        catalog.Add({ "ICON_EDITOR_FORMAT_H1_48", &::ICON_EDITOR_FORMAT_H1_48 });
        catalog.Add({ "ICON_EDITOR_FORMAT_H2_48", &::ICON_EDITOR_FORMAT_H2_48 });
        catalog.Add({ "ICON_EDITOR_FORMAT_H3_48", &::ICON_EDITOR_FORMAT_H3_48 });
        catalog.Add({ "ICON_EDITOR_FORMAT_INDENT_DECREASE_48", &::ICON_EDITOR_FORMAT_INDENT_DECREASE_48 });
        catalog.Add({ "ICON_EDITOR_FORMAT_INDENT_INCREASE_48", &::ICON_EDITOR_FORMAT_INDENT_INCREASE_48 });
        catalog.Add({ "ICON_EDITOR_FORMAT_ITALIC_48", &::ICON_EDITOR_FORMAT_ITALIC_48 });
        catalog.Add({ "ICON_EDITOR_FORMAT_LETTER_SPACING_STANDARD_48", &::ICON_EDITOR_FORMAT_LETTER_SPACING_STANDARD_48 });
        catalog.Add({ "ICON_EDITOR_FORMAT_LINE_SPACING_48", &::ICON_EDITOR_FORMAT_LINE_SPACING_48 });
        catalog.Add({ "ICON_EDITOR_FORMAT_LIST_BULLETED_48", &::ICON_EDITOR_FORMAT_LIST_BULLETED_48 });
        catalog.Add({ "ICON_EDITOR_FORMAT_LIST_NUMBERED_RTL_48", &::ICON_EDITOR_FORMAT_LIST_NUMBERED_RTL_48 });
        catalog.Add({ "ICON_EDITOR_FORMAT_QUOTE_48", &::ICON_EDITOR_FORMAT_QUOTE_48 });
        catalog.Add({ "ICON_EDITOR_FORMAT_SIZE_48", &::ICON_EDITOR_FORMAT_SIZE_48 });
        catalog.Add({ "ICON_EDITOR_FORMAT_STRIKETHROUGH_48", &::ICON_EDITOR_FORMAT_STRIKETHROUGH_48 });
        catalog.Add({ "ICON_EDITOR_MARGIN_48", &::ICON_EDITOR_MARGIN_48 });
        catalog.Add({ "ICON_EDITOR_MODE_OFF_ON_48", &::ICON_EDITOR_MODE_OFF_ON_48 });
        catalog.Add({ "ICON_BRAND_UPPLOGO2_48", &::ICON_BRAND_UPPLOGO2_48 });
        catalog.Add({ "ICON_EDITOR_NOTES_48", &::ICON_EDITOR_NOTES_48 });
        catalog.Add({ "ICON_ACTION_SEARCH_48", &::ICON_ACTION_SEARCH_48 });
        catalog.Add({ "ICON_EDITOR_SERIF_48", &::ICON_EDITOR_SERIF_48 });
        catalog.Add({ "ICON_EDITOR_TABLE_48", &::ICON_EDITOR_TABLE_48 });
        catalog.Add({ "ICON_EDITOR_TITLECASE_48", &::ICON_EDITOR_TITLECASE_48 });
    }
    return catalog;
}

inline Vector<String> UiIconNameList()
{
    Vector<String> names;
    const Vector<UiIconCatalogEntry>& catalog = UiIconCatalog();
    names.Reserve(catalog.GetCount());
    for(int i = 0; i < catalog.GetCount(); i++)
        names.Add(catalog[i].name);
    return names;
}

inline UiListModel UiIconListModel(bool use_icon_name_as_data = true)
{
    UiListModel model;
    const Vector<UiIconCatalogEntry>& catalog = UiIconCatalog();
    model.Reserve(catalog.GetCount());
    for(int i = 0; i < catalog.GetCount(); i++) {
        UiModelItem it;
        it.text = catalog[i].name;
        if(use_icon_name_as_data)
            it.data = catalog[i].name;
        it.icon = catalog[i].factory();
        model.Add(it);
    }
    return model;
}

inline Image UiIconFromName(const String& icon_name)
{
    const Vector<UiIconCatalogEntry>& catalog = UiIconCatalog();
    for(int i = 0; i < catalog.GetCount(); i++)
        if(icon_name == catalog[i].name)
            return catalog[i].factory();
    return Image();
}
}
// End icon catalog helpers

#endif


